latitude,longitude,bright_ti4,scan,track,acq_date,acq_time,satellite,instrument,confidence,version,bright_ti5,frp,daynight,type
26.86705,67.60253,342.84,0.45,0.63,2024-08-15,749,N,VIIRS,n,2,293.38,20.64,D,0
26.86815,67.60706,367.0,0.45,0.63,2024-08-15,749,N,VIIRS,h,2,295.34,51.47,D,0
28.42624,69.70103,318.17,0.4,0.37,2024-08-18,2059,N,VIIRS,n,2,291.6,1.55,N,2
28.4228,69.69778,306.04,0.41,0.6,2024-08-20,2021,N,VIIRS,n,2,290.63,0.93,N,0
28.42593,69.70023,307.14,0.41,0.6,2024-08-20,2021,N,VIIRS,n,2,290.74,0.55,N,2
28.42421,69.70006,310.01,0.33,0.55,2024-08-21,2142,N,VIIRS,n,2,291.5,1.0,N,2
28.42603,69.70111,311.53,0.33,0.55,2024-08-21,2142,N,VIIRS,n,2,291.14,0.92,N,2
28.60995,68.63241,314.68,0.56,0.51,2024-08-21,2142,N,VIIRS,n,2,291.03,3.98,N,2
28.6112,68.62677,333.93,0.56,0.51,2024-08-21,2142,N,VIIRS,n,2,290.93,3.98,N,2
28.61033,68.62748,336.76,0.47,0.48,2024-08-22,859,N,VIIRS,n,2,296.69,2.05,D,2
28.42576,69.70107,308.77,0.53,0.42,2024-08-22,2124,N,VIIRS,n,2,293.74,2.93,N,2
28.60917,68.63203,309.47,0.47,0.4,2024-08-22,2124,N,VIIRS,n,2,293.67,0.85,N,2
28.61005,68.62729,317.27,0.47,0.4,2024-08-22,2124,N,VIIRS,n,2,293.66,1.38,N,2
28.61366,68.62813,331.27,0.47,0.4,2024-08-22,2124,N,VIIRS,n,2,294.07,2.01,N,2
26.24516,68.85538,337.91,0.41,0.37,2024-08-23,839,N,VIIRS,n,2,304.52,7.13,D,0
28.23292,70.15071,331.43,0.47,0.4,2024-08-23,840,N,VIIRS,l,2,305.86,4.38,D,0
28.61135,68.62734,343.21,0.42,0.37,2024-08-23,840,N,VIIRS,n,2,307.19,5.35,D,2
26.2435,68.85826,329.92,0.38,0.36,2024-08-23,2105,N,VIIRS,n,2,278.0,3.45,N,0
26.24409,68.85443,331.15,0.38,0.36,2024-08-23,2105,N,VIIRS,n,2,276.12,3.45,N,0
26.2468,68.85889,303.31,0.38,0.36,2024-08-23,2105,N,VIIRS,n,2,279.08,0.35,N,0
26.2474,68.85507,303.76,0.38,0.36,2024-08-23,2105,N,VIIRS,n,2,276.39,0.35,N,0
28.42575,69.70272,308.32,0.38,0.36,2024-08-23,2105,N,VIIRS,n,2,281.64,0.77,N,2
28.60678,68.63476,315.74,0.39,0.36,2024-08-23,2105,N,VIIRS,n,2,293.03,0.86,N,2
28.61011,68.63541,307.84,0.39,0.36,2024-08-23,2105,N,VIIRS,n,2,293.21,0.77,N,2
28.6113,68.62745,333.97,0.39,0.36,2024-08-23,2105,N,VIIRS,n,2,294.29,3.28,N,2
28.38462,67.83779,331.08,0.5,0.66,2024-08-26,743,N,VIIRS,n,2,291.0,3.76,D,0
28.60863,68.63252,330.88,0.45,0.63,2024-08-26,743,N,VIIRS,n,2,292.69,2.56,D,2
26.78957,68.9287,325.83,0.56,0.51,2024-08-30,2034,N,VIIRS,n,2,288.83,3.47,N,0
26.78994,68.92688,325.3,0.56,0.51,2024-08-30,2034,N,VIIRS,n,2,288.62,3.39,N,0
28.05213,69.36883,334.64,0.34,0.56,2024-08-31,749,N,VIIRS,n,2,291.52,1.76,D,2
28.95004,69.08849,300.89,0.47,0.48,2024-09-01,2136,N,VIIRS,n,2,287.65,0.72,N,0
27.89038,69.15046,309.63,0.43,0.38,2024-09-02,2117,N,VIIRS,n,2,294.26,1.01,N,0
28.42448,69.69971,309.82,0.45,0.39,2024-09-02,2117,N,VIIRS,n,2,294.65,0.74,N,2
28.94738,69.08954,307.63,0.42,0.38,2024-09-02,2117,N,VIIRS,n,2,290.73,0.56,N,0
28.9468,69.0881,303.35,0.42,0.37,2024-09-03,2058,N,VIIRS,n,2,288.86,0.4,N,0
28.94697,69.08517,303.34,0.47,0.47,2024-09-04,2039,N,VIIRS,n,2,291.54,0.48,N,0
27.00592,68.4155,332.86,0.33,0.55,2024-09-05,755,N,VIIRS,n,2,298.95,1.94,D,0
28.94709,69.08639,304.46,0.58,0.52,2024-09-06,2142,N,VIIRS,n,2,292.85,0.43,N,0
28.94885,69.08608,305.56,0.48,0.4,2024-09-07,2123,N,VIIRS,n,2,293.13,0.4,N,0
28.50744,67.90978,339.94,0.4,0.37,2024-09-08,840,N,VIIRS,n,2,305.84,4.72,D,0
28.9472,69.08657,312.55,0.39,0.36,2024-09-08,2104,N,VIIRS,n,2,294.26,0.53,N,0
26.245,68.85652,336.67,0.55,0.42,2024-09-09,2046,N,VIIRS,n,2,298.19,6.59,N,0
28.9484,69.0863,305.04,0.57,0.43,2024-09-09,2046,N,VIIRS,n,2,294.45,0.66,N,0
28.9498,69.08733,305.73,0.57,0.43,2024-09-09,2046,N,VIIRS,n,2,294.59,0.89,N,0
26.24517,68.85931,332.26,0.51,0.5,2024-09-10,801,N,VIIRS,l,2,303.61,3.44,D,0
28.94861,69.08546,312.88,0.36,0.58,2024-09-10,2027,N,VIIRS,n,2,292.82,0.62,N,0
28.94824,69.08754,303.99,0.67,0.74,2024-09-10,2207,N,VIIRS,n,2,290.65,0.44,N,0
28.94551,69.08414,302.27,0.7,0.75,2024-09-11,2008,N,VIIRS,n,2,291.4,0.37,N,0
28.94878,69.0877,305.14,0.36,0.57,2024-09-11,2148,N,VIIRS,n,2,293.15,0.32,N,0
28.94849,69.08856,310.09,0.38,0.44,2024-09-12,2129,N,VIIRS,n,2,293.97,0.77,N,0
28.04084,69.07789,338.94,0.49,0.4,2024-09-13,846,N,VIIRS,l,2,309.17,6.0,D,0
28.60366,68.03926,337.65,0.45,0.39,2024-09-13,846,N,VIIRS,l,2,309.74,2.83,D,0
29.16161,70.35856,333.93,0.39,0.44,2024-09-13,846,N,VIIRS,l,2,305.13,2.56,D,0
28.42446,69.69958,312.24,0.4,0.37,2024-09-13,2111,N,VIIRS,n,2,297.5,0.77,N,2
28.94646,69.08907,312.14,0.39,0.36,2024-09-13,2111,N,VIIRS,n,2,293.48,0.41,N,0
28.42643,69.70081,308.62,0.45,0.39,2024-09-14,2052,N,VIIRS,n,2,296.1,0.86,N,2
26.32153,68.84561,307.7,0.56,0.52,2024-09-15,2034,N,VIIRS,n,2,294.76,0.95,N,0
27.09088,69.22865,304.03,0.53,0.67,2024-09-16,2014,N,VIIRS,n,2,293.99,1.09,N,0
27.09352,69.2286,306.33,0.53,0.67,2024-09-16,2014,N,VIIRS,n,2,294.26,0.71,N,0
26.32374,68.84613,308.47,0.49,0.65,2024-09-16,2155,N,VIIRS,n,2,294.15,0.69,N,0
26.32541,68.84523,305.92,0.49,0.65,2024-09-16,2155,N,VIIRS,n,2,294.25,0.49,N,0
27.09203,69.23044,320.77,0.5,0.66,2024-09-16,2155,N,VIIRS,n,2,293.8,2.53,N,0
27.09256,69.23183,306.82,0.5,0.65,2024-09-16,2155,N,VIIRS,n,2,293.23,1.33,N,0
27.09381,69.22695,312.25,0.5,0.65,2024-09-16,2155,N,VIIRS,n,2,293.64,2.03,N,0
26.32409,68.84417,308.6,0.51,0.49,2024-09-17,2136,N,VIIRS,n,2,296.62,1.21,N,0
27.09342,69.23046,332.97,0.52,0.5,2024-09-17,2136,N,VIIRS,n,2,294.99,2.63,N,0
27.96033,69.86494,304.48,0.54,0.51,2024-09-17,2136,N,VIIRS,n,2,294.13,1.25,N,0
27.95409,68.92879,333.48,0.38,0.43,2024-09-18,852,N,VIIRS,l,2,308.31,1.85,D,0
28.26851,67.88996,342.34,0.51,0.41,2024-09-18,852,N,VIIRS,n,2,309.59,3.61,D,0
26.32463,68.84381,308.5,0.44,0.38,2024-09-18,2117,N,VIIRS,n,2,297.36,0.63,N,0
27.95994,69.86761,320.0,0.46,0.39,2024-09-18,2117,N,VIIRS,n,2,296.42,2.41,N,0
27.82352,67.91824,334.53,0.38,0.36,2024-09-19,833,N,VIIRS,l,2,304.84,3.19,D,0
28.88957,69.92062,337.28,0.41,0.37,2024-09-19,833,N,VIIRS,l,2,308.09,2.67,D,0
28.42459,69.69943,312.5,0.4,0.37,2024-09-19,2058,N,VIIRS,n,2,296.77,3.0,N,2
26.32403,68.84402,315.74,0.41,0.37,2024-09-19,2059,N,VIIRS,n,2,296.9,0.66,N,0
26.84595,67.60051,345.3,0.39,0.44,2024-09-20,814,N,VIIRS,n,2,306.94,5.19,D,0
26.87019,67.61596,338.17,0.71,0.75,2024-09-22,736,N,VIIRS,n,2,296.19,4.27,D,0
26.87087,67.61727,334.49,0.71,0.75,2024-09-22,736,N,VIIRS,n,2,295.94,4.76,D,0
26.76195,68.26545,341.58,0.41,0.6,2024-09-22,916,N,VIIRS,n,2,299.62,5.29,D,0
27.22043,68.20226,341.6,0.41,0.6,2024-09-22,917,N,VIIRS,n,2,298.1,3.65,D,0
27.22606,68.20177,342.64,0.41,0.6,2024-09-22,917,N,VIIRS,n,2,298.21,2.36,D,0
27.64475,69.61583,330.97,0.5,0.66,2024-09-22,917,N,VIIRS,n,2,298.5,2.35,D,0
27.64508,69.62104,367.0,0.5,0.66,2024-09-22,917,N,VIIRS,h,2,298.61,8.12,D,0
28.75468,70.30751,333.66,0.56,0.69,2024-09-22,917,N,VIIRS,n,2,299.86,2.9,D,0
28.44253,67.49478,334.6,0.39,0.44,2024-09-23,858,N,VIIRS,l,2,307.92,4.26,D,0
28.54141,68.11716,342.96,0.43,0.46,2024-09-23,858,N,VIIRS,n,2,313.18,4.74,D,0
27.02132,68.08132,332.89,0.39,0.36,2024-09-24,839,N,VIIRS,l,2,307.89,2.27,D,0
27.91973,68.89736,334.74,0.41,0.37,2024-09-24,839,N,VIIRS,l,2,307.77,1.86,D,0
28.19646,67.80376,367.0,0.39,0.36,2024-09-24,839,N,VIIRS,h,2,311.84,6.13,D,0
28.4251,69.70187,315.69,0.38,0.36,2024-09-24,2104,N,VIIRS,n,2,300.46,1.07,N,2
26.23154,68.28497,331.25,0.47,0.39,2024-09-25,820,N,VIIRS,n,2,302.61,1.24,D,0
26.29066,68.46439,332.14,0.46,0.39,2024-09-25,820,N,VIIRS,l,2,305.74,2.17,D,0
26.37033,68.39021,330.53,0.46,0.39,2024-09-25,820,N,VIIRS,l,2,304.98,1.99,D,0
26.61444,67.88702,337.43,0.48,0.4,2024-09-25,820,N,VIIRS,l,2,309.11,5.25,D,0
26.61579,67.8897,339.17,0.48,0.4,2024-09-25,820,N,VIIRS,n,2,307.81,4.11,D,0
27.01043,67.54471,337.14,0.49,0.4,2024-09-25,820,N,VIIRS,l,2,309.74,4.82,D,0
28.0642,70.25191,342.72,0.39,0.36,2024-09-25,820,N,VIIRS,l,2,314.2,18.93,D,0
28.42499,69.69843,310.09,0.53,0.42,2024-09-25,2045,N,VIIRS,n,2,299.13,1.49,N,2
26.32573,68.8437,307.95,0.56,0.43,2024-09-25,2046,N,VIIRS,n,2,297.71,0.42,N,0
27.1912,68.10323,339.31,0.43,0.38,2024-09-29,845,N,VIIRS,n,2,304.81,5.22,D,0
27.20866,68.18089,334.76,0.44,0.38,2024-09-29,845,N,VIIRS,n,2,302.57,2.01,D,0
28.74813,70.2111,335.91,0.56,0.43,2024-09-29,845,N,VIIRS,n,2,299.27,7.08,D,0
28.42655,69.69993,309.51,0.4,0.37,2024-09-29,2110,N,VIIRS,n,2,296.04,0.73,N,2
26.27616,68.95059,333.33,0.4,0.37,2024-09-30,826,N,VIIRS,l,2,306.86,1.53,D,0
26.54197,68.22293,335.86,0.41,0.37,2024-09-30,826,N,VIIRS,l,2,306.34,2.97,D,0
26.98741,67.5414,337.43,0.43,0.38,2024-09-30,826,N,VIIRS,l,2,310.16,3.92,D,0
27.38008,68.31102,337.93,0.4,0.37,2024-09-30,826,N,VIIRS,n,2,307.19,3.37,D,0
28.05505,70.17058,342.35,0.38,0.36,2024-09-30,826,N,VIIRS,n,2,308.25,4.48,D,0
28.05836,70.16994,338.8,0.38,0.36,2024-09-30,826,N,VIIRS,n,2,306.5,4.48,D,0
28.19144,67.79026,338.19,0.41,0.37,2024-09-30,826,N,VIIRS,n,2,305.52,3.79,D,0
28.19156,67.79095,336.6,0.41,0.37,2024-09-30,826,N,VIIRS,n,2,305.94,2.98,D,0
28.19495,67.79023,334.78,0.41,0.37,2024-09-30,826,N,VIIRS,n,2,301.66,2.98,D,0
28.31923,68.09527,337.51,0.4,0.37,2024-09-30,826,N,VIIRS,n,2,304.25,2.31,D,0
28.4237,69.69921,308.31,0.45,0.39,2024-09-30,2051,N,VIIRS,n,2,297.03,1.03,N,2
26.28161,68.73557,341.83,0.43,0.46,2024-10-01,807,N,VIIRS,n,2,309.55,3.1,D,0
27.52642,67.58476,339.43,0.48,0.48,2024-10-01,807,N,VIIRS,n,2,308.0,2.51,D,0
28.17417,69.33375,334.94,0.56,0.43,2024-10-01,807,N,VIIRS,l,2,306.98,3.8,D,0
29.10831,67.70068,336.78,0.44,0.46,2024-10-01,808,N,VIIRS,l,2,307.43,2.62,D,0
27.95393,69.00008,346.38,0.37,0.58,2024-10-02,748,N,VIIRS,n,2,304.82,4.5,D,0
26.22204,68.72562,343.7,0.34,0.56,2024-10-03,910,N,VIIRS,n,2,308.49,4.93,D,0
26.26223,68.70769,337.58,0.33,0.56,2024-10-03,910,N,VIIRS,n,2,307.41,1.68,D,0
26.72317,68.41563,341.98,0.32,0.55,2024-10-03,910,N,VIIRS,l,2,315.68,6.04,D,0
26.29057,68.7477,334.75,0.53,0.42,2024-10-04,851,N,VIIRS,n,2,307.02,3.53,D,0
27.03227,68.26752,334.66,0.51,0.41,2024-10-04,851,N,VIIRS,l,2,307.81,6.19,D,0
28.42538,69.70288,312.82,0.44,0.38,2024-10-04,2116,N,VIIRS,n,2,298.77,1.03,N,2
26.44101,68.40475,341.44,0.38,0.36,2024-10-05,832,N,VIIRS,n,2,309.01,5.0,D,0
27.52604,67.58488,346.48,0.39,0.36,2024-10-05,832,N,VIIRS,n,2,311.1,4.87,D,0
27.85899,68.8978,341.32,0.39,0.36,2024-10-05,832,N,VIIRS,n,2,309.01,4.12,D,0
27.95253,69.00072,335.73,0.39,0.36,2024-10-05,832,N,VIIRS,l,2,308.71,4.28,D,0
28.25269,69.86929,334.29,0.4,0.37,2024-10-05,832,N,VIIRS,l,2,306.73,1.64,D,0
28.42591,69.70221,312.19,0.4,0.37,2024-10-05,2057,N,VIIRS,n,2,297.73,1.7,N,2
28.05228,69.36824,313.23,0.41,0.37,2024-10-05,2058,N,VIIRS,n,2,297.85,1.37,N,2
27.81796,68.85168,331.77,0.5,0.41,2024-10-06,813,N,VIIRS,l,2,304.8,2.57,D,0
27.81879,68.85377,333.34,0.5,0.41,2024-10-06,813,N,VIIRS,l,2,304.71,2.58,D,0
27.94837,68.96115,333.27,0.49,0.4,2024-10-06,813,N,VIIRS,l,2,305.2,0.81,D,0
26.36083,68.28442,339.5,0.36,0.57,2024-10-07,754,N,VIIRS,n,2,302.49,2.56,D,0
26.44207,67.73372,330.64,0.38,0.59,2024-10-07,754,N,VIIRS,l,2,304.64,1.04,D,0
27.80029,68.86581,338.38,0.61,0.54,2024-10-07,754,N,VIIRS,n,2,301.78,5.77,D,0
27.96762,68.93166,343.18,0.6,0.53,2024-10-07,755,N,VIIRS,n,2,303.94,5.78,D,0
27.97108,68.93282,349.01,0.6,0.53,2024-10-07,755,N,VIIRS,n,2,304.04,9.11,D,0
28.29377,67.86967,332.55,0.34,0.56,2024-10-07,755,N,VIIRS,n,2,300.95,1.63,D,0
26.40207,68.92641,330.54,0.43,0.62,2024-10-08,916,N,VIIRS,n,2,298.22,2.29,D,0
26.76949,68.92044,336.05,0.43,0.62,2024-10-08,916,N,VIIRS,n,2,301.09,3.12,D,0
27.522,67.51569,317.2,0.49,0.48,2024-10-08,2142,N,VIIRS,n,2,294.72,1.36,N,0
26.42951,68.28413,338.24,0.4,0.44,2024-10-09,857,N,VIIRS,n,2,302.31,3.42,D,0
26.4824,68.43648,340.18,0.41,0.45,2024-10-09,857,N,VIIRS,n,2,304.83,6.46,D,0
26.48285,68.44065,343.73,0.41,0.45,2024-10-09,857,N,VIIRS,n,2,305.2,6.46,D,0
26.54782,68.38123,341.83,0.41,0.45,2024-10-09,857,N,VIIRS,n,2,305.45,2.97,D,0
28.42511,69.70094,307.72,0.51,0.41,2024-10-09,2122,N,VIIRS,n,2,295.1,1.04,N,2
28.42559,69.69939,307.57,0.51,0.41,2024-10-09,2122,N,VIIRS,n,2,294.99,1.36,N,2
26.205,68.69975,332.08,0.4,0.37,2024-10-10,838,N,VIIRS,l,2,306.83,2.5,D,0
27.11302,68.10848,335.94,0.39,0.36,2024-10-10,838,N,VIIRS,n,2,305.73,1.05,D,0
27.78435,67.73023,338.42,0.39,0.36,2024-10-10,838,N,VIIRS,n,2,307.78,2.09,D,0
28.14244,69.24463,333.98,0.42,0.38,2024-10-10,838,N,VIIRS,l,2,308.61,1.84,D,0
28.1982,69.4209,339.67,0.43,0.38,2024-10-10,838,N,VIIRS,l,2,309.84,4.24,D,0
28.19867,69.41749,335.95,0.43,0.38,2024-10-10,838,N,VIIRS,l,2,307.71,1.6,D,0
28.42407,69.69977,313.05,0.38,0.36,2024-10-10,2104,N,VIIRS,n,2,295.53,1.08,N,2
26.47453,68.16841,337.73,0.48,0.4,2024-10-11,819,N,VIIRS,l,2,309.91,9.68,D,0
26.4752,68.1665,340.78,0.48,0.4,2024-10-11,819,N,VIIRS,n,2,309.86,8.48,D,0
28.79212,67.66247,340.13,0.47,0.39,2024-10-11,820,N,VIIRS,n,2,307.92,3.03,D,0
28.61157,68.62745,340.62,0.41,0.45,2024-10-11,2045,N,VIIRS,n,2,299.02,5.68,N,2
26.28334,68.73295,334.81,0.54,0.51,2024-10-12,800,N,VIIRS,l,2,307.44,4.93,D,0
26.81003,68.59494,345.0,0.54,0.51,2024-10-12,800,N,VIIRS,n,2,312.85,14.01,D,0
26.81352,68.59708,345.19,0.54,0.51,2024-10-12,800,N,VIIRS,n,2,312.96,11.38,D,0
27.263,68.14888,331.97,0.56,0.51,2024-10-12,801,N,VIIRS,n,2,303.82,2.29,D,0
28.42603,69.70017,305.2,0.34,0.56,2024-10-12,2026,N,VIIRS,n,2,294.05,0.86,N,2
29.1836,70.34544,335.08,0.36,0.57,2024-10-13,742,N,VIIRS,n,2,306.09,1.9,D,0
29.19401,67.72137,331.89,0.51,0.66,2024-10-13,742,N,VIIRS,n,2,303.47,2.23,D,0
27.8972,69.7253,305.19,0.65,0.73,2024-10-13,2007,N,VIIRS,n,2,292.12,0.82,N,0
27.89869,69.72959,298.66,0.4,0.6,2024-10-13,2148,N,VIIRS,n,2,282.89,0.74,N,0
28.42608,69.70161,305.64,0.41,0.45,2024-10-14,2129,N,VIIRS,n,2,294.85,1.24,N,2
27.96643,68.98118,344.67,0.47,0.4,2024-10-15,845,N,VIIRS,n,2,307.36,6.04,D,0
28.04914,69.67701,337.88,0.51,0.41,2024-10-15,845,N,VIIRS,l,2,310.98,5.87,D,0
28.17232,69.36631,335.27,0.49,0.41,2024-10-15,845,N,VIIRS,n,2,305.86,3.71,D,0
29.15649,67.72834,337.31,0.43,0.38,2024-10-15,845,N,VIIRS,l,2,310.81,2.5,D,0
26.21791,68.97416,332.69,0.4,0.37,2024-10-16,825,N,VIIRS,l,2,307.6,2.46,D,0
26.21855,68.97811,341.79,0.4,0.37,2024-10-16,825,N,VIIRS,n,2,308.49,5.47,D,0
27.93421,68.92386,334.26,0.39,0.36,2024-10-16,826,N,VIIRS,l,2,308.34,2.35,D,0
26.29452,68.93507,331.91,0.42,0.45,2024-10-17,807,N,VIIRS,l,2,305.65,2.14,D,0
27.81342,68.88681,342.03,0.4,0.44,2024-10-17,807,N,VIIRS,n,2,309.03,5.04,D,0
28.05104,69.36636,333.25,0.56,0.43,2024-10-17,807,N,VIIRS,n,2,307.64,5.07,D,2
28.05215,69.372,334.27,0.56,0.43,2024-10-17,807,N,VIIRS,n,2,305.8,3.68,D,2
28.05246,69.36817,346.95,0.56,0.43,2024-10-17,807,N,VIIRS,n,2,308.44,7.03,D,2
28.49094,70.10939,335.28,0.51,0.41,2024-10-17,807,N,VIIRS,n,2,306.01,3.58,D,0
27.76516,69.33955,305.18,0.56,0.52,2024-10-17,2032,N,VIIRS,n,2,294.76,0.86,N,0
26.21883,68.97401,332.43,0.4,0.6,2024-10-18,748,N,VIIRS,n,2,302.77,1.87,D,0
28.05258,69.36213,330.28,0.35,0.57,2024-10-18,748,N,VIIRS,l,2,303.24,3.54,D,0
28.05422,69.36916,331.05,0.35,0.57,2024-10-18,748,N,VIIRS,l,2,302.53,2.3,D,2
28.4756,68.84937,338.85,0.37,0.58,2024-10-18,748,N,VIIRS,n,2,306.6,2.31,D,0
28.47055,67.84724,340.71,0.42,0.61,2024-10-18,749,N,VIIRS,n,2,307.54,3.99,D,0
26.28362,68.92514,333.21,0.34,0.56,2024-10-19,909,N,VIIRS,n,2,302.54,1.0,D,0
26.41813,68.8955,348.44,0.34,0.56,2024-10-19,909,N,VIIRS,n,2,305.13,4.65,D,0
26.41828,68.89458,355.34,0.34,0.56,2024-10-19,909,N,VIIRS,n,2,305.41,5.55,D,0
27.78475,69.63202,339.25,0.39,0.6,2024-10-19,910,N,VIIRS,n,2,305.91,4.67,D,0
26.31503,68.39922,336.59,0.51,0.41,2024-10-20,851,N,VIIRS,l,2,310.44,5.72,D,0
26.50359,68.09236,335.25,0.49,0.4,2024-10-20,851,N,VIIRS,n,2,308.58,4.6,D,0
26.89623,67.92889,341.18,0.49,0.4,2024-10-20,851,N,VIIRS,l,2,314.96,4.83,D,0
27.39266,68.79594,337.12,0.55,0.42,2024-10-20,851,N,VIIRS,n,2,308.46,3.87,D,0
27.47489,69.22202,340.84,0.38,0.43,2024-10-20,851,N,VIIRS,l,2,312.58,3.39,D,0
27.47582,69.22199,344.53,0.38,0.44,2024-10-20,851,N,VIIRS,n,2,312.44,4.02,D,0
28.26151,68.08709,337.8,0.51,0.41,2024-10-20,851,N,VIIRS,n,2,308.51,3.85,D,0
28.42355,69.70184,304.84,0.44,0.38,2024-10-20,2116,N,VIIRS,n,2,294.46,1.01,N,2
26.23399,68.83125,338.62,0.38,0.36,2024-10-21,832,N,VIIRS,n,2,306.58,5.47,D,0
26.37627,68.15646,337.84,0.39,0.36,2024-10-21,832,N,VIIRS,n,2,311.85,3.42,D,0
26.37662,68.48144,339.01,0.38,0.36,2024-10-21,832,N,VIIRS,n,2,310.06,3.67,D,0
26.51333,68.84651,341.03,0.38,0.36,2024-10-21,832,N,VIIRS,n,2,310.11,3.51,D,0
26.95996,67.58242,345.67,0.39,0.36,2024-10-21,832,N,VIIRS,n,2,312.08,3.33,D,0
27.02397,68.00771,336.95,0.39,0.36,2024-10-21,832,N,VIIRS,l,2,310.47,2.33,D,0
27.2033,68.37564,337.71,0.38,0.36,2024-10-21,832,N,VIIRS,l,2,310.17,2.57,D,0
27.87103,69.61239,331.42,0.39,0.36,2024-10-21,832,N,VIIRS,l,2,306.31,1.75,D,0
28.42418,69.70241,308.94,0.4,0.37,2024-10-21,2057,N,VIIRS,n,2,294.94,0.97,N,2
26.37214,68.91817,307.37,0.41,0.37,2024-10-21,2058,N,VIIRS,n,2,295.34,0.33,N,0
28.05328,69.36979,305.91,0.41,0.37,2024-10-21,2058,N,VIIRS,n,2,295.05,0.55,N,2
26.33906,68.08327,339.65,0.38,0.43,2024-10-22,813,N,VIIRS,n,2,305.2,3.76,D,0
27.22523,68.36555,339.77,0.54,0.42,2024-10-22,813,N,VIIRS,n,2,307.41,5.1,D,0
27.22572,68.36306,341.06,0.54,0.42,2024-10-22,813,N,VIIRS,n,2,307.48,3.01,D,0
27.79413,69.34248,332.21,0.47,0.4,2024-10-22,813,N,VIIRS,n,2,306.94,2.5,D,0
27.87031,69.59985,336.97,0.46,0.39,2024-10-22,813,N,VIIRS,n,2,307.11,3.06,D,0
28.2922,69.73098,348.81,0.45,0.39,2024-10-22,813,N,VIIRS,n,2,307.58,6.03,D,0
26.40516,68.84052,340.57,0.33,0.55,2024-10-23,754,N,VIIRS,n,2,308.81,2.59,D,0
26.55016,68.20261,342.86,0.35,0.57,2024-10-23,754,N,VIIRS,n,2,303.03,2.53,D,0
26.55135,68.20362,334.12,0.35,0.57,2024-10-23,754,N,VIIRS,n,2,302.66,2.65,D,0
26.93341,68.27172,338.95,0.34,0.56,2024-10-23,754,N,VIIRS,n,2,302.49,2.6,D,0
26.23432,68.86218,316.91,0.45,0.63,2024-10-23,2020,N,VIIRS,n,2,291.95,2.08,N,0
26.23466,68.85756,305.72,0.45,0.63,2024-10-23,2020,N,VIIRS,n,2,291.62,2.51,N,0
26.74498,68.90176,333.13,0.61,0.71,2024-10-24,736,N,VIIRS,l,2,303.78,3.53,D,0
26.74641,68.90395,337.7,0.61,0.71,2024-10-24,736,N,VIIRS,n,2,304.28,2.09,D,0
26.53887,68.14993,333.24,0.39,0.59,2024-10-24,916,N,VIIRS,n,2,303.79,2.65,D,0
26.65118,68.17076,331.22,0.39,0.59,2024-10-24,916,N,VIIRS,n,2,302.28,1.86,D,0
26.70277,68.97249,334.27,0.44,0.62,2024-10-24,916,N,VIIRS,l,2,306.84,2.52,D,0
26.28916,68.23946,335.38,0.4,0.44,2024-10-25,857,N,VIIRS,l,2,308.88,2.01,D,0
26.99532,68.44399,340.2,0.42,0.45,2024-10-25,857,N,VIIRS,n,2,307.27,2.68,D,0
27.2295,68.12408,334.74,0.41,0.45,2024-10-25,857,N,VIIRS,l,2,309.23,1.93,D,0
27.41237,68.70975,346.53,0.44,0.46,2024-10-25,857,N,VIIRS,n,2,310.62,4.63,D,0
27.81263,69.7373,341.25,0.51,0.5,2024-10-25,857,N,VIIRS,n,2,309.72,5.83,D,0
28.42424,69.70327,307.61,0.51,0.41,2024-10-25,2123,N,VIIRS,n,2,294.75,1.35,N,2
26.25262,68.32153,343.4,0.39,0.36,2024-10-26,838,N,VIIRS,n,2,312.5,3.93,D,0
26.2927,68.11047,342.64,0.39,0.36,2024-10-26,838,N,VIIRS,n,2,310.66,4.49,D,0
26.33564,68.17071,339.5,0.39,0.36,2024-10-26,838,N,VIIRS,n,2,313.3,4.44,D,0
26.68372,68.95412,340.72,0.41,0.37,2024-10-26,838,N,VIIRS,n,2,313.37,5.43,D,0
26.97389,67.74858,339.66,0.39,0.36,2024-10-26,838,N,VIIRS,l,2,314.2,4.94,D,0
27.76653,69.40458,335.9,0.43,0.38,2024-10-26,838,N,VIIRS,l,2,309.26,2.57,D,0
27.94077,69.58593,332.5,0.43,0.38,2024-10-26,838,N,VIIRS,n,2,306.73,1.06,D,0
28.09212,69.86349,337.06,0.44,0.39,2024-10-26,839,N,VIIRS,n,2,308.79,4.03,D,0
28.42546,69.70007,312.51,0.38,0.36,2024-10-26,2104,N,VIIRS,n,2,296.68,1.4,N,2
26.58623,68.8577,348.75,0.44,0.38,2024-10-27,819,N,VIIRS,n,2,316.33,7.79,D,0
26.88646,68.17725,335.32,0.47,0.39,2024-10-27,819,N,VIIRS,n,2,308.38,2.68,D,0
27.57177,69.02077,340.77,0.43,0.38,2024-10-27,820,N,VIIRS,l,2,311.07,5.63,D,0
28.17569,69.49738,335.02,0.41,0.37,2024-10-27,820,N,VIIRS,n,2,309.7,1.1,D,0
28.49363,69.72383,335.77,0.4,0.37,2024-10-27,820,N,VIIRS,l,2,309.36,1.92,D,0
28.66704,67.73809,339.83,0.46,0.39,2024-10-27,820,N,VIIRS,l,2,313.27,3.55,D,0
28.98849,70.03165,349.22,0.39,0.36,2024-10-27,820,N,VIIRS,n,2,314.83,6.85,D,0
27.91205,69.82185,307.48,0.52,0.42,2024-10-27,2045,N,VIIRS,n,2,295.53,1.26,N,0
28.42441,69.70024,308.08,0.54,0.42,2024-10-27,2045,N,VIIRS,n,2,296.05,1.47,N,2
27.55558,69.14729,338.95,0.48,0.48,2024-10-28,801,N,VIIRS,n,2,311.8,4.17,D,0
27.65149,69.5976,340.56,0.45,0.47,2024-10-28,801,N,VIIRS,n,2,315.33,4.2,D,0
28.66997,67.63942,340.66,0.56,0.51,2024-10-28,801,N,VIIRS,n,2,312.61,3.56,D,0
28.67074,67.63694,339.61,0.56,0.51,2024-10-28,801,N,VIIRS,n,2,312.93,4.94,D,0
28.63293,69.19882,305.33,0.36,0.58,2024-10-28,2026,N,VIIRS,n,2,295.27,0.66,N,0
26.76941,68.92139,332.73,0.49,0.65,2024-10-29,742,N,VIIRS,l,2,307.33,3.2,D,0
27.19757,69.0576,333.23,0.47,0.64,2024-10-29,742,N,VIIRS,l,2,306.58,4.85,D,0
27.993,69.92188,335.53,0.4,0.6,2024-10-29,742,N,VIIRS,n,2,304.14,3.54,D,0
28.2243,69.40752,330.85,0.42,0.61,2024-10-29,742,N,VIIRS,l,2,305.21,4.25,D,0
28.41999,67.53654,333.76,0.54,0.68,2024-10-29,742,N,VIIRS,n,2,305.56,3.73,D,0
29.07108,68.83801,334.17,0.44,0.62,2024-10-29,742,N,VIIRS,l,2,306.59,1.54,D,0
29.07157,68.83837,332.74,0.44,0.62,2024-10-29,743,N,VIIRS,l,2,306.1,2.0,D,0
27.1905,68.54984,332.17,0.52,0.67,2024-10-29,922,N,VIIRS,n,2,304.9,1.68,D,0
26.42574,68.4016,304.2,0.36,0.58,2024-10-29,2148,N,VIIRS,n,2,294.06,0.83,N,0
28.05207,69.36926,307.93,0.38,0.59,2024-10-29,2148,N,VIIRS,n,2,293.72,0.59,N,2
26.42164,68.40287,334.83,0.51,0.5,2024-10-30,903,N,VIIRS,l,2,309.23,2.64,D,0
26.60508,68.39084,342.44,0.51,0.5,2024-10-30,903,N,VIIRS,n,2,306.71,7.63,D,0
26.60594,68.38863,347.1,0.51,0.5,2024-10-30,903,N,VIIRS,n,2,307.8,6.04,D,0
28.77665,70.2528,334.85,0.35,0.57,2024-10-30,904,N,VIIRS,n,2,300.2,2.33,D,0
26.23631,68.86401,333.57,0.45,0.39,2024-10-31,844,N,VIIRS,l,2,306.04,2.42,D,0
26.64943,68.95889,338.05,0.46,0.39,2024-10-31,844,N,VIIRS,n,2,307.82,3.85,D,0
26.9898,67.56563,336.44,0.41,0.37,2024-10-31,845,N,VIIRS,n,2,307.17,1.96,D,0
27.03688,70.27061,337.63,0.53,0.42,2024-10-31,845,N,VIIRS,l,2,310.96,2.88,D,0
27.32012,67.5924,338.54,0.42,0.37,2024-10-31,845,N,VIIRS,n,2,307.33,3.12,D,0
27.52196,67.51685,332.38,0.41,0.37,2024-10-31,845,N,VIIRS,l,2,306.5,1.05,D,0
28.42615,69.7016,308.04,0.4,0.37,2024-10-31,2110,N,VIIRS,n,2,294.99,1.16,N,2
26.31385,68.72903,337.68,0.4,0.37,2024-11-01,826,N,VIIRS,l,2,309.56,4.33,D,0
26.56162,67.98934,343.53,0.42,0.37,2024-11-01,826,N,VIIRS,n,2,309.0,1.59,D,0
27.08556,68.2882,334.59,0.41,0.37,2024-11-01,826,N,VIIRS,l,2,308.15,5.81,D,0
27.22284,69.04457,336.57,0.39,0.36,2024-11-01,826,N,VIIRS,n,2,309.53,1.45,D,0
27.75853,69.4076,333.78,0.39,0.36,2024-11-01,826,N,VIIRS,l,2,306.47,3.94,D,0
27.76185,69.40694,346.46,0.39,0.36,2024-11-01,826,N,VIIRS,n,2,306.02,3.94,D,0
27.89646,69.44888,332.71,0.39,0.36,2024-11-01,826,N,VIIRS,n,2,306.47,1.52,D,0
27.9649,69.60412,331.19,0.38,0.36,2024-11-01,826,N,VIIRS,n,2,304.66,1.73,D,0
28.22561,69.60201,335.64,0.38,0.36,2024-11-01,826,N,VIIRS,n,2,310.27,2.16,D,0
28.47475,69.73035,333.99,0.38,0.36,2024-11-01,826,N,VIIRS,n,2,306.76,2.13,D,0
28.47535,69.73427,331.01,0.38,0.36,2024-11-01,826,N,VIIRS,n,2,305.84,2.13,D,0
29.19141,70.28524,347.55,0.39,0.36,2024-11-01,826,N,VIIRS,n,2,311.88,4.5,D,0
26.2592,68.99326,335.97,0.42,0.45,2024-11-02,807,N,VIIRS,l,2,308.32,1.65,D,0
26.35062,68.05341,342.47,0.47,0.48,2024-11-02,807,N,VIIRS,n,2,307.54,3.84,D,0
26.85036,68.93196,344.12,0.41,0.45,2024-11-02,807,N,VIIRS,n,2,312.65,3.74,D,0
26.89004,68.10687,342.55,0.46,0.47,2024-11-02,807,N,VIIRS,n,2,305.58,4.15,D,0
27.76812,69.3487,334.73,0.57,0.43,2024-11-02,807,N,VIIRS,n,2,306.49,3.52,D,0
28.63932,69.16641,303.44,0.59,0.53,2024-11-02,2032,N,VIIRS,n,2,292.02,1.46,N,0
27.45827,67.51341,310.33,0.36,0.57,2024-11-02,2033,N,VIIRS,n,2,294.85,0.53,N,0
28.42507,69.69909,312.07,0.4,0.37,2024-11-06,2057,N,VIIRS,n,2,294.36,1.08,N,2
27.9617,69.64527,306.2,0.4,0.37,2024-11-06,2058,N,VIIRS,n,2,293.21,0.56,N,0
27.00854,69.05897,341.1,0.5,0.41,2024-11-07,813,N,VIIRS,l,2,314.48,3.11,D,0
27.34372,68.68492,337.39,0.52,0.41,2024-11-07,813,N,VIIRS,n,2,308.76,4.48,D,0
27.89704,69.60926,336.46,0.46,0.39,2024-11-07,813,N,VIIRS,n,2,308.04,2.5,D,0
28.37689,69.49484,330.43,0.46,0.39,2024-11-07,814,N,VIIRS,n,2,305.42,2.24,D,0
28.73305,70.27825,331.04,0.43,0.38,2024-11-07,814,N,VIIRS,n,2,303.05,2.25,D,0
28.44995,68.85838,304.78,0.49,0.49,2024-11-07,2039,N,VIIRS,n,2,294.42,0.6,N,0
26.20625,68.0853,336.53,0.37,0.58,2024-11-08,754,N,VIIRS,n,2,307.19,1.06,D,0
27.35035,69.01221,333.08,0.61,0.53,2024-11-08,754,N,VIIRS,l,2,305.02,5.03,D,0
27.52416,68.2929,332.99,0.33,0.56,2024-11-08,755,N,VIIRS,n,2,304.87,2.2,D,0
28.65469,67.74335,346.81,0.34,0.56,2024-11-08,755,N,VIIRS,n,2,307.58,20.33,D,0
28.65549,67.74678,367.0,0.34,0.56,2024-11-08,755,N,VIIRS,h,2,305.98,24.37,D,0
27.39833,68.62572,347.1,0.61,0.71,2024-11-09,736,N,VIIRS,n,2,301.35,6.04,D,0
27.40011,68.6249,345.62,0.61,0.71,2024-11-09,736,N,VIIRS,n,2,301.38,7.33,D,0
26.84117,67.87525,330.46,0.38,0.58,2024-11-09,916,N,VIIRS,l,2,304.59,2.23,D,0
27.07809,68.41033,349.26,0.42,0.45,2024-11-10,857,N,VIIRS,n,2,307.23,14.35,D,0
27.28697,69.39437,346.1,0.48,0.48,2024-11-10,857,N,VIIRS,n,2,313.29,3.68,D,0
28.05356,69.36954,305.59,0.5,0.41,2024-11-10,2123,N,VIIRS,n,2,294.1,0.88,N,2
26.57816,68.17376,330.13,0.39,0.36,2024-11-11,838,N,VIIRS,n,2,304.52,1.29,D,0
27.0143,67.55201,337.01,0.39,0.36,2024-11-11,838,N,VIIRS,n,2,308.33,2.76,D,0
27.19353,68.43102,338.17,0.4,0.37,2024-11-11,838,N,VIIRS,n,2,310.76,2.33,D,0
27.2179,69.05219,344.06,0.41,0.37,2024-11-11,838,N,VIIRS,n,2,310.32,3.12,D,0
27.31516,69.00193,334.91,0.41,0.37,2024-11-11,838,N,VIIRS,n,2,308.25,1.03,D,0
27.68883,68.31207,334.41,0.4,0.37,2024-11-11,838,N,VIIRS,n,2,306.78,2.72,D,0
28.05027,69.36799,330.22,0.43,0.38,2024-11-11,838,N,VIIRS,l,2,302.94,2.74,D,0
28.05375,69.3674,336.53,0.43,0.38,2024-11-11,838,N,VIIRS,n,2,302.3,4.78,D,2
27.9616,68.33983,333.82,0.4,0.37,2024-11-11,839,N,VIIRS,n,2,303.83,2.94,D,0
28.63215,69.19992,295.59,0.39,0.36,2024-11-11,2104,N,VIIRS,n,2,283.3,0.3,N,0
27.3082,69.08806,345.16,0.43,0.38,2024-11-12,819,N,VIIRS,n,2,308.47,3.84,D,0
27.30912,69.08863,336.35,0.43,0.38,2024-11-12,819,N,VIIRS,n,2,308.23,3.82,D,0
27.65965,69.12293,337.65,0.42,0.38,2024-11-12,820,N,VIIRS,n,2,303.01,2.84,D,0
28.24207,67.41899,332.15,0.48,0.4,2024-11-12,820,N,VIIRS,n,2,300.24,2.71,D,0
28.44137,68.92979,332.58,0.42,0.38,2024-11-12,820,N,VIIRS,n,2,298.37,3.07,D,0
26.96692,68.2544,303.78,0.41,0.45,2024-11-12,2045,N,VIIRS,n,2,292.4,0.63,N,0
28.42351,69.70021,303.65,0.54,0.42,2024-11-12,2045,N,VIIRS,n,2,291.49,0.78,N,2
27.2895,69.09212,331.22,0.49,0.49,2024-11-13,801,N,VIIRS,l,2,304.08,1.21,D,0
27.36928,69.06307,336.06,0.49,0.49,2024-11-13,801,N,VIIRS,n,2,306.03,3.24,D,0
26.38072,68.2911,330.92,0.55,0.68,2024-11-14,742,N,VIIRS,n,2,297.4,2.9,D,0
28.05312,69.36826,300.97,0.4,0.44,2024-11-15,2129,N,VIIRS,n,2,290.03,0.49,N,2
28.42401,69.69993,301.2,0.41,0.45,2024-11-15,2129,N,VIIRS,n,2,289.36,0.61,N,2
27.7642,68.74965,330.7,0.46,0.39,2024-11-16,845,N,VIIRS,n,2,301.8,2.05,D,0
27.7733,69.30213,334.25,0.49,0.4,2024-11-16,845,N,VIIRS,n,2,303.29,2.76,D,0
27.99697,69.57549,310.71,0.4,0.37,2024-11-16,2110,N,VIIRS,n,2,287.85,1.11,N,0
28.052,69.36914,299.9,0.39,0.36,2024-11-16,2110,N,VIIRS,n,2,288.64,0.37,N,2
28.42502,69.69949,311.52,0.4,0.37,2024-11-16,2110,N,VIIRS,n,2,289.33,0.85,N,2
26.25682,68.41102,330.07,0.41,0.37,2024-11-17,825,N,VIIRS,n,2,301.39,2.1,D,0
26.2575,68.41509,331.69,0.41,0.37,2024-11-17,825,N,VIIRS,n,2,300.97,2.1,D,0
26.31679,68.13966,332.06,0.42,0.37,2024-11-17,825,N,VIIRS,n,2,300.24,2.25,D,0
26.7299,68.09547,332.45,0.41,0.37,2024-11-17,826,N,VIIRS,n,2,299.57,2.67,D,0
26.93921,68.97919,330.72,0.39,0.36,2024-11-17,826,N,VIIRS,l,2,303.49,2.08,D,0
27.41877,68.44246,331.08,0.4,0.37,2024-11-17,826,N,VIIRS,n,2,298.3,2.73,D,0
27.68179,68.31824,330.68,0.4,0.37,2024-11-17,826,N,VIIRS,n,2,297.92,3.28,D,0
27.7124,69.40101,332.08,0.39,0.36,2024-11-17,826,N,VIIRS,n,2,300.27,1.56,D,0
28.36304,70.26712,335.22,0.38,0.36,2024-11-17,826,N,VIIRS,n,2,300.72,2.41,D,0
27.66732,68.87631,298.06,0.49,0.4,2024-11-17,2051,N,VIIRS,n,2,288.0,0.49,N,0
28.03588,69.7029,299.39,0.45,0.39,2024-11-17,2051,N,VIIRS,n,2,287.95,0.45,N,0
28.42557,69.70004,303.97,0.45,0.39,2024-11-17,2051,N,VIIRS,n,2,289.01,0.88,N,2
28.42641,69.70206,303.73,0.45,0.39,2024-11-17,2051,N,VIIRS,n,2,288.7,0.75,N,2
26.60705,68.84881,341.47,0.42,0.45,2024-11-18,807,N,VIIRS,n,2,301.75,8.6,D,0
26.60778,68.85027,350.29,0.42,0.45,2024-11-18,807,N,VIIRS,n,2,302.09,14.39,D,0
29.01684,70.32442,335.82,0.49,0.4,2024-11-18,807,N,VIIRS,n,2,300.57,4.91,D,0
29.19549,70.29671,346.36,0.49,0.4,2024-11-18,807,N,VIIRS,n,2,301.32,8.87,D,0
28.42613,69.6985,300.35,0.55,0.51,2024-11-18,2032,N,VIIRS,n,2,288.83,0.79,N,2
28.63478,67.73732,335.57,0.42,0.61,2024-11-19,749,N,VIIRS,n,2,299.78,2.15,D,0
26.56295,68.88441,330.34,0.67,0.74,2024-11-19,928,N,VIIRS,n,2,295.93,2.08,D,0
28.1668,69.36539,333.01,0.66,0.73,2024-11-20,730,N,VIIRS,n,2,298.13,2.79,D,0
26.31718,68.11665,332.43,0.61,0.53,2024-11-20,909,N,VIIRS,n,2,301.78,3.69,D,0
26.56697,68.88296,346.64,0.34,0.56,2024-11-20,909,N,VIIRS,n,2,301.78,3.7,D,0
26.84946,67.86064,331.53,0.6,0.53,2024-11-20,910,N,VIIRS,n,2,302.4,4.35,D,0
27.03537,68.43201,333.91,0.32,0.55,2024-11-20,910,N,VIIRS,l,2,303.92,1.51,D,0
27.06128,68.97664,338.34,0.35,0.57,2024-11-20,910,N,VIIRS,n,2,304.16,3.07,D,0
27.06509,68.97481,341.0,0.35,0.57,2024-11-20,910,N,VIIRS,n,2,303.65,3.03,D,0
28.29542,70.01351,337.69,0.42,0.61,2024-11-20,910,N,VIIRS,n,2,298.07,4.45,D,0
28.29915,70.0124,346.89,0.42,0.61,2024-11-20,910,N,VIIRS,n,2,298.68,4.07,D,0
26.43128,68.63287,334.79,0.52,0.41,2024-11-21,851,N,VIIRS,n,2,305.08,4.0,D,0
26.59547,68.88271,334.67,0.54,0.42,2024-11-21,851,N,VIIRS,n,2,304.04,7.47,D,0
26.86532,68.88165,337.7,0.54,0.42,2024-11-21,851,N,VIIRS,n,2,305.41,3.31,D,0
26.86541,68.88298,337.52,0.54,0.42,2024-11-21,851,N,VIIRS,n,2,306.39,2.35,D,0
27.93517,69.43839,332.45,0.4,0.44,2024-11-21,851,N,VIIRS,n,2,304.56,2.77,D,0
28.05117,69.36906,339.89,0.4,0.44,2024-11-21,851,N,VIIRS,n,2,304.57,2.38,D,2
28.06803,69.48299,336.92,0.4,0.44,2024-11-21,851,N,VIIRS,n,2,301.17,3.12,D,0
28.22653,69.59301,340.31,0.41,0.45,2024-11-21,851,N,VIIRS,n,2,304.05,4.7,D,0
28.31686,70.21328,342.39,0.44,0.46,2024-11-21,851,N,VIIRS,n,2,301.73,5.15,D,0
28.42424,69.69959,306.12,0.44,0.38,2024-11-21,2116,N,VIIRS,n,2,288.75,0.78,N,2
28.94752,69.08856,302.23,0.41,0.37,2024-11-21,2116,N,VIIRS,n,2,285.62,0.43,N,0
26.32213,68.2142,333.42,0.39,0.36,2024-11-22,832,N,VIIRS,n,2,302.66,2.51,D,0
26.61516,68.00999,331.79,0.39,0.36,2024-11-22,832,N,VIIRS,n,2,301.53,1.99,D,0
26.86512,68.3327,334.24,0.38,0.36,2024-11-22,832,N,VIIRS,n,2,303.67,2.67,D,0
27.31062,67.73492,331.19,0.39,0.36,2024-11-22,832,N,VIIRS,n,2,300.06,2.46,D,0
27.77015,69.45105,330.39,0.39,0.36,2024-11-22,832,N,VIIRS,n,2,301.23,0.79,D,0
27.97809,67.63244,330.12,0.39,0.36,2024-11-22,832,N,VIIRS,n,2,304.94,2.4,D,0
27.98242,69.40043,336.66,0.39,0.36,2024-11-22,832,N,VIIRS,n,2,302.28,3.19,D,0
28.29843,69.83272,336.98,0.4,0.37,2024-11-22,832,N,VIIRS,n,2,301.65,2.15,D,0
28.29919,69.83354,333.71,0.4,0.37,2024-11-22,832,N,VIIRS,n,2,304.19,9.46,D,0
28.37866,69.9069,332.26,0.4,0.37,2024-11-22,832,N,VIIRS,n,2,300.99,4.83,D,0
28.49366,70.05512,337.34,0.4,0.37,2024-11-22,832,N,VIIRS,n,2,300.79,3.59,D,0
28.56885,67.72202,330.02,0.39,0.36,2024-11-22,832,N,VIIRS,n,2,302.88,1.4,D,0
28.2328,69.12273,299.82,0.42,0.37,2024-11-22,2057,N,VIIRS,n,2,289.05,0.42,N,0
28.42578,69.7012,306.49,0.4,0.37,2024-11-22,2057,N,VIIRS,n,2,290.09,0.85,N,2
26.23226,68.22195,303.77,0.43,0.38,2024-11-22,2058,N,VIIRS,n,2,290.91,0.35,N,0
26.34057,68.42483,331.71,0.55,0.43,2024-11-23,813,N,VIIRS,n,2,301.83,2.9,D,0
26.61804,68.35395,332.63,0.55,0.43,2024-11-23,813,N,VIIRS,n,2,302.29,4.59,D,0
26.6188,68.35603,336.47,0.55,0.43,2024-11-23,813,N,VIIRS,n,2,302.44,8.08,D,0
26.64389,68.31912,336.73,0.55,0.43,2024-11-23,813,N,VIIRS,n,2,301.72,5.62,D,0
26.65003,67.95866,331.57,0.39,0.44,2024-11-23,813,N,VIIRS,n,2,301.43,1.81,D,0
26.69861,68.22856,333.21,0.56,0.43,2024-11-23,813,N,VIIRS,n,2,302.22,2.84,D,0
26.69944,68.2249,337.14,0.56,0.43,2024-11-23,813,N,VIIRS,n,2,301.86,4.18,D,0
26.95599,68.45284,335.3,0.54,0.42,2024-11-23,813,N,VIIRS,n,2,303.85,4.84,D,0
26.95687,68.45564,335.75,0.54,0.42,2024-11-23,813,N,VIIRS,n,2,303.97,7.19,D,0
27.10799,68.48499,331.78,0.53,0.42,2024-11-23,813,N,VIIRS,n,2,303.42,2.78,D,0
28.13724,69.49334,331.05,0.46,0.39,2024-11-23,813,N,VIIRS,n,2,300.07,2.81,D,0
28.29198,69.80938,333.57,0.45,0.39,2024-11-23,813,N,VIIRS,n,2,299.92,1.8,D,0
28.71287,70.1955,332.15,0.43,0.38,2024-11-23,814,N,VIIRS,n,2,298.69,3.53,D,0
26.40644,68.30904,367.0,0.35,0.57,2024-11-24,754,N,VIIRS,h,2,298.24,4.7,D,0
26.4116,68.30761,341.03,0.35,0.57,2024-11-24,754,N,VIIRS,n,2,296.0,4.7,D,0
27.08181,68.54337,334.87,0.33,0.55,2024-11-24,754,N,VIIRS,n,2,298.85,1.67,D,0
28.00908,68.42473,335.83,0.32,0.55,2024-11-24,755,N,VIIRS,n,2,293.88,2.16,D,0
28.06839,67.88811,331.49,0.34,0.56,2024-11-24,755,N,VIIRS,n,2,293.53,1.73,D,0
28.4614,70.10741,332.28,0.5,0.49,2024-11-24,755,N,VIIRS,n,2,295.29,3.82,D,0
28.42544,69.69906,297.76,0.42,0.61,2024-11-24,2020,N,VIIRS,n,2,287.63,0.57,N,2
26.3391,68.20213,338.53,0.39,0.59,2024-11-25,916,N,VIIRS,n,2,296.62,6.87,D,0
26.73585,68.31904,343.81,0.4,0.6,2024-11-25,916,N,VIIRS,n,2,296.63,5.02,D,0
26.91058,68.41344,340.92,0.41,0.6,2024-11-25,916,N,VIIRS,n,2,297.04,2.39,D,0
26.91378,68.4135,340.64,0.41,0.6,2024-11-25,916,N,VIIRS,n,2,296.53,2.83,D,0
27.29791,68.3509,340.39,0.41,0.6,2024-11-25,916,N,VIIRS,n,2,295.71,3.6,D,0
27.4496,68.43192,331.91,0.41,0.61,2024-11-25,916,N,VIIRS,n,2,294.6,2.53,D,0
27.4515,68.43139,331.59,0.41,0.61,2024-11-25,916,N,VIIRS,n,2,294.24,2.71,D,0
28.28314,69.81809,347.0,0.51,0.66,2024-11-25,916,N,VIIRS,n,2,293.16,7.43,D,0
28.28346,69.82347,334.88,0.51,0.66,2024-11-25,916,N,VIIRS,n,2,292.91,9.39,D,0
28.28439,69.81805,342.36,0.51,0.66,2024-11-25,916,N,VIIRS,n,2,292.92,6.01,D,0
28.28475,69.82343,340.5,0.51,0.66,2024-11-25,916,N,VIIRS,n,2,293.41,6.01,D,0
28.49311,70.00781,335.92,0.53,0.67,2024-11-25,916,N,VIIRS,n,2,292.64,7.21,D,0
28.49689,70.0106,346.13,0.53,0.67,2024-11-25,916,N,VIIRS,n,2,293.84,7.42,D,0
26.35377,68.37173,330.23,0.41,0.45,2024-11-26,857,N,VIIRS,l,2,300.88,2.23,D,0
26.35572,68.37308,330.31,0.41,0.45,2024-11-26,857,N,VIIRS,n,2,300.1,1.79,D,0
26.36722,68.63984,331.77,0.43,0.46,2024-11-26,857,N,VIIRS,n,2,302.26,1.45,D,0
26.39446,68.23,338.4,0.4,0.44,2024-11-26,857,N,VIIRS,n,2,302.36,3.25,D,0
26.45344,68.34301,340.7,0.41,0.45,2024-11-26,857,N,VIIRS,n,2,301.89,3.05,D,0
26.45484,68.34293,338.83,0.41,0.45,2024-11-26,857,N,VIIRS,n,2,302.29,3.41,D,0
26.50969,68.38197,341.75,0.41,0.45,2024-11-26,857,N,VIIRS,n,2,303.21,6.71,D,0
26.51518,68.28017,340.58,0.41,0.45,2024-11-26,857,N,VIIRS,n,2,301.58,2.13,D,0
26.5338,68.88312,348.99,0.44,0.46,2024-11-26,857,N,VIIRS,n,2,305.44,14.33,D,0
26.59059,68.8848,339.63,0.44,0.46,2024-11-26,857,N,VIIRS,n,2,300.9,5.16,D,0
26.66473,68.35745,334.31,0.41,0.45,2024-11-26,857,N,VIIRS,n,2,304.01,4.15,D,0
26.67739,68.04355,330.09,0.4,0.44,2024-11-26,857,N,VIIRS,n,2,300.62,1.83,D,0
26.7942,68.13071,330.57,0.4,0.44,2024-11-26,857,N,VIIRS,n,2,301.68,4.69,D,0
26.79465,68.13479,339.78,0.4,0.44,2024-11-26,857,N,VIIRS,n,2,300.93,4.69,D,0
27.6559,68.58953,331.24,0.44,0.46,2024-11-26,857,N,VIIRS,n,2,299.99,2.22,D,0
27.71372,69.61515,333.63,0.5,0.49,2024-11-26,857,N,VIIRS,n,2,300.81,2.32,D,0
28.08715,69.32074,335.5,0.49,0.49,2024-11-26,858,N,VIIRS,n,2,298.12,2.54,D,0
28.15808,69.43552,340.78,0.5,0.49,2024-11-26,858,N,VIIRS,n,2,300.87,12.18,D,0
28.18423,69.83842,339.91,0.53,0.5,2024-11-26,858,N,VIIRS,n,2,297.79,2.88,D,0
28.34826,69.67702,330.19,0.52,0.5,2024-11-26,858,N,VIIRS,n,2,298.35,2.53,D,0
28.42622,69.70248,299.17,0.51,0.41,2024-11-26,2123,N,VIIRS,n,2,289.14,0.61,N,2
26.46917,68.43661,334.04,0.39,0.37,2024-11-27,838,N,VIIRS,n,2,302.07,1.91,D,0
26.52419,68.02085,333.84,0.39,0.36,2024-11-27,838,N,VIIRS,n,2,301.2,3.63,D,0
26.61608,68.26539,332.87,0.39,0.36,2024-11-27,838,N,VIIRS,n,2,301.56,2.39,D,0
26.73536,68.12745,337.97,0.39,0.36,2024-11-27,838,N,VIIRS,n,2,300.43,4.99,D,0
27.23646,68.34387,331.69,0.4,0.37,2024-11-27,838,N,VIIRS,n,2,301.85,1.72,D,0
27.9309,69.33341,330.03,0.42,0.38,2024-11-27,839,N,VIIRS,n,2,301.26,2.09,D,0
28.01521,69.26357,332.74,0.42,0.38,2024-11-27,839,N,VIIRS,n,2,301.2,2.1,D,0
28.07816,69.30225,334.88,0.43,0.38,2024-11-27,839,N,VIIRS,n,2,300.17,2.71,D,0
28.14619,69.54573,335.54,0.43,0.38,2024-11-27,839,N,VIIRS,n,2,301.28,2.32,D,0
28.19267,69.70646,330.82,0.44,0.38,2024-11-27,839,N,VIIRS,n,2,300.41,2.5,D,0
28.24949,67.70755,333.97,0.39,0.36,2024-11-27,839,N,VIIRS,n,2,301.77,4.12,D,0
28.25116,67.70739,332.17,0.39,0.36,2024-11-27,839,N,VIIRS,n,2,300.27,4.75,D,0
28.43599,69.81915,341.49,0.45,0.39,2024-11-27,839,N,VIIRS,n,2,301.46,6.75,D,0
28.48021,69.99548,330.6,0.45,0.39,2024-11-27,839,N,VIIRS,n,2,300.3,1.68,D,0
28.53711,69.98149,331.4,0.45,0.39,2024-11-27,839,N,VIIRS,n,2,300.59,2.63,D,0
28.58244,70.19172,336.34,0.46,0.39,2024-11-27,839,N,VIIRS,n,2,299.78,3.07,D,0
28.58298,70.19485,332.38,0.46,0.39,2024-11-27,839,N,VIIRS,n,2,300.0,3.25,D,0
28.92412,70.3503,333.08,0.48,0.4,2024-11-27,839,N,VIIRS,n,2,301.89,5.38,D,0
28.92467,70.34726,333.45,0.47,0.4,2024-11-27,839,N,VIIRS,n,2,302.04,3.9,D,0
28.42391,69.7028,299.71,0.38,0.36,2024-11-27,2104,N,VIIRS,n,2,289.34,0.54,N,2
28.42452,69.6989,300.28,0.38,0.36,2024-11-27,2104,N,VIIRS,n,2,289.41,0.51,N,2
28.48711,70.2451,297.46,0.38,0.36,2024-11-27,2104,N,VIIRS,n,2,286.68,0.43,N,0
28.94846,69.08693,309.93,0.39,0.36,2024-11-27,2104,N,VIIRS,n,2,284.33,0.48,N,0
26.30968,68.52904,334.51,0.46,0.39,2024-11-28,819,N,VIIRS,n,2,300.48,5.16,D,0
26.31325,68.52825,341.14,0.46,0.39,2024-11-28,819,N,VIIRS,n,2,300.15,5.16,D,0
26.33101,68.57778,332.09,0.46,0.39,2024-11-28,819,N,VIIRS,n,2,301.15,1.99,D,0
26.40142,68.4728,337.65,0.46,0.39,2024-11-28,819,N,VIIRS,n,2,301.91,6.18,D,0
26.55028,68.35751,332.86,0.46,0.39,2024-11-28,820,N,VIIRS,n,2,300.48,2.59,D,0
26.90625,68.01952,333.19,0.47,0.4,2024-11-28,820,N,VIIRS,n,2,300.49,6.23,D,0
26.97827,68.39854,333.91,0.45,0.39,2024-11-28,820,N,VIIRS,n,2,300.93,7.07,D,0
27.34957,68.40157,334.21,0.45,0.39,2024-11-28,820,N,VIIRS,n,2,300.98,3.53,D,0
27.38495,68.2773,336.73,0.45,0.39,2024-11-28,820,N,VIIRS,n,2,300.38,5.02,D,0
27.92515,69.34077,340.37,0.41,0.37,2024-11-28,820,N,VIIRS,n,2,299.35,6.24,D,0
28.02028,69.70054,333.89,0.4,0.37,2024-11-28,820,N,VIIRS,n,2,302.46,3.59,D,0
28.17653,69.79491,337.86,0.4,0.37,2024-11-28,820,N,VIIRS,n,2,301.83,12.3,D,0
28.24998,69.69119,334.94,0.4,0.37,2024-11-28,820,N,VIIRS,n,2,299.57,2.85,D,0
28.30341,69.88262,331.29,0.4,0.37,2024-11-28,820,N,VIIRS,n,2,299.19,1.95,D,0
28.39318,69.90142,345.43,0.4,0.37,2024-11-28,820,N,VIIRS,n,2,301.47,4.31,D,0
28.39653,69.90073,338.56,0.4,0.37,2024-11-28,820,N,VIIRS,n,2,298.34,3.61,D,0
28.45097,70.30289,332.01,0.39,0.36,2024-11-28,820,N,VIIRS,n,2,300.94,3.09,D,0
28.48402,69.85767,333.4,0.4,0.37,2024-11-28,820,N,VIIRS,n,2,299.87,3.83,D,0
28.57373,70.08045,330.29,0.39,0.36,2024-11-28,820,N,VIIRS,n,2,299.71,1.8,D,0
28.57707,70.07977,330.02,0.39,0.36,2024-11-28,820,N,VIIRS,n,2,299.18,1.8,D,0
28.70759,70.23851,333.33,0.39,0.36,2024-11-28,820,N,VIIRS,n,2,299.23,2.55,D,0
28.87187,70.24197,335.23,0.39,0.36,2024-11-28,820,N,VIIRS,n,2,304.86,4.18,D,0
28.42467,69.69951,299.94,0.53,0.42,2024-11-28,2045,N,VIIRS,n,2,288.38,0.84,N,2
28.94665,69.08858,307.07,0.39,0.44,2024-11-28,2045,N,VIIRS,n,2,284.16,0.46,N,0
28.94693,69.08688,311.43,0.39,0.44,2024-11-28,2045,N,VIIRS,n,2,284.16,0.75,N,0
26.29711,68.15991,334.76,0.58,0.52,2024-11-29,801,N,VIIRS,n,2,296.5,5.46,D,0
26.44245,68.28111,330.73,0.56,0.52,2024-11-29,801,N,VIIRS,n,2,296.38,3.93,D,0
26.46556,68.29615,333.23,0.56,0.52,2024-11-29,801,N,VIIRS,n,2,298.38,5.13,D,0
26.46594,68.29857,333.86,0.56,0.52,2024-11-29,801,N,VIIRS,n,2,298.87,4.77,D,0
26.54301,68.33459,336.43,0.56,0.51,2024-11-29,801,N,VIIRS,n,2,296.93,4.44,D,0
26.54768,68.33337,332.76,0.56,0.51,2024-11-29,801,N,VIIRS,n,2,295.84,4.23,D,0
26.92719,68.20113,332.71,0.56,0.51,2024-11-29,801,N,VIIRS,n,2,294.96,4.37,D,0
26.93959,68.41769,347.6,0.54,0.51,2024-11-29,801,N,VIIRS,n,2,295.55,11.07,D,0
27.42897,68.63478,335.91,0.51,0.5,2024-11-29,801,N,VIIRS,n,2,294.22,7.73,D,0
28.05035,69.24759,332.41,0.46,0.47,2024-11-29,801,N,VIIRS,n,2,293.23,2.6,D,0
28.35362,69.81635,340.12,0.42,0.45,2024-11-29,801,N,VIIRS,n,2,296.49,3.96,D,0
28.36967,70.02422,340.35,0.41,0.45,2024-11-29,801,N,VIIRS,n,2,296.54,3.49,D,0
28.50958,70.25895,339.88,0.4,0.44,2024-11-29,801,N,VIIRS,n,2,297.42,15.03,D,0
28.51676,70.12562,345.15,0.4,0.44,2024-11-29,801,N,VIIRS,n,2,295.8,5.87,D,0
28.42362,69.699,299.05,0.34,0.56,2024-11-29,2026,N,VIIRS,n,2,285.11,0.59,N,2
26.25984,68.31187,335.19,0.54,0.68,2024-11-30,742,N,VIIRS,n,2,289.92,3.58,D,0
26.52138,68.28052,329.73,0.54,0.68,2024-11-30,742,N,VIIRS,n,2,290.58,3.57,D,0
27.71097,68.45034,334.07,0.49,0.65,2024-11-30,742,N,VIIRS,n,2,289.23,3.76,D,0
27.71173,68.44901,334.35,0.49,0.65,2024-11-30,742,N,VIIRS,n,2,288.78,3.48,D,0
28.2143,70.25265,331.19,0.38,0.59,2024-11-30,742,N,VIIRS,n,2,291.37,1.98,D,0
26.59235,68.12327,340.94,0.49,0.65,2024-11-30,922,N,VIIRS,n,2,290.96,4.87,D,0
26.69517,70.12252,354.13,0.65,0.73,2024-11-30,922,N,VIIRS,n,2,297.3,10.69,D,0
26.69581,70.11954,343.42,0.65,0.73,2024-11-30,922,N,VIIRS,n,2,295.8,6.49,D,0
26.74657,68.04227,338.73,0.49,0.65,2024-11-30,923,N,VIIRS,n,2,291.45,3.78,D,0
26.74724,68.04335,336.48,0.49,0.65,2024-11-30,923,N,VIIRS,n,2,290.76,6.99,D,0
27.32978,68.39442,333.28,0.52,0.67,2024-11-30,923,N,VIIRS,n,2,289.76,3.79,D,0
27.42769,68.45254,329.41,0.52,0.67,2024-11-30,923,N,VIIRS,n,2,289.12,3.42,D,0
26.27645,68.41113,333.48,0.51,0.5,2024-12-01,904,N,VIIRS,n,2,297.33,3.84,D,0
26.59913,68.08092,336.73,0.5,0.49,2024-12-01,904,N,VIIRS,n,2,295.05,2.21,D,0
26.67802,68.03732,338.54,0.49,0.49,2024-12-01,904,N,VIIRS,n,2,294.81,3.54,D,0
26.70514,68.03399,331.06,0.49,0.49,2024-12-01,904,N,VIIRS,n,2,295.16,2.57,D,0
27.64711,68.59035,330.71,0.55,0.51,2024-12-01,904,N,VIIRS,n,2,293.34,3.78,D,0
28.2296,69.89169,330.07,0.33,0.56,2024-12-01,904,N,VIIRS,n,2,292.19,1.87,D,0
28.23098,69.8905,335.26,0.33,0.56,2024-12-01,904,N,VIIRS,n,2,292.5,2.29,D,0
28.28207,69.63432,353.28,0.32,0.55,2024-12-01,904,N,VIIRS,n,2,293.74,4.96,D,0
28.28236,69.63766,329.7,0.32,0.55,2024-12-01,904,N,VIIRS,n,2,292.4,5.96,D,0
28.58339,70.14672,339.53,0.35,0.57,2024-12-01,904,N,VIIRS,n,2,292.35,3.81,D,0
26.23329,68.91216,296.91,0.41,0.45,2024-12-01,2130,N,VIIRS,n,2,286.45,0.37,N,0
26.22504,68.39062,332.74,0.43,0.38,2024-12-02,845,N,VIIRS,n,2,301.74,1.59,D,0
26.28835,68.40707,344.19,0.44,0.38,2024-12-02,845,N,VIIRS,n,2,301.15,14.35,D,0
26.32436,68.14151,336.56,0.43,0.38,2024-12-02,845,N,VIIRS,n,2,298.72,6.27,D,0
26.32732,68.08432,331.92,0.42,0.38,2024-12-02,845,N,VIIRS,n,2,297.45,3.14,D,0
26.33947,68.12155,333.11,0.43,0.38,2024-12-02,845,N,VIIRS,n,2,298.29,2.52,D,0
26.41256,68.18049,330.81,0.43,0.38,2024-12-02,845,N,VIIRS,n,2,296.76,2.38,D,0
26.41854,68.09193,332.36,0.43,0.38,2024-12-02,845,N,VIIRS,n,2,298.08,6.06,D,0
26.42202,68.09135,332.84,0.43,0.38,2024-12-02,845,N,VIIRS,n,2,297.81,6.06,D,0
26.44741,68.25417,336.46,0.43,0.38,2024-12-02,845,N,VIIRS,n,2,299.23,10.02,D,0
26.47702,68.47723,331.27,0.44,0.38,2024-12-02,845,N,VIIRS,n,2,297.39,2.29,D,0
26.5745,68.15971,332.4,0.43,0.38,2024-12-02,845,N,VIIRS,n,2,296.51,2.64,D,0
26.6604,68.23513,341.43,0.43,0.38,2024-12-02,845,N,VIIRS,n,2,300.06,16.35,D,0
26.71225,68.30326,335.13,0.44,0.38,2024-12-02,845,N,VIIRS,n,2,297.42,3.72,D,0
26.7125,68.30243,339.47,0.44,0.38,2024-12-02,845,N,VIIRS,n,2,297.59,6.2,D,0
26.71577,68.30269,334.74,0.44,0.38,2024-12-02,845,N,VIIRS,n,2,295.33,3.72,D,0
26.82849,68.12044,337.11,0.43,0.38,2024-12-02,845,N,VIIRS,n,2,296.42,3.79,D,0
27.01005,68.52026,332.73,0.45,0.39,2024-12-02,845,N,VIIRS,n,2,297.72,2.56,D,0
27.30091,68.66933,331.27,0.46,0.39,2024-12-02,845,N,VIIRS,n,2,296.89,2.24,D,0
27.30363,68.67205,334.64,0.46,0.39,2024-12-02,845,N,VIIRS,n,2,295.49,3.9,D,0
27.3338,68.35764,334.18,0.44,0.39,2024-12-02,845,N,VIIRS,n,2,295.65,4.1,D,0
28.3747,70.36229,298.09,0.41,0.37,2024-12-02,2110,N,VIIRS,n,2,286.52,0.21,N,0
26.23657,68.91409,299.8,0.39,0.36,2024-12-02,2111,N,VIIRS,n,2,288.25,0.34,N,0
26.25505,68.48515,330.5,0.41,0.37,2024-12-03,826,N,VIIRS,n,2,296.37,1.38,D,0
26.45705,68.92274,336.84,0.4,0.37,2024-12-03,826,N,VIIRS,n,2,300.72,2.42,D,0
26.46371,68.17959,331.88,0.41,0.37,2024-12-03,826,N,VIIRS,n,2,295.85,2.53,D,0
26.47384,68.135,332.29,0.41,0.37,2024-12-03,826,N,VIIRS,n,2,297.14,3.21,D,0
26.48632,68.37728,331.85,0.41,0.37,2024-12-03,826,N,VIIRS,n,2,296.87,2.49,D,0
26.56815,68.28104,330.95,0.41,0.37,2024-12-03,826,N,VIIRS,n,2,296.1,3.33,D,0
26.56843,68.2806,331.14,0.41,0.37,2024-12-03,826,N,VIIRS,n,2,296.12,3.38,D,0
26.64005,68.29151,334.25,0.41,0.37,2024-12-03,826,N,VIIRS,n,2,297.6,3.3,D,0
26.67726,68.32588,332.8,0.41,0.37,2024-12-03,826,N,VIIRS,n,2,295.5,2.6,D,0
26.82575,68.01661,341.61,0.41,0.37,2024-12-03,826,N,VIIRS,n,2,297.67,14.38,D,0
26.977,68.46264,332.66,0.4,0.37,2024-12-03,826,N,VIIRS,n,2,295.44,1.61,D,0
26.98704,67.83008,335.18,0.42,0.37,2024-12-03,826,N,VIIRS,n,2,295.28,3.67,D,0
27.32031,67.59704,327.37,0.42,0.38,2024-12-03,826,N,VIIRS,n,2,295.45,1.48,D,0
27.44263,68.54748,332.73,0.4,0.37,2024-12-03,826,N,VIIRS,n,2,295.76,3.17,D,0
27.48932,68.50919,332.38,0.4,0.37,2024-12-03,826,N,VIIRS,n,2,296.96,3.71,D,0
27.94159,69.36236,331.03,0.39,0.36,2024-12-03,826,N,VIIRS,n,2,295.61,1.58,D,0
28.07843,69.2836,343.95,0.39,0.36,2024-12-03,826,N,VIIRS,n,2,296.79,3.85,D,0
28.13648,69.5697,331.76,0.38,0.36,2024-12-03,826,N,VIIRS,n,2,295.05,1.45,D,0
28.15128,70.26827,331.19,0.39,0.36,2024-12-03,826,N,VIIRS,n,2,295.71,2.34,D,0
28.18138,69.40031,330.74,0.39,0.36,2024-12-03,826,N,VIIRS,n,2,295.07,2.82,D,0
28.28104,70.00736,343.58,0.38,0.36,2024-12-03,826,N,VIIRS,n,2,298.3,11.27,D,0
28.30881,69.96587,335.63,0.38,0.36,2024-12-03,826,N,VIIRS,n,2,298.72,10.2,D,0
28.32042,69.75078,341.9,0.38,0.36,2024-12-03,826,N,VIIRS,n,2,296.03,3.9,D,0
28.37928,70.03271,331.37,0.38,0.36,2024-12-03,826,N,VIIRS,n,2,296.2,3.03,D,0
28.4379,69.92491,334.98,0.38,0.36,2024-12-03,826,N,VIIRS,n,2,298.21,6.61,D,0
28.44865,69.951,342.79,0.38,0.36,2024-12-03,826,N,VIIRS,n,2,297.98,7.17,D,0
28.47685,70.13884,343.33,0.39,0.36,2024-12-03,826,N,VIIRS,n,2,296.34,4.72,D,0
28.52647,69.92815,332.25,0.38,0.36,2024-12-03,826,N,VIIRS,n,2,295.48,1.29,D,0
28.69526,70.17484,334.44,0.39,0.36,2024-12-03,826,N,VIIRS,n,2,297.55,3.82,D,0
28.77906,70.28469,329.25,0.39,0.36,2024-12-03,827,N,VIIRS,n,2,298.86,2.19,D,0
28.78238,70.28406,330.38,0.39,0.36,2024-12-03,827,N,VIIRS,n,2,297.39,3.97,D,0
28.8028,70.35327,332.99,0.39,0.36,2024-12-03,827,N,VIIRS,n,2,296.32,3.1,D,0
28.80612,70.35265,332.54,0.39,0.36,2024-12-03,827,N,VIIRS,n,2,294.65,4.69,D,0
28.42374,69.70181,305.06,0.45,0.39,2024-12-03,2052,N,VIIRS,n,2,287.5,0.71,N,2
26.30392,68.15177,334.21,0.46,0.47,2024-12-04,807,N,VIIRS,n,2,295.14,3.23,D,0
26.34708,68.47579,343.75,0.44,0.46,2024-12-04,807,N,VIIRS,n,2,299.21,10.91,D,0
26.49117,68.34978,335.92,0.45,0.47,2024-12-04,807,N,VIIRS,n,2,296.53,3.98,D,0
26.55417,68.13078,332.89,0.46,0.47,2024-12-04,807,N,VIIRS,n,2,295.92,3.72,D,0
26.55605,68.13296,331.9,0.46,0.47,2024-12-04,807,N,VIIRS,n,2,295.66,2.52,D,0
26.60564,68.28643,330.01,0.45,0.47,2024-12-04,807,N,VIIRS,n,2,295.17,2.22,D,0
26.61532,67.95824,343.31,0.47,0.48,2024-12-04,807,N,VIIRS,n,2,297.47,6.59,D,0
26.71085,68.11465,337.53,0.46,0.47,2024-12-04,807,N,VIIRS,n,2,295.71,4.62,D,0
26.7972,68.24097,339.13,0.45,0.47,2024-12-04,807,N,VIIRS,n,2,295.81,7.48,D,0
26.79865,68.2394,339.01,0.45,0.47,2024-12-04,807,N,VIIRS,n,2,295.32,6.39,D,0
26.87209,68.17058,334.18,0.45,0.47,2024-12-04,807,N,VIIRS,n,2,295.21,4.29,D,0
27.44455,68.69137,330.15,0.41,0.45,2024-12-04,807,N,VIIRS,n,2,294.07,3.01,D,0
28.03402,69.31302,331.16,0.56,0.43,2024-12-04,808,N,VIIRS,n,2,295.68,2.74,D,0
28.23901,67.69564,328.62,0.45,0.47,2024-12-04,808,N,VIIRS,n,2,295.56,3.62,D,0
28.23996,67.70019,350.22,0.45,0.47,2024-12-04,808,N,VIIRS,n,2,297.38,9.24,D,0
28.24421,67.69908,333.19,0.45,0.47,2024-12-04,808,N,VIIRS,n,2,294.8,4.14,D,0
28.25919,69.6016,337.73,0.53,0.42,2024-12-04,808,N,VIIRS,n,2,298.1,6.25,D,0
28.27242,69.79913,330.93,0.52,0.42,2024-12-04,808,N,VIIRS,n,2,297.04,2.31,D,0
28.32986,69.93834,343.47,0.51,0.41,2024-12-04,808,N,VIIRS,n,2,300.11,9.4,D,0
28.33232,69.93594,331.32,0.51,0.41,2024-12-04,808,N,VIIRS,n,2,296.36,10.72,D,0
28.3488,69.99857,334.63,0.51,0.41,2024-12-04,808,N,VIIRS,n,2,298.72,7.76,D,0
28.3516,69.99606,331.95,0.51,0.41,2024-12-04,808,N,VIIRS,n,2,297.98,8.12,D,0
28.3625,69.82526,330.53,0.52,0.41,2024-12-04,808,N,VIIRS,n,2,297.17,2.32,D,0
28.38113,68.2179,334.41,0.42,0.45,2024-12-04,808,N,VIIRS,n,2,295.52,3.0,D,0
28.40037,70.00593,331.91,0.51,0.41,2024-12-04,808,N,VIIRS,n,2,298.71,2.51,D,0
28.42749,70.00483,333.75,0.51,0.41,2024-12-04,808,N,VIIRS,n,2,298.89,3.64,D,0
28.4625,69.85886,331.01,0.51,0.41,2024-12-04,808,N,VIIRS,n,2,297.64,1.68,D,0
28.72197,70.39983,330.61,0.48,0.4,2024-12-04,808,N,VIIRS,n,2,298.07,1.87,D,0
26.33794,68.31823,330.02,0.43,0.62,2024-12-05,748,N,VIIRS,n,2,295.95,4.45,D,0
26.33874,68.31391,341.72,0.43,0.62,2024-12-05,748,N,VIIRS,n,2,296.66,6.23,D,0
26.35464,68.1556,342.79,0.44,0.63,2024-12-05,748,N,VIIRS,n,2,297.45,3.83,D,0
26.40177,68.45065,349.87,0.42,0.61,2024-12-05,748,N,VIIRS,n,2,297.06,7.34,D,0
26.44789,68.21725,340.85,0.44,0.62,2024-12-05,748,N,VIIRS,n,2,297.78,3.69,D,0
26.44856,68.21746,337.47,0.44,0.62,2024-12-05,749,N,VIIRS,n,2,297.21,3.95,D,0
26.92125,68.3336,367.0,0.42,0.61,2024-12-05,749,N,VIIRS,h,2,296.84,5.05,D,0
27.43742,68.63123,338.38,0.39,0.6,2024-12-05,749,N,VIIRS,n,2,295.7,3.3,D,0
27.45099,68.63984,343.99,0.39,0.59,2024-12-05,749,N,VIIRS,n,2,296.03,3.66,D,0
27.99518,69.71913,341.38,0.33,0.55,2024-12-05,749,N,VIIRS,n,2,300.01,2.83,D,0
27.99719,69.71986,367.0,0.33,0.55,2024-12-05,749,N,VIIRS,h,2,300.33,6.37,D,0
28.00019,69.7177,351.99,0.33,0.55,2024-12-05,749,N,VIIRS,n,2,298.08,2.83,D,0
28.05007,69.2504,367.0,0.35,0.57,2024-12-05,749,N,VIIRS,h,2,301.78,7.08,D,0
28.13559,69.76138,336.16,0.32,0.55,2024-12-05,749,N,VIIRS,n,2,297.76,4.24,D,0
28.13634,69.76465,367.0,0.32,0.55,2024-12-05,749,N,VIIRS,h,2,299.68,7.66,D,0
28.15845,69.69885,330.93,0.33,0.55,2024-12-05,749,N,VIIRS,n,2,297.12,2.57,D,0
28.1592,69.70214,332.35,0.33,0.55,2024-12-05,749,N,VIIRS,n,2,297.4,3.12,D,0
28.24445,67.71007,344.4,0.43,0.62,2024-12-05,749,N,VIIRS,n,2,298.79,3.53,D,0
28.87875,67.5605,330.67,0.42,0.61,2024-12-05,749,N,VIIRS,n,2,299.49,3.66,D,0
28.87979,67.56477,328.0,0.42,0.61,2024-12-05,749,N,VIIRS,l,2,299.84,3.66,D,0
26.3488,68.08229,350.29,0.61,0.71,2024-12-05,929,N,VIIRS,n,2,299.31,9.29,D,0
26.35178,68.07896,336.05,0.61,0.71,2024-12-05,929,N,VIIRS,n,2,298.4,5.82,D,0
26.35217,68.08528,332.86,0.61,0.71,2024-12-05,929,N,VIIRS,n,2,297.36,7.42,D,0
26.4169,68.21907,336.17,0.62,0.72,2024-12-05,929,N,VIIRS,n,2,297.21,4.19,D,0
26.43237,67.91955,336.18,0.6,0.7,2024-12-05,929,N,VIIRS,n,2,296.37,4.05,D,0
27.24529,68.32417,335.64,0.64,0.72,2024-12-05,929,N,VIIRS,n,2,295.74,4.72,D,0
27.24643,68.32103,332.79,0.64,0.72,2024-12-05,929,N,VIIRS,n,2,295.8,5.4,D,0
27.26206,68.23296,355.37,0.63,0.72,2024-12-05,929,N,VIIRS,n,2,298.76,14.43,D,0
27.30459,68.22227,331.31,0.63,0.72,2024-12-05,929,N,VIIRS,n,2,297.04,5.08,D,0
28.13985,69.40258,327.83,0.76,0.77,2024-12-05,929,N,VIIRS,n,2,294.42,5.4,D,0
28.25901,67.71184,367.0,0.6,0.71,2024-12-05,930,N,VIIRS,h,2,298.48,8.31,D,0
28.05369,69.36391,296.93,0.54,0.68,2024-12-05,2014,N,VIIRS,n,2,285.12,0.87,N,2
28.62198,69.2066,301.52,0.56,0.69,2024-12-05,2014,N,VIIRS,n,2,285.85,1.42,N,0
27.86373,69.57802,353.15,0.64,0.72,2024-12-06,730,N,VIIRS,n,2,298.17,12.26,D,0
27.87499,69.1087,331.05,0.68,0.74,2024-12-06,730,N,VIIRS,n,2,296.22,3.21,D,0
28.15881,69.68558,333.19,0.62,0.71,2024-12-06,730,N,VIIRS,n,2,294.86,5.29,D,0
28.16021,69.68118,343.05,0.62,0.71,2024-12-06,730,N,VIIRS,n,2,295.8,6.72,D,0
28.17918,70.1462,367.0,0.58,0.7,2024-12-06,730,N,VIIRS,h,2,296.9,12.57,D,0
28.17961,70.14343,367.0,0.58,0.7,2024-12-06,730,N,VIIRS,h,2,296.62,9.47,D,0
28.23122,67.70125,334.54,0.8,0.78,2024-12-06,730,N,VIIRS,n,2,298.81,7.65,D,0
28.24763,67.70434,330.87,0.79,0.78,2024-12-06,730,N,VIIRS,n,2,298.66,9.1,D,0
28.24812,67.70979,344.12,0.79,0.78,2024-12-06,730,N,VIIRS,n,2,299.01,6.87,D,0
28.24997,67.71239,336.55,0.79,0.78,2024-12-06,730,N,VIIRS,n,2,299.05,11.57,D,0
28.25514,67.70726,340.38,0.79,0.78,2024-12-06,730,N,VIIRS,n,2,297.71,6.87,D,0
28.37045,70.06406,333.23,0.58,0.7,2024-12-06,730,N,VIIRS,n,2,295.65,4.39,D,0
26.33514,68.51828,367.0,0.33,0.55,2024-12-06,910,N,VIIRS,h,2,304.78,15.15,D,0
26.45455,67.9467,340.08,0.61,0.53,2024-12-06,910,N,VIIRS,n,2,299.38,4.98,D,0
26.45516,67.94495,337.31,0.61,0.53,2024-12-06,910,N,VIIRS,n,2,299.04,4.9,D,0
26.47507,68.32683,333.89,0.32,0.55,2024-12-06,910,N,VIIRS,n,2,299.9,1.25,D,0
26.48299,68.08792,334.32,0.62,0.54,2024-12-06,910,N,VIIRS,n,2,297.98,3.58,D,0
26.61911,68.37833,345.28,0.33,0.55,2024-12-06,910,N,VIIRS,n,2,300.0,4.16,D,0
26.82796,68.1716,367.0,0.32,0.54,2024-12-06,910,N,VIIRS,h,2,303.35,7.34,D,0
26.88243,68.37949,367.0,0.33,0.55,2024-12-06,910,N,VIIRS,h,2,299.56,5.12,D,0
27.31104,68.62699,367.0,0.34,0.56,2024-12-06,910,N,VIIRS,h,2,299.99,6.45,D,0
27.35295,68.36588,343.26,0.33,0.55,2024-12-06,910,N,VIIRS,n,2,299.45,3.32,D,0
27.35323,68.36929,332.19,0.33,0.55,2024-12-06,910,N,VIIRS,n,2,298.87,4.25,D,0
27.50193,68.32798,340.59,0.33,0.55,2024-12-06,910,N,VIIRS,n,2,301.59,1.94,D,0
27.78313,69.52757,346.52,0.39,0.6,2024-12-06,910,N,VIIRS,n,2,299.6,2.22,D,0
27.98707,69.44254,347.56,0.39,0.59,2024-12-06,910,N,VIIRS,n,2,300.15,3.45,D,0
28.00607,68.10294,332.37,0.32,0.55,2024-12-06,911,N,VIIRS,n,2,298.92,2.42,D,0
28.15663,69.84737,338.97,0.42,0.61,2024-12-06,911,N,VIIRS,n,2,298.45,2.98,D,0
28.24309,67.70073,331.31,0.62,0.54,2024-12-06,911,N,VIIRS,n,2,301.14,12.74,D,0
28.24312,67.70499,350.83,0.62,0.54,2024-12-06,911,N,VIIRS,n,2,305.73,42.91,D,0
28.24368,67.70713,345.66,0.62,0.54,2024-12-06,911,N,VIIRS,n,2,307.3,34.43,D,0
28.40299,70.10688,334.65,0.43,0.62,2024-12-06,911,N,VIIRS,n,2,297.6,3.09,D,0
28.45499,70.19021,333.13,0.44,0.62,2024-12-06,911,N,VIIRS,n,2,297.71,2.48,D,0
28.4857,69.96383,332.7,0.43,0.62,2024-12-06,911,N,VIIRS,n,2,297.24,2.23,D,0
28.50622,69.85066,330.14,0.42,0.61,2024-12-06,911,N,VIIRS,n,2,297.81,3.2,D,0
28.59549,70.27817,336.27,0.45,0.63,2024-12-06,911,N,VIIRS,n,2,297.48,4.74,D,0
28.9987,70.39581,338.67,0.46,0.63,2024-12-06,911,N,VIIRS,n,2,296.38,3.74,D,0
28.46663,68.46699,299.96,0.44,0.46,2024-12-06,2136,N,VIIRS,n,2,281.17,0.72,N,0
26.25263,68.3024,336.45,0.51,0.41,2024-12-07,851,N,VIIRS,n,2,300.19,5.28,D,0
26.26073,68.05561,332.09,0.49,0.41,2024-12-07,851,N,VIIRS,n,2,300.03,1.96,D,0
26.35008,68.3802,330.64,0.51,0.41,2024-12-07,851,N,VIIRS,n,2,301.15,2.48,D,0
26.64381,67.92613,334.73,0.49,0.4,2024-12-07,851,N,VIIRS,n,2,300.56,3.98,D,0
26.69024,68.08705,331.87,0.5,0.41,2024-12-07,851,N,VIIRS,n,2,299.85,3.16,D,0
26.80685,68.00527,331.93,0.5,0.41,2024-12-07,851,N,VIIRS,n,2,300.63,5.9,D,0
26.83867,67.95456,330.71,0.49,0.41,2024-12-07,851,N,VIIRS,l,2,300.81,1.7,D,0
26.83882,67.95229,334.13,0.49,0.41,2024-12-07,851,N,VIIRS,n,2,303.04,3.6,D,0
26.84861,67.81442,341.9,0.49,0.4,2024-12-07,851,N,VIIRS,n,2,301.01,8.0,D,0
26.89482,68.03593,332.32,0.5,0.41,2024-12-07,851,N,VIIRS,n,2,302.23,2.2,D,0
27.07522,68.41235,332.56,0.52,0.42,2024-12-07,851,N,VIIRS,n,2,301.14,2.39,D,0
27.36594,68.38415,332.94,0.53,0.42,2024-12-07,851,N,VIIRS,n,2,300.68,5.72,D,0
27.54919,68.31934,336.78,0.53,0.42,2024-12-07,852,N,VIIRS,n,2,304.96,5.13,D,0
27.74104,69.05816,331.99,0.38,0.44,2024-12-07,852,N,VIIRS,n,2,299.65,2.34,D,0
27.96144,69.08033,334.8,0.39,0.44,2024-12-07,852,N,VIIRS,n,2,297.12,2.74,D,0
27.96188,69.0843,339.03,0.39,0.44,2024-12-07,852,N,VIIRS,n,2,298.77,4.6,D,0
27.98973,69.07635,332.29,0.39,0.44,2024-12-07,852,N,VIIRS,n,2,298.2,1.29,D,0
28.08568,69.16453,367.0,0.39,0.44,2024-12-07,852,N,VIIRS,h,2,306.28,22.0,D,0
28.08975,69.16396,344.92,0.39,0.44,2024-12-07,852,N,VIIRS,n,2,309.07,22.0,D,0
28.0902,69.16801,339.36,0.39,0.44,2024-12-07,852,N,VIIRS,n,2,296.83,22.0,D,0
28.15386,70.14201,332.39,0.45,0.47,2024-12-07,852,N,VIIRS,n,2,298.55,2.72,D,0
28.24685,67.40186,337.76,0.48,0.4,2024-12-07,852,N,VIIRS,n,2,300.85,4.46,D,0
28.25099,67.71316,336.06,0.5,0.41,2024-12-07,852,N,VIIRS,n,2,306.51,15.73,D,0
28.25727,67.7018,338.79,0.5,0.41,2024-12-07,852,N,VIIRS,n,2,304.25,13.46,D,0
28.3674,70.04765,340.04,0.45,0.47,2024-12-07,852,N,VIIRS,n,2,300.01,7.14,D,0
28.37914,70.29558,339.25,0.46,0.47,2024-12-07,852,N,VIIRS,n,2,298.6,7.7,D,0
28.37922,70.29677,342.25,0.46,0.47,2024-12-07,852,N,VIIRS,n,2,300.15,7.53,D,0
28.45371,68.66644,332.31,0.56,0.43,2024-12-07,852,N,VIIRS,n,2,300.25,4.99,D,0
28.42384,69.70114,302.8,0.44,0.39,2024-12-07,2117,N,VIIRS,n,2,283.02,0.92,N,2
28.60944,68.62844,297.1,0.41,0.37,2024-12-07,2117,N,VIIRS,n,2,286.38,0.85,N,0
28.61282,68.62918,328.21,0.41,0.37,2024-12-07,2117,N,VIIRS,n,2,290.8,2.65,N,2
26.23397,68.15238,332.69,0.39,0.36,2024-12-08,832,N,VIIRS,n,2,298.19,1.61,D,0
26.32678,67.99233,331.08,0.39,0.36,2024-12-08,832,N,VIIRS,n,2,299.59,1.59,D,0
26.37591,68.67886,337.45,0.38,0.36,2024-12-08,832,N,VIIRS,n,2,304.16,3.36,D,0
26.4559,68.18571,331.82,0.39,0.36,2024-12-08,832,N,VIIRS,n,2,299.63,2.46,D,0
26.48154,68.28774,331.46,0.38,0.36,2024-12-08,832,N,VIIRS,n,2,298.02,2.63,D,0
26.55474,68.16679,332.13,0.39,0.36,2024-12-08,832,N,VIIRS,n,2,300.86,5.07,D,0
26.56407,67.97029,345.96,0.39,0.36,2024-12-08,832,N,VIIRS,n,2,301.05,5.23,D,0
26.56896,68.88354,331.32,0.38,0.36,2024-12-08,832,N,VIIRS,n,2,298.96,1.63,D,0
26.58823,68.876,335.66,0.38,0.36,2024-12-08,832,N,VIIRS,n,2,304.53,25.56,D,0
26.59084,68.20733,331.73,0.39,0.36,2024-12-08,832,N,VIIRS,n,2,297.98,8.12,D,0
26.5927,68.88309,335.51,0.38,0.36,2024-12-08,832,N,VIIRS,n,2,301.59,11.47,D,0
26.60412,68.35919,333.33,0.38,0.36,2024-12-08,832,N,VIIRS,n,2,298.92,1.76,D,0
26.76873,68.90569,336.66,0.38,0.36,2024-12-08,832,N,VIIRS,n,2,302.99,2.35,D,0
26.87622,68.03793,343.83,0.39,0.36,2024-12-08,833,N,VIIRS,n,2,300.98,8.97,D,0
26.91213,68.26939,339.13,0.38,0.36,2024-12-08,833,N,VIIRS,n,2,299.32,4.38,D,0
26.92165,68.41814,333.13,0.38,0.36,2024-12-08,833,N,VIIRS,n,2,297.66,2.79,D,0
27.27847,68.54153,332.38,0.38,0.36,2024-12-08,833,N,VIIRS,n,2,296.21,1.88,D,0
27.3339,68.63844,336.98,0.38,0.36,2024-12-08,833,N,VIIRS,n,2,298.52,3.35,D,0
27.54595,68.45095,340.95,0.38,0.36,2024-12-08,833,N,VIIRS,n,2,297.22,2.99,D,0
27.58001,68.49627,330.72,0.38,0.36,2024-12-08,833,N,VIIRS,n,2,296.72,1.84,D,0
27.78172,68.71451,332.71,0.39,0.36,2024-12-08,833,N,VIIRS,n,2,291.99,1.85,D,0
27.85151,69.60291,335.13,0.39,0.37,2024-12-08,833,N,VIIRS,n,2,294.89,3.19,D,0
27.99214,68.33447,330.73,0.38,0.36,2024-12-08,833,N,VIIRS,n,2,291.47,1.2,D,0
28.05521,69.36263,344.6,0.39,0.36,2024-12-08,833,N,VIIRS,n,2,296.07,6.44,D,0
28.15882,67.65697,344.91,0.39,0.36,2024-12-08,833,N,VIIRS,n,2,300.18,4.32,D,0
28.18981,67.65887,327.76,0.39,0.36,2024-12-08,833,N,VIIRS,n,2,299.6,3.98,D,0
28.19042,67.66278,348.31,0.39,0.36,2024-12-08,833,N,VIIRS,n,2,303.76,3.98,D,0
28.19373,67.66212,333.64,0.39,0.36,2024-12-08,833,N,VIIRS,n,2,298.34,3.01,D,0
28.2154,67.6699,336.26,0.39,0.36,2024-12-08,833,N,VIIRS,n,2,299.96,11.13,D,0
28.21601,67.67381,367.0,0.39,0.36,2024-12-08,833,N,VIIRS,h,2,308.68,11.13,D,0
28.21932,67.67315,336.98,0.39,0.36,2024-12-08,833,N,VIIRS,n,2,298.8,11.13,D,0
28.21992,67.67706,341.41,0.39,0.36,2024-12-08,833,N,VIIRS,n,2,297.85,6.92,D,0
28.22724,67.70784,340.31,0.39,0.36,2024-12-08,833,N,VIIRS,n,2,300.38,7.46,D,0
28.23055,67.70718,342.23,0.39,0.36,2024-12-08,833,N,VIIRS,n,2,304.13,7.46,D,0
28.23116,67.7111,332.58,0.39,0.36,2024-12-08,833,N,VIIRS,n,2,300.62,7.46,D,0
28.23716,67.70588,334.26,0.39,0.36,2024-12-08,833,N,VIIRS,n,2,300.84,2.87,D,0
28.24377,67.70457,327.12,0.39,0.36,2024-12-08,833,N,VIIRS,l,2,300.85,2.7,D,0
28.24586,67.6961,331.34,0.39,0.36,2024-12-08,833,N,VIIRS,n,2,300.93,1.98,D,0
28.24647,67.7,332.72,0.39,0.36,2024-12-08,833,N,VIIRS,n,2,300.21,1.98,D,0
28.2483,67.71172,332.3,0.39,0.36,2024-12-08,833,N,VIIRS,n,2,300.68,2.1,D,0
28.25491,67.7104,335.36,0.39,0.36,2024-12-08,833,N,VIIRS,n,2,300.96,14.65,D,0
28.25822,67.70975,349.31,0.39,0.36,2024-12-08,833,N,VIIRS,n,2,303.69,14.65,D,0
28.39492,70.09781,333.31,0.41,0.37,2024-12-08,833,N,VIIRS,n,2,300.6,9.34,D,0
28.49516,69.05874,340.48,0.39,0.36,2024-12-08,833,N,VIIRS,n,2,302.83,3.16,D,0
28.63437,70.16898,335.49,0.41,0.37,2024-12-08,833,N,VIIRS,n,2,297.82,2.91,D,0
28.98918,67.48446,336.12,0.39,0.36,2024-12-08,833,N,VIIRS,n,2,304.01,2.25,D,0
28.42682,69.70055,299.43,0.4,0.37,2024-12-08,2058,N,VIIRS,n,2,282.55,0.48,N,2
26.22233,68.35138,335.04,0.55,0.43,2024-12-09,814,N,VIIRS,n,2,300.97,3.88,D,0
26.25503,68.28992,332.42,0.55,0.43,2024-12-09,814,N,VIIRS,n,2,296.85,2.98,D,0
26.404,68.45711,335.29,0.54,0.42,2024-12-09,814,N,VIIRS,n,2,296.51,3.56,D,0
26.43297,68.46161,331.9,0.54,0.42,2024-12-09,814,N,VIIRS,n,2,295.96,5.08,D,0
26.46697,67.93612,332.82,0.38,0.43,2024-12-09,814,N,VIIRS,n,2,297.15,3.06,D,0
26.57732,68.05178,343.38,0.56,0.43,2024-12-09,814,N,VIIRS,n,2,297.5,5.18,D,0
26.57808,68.88317,342.84,0.51,0.41,2024-12-09,814,N,VIIRS,n,2,302.13,20.87,D,0
26.58934,68.88061,334.58,0.51,0.41,2024-12-09,814,N,VIIRS,n,2,301.19,5.24,D,0
26.59043,68.35358,330.4,0.54,0.42,2024-12-09,814,N,VIIRS,n,2,296.04,2.84,D,0
26.5931,68.87975,332.27,0.51,0.41,2024-12-09,814,N,VIIRS,n,2,299.69,2.03,D,0
26.67816,68.32747,332.51,0.54,0.42,2024-12-09,814,N,VIIRS,n,2,298.61,9.01,D,0
26.67828,68.32505,333.61,0.54,0.42,2024-12-09,814,N,VIIRS,n,2,299.44,14.81,D,0
26.68202,68.32657,332.55,0.54,0.42,2024-12-09,814,N,VIIRS,n,2,296.59,9.01,D,0
26.81732,68.33509,335.27,0.54,0.42,2024-12-09,814,N,VIIRS,n,2,296.62,6.6,D,0
26.82803,68.17934,331.13,0.55,0.43,2024-12-09,814,N,VIIRS,n,2,298.2,5.07,D,0
26.84278,68.19304,332.02,0.55,0.43,2024-12-09,814,N,VIIRS,n,2,297.03,9.2,D,0
26.88308,68.36459,331.5,0.54,0.42,2024-12-09,814,N,VIIRS,n,2,298.67,15.98,D,0
26.95871,68.35566,331.21,0.54,0.42,2024-12-09,814,N,VIIRS,n,2,296.89,2.39,D,0
26.98458,67.77016,338.08,0.38,0.43,2024-12-09,814,N,VIIRS,n,2,298.63,2.78,D,0
27.08847,68.44565,336.57,0.53,0.42,2024-12-09,814,N,VIIRS,n,2,301.16,7.52,D,0
27.42359,68.507,328.84,0.52,0.41,2024-12-09,814,N,VIIRS,n,2,298.31,1.52,D,0
27.52427,69.38335,346.83,0.47,0.4,2024-12-09,814,N,VIIRS,n,2,301.21,8.93,D,0
27.63604,68.37103,334.42,0.52,0.42,2024-12-09,814,N,VIIRS,n,2,297.94,3.6,D,0
27.6614,68.54927,329.53,0.51,0.41,2024-12-09,814,N,VIIRS,n,2,302.14,3.15,D,0
27.94134,69.17505,333.61,0.47,0.4,2024-12-09,814,N,VIIRS,n,2,298.05,5.69,D,0
27.98089,69.2057,337.87,0.47,0.4,2024-12-09,814,N,VIIRS,n,2,302.13,22.47,D,0
27.98451,69.20488,330.96,0.47,0.4,2024-12-09,814,N,VIIRS,n,2,296.25,4.1,D,0
27.99361,69.46195,332.04,0.46,0.39,2024-12-09,814,N,VIIRS,n,2,296.96,2.75,D,0
28.05787,69.63408,335.62,0.45,0.39,2024-12-09,814,N,VIIRS,n,2,298.31,4.67,D,0
28.09622,69.30415,331.18,0.47,0.39,2024-12-09,814,N,VIIRS,n,2,298.31,4.38,D,0
28.11826,69.4882,330.83,0.46,0.39,2024-12-09,814,N,VIIRS,n,2,297.46,2.19,D,0
28.12596,69.85353,334.98,0.44,0.39,2024-12-09,814,N,VIIRS,n,2,297.51,4.37,D,0
28.65342,70.36692,332.95,0.42,0.38,2024-12-09,814,N,VIIRS,n,2,297.28,3.08,D,0
29.14275,70.3392,332.87,0.42,0.37,2024-12-09,814,N,VIIRS,n,2,299.81,10.51,D,0
27.72173,67.99903,296.82,0.53,0.5,2024-12-09,2039,N,VIIRS,n,2,279.53,0.72,N,0
28.05167,69.36816,352.33,0.44,0.46,2024-12-09,2039,N,VIIRS,n,2,285.81,13.89,N,2
28.42521,69.69938,301.69,0.43,0.46,2024-12-09,2039,N,VIIRS,n,2,282.46,0.89,N,2
26.88701,70.3085,295.36,0.57,0.43,2024-12-09,2040,N,VIIRS,n,2,277.65,1.01,N,0
26.20169,68.93375,338.82,0.32,0.55,2024-12-10,755,N,VIIRS,n,2,297.68,2.24,D,0
26.24986,68.18555,336.75,0.35,0.57,2024-12-10,755,N,VIIRS,n,2,295.02,2.73,D,0
26.2501,68.18638,348.32,0.35,0.57,2024-12-10,755,N,VIIRS,n,2,296.27,5.24,D,0
26.25068,68.18906,336.13,0.35,0.57,2024-12-10,755,N,VIIRS,n,2,295.24,2.73,D,0
26.29524,68.19175,337.91,0.35,0.57,2024-12-10,755,N,VIIRS,n,2,295.33,1.98,D,0
26.45552,68.34476,343.29,0.34,0.56,2024-12-10,755,N,VIIRS,n,2,296.82,3.04,D,0
26.46174,68.44382,336.64,0.34,0.56,2024-12-10,755,N,VIIRS,n,2,295.61,2.09,D,0
26.50848,68.38796,338.77,0.34,0.56,2024-12-10,755,N,VIIRS,n,2,295.42,1.93,D,0
26.67293,68.33813,329.12,0.34,0.56,2024-12-10,755,N,VIIRS,n,2,294.62,1.4,D,0
26.8202,68.14194,337.34,0.35,0.56,2024-12-10,755,N,VIIRS,n,2,295.32,3.71,D,0
26.97446,68.45256,329.97,0.33,0.55,2024-12-10,755,N,VIIRS,n,2,295.98,4.3,D,0
26.97583,68.45011,345.55,0.33,0.55,2024-12-10,755,N,VIIRS,n,2,297.54,4.6,D,0
27.18302,68.31232,338.26,0.33,0.55,2024-12-10,755,N,VIIRS,n,2,294.82,2.32,D,0
27.27007,68.43848,367.0,0.33,0.55,2024-12-10,755,N,VIIRS,h,2,297.6,3.79,D,0
27.27701,68.39833,347.17,0.33,0.55,2024-12-10,755,N,VIIRS,n,2,296.37,4.23,D,0
27.27951,68.39595,351.98,0.33,0.55,2024-12-10,755,N,VIIRS,n,2,294.41,4.65,D,0
27.95247,69.43536,338.18,0.55,0.51,2024-12-10,755,N,VIIRS,n,2,295.66,7.09,D,0
27.95645,69.43689,339.17,0.55,0.51,2024-12-10,755,N,VIIRS,n,2,295.63,6.38,D,0
28.0747,69.44626,341.29,0.55,0.51,2024-12-10,755,N,VIIRS,n,2,296.46,7.48,D,0
28.07767,69.44795,340.58,0.55,0.51,2024-12-10,755,N,VIIRS,n,2,297.6,8.37,D,0
28.18012,69.77537,339.9,0.52,0.5,2024-12-10,755,N,VIIRS,n,2,296.56,4.76,D,0
28.20249,69.85744,330.14,0.51,0.5,2024-12-10,755,N,VIIRS,n,2,295.82,3.62,D,0
28.22712,69.66487,339.06,0.53,0.5,2024-12-10,755,N,VIIRS,n,2,296.25,4.05,D,0
28.22789,69.66195,339.64,0.53,0.5,2024-12-10,755,N,VIIRS,n,2,295.59,5.78,D,0
28.3391,70.39451,340.54,0.48,0.48,2024-12-10,755,N,VIIRS,n,2,301.63,17.65,D,0
28.44857,69.89516,346.55,0.51,0.49,2024-12-10,755,N,VIIRS,n,2,296.84,9.43,D,0
28.48785,69.74531,338.76,0.51,0.5,2024-12-10,755,N,VIIRS,n,2,295.14,5.81,D,0
28.5229,70.18166,337.19,0.49,0.48,2024-12-10,755,N,VIIRS,n,2,295.42,3.33,D,0
28.59319,70.21631,338.95,0.48,0.48,2024-12-10,755,N,VIIRS,n,2,295.48,6.19,D,0
28.62652,70.24329,329.17,0.48,0.48,2024-12-10,755,N,VIIRS,n,2,295.18,1.64,D,0
26.72343,68.08988,332.0,0.67,0.73,2024-12-11,736,N,VIIRS,n,2,293.38,4.89,D,0
27.30624,68.22766,328.54,0.63,0.72,2024-12-11,736,N,VIIRS,n,2,295.19,6.26,D,0
27.30867,68.22437,332.85,0.63,0.72,2024-12-11,737,N,VIIRS,n,2,295.94,7.99,D,0
27.4222,68.38546,327.78,0.62,0.71,2024-12-11,737,N,VIIRS,n,2,291.79,3.67,D,0
28.03053,69.62715,333.78,0.51,0.66,2024-12-11,737,N,VIIRS,n,2,292.6,3.48,D,0
28.05035,69.29881,336.59,0.53,0.67,2024-12-11,737,N,VIIRS,n,2,293.03,4.59,D,0
28.11674,69.56087,349.12,0.51,0.66,2024-12-11,737,N,VIIRS,n,2,293.61,7.03,D,0
28.11699,69.56284,343.15,0.51,0.66,2024-12-11,737,N,VIIRS,n,2,293.18,5.91,D,0
28.64094,70.392,326.65,0.44,0.63,2024-12-11,737,N,VIIRS,n,2,291.91,2.68,D,0
26.32565,68.40932,332.59,0.41,0.61,2024-12-11,916,N,VIIRS,n,2,295.44,2.75,D,0
26.32242,68.409,337.76,0.41,0.61,2024-12-11,917,N,VIIRS,n,2,295.49,2.86,D,0
26.39489,67.91606,332.5,0.38,0.59,2024-12-11,917,N,VIIRS,n,2,295.27,2.23,D,0
26.39545,67.91583,331.51,0.38,0.59,2024-12-11,917,N,VIIRS,n,2,294.71,2.52,D,0
26.43258,68.10449,335.35,0.39,0.6,2024-12-11,917,N,VIIRS,n,2,295.53,3.01,D,0
26.45674,68.12669,367.0,0.39,0.6,2024-12-11,917,N,VIIRS,h,2,297.97,8.02,D,0
26.47503,68.07613,342.57,0.39,0.59,2024-12-11,917,N,VIIRS,n,2,295.7,2.21,D,0
26.58619,68.01433,345.4,0.39,0.59,2024-12-11,917,N,VIIRS,n,2,295.39,4.03,D,0
26.80246,68.22352,344.0,0.4,0.6,2024-12-11,917,N,VIIRS,n,2,295.35,3.21,D,0
26.84662,68.2364,346.39,0.41,0.6,2024-12-11,917,N,VIIRS,n,2,296.0,5.39,D,0
26.84874,68.23611,340.42,0.4,0.6,2024-12-11,917,N,VIIRS,n,2,294.83,5.03,D,0
26.84943,68.24444,337.17,0.41,0.6,2024-12-11,917,N,VIIRS,n,2,294.92,4.35,D,0
26.85287,68.24422,339.4,0.41,0.6,2024-12-11,917,N,VIIRS,n,2,294.65,4.43,D,0
27.24971,68.31274,336.98,0.41,0.61,2024-12-11,917,N,VIIRS,n,2,294.24,4.51,D,0
27.61993,68.36488,343.88,0.42,0.61,2024-12-11,917,N,VIIRS,n,2,294.07,5.16,D,0
27.62025,68.36925,336.74,0.42,0.61,2024-12-11,917,N,VIIRS,n,2,296.14,7.29,D,0
27.94003,69.22465,348.55,0.48,0.64,2024-12-11,917,N,VIIRS,n,2,294.0,8.0,D,0
27.94416,69.22489,346.35,0.48,0.64,2024-12-11,917,N,VIIRS,n,2,293.38,6.27,D,0
28.0312,69.41082,367.0,0.49,0.65,2024-12-11,917,N,VIIRS,h,2,294.18,8.6,D,0
28.15542,69.43365,332.0,0.49,0.65,2024-12-11,917,N,VIIRS,n,2,292.72,5.04,D,0
28.22341,67.70029,336.03,0.39,0.59,2024-12-11,917,N,VIIRS,n,2,295.65,3.78,D,0
26.36629,68.64288,341.29,0.43,0.46,2024-12-12,858,N,VIIRS,n,2,303.22,4.54,D,0
26.36707,68.64175,338.65,0.43,0.46,2024-12-12,858,N,VIIRS,n,2,301.58,2.93,D,0
26.59604,68.89995,340.13,0.45,0.47,2024-12-12,858,N,VIIRS,n,2,297.87,4.78,D,0
26.6047,67.94681,332.01,0.4,0.44,2024-12-12,858,N,VIIRS,n,2,295.28,1.53,D,0
26.74022,68.02859,340.74,0.4,0.45,2024-12-12,858,N,VIIRS,n,2,297.11,3.45,D,0
26.74863,68.16098,333.54,0.41,0.45,2024-12-12,858,N,VIIRS,n,2,298.42,3.01,D,0
26.74998,68.15716,337.01,0.41,0.45,2024-12-12,858,N,VIIRS,n,2,297.21,4.61,D,0
26.81829,68.2031,333.71,0.41,0.45,2024-12-12,858,N,VIIRS,n,2,295.63,1.3,D,0
26.89285,68.10417,343.78,0.41,0.45,2024-12-12,858,N,VIIRS,n,2,296.83,4.23,D,0
26.93854,68.44342,336.38,0.43,0.46,2024-12-12,858,N,VIIRS,n,2,296.55,4.23,D,0
27.27618,68.48289,336.3,0.44,0.46,2024-12-12,858,N,VIIRS,n,2,299.61,3.63,D,0
27.31267,68.23077,340.62,0.42,0.45,2024-12-12,858,N,VIIRS,n,2,304.0,9.56,D,0
27.32408,68.41895,341.59,0.43,0.46,2024-12-12,858,N,VIIRS,n,2,299.0,12.57,D,0
27.35523,68.38804,339.24,0.43,0.46,2024-12-12,858,N,VIIRS,n,2,296.37,3.67,D,0
27.68494,67.92966,338.24,0.41,0.45,2024-12-12,858,N,VIIRS,n,2,297.27,2.78,D,0
27.68651,67.92966,338.62,0.41,0.45,2024-12-12,858,N,VIIRS,n,2,297.19,3.34,D,0
28.02343,69.33978,339.47,0.5,0.49,2024-12-12,858,N,VIIRS,n,2,298.23,4.04,D,0
28.22924,67.69788,335.04,0.4,0.44,2024-12-12,858,N,VIIRS,n,2,300.12,1.49,D,0
28.41101,67.51883,333.92,0.4,0.44,2024-12-12,858,N,VIIRS,n,2,296.96,1.37,D,0
28.41908,69.8773,341.15,0.54,0.51,2024-12-12,858,N,VIIRS,n,2,305.72,17.07,D,0
28.42033,69.87484,331.97,0.54,0.51,2024-12-12,858,N,VIIRS,n,2,298.13,33.37,D,0
28.42084,69.88047,344.36,0.54,0.51,2024-12-12,858,N,VIIRS,n,2,310.56,33.37,D,0
28.42379,69.87676,341.15,0.54,0.51,2024-12-12,858,N,VIIRS,n,2,299.99,17.07,D,0
28.49723,70.03282,330.62,0.56,0.51,2024-12-12,858,N,VIIRS,n,2,295.81,1.35,D,0
28.51559,69.97003,339.15,0.55,0.51,2024-12-12,858,N,VIIRS,n,2,304.89,26.45,D,0
28.51559,69.97269,350.21,0.55,0.51,2024-12-12,858,N,VIIRS,n,2,305.39,58.29,D,0
28.5161,69.97575,330.33,0.55,0.51,2024-12-12,858,N,VIIRS,n,2,295.63,26.45,D,0
28.5868,67.76985,341.34,0.41,0.45,2024-12-12,858,N,VIIRS,n,2,300.22,3.5,D,0
28.42463,69.70362,298.71,0.52,0.42,2024-12-12,2123,N,VIIRS,n,2,281.96,0.96,N,2
26.34926,68.26931,331.12,0.39,0.36,2024-12-13,839,N,VIIRS,n,2,297.58,3.12,D,0
26.47309,67.93026,333.84,0.39,0.36,2024-12-13,839,N,VIIRS,n,2,295.24,2.99,D,0
26.59119,68.90009,330.97,0.41,0.37,2024-12-13,839,N,VIIRS,n,2,297.28,6.05,D,0
26.61565,68.35637,336.84,0.4,0.37,2024-12-13,839,N,VIIRS,n,2,297.94,5.08,D,0
26.6783,68.25674,332.65,0.39,0.37,2024-12-13,839,N,VIIRS,n,2,296.66,5.15,D,0
26.75141,68.15492,329.81,0.39,0.36,2024-12-13,839,N,VIIRS,n,2,296.41,1.67,D,0
26.7822,68.20211,330.96,0.39,0.36,2024-12-13,839,N,VIIRS,n,2,296.97,3.78,D,0
26.81478,68.07087,332.63,0.39,0.36,2024-12-13,839,N,VIIRS,n,2,295.91,1.75,D,0
26.867,68.0414,330.69,0.39,0.36,2024-12-13,839,N,VIIRS,n,2,295.81,3.43,D,0
26.95064,68.217,334.65,0.39,0.37,2024-12-13,839,N,VIIRS,n,2,295.92,4.75,D,0
27.02823,68.53614,330.8,0.4,0.37,2024-12-13,839,N,VIIRS,n,2,295.56,1.87,D,0
27.03244,67.90311,330.79,0.39,0.36,2024-12-13,839,N,VIIRS,n,2,294.9,1.97,D,0
27.2402,68.35989,334.5,0.4,0.37,2024-12-13,839,N,VIIRS,n,2,298.16,7.43,D,0
27.31059,68.38897,334.41,0.4,0.37,2024-12-13,839,N,VIIRS,n,2,298.23,5.18,D,0
27.31225,68.35148,330.86,0.4,0.37,2024-12-13,839,N,VIIRS,n,2,295.62,3.4,D,0
27.32295,68.37852,329.66,0.4,0.37,2024-12-13,839,N,VIIRS,n,2,294.35,2.16,D,0
27.33536,68.41772,334.25,0.4,0.37,2024-12-13,839,N,VIIRS,n,2,295.59,2.76,D,0
27.45232,68.45573,343.2,0.4,0.37,2024-12-13,839,N,VIIRS,n,2,297.63,7.35,D,0
27.65032,68.47672,333.07,0.4,0.37,2024-12-13,839,N,VIIRS,n,2,298.87,2.32,D,0
27.65151,69.63808,335.5,0.44,0.38,2024-12-13,839,N,VIIRS,n,2,302.14,1.96,D,0
27.81311,69.12835,333.59,0.42,0.38,2024-12-13,839,N,VIIRS,n,2,296.92,2.99,D,0
27.99928,69.17317,330.66,0.42,0.38,2024-12-13,839,N,VIIRS,n,2,294.65,2.28,D,0
28.03407,69.24702,338.57,0.43,0.38,2024-12-13,839,N,VIIRS,n,2,296.8,3.91,D,0
28.16684,69.43648,342.55,0.43,0.38,2024-12-13,839,N,VIIRS,n,2,295.57,6.63,D,0
28.17045,70.09127,332.07,0.46,0.39,2024-12-13,839,N,VIIRS,n,2,296.82,5.43,D,0
28.17093,70.09273,330.46,0.46,0.39,2024-12-13,839,N,VIIRS,n,2,296.58,6.25,D,0
28.26165,67.70422,336.08,0.39,0.36,2024-12-13,839,N,VIIRS,n,2,296.83,2.21,D,0
28.265,67.70364,334.92,0.39,0.36,2024-12-13,839,N,VIIRS,n,2,297.2,2.16,D,0
28.36472,70.24812,330.53,0.47,0.4,2024-12-13,839,N,VIIRS,n,2,294.56,3.35,D,0
28.36532,70.25294,331.7,0.47,0.4,2024-12-13,839,N,VIIRS,n,2,297.4,5.34,D,0
28.52513,70.31413,332.18,0.48,0.4,2024-12-13,839,N,VIIRS,n,2,297.18,3.43,D,0
28.52851,69.9595,330.67,0.46,0.39,2024-12-13,839,N,VIIRS,n,2,295.08,2.48,D,0
28.7217,70.34692,331.51,0.48,0.4,2024-12-13,839,N,VIIRS,n,2,297.03,2.8,D,0
28.99268,70.35688,329.63,0.48,0.4,2024-12-13,839,N,VIIRS,n,2,297.08,4.24,D,0
28.42452,69.69939,307.96,0.38,0.36,2024-12-13,2104,N,VIIRS,n,2,280.58,0.9,N,2
26.24169,68.67609,335.66,0.45,0.39,2024-12-14,820,N,VIIRS,n,2,296.76,4.83,D,0
26.25335,68.19419,332.23,0.47,0.4,2024-12-14,820,N,VIIRS,n,2,296.74,3.05,D,0
26.32091,68.53046,333.72,0.45,0.39,2024-12-14,820,N,VIIRS,n,2,300.4,12.84,D,0
26.37023,68.36942,341.69,0.46,0.39,2024-12-14,820,N,VIIRS,n,2,301.57,20.62,D,0
26.37193,68.37062,339.07,0.46,0.39,2024-12-14,820,N,VIIRS,n,2,298.86,18.46,D,0
26.55989,68.18877,330.66,0.46,0.39,2024-12-14,820,N,VIIRS,n,2,296.82,2.73,D,0
26.56019,68.18556,338.66,0.46,0.39,2024-12-14,820,N,VIIRS,n,2,296.88,3.54,D,0
26.94307,68.33361,330.77,0.45,0.39,2024-12-14,820,N,VIIRS,n,2,296.55,2.07,D,0
27.07827,68.41839,337.62,0.45,0.39,2024-12-14,820,N,VIIRS,n,2,300.35,5.76,D,0
27.25331,68.32196,330.15,0.45,0.39,2024-12-14,820,N,VIIRS,n,2,295.62,2.02,D,0
27.45632,68.65119,330.62,0.43,0.38,2024-12-14,820,N,VIIRS,n,2,296.04,2.7,D,0
27.69921,68.65083,331.07,0.43,0.38,2024-12-14,820,N,VIIRS,n,2,297.96,3.61,D,0
27.74738,68.63238,330.8,0.43,0.38,2024-12-14,820,N,VIIRS,n,2,297.45,2.48,D,0
27.91622,69.0838,329.52,0.42,0.37,2024-12-14,820,N,VIIRS,n,2,294.08,3.43,D,0
28.06816,69.61178,336.47,0.4,0.37,2024-12-14,820,N,VIIRS,n,2,297.34,4.3,D,0
28.30771,69.95935,336.52,0.39,0.37,2024-12-14,821,N,VIIRS,n,2,296.09,2.45,D,0
28.30777,69.74762,332.27,0.4,0.37,2024-12-14,821,N,VIIRS,n,2,299.33,12.06,D,0
28.37248,70.06145,346.08,0.39,0.36,2024-12-14,821,N,VIIRS,n,2,298.07,4.62,D,0
28.40027,70.08453,332.17,0.39,0.36,2024-12-14,821,N,VIIRS,n,2,297.42,3.75,D,0
28.40272,70.02262,334.98,0.39,0.36,2024-12-14,821,N,VIIRS,n,2,295.59,2.95,D,0
28.42402,69.87772,331.96,0.4,0.37,2024-12-14,821,N,VIIRS,n,2,297.88,3.02,D,0
28.43213,70.22598,331.35,0.39,0.36,2024-12-14,821,N,VIIRS,n,2,296.57,3.17,D,0
28.45808,69.87478,336.44,0.4,0.37,2024-12-14,821,N,VIIRS,n,2,300.09,5.25,D,0
28.46142,69.87408,333.22,0.4,0.37,2024-12-14,821,N,VIIRS,n,2,296.84,3.23,D,0
28.55666,68.82449,332.28,0.42,0.38,2024-12-14,821,N,VIIRS,n,2,301.83,1.25,D,0
28.5584,70.35952,336.18,0.39,0.36,2024-12-14,821,N,VIIRS,n,2,296.58,3.52,D,0
28.70658,70.28471,332.95,0.39,0.36,2024-12-14,821,N,VIIRS,n,2,297.02,1.95,D,0
28.79186,70.39861,330.57,0.39,0.36,2024-12-14,821,N,VIIRS,n,2,295.3,1.85,D,0
28.88387,70.3149,333.83,0.39,0.36,2024-12-14,821,N,VIIRS,n,2,295.82,2.0,D,0
28.93044,70.28493,334.29,0.39,0.36,2024-12-14,821,N,VIIRS,n,2,298.41,5.32,D,0
28.93821,70.37724,342.9,0.39,0.36,2024-12-14,821,N,VIIRS,n,2,299.31,3.36,D,0
28.94152,70.37656,341.94,0.39,0.36,2024-12-14,821,N,VIIRS,n,2,295.97,4.05,D,0
29.17619,70.33718,330.78,0.39,0.36,2024-12-14,821,N,VIIRS,n,2,295.49,1.85,D,0
29.03321,70.34039,310.31,0.5,0.41,2024-12-14,2045,N,VIIRS,n,2,276.31,1.18,N,0
29.03696,70.341,303.4,0.5,0.41,2024-12-14,2045,N,VIIRS,n,2,276.14,1.18,N,0
28.42574,69.70097,298.57,0.53,0.42,2024-12-14,2046,N,VIIRS,n,2,280.65,0.89,N,2
26.52656,68.26595,336.34,0.55,0.51,2024-12-15,801,N,VIIRS,n,2,296.63,7.8,D,0
26.59699,68.31416,338.97,0.55,0.51,2024-12-15,801,N,VIIRS,n,2,295.05,8.58,D,0
26.60403,68.34674,330.47,0.55,0.51,2024-12-15,801,N,VIIRS,n,2,295.31,3.96,D,0
26.62963,68.0051,334.3,0.57,0.52,2024-12-15,801,N,VIIRS,n,2,296.17,2.39,D,0
26.62966,68.00587,337.72,0.57,0.52,2024-12-15,801,N,VIIRS,n,2,296.39,5.99,D,0
26.70156,68.9351,344.16,0.5,0.49,2024-12-15,801,N,VIIRS,n,2,299.09,5.35,D,0
26.82509,68.15188,349.26,0.55,0.51,2024-12-15,801,N,VIIRS,n,2,298.15,12.95,D,0
26.95659,68.36691,339.09,0.54,0.5,2024-12-15,801,N,VIIRS,n,2,297.06,6.75,D,0
27.39274,68.78765,340.35,0.5,0.49,2024-12-15,802,N,VIIRS,n,2,297.69,6.84,D,0
27.61676,68.54272,334.39,0.51,0.49,2024-12-15,802,N,VIIRS,n,2,295.36,5.87,D,0
27.61839,68.54479,339.63,0.51,0.49,2024-12-15,802,N,VIIRS,n,2,295.52,4.77,D,0
27.75846,69.86701,337.31,0.42,0.45,2024-12-15,802,N,VIIRS,n,2,304.37,1.45,D,0
27.99584,69.63429,335.25,0.43,0.46,2024-12-15,802,N,VIIRS,n,2,297.39,2.33,D,0
28.0379,69.79952,345.07,0.42,0.45,2024-12-15,802,N,VIIRS,n,2,295.92,4.16,D,0
28.12962,69.83919,340.54,0.42,0.45,2024-12-15,802,N,VIIRS,n,2,300.15,10.01,D,0
28.20682,70.24551,333.59,0.4,0.44,2024-12-15,802,N,VIIRS,n,2,295.59,3.25,D,0
28.28872,68.47359,328.85,0.5,0.49,2024-12-15,802,N,VIIRS,n,2,298.37,2.96,D,0
28.36329,69.7634,341.22,0.42,0.45,2024-12-15,802,N,VIIRS,n,2,296.42,3.82,D,0
28.40647,70.04379,345.71,0.4,0.44,2024-12-15,802,N,VIIRS,n,2,296.49,4.94,D,0
28.5014,69.86593,335.58,0.41,0.45,2024-12-15,802,N,VIIRS,n,2,296.87,1.73,D,0
28.51453,69.93196,334.35,0.41,0.45,2024-12-15,802,N,VIIRS,n,2,295.99,2.42,D,0
28.60141,70.1358,334.53,0.39,0.44,2024-12-15,802,N,VIIRS,n,2,295.3,2.72,D,0
28.83016,70.2769,340.34,0.38,0.44,2024-12-15,802,N,VIIRS,n,2,298.09,5.25,D,0
28.4272,69.70059,295.95,0.33,0.55,2024-12-15,2027,N,VIIRS,n,2,281.14,0.58,N,2
26.30866,68.99109,356.97,0.49,0.65,2024-12-16,743,N,VIIRS,n,2,296.58,5.32,D,0
28.0397,69.39143,336.24,0.42,0.61,2024-12-16,743,N,VIIRS,n,2,293.27,5.04,D,0
28.09327,69.51488,339.18,0.41,0.61,2024-12-16,743,N,VIIRS,n,2,294.04,2.56,D,0
28.22257,67.69749,333.25,0.52,0.67,2024-12-16,743,N,VIIRS,n,2,293.27,2.45,D,0
28.35761,70.23713,356.63,0.37,0.58,2024-12-16,743,N,VIIRS,n,2,296.84,11.68,D,0
28.35849,70.24086,332.06,0.37,0.58,2024-12-16,743,N,VIIRS,n,2,294.56,10.94,D,0
28.36638,70.27432,333.53,0.37,0.58,2024-12-16,743,N,VIIRS,n,2,298.28,1.8,D,0
28.51868,70.31139,333.57,0.36,0.58,2024-12-16,743,N,VIIRS,n,2,294.15,2.99,D,0
28.51954,70.31506,340.75,0.36,0.58,2024-12-16,743,N,VIIRS,n,2,294.99,2.99,D,0
28.55877,70.11153,338.24,0.37,0.58,2024-12-16,743,N,VIIRS,n,2,293.45,3.07,D,0
28.87163,70.25139,329.33,0.36,0.57,2024-12-16,743,N,VIIRS,n,2,296.42,1.38,D,0
26.6933,68.09628,352.8,0.5,0.66,2024-12-16,923,N,VIIRS,n,2,295.11,7.36,D,0
26.69364,68.09527,353.18,0.5,0.66,2024-12-16,923,N,VIIRS,n,2,295.5,7.59,D,0
27.41662,68.61997,330.98,0.54,0.68,2024-12-16,923,N,VIIRS,n,2,293.33,2.29,D,0
27.88312,69.11548,335.39,0.59,0.7,2024-12-16,923,N,VIIRS,n,2,294.35,2.91,D,0
28.12231,69.36005,331.08,0.61,0.71,2024-12-16,924,N,VIIRS,n,2,292.51,4.36,D,0
28.50277,69.94561,331.95,0.67,0.73,2024-12-16,924,N,VIIRS,n,2,292.78,5.02,D,0
28.87437,70.25272,333.88,0.7,0.75,2024-12-16,924,N,VIIRS,n,2,293.96,5.83,D,0
28.05243,69.36771,313.96,0.67,0.73,2024-12-16,2008,N,VIIRS,n,2,280.91,2.19,N,2
28.05261,69.37029,307.87,0.67,0.73,2024-12-16,2008,N,VIIRS,n,2,280.15,1.69,N,2
28.053,69.36325,303.25,0.67,0.73,2024-12-16,2008,N,VIIRS,n,2,280.08,2.2,N,0
28.32247,69.90465,350.63,0.73,0.76,2024-12-17,724,N,VIIRS,n,2,292.18,7.91,D,0
28.32927,69.90227,346.68,0.73,0.76,2024-12-17,724,N,VIIRS,n,2,289.85,7.52,D,0
28.73866,70.31707,333.81,0.67,0.74,2024-12-17,724,N,VIIRS,n,2,290.64,4.22,D,0
26.77854,68.25333,346.46,0.52,0.5,2024-12-17,904,N,VIIRS,n,2,295.2,6.46,D,0
26.77974,68.25584,339.4,0.52,0.5,2024-12-17,904,N,VIIRS,n,2,294.88,4.99,D,0
26.91263,68.01746,340.37,0.5,0.49,2024-12-17,904,N,VIIRS,n,2,296.51,6.74,D,0
27.1202,68.51038,340.65,0.54,0.51,2024-12-17,904,N,VIIRS,n,2,296.46,8.36,D,0
27.12146,68.51297,339.95,0.54,0.51,2024-12-17,904,N,VIIRS,n,2,295.21,6.14,D,0
27.4468,68.44733,331.24,0.54,0.51,2024-12-17,904,N,VIIRS,n,2,294.46,4.3,D,0
27.44857,68.45036,329.0,0.54,0.51,2024-12-17,904,N,VIIRS,n,2,295.09,2.86,D,0
28.08138,69.76988,335.49,0.33,0.55,2024-12-17,905,N,VIIRS,n,2,293.7,1.78,D,0
28.08261,69.76978,336.78,0.33,0.56,2024-12-17,905,N,VIIRS,n,2,293.65,2.07,D,0
28.24306,69.67592,367.0,0.33,0.55,2024-12-17,905,N,VIIRS,h,2,296.61,4.52,D,0
28.40344,70.01627,330.9,0.35,0.57,2024-12-17,905,N,VIIRS,n,2,293.29,2.66,D,0
28.54135,67.60442,344.08,0.5,0.49,2024-12-17,905,N,VIIRS,n,2,300.79,6.09,D,0
28.80345,67.63994,335.83,0.5,0.49,2024-12-17,905,N,VIIRS,n,2,299.54,5.54,D,0
29.19939,67.6241,336.02,0.51,0.49,2024-12-17,905,N,VIIRS,n,2,300.15,3.99,D,0
28.42418,69.70177,297.82,0.42,0.45,2024-12-17,2130,N,VIIRS,n,2,281.74,0.71,N,2
26.31143,68.16798,331.42,0.43,0.38,2024-12-18,845,N,VIIRS,n,2,295.74,3.81,D,0
26.32684,68.50611,331.33,0.44,0.39,2024-12-18,845,N,VIIRS,n,2,295.07,8.69,D,0
26.471,68.53455,332.49,0.45,0.39,2024-12-18,845,N,VIIRS,n,2,297.01,3.0,D,0
26.49018,68.34974,339.73,0.44,0.38,2024-12-18,845,N,VIIRS,n,2,297.87,7.25,D,0
26.56689,67.98695,331.69,0.43,0.38,2024-12-18,845,N,VIIRS,n,2,297.15,4.1,D,0
26.63182,68.33876,339.24,0.44,0.38,2024-12-18,845,N,VIIRS,n,2,297.97,7.22,D,0
26.81318,67.80951,331.57,0.42,0.38,2024-12-18,845,N,VIIRS,n,2,298.14,6.46,D,0
26.83688,67.82735,331.53,0.42,0.38,2024-12-18,845,N,VIIRS,n,2,297.04,10.36,D,0
26.93005,67.79941,340.35,0.42,0.38,2024-12-18,845,N,VIIRS,n,2,297.85,3.26,D,0
26.93353,67.79883,329.39,0.42,0.38,2024-12-18,845,N,VIIRS,n,2,297.22,2.22,D,0
26.9592,68.18032,338.28,0.44,0.38,2024-12-18,845,N,VIIRS,n,2,297.19,3.77,D,0
27.19137,68.28175,333.55,0.44,0.39,2024-12-18,845,N,VIIRS,n,2,295.46,5.69,D,0
27.28515,68.34148,335.52,0.45,0.39,2024-12-18,846,N,VIIRS,n,2,294.56,3.12,D,0
27.54633,69.02863,333.98,0.48,0.4,2024-12-18,846,N,VIIRS,n,2,296.22,6.33,D,0
27.58188,68.3518,333.11,0.45,0.39,2024-12-18,846,N,VIIRS,n,2,301.18,8.66,D,0
27.58248,68.35636,356.0,0.45,0.39,2024-12-18,846,N,VIIRS,n,2,313.56,56.78,D,0
27.58665,68.36035,334.04,0.45,0.39,2024-12-18,846,N,VIIRS,n,2,303.01,56.78,D,0
27.5878,68.35746,330.98,0.45,0.39,2024-12-18,846,N,VIIRS,n,2,298.43,2.98,D,0
27.92115,69.1357,334.34,0.49,0.4,2024-12-18,846,N,VIIRS,n,2,295.37,3.77,D,0
28.11606,69.77621,332.36,0.53,0.42,2024-12-18,846,N,VIIRS,n,2,296.06,5.51,D,0
28.25493,67.74239,332.25,0.43,0.38,2024-12-18,846,N,VIIRS,n,2,298.78,2.76,D,0
28.28859,69.73234,330.48,0.53,0.42,2024-12-18,846,N,VIIRS,n,2,295.23,2.54,D,0
28.43443,70.0673,333.86,0.55,0.43,2024-12-18,846,N,VIIRS,n,2,296.72,5.26,D,0
28.46365,69.93693,330.79,0.55,0.42,2024-12-18,846,N,VIIRS,n,2,297.43,8.19,D,0
28.48846,69.91058,332.18,0.54,0.42,2024-12-18,846,N,VIIRS,n,2,296.42,3.86,D,0
28.55214,70.07919,334.09,0.56,0.43,2024-12-18,846,N,VIIRS,n,2,294.87,3.87,D,0
28.5859,70.24842,340.45,0.57,0.43,2024-12-18,846,N,VIIRS,n,2,300.82,21.08,D,0
28.80567,67.64374,338.6,0.43,0.38,2024-12-18,846,N,VIIRS,n,2,299.72,2.79,D,0
28.92646,70.356,353.47,0.39,0.44,2024-12-18,846,N,VIIRS,n,2,298.65,14.49,D,0
27.80075,68.57745,296.5,0.39,0.36,2024-12-18,2111,N,VIIRS,n,2,280.08,0.52,N,0
28.42335,69.70094,300.55,0.4,0.37,2024-12-18,2111,N,VIIRS,n,2,281.29,0.75,N,2
28.4267,69.70166,308.06,0.4,0.37,2024-12-18,2111,N,VIIRS,n,2,282.04,1.07,N,2
26.32514,68.84502,309.27,0.39,0.37,2024-12-18,2112,N,VIIRS,n,2,279.28,0.76,N,0
26.37059,68.88416,333.21,0.39,0.37,2024-12-19,826,N,VIIRS,n,2,298.3,2.25,D,0
26.43403,68.32516,330.89,0.41,0.37,2024-12-19,826,N,VIIRS,n,2,297.23,10.12,D,0
26.53599,68.88406,333.39,0.39,0.36,2024-12-19,826,N,VIIRS,n,2,303.36,4.23,D,0
26.53933,68.8834,332.71,0.39,0.36,2024-12-19,826,N,VIIRS,n,2,300.32,4.74,D,0
26.5882,68.1146,343.46,0.41,0.37,2024-12-19,827,N,VIIRS,n,2,298.71,9.31,D,0
26.58852,68.1142,337.77,0.41,0.37,2024-12-19,827,N,VIIRS,n,2,300.3,8.58,D,0
26.6754,67.92309,331.38,0.41,0.37,2024-12-19,827,N,VIIRS,n,2,297.01,2.66,D,0
26.90344,68.21867,332.52,0.4,0.37,2024-12-19,827,N,VIIRS,n,2,295.92,2.98,D,0
26.93602,67.80205,330.48,0.42,0.37,2024-12-19,827,N,VIIRS,n,2,296.39,2.51,D,0
26.95083,68.35899,339.36,0.4,0.37,2024-12-19,827,N,VIIRS,n,2,296.97,4.36,D,0
26.95671,67.88339,339.59,0.41,0.37,2024-12-19,827,N,VIIRS,n,2,297.95,5.58,D,0
27.12286,68.5071,330.42,0.4,0.37,2024-12-19,827,N,VIIRS,n,2,296.95,2.3,D,0
27.30013,68.32684,332.21,0.4,0.37,2024-12-19,827,N,VIIRS,n,2,296.03,2.69,D,0
27.65065,67.9673,326.73,0.41,0.37,2024-12-19,827,N,VIIRS,l,2,297.06,0.98,D,0
27.91036,69.12269,330.14,0.39,0.36,2024-12-19,827,N,VIIRS,n,2,295.6,2.75,D,0
27.94859,69.08711,329.84,0.39,0.36,2024-12-19,827,N,VIIRS,n,2,295.58,1.43,D,0
27.95885,69.5666,330.97,0.38,0.36,2024-12-19,827,N,VIIRS,n,2,295.62,1.87,D,0
28.15501,69.47704,334.04,0.38,0.36,2024-12-19,827,N,VIIRS,n,2,300.32,23.61,D,0
28.16105,69.82388,330.95,0.38,0.36,2024-12-19,827,N,VIIRS,n,2,295.42,5.33,D,0
28.1797,69.81693,331.69,0.38,0.36,2024-12-19,827,N,VIIRS,n,2,295.07,3.36,D,0
28.19172,69.98705,332.99,0.38,0.36,2024-12-19,827,N,VIIRS,n,2,297.63,5.22,D,0
28.32986,69.68777,342.74,0.38,0.36,2024-12-19,827,N,VIIRS,n,2,297.76,4.63,D,0
28.44527,70.07549,340.77,0.39,0.36,2024-12-19,827,N,VIIRS,n,2,301.82,19.17,D,0
28.60771,70.37252,336.2,0.39,0.36,2024-12-19,827,N,VIIRS,n,2,295.87,3.88,D,0
28.72175,70.36745,332.25,0.39,0.36,2024-12-19,827,N,VIIRS,n,2,296.3,3.42,D,0
28.80647,67.6415,333.14,0.41,0.37,2024-12-19,827,N,VIIRS,n,2,300.15,2.11,D,0
28.93105,70.36583,333.61,0.39,0.36,2024-12-19,827,N,VIIRS,n,2,294.69,4.02,D,0
28.42358,69.69946,301.64,0.45,0.39,2024-12-19,2052,N,VIIRS,n,2,281.19,0.75,N,2
28.42713,69.70009,299.16,0.45,0.39,2024-12-19,2052,N,VIIRS,n,2,281.43,0.75,N,2
26.70824,68.12012,331.91,0.45,0.47,2024-12-20,808,N,VIIRS,n,2,294.8,1.88,D,0
26.77037,68.23058,340.66,0.44,0.46,2024-12-20,808,N,VIIRS,n,2,297.02,4.69,D,0
26.83195,68.17104,340.32,0.44,0.46,2024-12-20,808,N,VIIRS,n,2,298.31,7.46,D,0
26.84381,67.97622,334.41,0.46,0.47,2024-12-20,808,N,VIIRS,n,2,294.5,4.95,D,0
26.84808,67.97516,336.05,0.46,0.47,2024-12-20,808,N,VIIRS,n,2,293.58,5.8,D,0
27.12713,68.51113,339.99,0.42,0.45,2024-12-20,808,N,VIIRS,n,2,296.47,5.83,D,0
27.13125,68.5101,340.04,0.42,0.45,2024-12-20,808,N,VIIRS,n,2,295.04,5.83,D,0
27.27215,68.42452,327.91,0.42,0.45,2024-12-20,808,N,VIIRS,n,2,294.02,3.28,D,0
27.39691,68.4779,338.9,0.42,0.45,2024-12-20,808,N,VIIRS,n,2,294.45,5.19,D,0
27.51407,68.72432,326.64,0.4,0.44,2024-12-20,808,N,VIIRS,n,2,293.99,1.72,D,0
27.67755,68.37841,337.4,0.42,0.45,2024-12-20,808,N,VIIRS,n,2,295.54,4.74,D,0
27.67818,68.37544,340.25,0.42,0.45,2024-12-20,808,N,VIIRS,n,2,297.46,5.45,D,0
27.68084,68.39516,344.06,0.42,0.45,2024-12-20,808,N,VIIRS,n,2,297.6,4.99,D,0
27.68158,68.39217,335.32,0.42,0.45,2024-12-20,808,N,VIIRS,n,2,296.06,7.11,D,0
27.68243,68.39634,339.26,0.42,0.45,2024-12-20,808,N,VIIRS,n,2,296.79,7.11,D,0
27.68494,68.39413,343.34,0.42,0.45,2024-12-20,808,N,VIIRS,n,2,295.48,6.76,D,0
27.74034,68.66176,328.97,0.4,0.44,2024-12-20,808,N,VIIRS,n,2,295.88,2.03,D,0
27.74192,68.66436,335.39,0.4,0.44,2024-12-20,808,N,VIIRS,n,2,299.4,3.74,D,0
27.92764,69.34172,330.72,0.55,0.43,2024-12-20,808,N,VIIRS,n,2,293.87,3.02,D,0
28.07033,69.66225,335.76,0.53,0.42,2024-12-20,808,N,VIIRS,n,2,296.62,12.35,D,0
28.07413,69.66134,333.57,0.53,0.42,2024-12-20,808,N,VIIRS,n,2,293.06,5.17,D,0
28.24812,67.73692,339.24,0.44,0.46,2024-12-20,808,N,VIIRS,n,2,299.0,6.4,D,0
28.26314,70.27951,331.87,0.49,0.4,2024-12-20,808,N,VIIRS,n,2,292.66,2.53,D,0
28.31961,69.76242,336.87,0.52,0.41,2024-12-20,808,N,VIIRS,n,2,294.32,3.79,D,0
29.06552,70.3739,332.42,0.47,0.4,2024-12-20,808,N,VIIRS,n,2,296.76,13.38,D,0
28.04009,69.67275,307.71,0.52,0.5,2024-12-20,2033,N,VIIRS,n,2,286.74,2.32,N,0
28.04062,69.66735,312.55,0.52,0.5,2024-12-20,2033,N,VIIRS,n,2,284.37,2.56,N,0
26.37214,68.26504,339.02,0.43,0.62,2024-12-21,749,N,VIIRS,n,2,293.04,2.84,D,0
26.43506,68.32849,351.96,0.42,0.61,2024-12-21,749,N,VIIRS,n,2,295.3,7.66,D,0
26.95446,67.82968,330.59,0.44,0.63,2024-12-21,749,N,VIIRS,n,2,293.15,1.67,D,0
27.17185,68.42108,348.38,0.4,0.6,2024-12-21,749,N,VIIRS,n,2,292.86,4.45,D,0
27.81713,69.03207,353.3,0.36,0.57,2024-12-21,749,N,VIIRS,n,2,292.61,4.28,D,0
27.81796,69.03567,330.34,0.36,0.57,2024-12-21,749,N,VIIRS,n,2,292.0,4.28,D,0
28.03059,69.74268,339.02,0.32,0.55,2024-12-21,749,N,VIIRS,n,2,292.98,2.22,D,0
28.04052,69.6704,334.6,0.33,0.55,2024-12-21,749,N,VIIRS,n,2,295.98,2.54,D,0
28.06015,69.29996,328.08,0.34,0.56,2024-12-21,749,N,VIIRS,n,2,293.4,1.64,D,0
28.06129,69.39816,367.0,0.34,0.56,2024-12-21,749,N,VIIRS,h,2,293.72,4.38,D,0
28.11117,69.5909,367.0,0.33,0.55,2024-12-21,749,N,VIIRS,h,2,293.97,4.66,D,0
28.22932,69.78912,337.08,0.64,0.54,2024-12-21,749,N,VIIRS,n,2,292.95,6.35,D,0
28.23072,69.7922,349.79,0.32,0.54,2024-12-21,749,N,VIIRS,n,2,293.55,9.59,D,0
28.26769,70.02789,339.14,0.61,0.54,2024-12-21,749,N,VIIRS,n,2,293.01,5.57,D,0
28.31605,70.03192,332.03,0.61,0.54,2024-12-21,749,N,VIIRS,n,2,290.62,4.1,D,0
28.42563,69.8464,335.18,0.63,0.54,2024-12-21,749,N,VIIRS,n,2,292.47,7.84,D,0
28.65944,70.17581,338.29,0.59,0.53,2024-12-21,749,N,VIIRS,n,2,294.19,4.36,D,0
28.66266,70.17438,334.16,0.59,0.53,2024-12-21,750,N,VIIRS,n,2,291.94,3.92,D,0
28.93094,70.36801,326.22,0.57,0.52,2024-12-21,750,N,VIIRS,n,2,292.66,2.76,D,0
26.21017,68.14644,367.0,0.62,0.72,2024-12-21,929,N,VIIRS,h,2,293.69,14.82,D,0
26.29249,68.24603,331.16,0.63,0.72,2024-12-21,929,N,VIIRS,n,2,289.4,2.48,D,0
28.04013,69.66807,312.83,0.51,0.66,2024-12-21,2014,N,VIIRS,n,2,282.08,1.78,N,0
28.42661,69.69895,300.37,0.51,0.66,2024-12-21,2014,N,VIIRS,n,2,282.11,0.9,N,2
28.04157,69.67101,297.5,0.51,0.66,2024-12-21,2015,N,VIIRS,n,2,280.67,1.49,N,0
28.04194,69.66566,301.78,0.51,0.66,2024-12-21,2015,N,VIIRS,n,2,280.8,2.47,N,0
28.03745,69.67648,313.05,0.5,0.66,2024-12-21,2155,N,VIIRS,n,2,283.53,2.2,N,0
28.03874,69.67143,301.79,0.5,0.66,2024-12-21,2155,N,VIIRS,n,2,284.09,2.79,N,0
28.4251,69.70188,297.7,0.49,0.65,2024-12-21,2155,N,VIIRS,n,2,280.93,0.84,N,2
28.42595,69.70313,301.47,0.49,0.65,2024-12-21,2155,N,VIIRS,n,2,281.58,0.95,N,2
27.30139,68.22057,326.13,0.78,0.78,2024-12-22,731,N,VIIRS,n,2,291.33,6.66,D,0
27.81298,69.36436,326.86,0.65,0.73,2024-12-22,731,N,VIIRS,n,2,288.24,3.82,D,0
27.81461,69.36143,331.21,0.65,0.73,2024-12-22,731,N,VIIRS,n,2,288.14,3.13,D,0
28.12175,69.76022,326.7,0.61,0.71,2024-12-22,731,N,VIIRS,n,2,289.34,3.74,D,0
28.1597,69.46701,335.2,0.63,0.72,2024-12-22,731,N,VIIRS,n,2,288.7,4.8,D,0
28.31809,69.74893,341.25,0.6,0.71,2024-12-22,731,N,VIIRS,n,2,289.94,5.4,D,0
28.65263,70.33375,331.14,0.55,0.68,2024-12-22,731,N,VIIRS,n,2,289.36,2.78,D,0
28.72378,70.35208,333.35,0.54,0.68,2024-12-22,731,N,VIIRS,n,2,289.06,3.71,D,0
28.72691,70.35078,350.83,0.54,0.68,2024-12-22,731,N,VIIRS,n,2,289.99,10.83,D,0
28.72988,70.35004,331.72,0.54,0.68,2024-12-22,731,N,VIIRS,n,2,288.38,4.52,D,0
26.25272,68.22311,328.8,0.32,0.55,2024-12-22,911,N,VIIRS,n,2,293.65,2.08,D,0
26.36742,68.04411,335.61,0.63,0.54,2024-12-22,911,N,VIIRS,n,2,293.23,4.78,D,0
26.52343,68.10312,327.63,0.64,0.54,2024-12-22,911,N,VIIRS,n,2,293.38,4.1,D,0
26.56692,68.36367,334.69,0.33,0.55,2024-12-22,911,N,VIIRS,n,2,292.43,2.84,D,0
26.59415,67.99007,333.11,0.63,0.54,2024-12-22,911,N,VIIRS,n,2,294.39,7.6,D,0
26.59468,67.99154,337.98,0.63,0.54,2024-12-22,911,N,VIIRS,n,2,294.58,4.1,D,0
26.61305,67.91739,335.7,0.62,0.54,2024-12-22,911,N,VIIRS,n,2,295.01,5.34,D,0
26.79361,67.80016,333.8,0.61,0.54,2024-12-22,911,N,VIIRS,n,2,292.16,6.06,D,0
26.79421,67.80641,339.43,0.61,0.54,2024-12-22,911,N,VIIRS,n,2,293.5,9.39,D,0
26.79468,67.80471,339.46,0.61,0.54,2024-12-22,911,N,VIIRS,n,2,295.24,14.8,D,0
27.30543,68.22345,367.0,0.33,0.55,2024-12-22,911,N,VIIRS,h,2,307.42,23.49,D,0
27.67114,68.48855,355.47,0.35,0.56,2024-12-22,911,N,VIIRS,n,2,294.72,4.36,D,0
28.07424,69.48807,335.78,0.4,0.6,2024-12-22,911,N,VIIRS,n,2,291.28,2.84,D,0
28.66943,70.12022,325.72,0.44,0.63,2024-12-22,911,N,VIIRS,n,2,289.95,2.24,D,0
28.67459,70.12118,325.47,0.45,0.63,2024-12-22,911,N,VIIRS,n,2,289.73,1.49,D,0
28.04153,69.67268,318.37,0.53,0.5,2024-12-22,2136,N,VIIRS,n,2,286.24,3.06,N,0
28.35786,70.23409,316.65,0.56,0.52,2024-12-22,2136,N,VIIRS,n,2,281.63,1.51,N,0
28.35793,70.23477,306.64,0.56,0.52,2024-12-22,2136,N,VIIRS,n,2,281.03,2.66,N,0
28.42557,69.70235,302.94,0.52,0.5,2024-12-22,2136,N,VIIRS,n,2,282.38,1.4,N,2
26.91333,67.81815,330.61,0.49,0.41,2024-12-23,852,N,VIIRS,n,2,295.51,3.16,D,0
26.9899,69.36662,336.86,0.4,0.44,2024-12-23,852,N,VIIRS,n,2,300.02,2.33,D,0
27.28415,68.36996,329.89,0.53,0.42,2024-12-23,852,N,VIIRS,n,2,293.46,3.39,D,0
27.39165,68.37353,338.82,0.53,0.42,2024-12-23,852,N,VIIRS,n,2,295.3,9.28,D,0
27.39241,68.37106,331.82,0.53,0.42,2024-12-23,852,N,VIIRS,n,2,295.75,6.39,D,0
27.93819,69.91877,340.26,0.44,0.46,2024-12-23,852,N,VIIRS,n,2,294.35,5.46,D,0
28.04019,69.67284,336.09,0.43,0.46,2024-12-23,852,N,VIIRS,n,2,297.61,3.66,D,0
28.04294,69.3392,340.32,0.41,0.45,2024-12-23,852,N,VIIRS,n,2,298.23,10.15,D,0
28.14646,69.55344,339.39,0.42,0.45,2024-12-23,852,N,VIIRS,n,2,294.57,2.68,D,0
28.15027,69.58801,339.4,0.42,0.45,2024-12-23,852,N,VIIRS,n,2,295.68,4.3,D,0
28.03908,69.67323,310.05,0.45,0.39,2024-12-23,2117,N,VIIRS,n,2,287.76,1.48,N,0
28.4259,69.70199,309.26,0.45,0.39,2024-12-23,2117,N,VIIRS,n,2,283.04,1.4,N,2
26.40215,68.22876,330.16,0.38,0.36,2024-12-24,833,N,VIIRS,n,2,293.53,4.37,D,0
26.40466,68.31118,329.35,0.38,0.36,2024-12-24,833,N,VIIRS,n,2,293.51,2.31,D,0
26.75598,67.95546,343.49,0.39,0.36,2024-12-24,833,N,VIIRS,n,2,294.21,3.77,D,0
26.97941,68.50337,339.86,0.38,0.36,2024-12-24,833,N,VIIRS,n,2,296.18,10.35,D,0
26.99186,69.36489,339.63,0.39,0.36,2024-12-24,833,N,VIIRS,n,2,299.5,3.49,D,0
27.20152,68.38273,335.6,0.38,0.36,2024-12-24,833,N,VIIRS,n,2,292.56,3.06,D,0
27.22441,68.35455,335.53,0.38,0.36,2024-12-24,833,N,VIIRS,n,2,292.34,2.6,D,0
27.22478,68.33463,332.46,0.38,0.36,2024-12-24,833,N,VIIRS,n,2,294.99,4.08,D,0
27.22808,68.33401,333.31,0.38,0.36,2024-12-24,833,N,VIIRS,n,2,292.6,3.61,D,0
27.28175,68.49058,344.14,0.38,0.36,2024-12-24,833,N,VIIRS,n,2,293.46,5.58,D,0
27.50809,69.05518,336.54,0.39,0.36,2024-12-24,833,N,VIIRS,n,2,296.86,3.11,D,0
27.59912,68.98624,330.85,0.39,0.36,2024-12-24,833,N,VIIRS,n,2,293.73,1.14,D,0
27.6908,68.01897,330.36,0.38,0.36,2024-12-24,833,N,VIIRS,n,2,293.15,3.13,D,0
27.71055,68.46195,327.83,0.38,0.36,2024-12-24,833,N,VIIRS,n,2,293.58,1.54,D,0
27.77275,68.44614,330.38,0.38,0.36,2024-12-24,833,N,VIIRS,n,2,294.71,2.93,D,0
27.77944,69.15143,326.34,0.39,0.36,2024-12-24,833,N,VIIRS,n,2,292.26,2.13,D,0
27.78001,69.15537,328.75,0.39,0.36,2024-12-24,833,N,VIIRS,n,2,292.76,2.13,D,0
27.90257,67.54984,329.12,0.39,0.36,2024-12-24,833,N,VIIRS,n,2,293.34,1.18,D,0
27.92984,69.1688,330.25,0.39,0.36,2024-12-24,833,N,VIIRS,n,2,293.15,1.05,D,0
27.93961,69.26052,332.06,0.39,0.36,2024-12-24,833,N,VIIRS,n,2,294.34,2.44,D,0
28.00372,69.15931,328.79,0.39,0.36,2024-12-24,833,N,VIIRS,n,2,292.79,2.2,D,0
28.03896,69.17737,344.5,0.39,0.36,2024-12-24,833,N,VIIRS,n,2,298.73,8.75,D,0
28.0423,69.17676,333.25,0.39,0.36,2024-12-24,833,N,VIIRS,n,2,296.39,11.11,D,0
28.04906,69.19994,354.63,0.39,0.36,2024-12-24,833,N,VIIRS,n,2,301.34,10.1,D,0
28.05239,69.19933,342.23,0.39,0.36,2024-12-24,833,N,VIIRS,n,2,295.98,5.51,D,0
28.27488,70.03709,340.47,0.41,0.37,2024-12-24,833,N,VIIRS,n,2,297.01,11.38,D,0
28.30246,69.68281,329.84,0.4,0.37,2024-12-24,833,N,VIIRS,n,2,293.28,7.46,D,0
28.31766,69.69263,332.48,0.4,0.37,2024-12-24,833,N,VIIRS,n,2,292.85,2.5,D,0
28.32164,69.87212,330.58,0.4,0.37,2024-12-24,833,N,VIIRS,n,2,294.06,2.87,D,0
28.5028,70.2825,330.13,0.42,0.37,2024-12-24,833,N,VIIRS,n,2,292.62,2.43,D,0
28.50337,70.28675,330.8,0.42,0.37,2024-12-24,833,N,VIIRS,n,2,293.31,3.63,D,0
28.51485,70.16349,329.54,0.41,0.37,2024-12-24,833,N,VIIRS,n,2,292.31,2.13,D,0
28.78271,70.31506,330.84,0.42,0.38,2024-12-24,833,N,VIIRS,n,2,292.81,2.71,D,0
28.79934,70.28149,340.47,0.42,0.38,2024-12-24,833,N,VIIRS,n,2,293.04,3.65,D,0
28.86379,70.27538,329.82,0.42,0.38,2024-12-24,833,N,VIIRS,n,2,292.0,3.59,D,0
28.04445,69.17691,296.86,0.41,0.37,2024-12-24,2059,N,VIIRS,n,2,276.9,0.49,N,0
28.42533,69.70042,318.74,0.4,0.37,2024-12-24,2059,N,VIIRS,n,2,281.94,1.52,N,2
26.25739,68.1274,334.4,0.56,0.43,2024-12-25,814,N,VIIRS,n,2,293.02,5.07,D,0
26.44795,68.23631,330.4,0.55,0.43,2024-12-25,814,N,VIIRS,n,2,293.01,2.89,D,0
26.70179,68.21188,331.72,0.54,0.42,2024-12-25,814,N,VIIRS,n,2,295.03,15.5,D,0
26.70191,68.20952,334.66,0.54,0.42,2024-12-25,814,N,VIIRS,n,2,294.74,15.05,D,0
26.70422,68.03171,337.52,0.56,0.43,2024-12-25,814,N,VIIRS,n,2,293.01,6.14,D,0
26.93565,68.42608,326.79,0.53,0.42,2024-12-25,814,N,VIIRS,n,2,290.86,3.4,D,0
26.9904,69.36478,336.71,0.47,0.4,2024-12-25,814,N,VIIRS,n,2,299.78,3.69,D,0
27.23129,68.40408,325.42,0.52,0.42,2024-12-25,814,N,VIIRS,n,2,290.75,3.01,D,0
27.7641,69.59581,345.03,0.45,0.39,2024-12-25,814,N,VIIRS,n,2,294.58,7.18,D,0
27.79231,69.35145,331.12,0.46,0.39,2024-12-25,814,N,VIIRS,n,2,293.0,3.76,D,0
27.81096,69.54731,342.44,0.45,0.39,2024-12-25,814,N,VIIRS,n,2,292.78,3.97,D,0
27.86595,69.076,341.43,0.48,0.4,2024-12-25,814,N,VIIRS,n,2,293.76,7.31,D,0
27.89483,69.63428,329.22,0.45,0.39,2024-12-25,814,N,VIIRS,n,2,291.3,2.27,D,0
27.98034,69.25198,330.67,0.47,0.39,2024-12-25,814,N,VIIRS,n,2,293.46,2.76,D,0
27.98153,69.25437,327.8,0.47,0.39,2024-12-25,814,N,VIIRS,n,2,294.68,3.17,D,0
28.03204,69.52436,333.0,0.45,0.39,2024-12-25,814,N,VIIRS,n,2,294.01,3.47,D,0
28.03449,69.52619,331.57,0.45,0.39,2024-12-25,814,N,VIIRS,n,2,292.51,2.17,D,0
28.03884,69.46811,327.28,0.46,0.39,2024-12-25,814,N,VIIRS,n,2,293.19,2.19,D,0
28.05189,69.80592,337.83,0.44,0.38,2024-12-25,814,N,VIIRS,n,2,291.61,3.87,D,0
28.06097,69.52972,339.66,0.45,0.39,2024-12-25,814,N,VIIRS,n,2,300.31,21.73,D,0
28.12137,69.7462,329.69,0.44,0.39,2024-12-25,814,N,VIIRS,n,2,292.81,2.03,D,0
28.14906,69.8418,329.35,0.44,0.38,2024-12-25,814,N,VIIRS,n,2,291.83,6.26,D,0
27.92496,67.54536,329.67,0.56,0.43,2024-12-25,815,N,VIIRS,n,2,293.84,2.79,D,0
28.21612,69.83257,333.24,0.44,0.38,2024-12-25,815,N,VIIRS,n,2,295.26,2.99,D,0
28.21962,69.83179,345.31,0.44,0.38,2024-12-25,815,N,VIIRS,n,2,294.74,16.24,D,0
28.27588,69.88356,329.77,0.44,0.38,2024-12-25,815,N,VIIRS,n,2,292.23,3.88,D,0
28.28111,69.72694,331.99,0.44,0.38,2024-12-25,815,N,VIIRS,n,2,292.8,4.39,D,0
28.28117,69.72556,331.67,0.44,0.39,2024-12-25,815,N,VIIRS,n,2,292.3,4.14,D,0
28.28856,70.04003,341.18,0.43,0.38,2024-12-25,815,N,VIIRS,n,2,294.28,7.44,D,0
28.30217,69.72223,331.06,0.44,0.38,2024-12-25,815,N,VIIRS,n,2,294.75,2.5,D,0
28.31533,69.67278,328.58,0.44,0.39,2024-12-25,815,N,VIIRS,n,2,292.57,6.96,D,0
28.3691,70.04144,334.99,0.43,0.38,2024-12-25,815,N,VIIRS,n,2,294.64,6.11,D,0
28.37811,69.98968,340.59,0.43,0.38,2024-12-25,815,N,VIIRS,n,2,295.55,5.37,D,0
28.45334,69.81883,329.88,0.44,0.38,2024-12-25,815,N,VIIRS,n,2,293.96,2.46,D,0
28.45687,70.19701,331.34,0.42,0.38,2024-12-25,815,N,VIIRS,n,2,294.59,3.32,D,0
28.45782,69.96844,330.53,0.43,0.38,2024-12-25,815,N,VIIRS,n,2,294.05,2.72,D,0
28.46031,70.19624,331.48,0.42,0.38,2024-12-25,815,N,VIIRS,n,2,292.31,3.32,D,0
28.49747,70.29983,332.59,0.42,0.38,2024-12-25,815,N,VIIRS,n,2,294.82,5.18,D,0
28.54852,70.24438,331.64,0.42,0.38,2024-12-25,815,N,VIIRS,n,2,293.15,2.17,D,0
28.54885,70.00896,329.98,0.43,0.38,2024-12-25,815,N,VIIRS,n,2,293.83,6.11,D,0
28.55159,70.01099,338.87,0.43,0.38,2024-12-25,815,N,VIIRS,n,2,294.71,6.44,D,0
28.5562,70.33112,343.45,0.42,0.38,2024-12-25,815,N,VIIRS,n,2,296.13,11.91,D,0
28.6003,70.11892,334.61,0.43,0.38,2024-12-25,815,N,VIIRS,n,2,298.46,12.07,D,0
28.4248,69.6986,310.5,0.42,0.45,2024-12-25,2040,N,VIIRS,n,2,281.25,1.06,N,2
26.37057,68.63523,327.55,0.33,0.55,2024-12-26,755,N,VIIRS,n,2,295.84,1.94,D,0
26.3713,68.63847,327.72,0.33,0.55,2024-12-26,755,N,VIIRS,n,2,296.37,2.49,D,0
26.3916,68.21696,345.96,0.35,0.56,2024-12-26,755,N,VIIRS,n,2,292.56,4.89,D,0
26.39181,68.07299,333.44,0.35,0.57,2024-12-26,755,N,VIIRS,n,2,291.5,2.17,D,0
26.39238,68.22039,343.1,0.35,0.56,2024-12-26,755,N,VIIRS,n,2,293.14,6.76,D,0
26.75412,68.02885,355.1,0.35,0.57,2024-12-26,755,N,VIIRS,n,2,293.75,5.0,D,0
26.80327,67.83536,332.27,0.36,0.57,2024-12-26,755,N,VIIRS,n,2,292.0,2.74,D,0
27.30892,68.2337,356.46,0.33,0.55,2024-12-26,756,N,VIIRS,n,2,296.43,10.11,D,0
27.30966,68.23701,367.0,0.33,0.55,2024-12-26,756,N,VIIRS,h,2,300.71,12.25,D,0
27.31392,68.23228,350.65,0.33,0.55,2024-12-26,756,N,VIIRS,n,2,299.31,17.84,D,0
27.31466,68.2356,367.0,0.33,0.55,2024-12-26,756,N,VIIRS,h,2,304.15,24.55,D,0
27.35243,68.40519,325.05,0.32,0.55,2024-12-26,756,N,VIIRS,n,2,292.16,1.59,D,0
27.93296,69.3289,331.45,0.55,0.51,2024-12-26,756,N,VIIRS,n,2,293.01,4.47,D,0
27.99473,69.38797,338.44,0.55,0.51,2024-12-26,756,N,VIIRS,n,2,293.53,6.97,D,0
27.9959,69.39346,330.53,0.55,0.51,2024-12-26,756,N,VIIRS,n,2,293.72,8.05,D,0
28.23632,69.78388,340.55,0.51,0.49,2024-12-26,756,N,VIIRS,n,2,293.89,11.13,D,0
28.26922,69.67075,340.21,0.52,0.5,2024-12-26,756,N,VIIRS,n,2,294.65,4.27,D,0
28.27374,69.66953,327.77,0.52,0.5,2024-12-26,756,N,VIIRS,n,2,291.92,2.67,D,0
28.27944,69.65138,340.4,0.52,0.5,2024-12-26,756,N,VIIRS,n,2,298.56,22.68,D,0
28.38751,69.73598,328.01,0.51,0.49,2024-12-26,756,N,VIIRS,n,2,291.25,2.96,D,0
28.392,69.73477,329.37,0.51,0.49,2024-12-26,756,N,VIIRS,n,2,289.47,2.96,D,0
28.54933,70.00446,335.77,0.49,0.49,2024-12-26,756,N,VIIRS,n,2,293.44,5.78,D,0
28.55839,70.06969,327.23,0.49,0.48,2024-12-26,756,N,VIIRS,n,2,293.33,2.49,D,0
28.57545,70.17307,341.02,0.48,0.48,2024-12-26,756,N,VIIRS,n,2,294.78,4.87,D,0
28.5798,70.17191,334.74,0.48,0.48,2024-12-26,756,N,VIIRS,n,2,293.17,4.49,D,0
28.42231,69.69913,297.79,0.41,0.61,2024-12-26,2021,N,VIIRS,n,2,281.19,0.64,N,2
26.63023,67.92951,328.94,0.68,0.74,2024-12-27,737,N,VIIRS,n,2,292.45,3.36,D,0
27.38484,68.5217,332.03,0.6,0.71,2024-12-27,737,N,VIIRS,n,2,292.15,5.18,D,0
27.38576,68.52541,336.35,0.6,0.71,2024-12-27,737,N,VIIRS,n,2,292.21,7.71,D,0
27.66836,68.55469,367.0,0.59,0.7,2024-12-27,737,N,VIIRS,h,2,296.79,13.86,D,0
27.68939,68.66519,334.83,0.58,0.7,2024-12-27,737,N,VIIRS,n,2,293.81,4.99,D,0
27.69005,68.66244,352.03,0.58,0.7,2024-12-27,737,N,VIIRS,n,2,294.77,7.58,D,0
28.01027,69.0951,349.21,0.54,0.68,2024-12-27,737,N,VIIRS,n,2,292.95,8.87,D,0
28.01132,69.09187,349.43,0.54,0.68,2024-12-27,737,N,VIIRS,n,2,293.98,6.41,D,0
28.1446,69.46297,332.06,0.51,0.66,2024-12-27,737,N,VIIRS,n,2,293.83,2.52,D,0
28.15544,70.0642,336.15,0.47,0.64,2024-12-27,737,N,VIIRS,n,2,293.59,2.49,D,0
28.26197,69.95005,331.65,0.47,0.64,2024-12-27,737,N,VIIRS,n,2,292.62,2.06,D,0
28.27743,69.65427,336.92,0.49,0.65,2024-12-27,737,N,VIIRS,n,2,296.56,3.45,D,0
28.51576,69.93649,343.95,0.47,0.64,2024-12-27,737,N,VIIRS,n,2,293.89,4.77,D,0
28.51591,69.96196,343.7,0.47,0.64,2024-12-27,737,N,VIIRS,n,2,294.54,5.08,D,0
28.5958,70.38139,329.38,0.44,0.62,2024-12-27,737,N,VIIRS,n,2,293.69,3.4,D,0
28.63547,70.32088,328.58,0.44,0.63,2024-12-27,737,N,VIIRS,n,2,293.6,2.86,D,0
28.64838,70.39835,339.27,0.44,0.62,2024-12-27,737,N,VIIRS,n,2,293.89,3.28,D,0
28.64913,70.39858,340.5,0.44,0.62,2024-12-27,737,N,VIIRS,n,2,293.89,4.06,D,0
26.50873,68.10772,335.1,0.4,0.6,2024-12-27,917,N,VIIRS,n,2,294.84,2.44,D,0
26.51012,68.10734,331.46,0.4,0.6,2024-12-27,917,N,VIIRS,n,2,294.19,2.53,D,0
26.69281,67.98319,338.82,0.4,0.6,2024-12-27,917,N,VIIRS,n,2,294.46,2.94,D,0
26.69363,67.98293,351.55,0.39,0.6,2024-12-27,917,N,VIIRS,n,2,295.36,5.42,D,0
27.72029,69.11185,332.34,0.47,0.64,2024-12-27,917,N,VIIRS,n,2,293.6,1.97,D,0
27.7221,69.11253,333.15,0.47,0.64,2024-12-27,917,N,VIIRS,n,2,293.73,2.28,D,0
28.05865,69.17901,336.91,0.48,0.65,2024-12-27,917,N,VIIRS,n,2,295.0,3.86,D,0
28.06299,69.17663,351.39,0.48,0.65,2024-12-27,917,N,VIIRS,n,2,294.99,7.24,D,0
28.42711,69.70139,302.71,0.32,0.55,2024-12-27,2142,N,VIIRS,n,2,280.89,0.73,N,2
28.05416,69.36828,295.29,0.63,0.54,2024-12-27,2143,N,VIIRS,n,2,279.83,0.94,N,2
26.4157,67.91563,339.57,0.4,0.44,2024-12-28,858,N,VIIRS,n,2,300.04,3.18,D,0
26.51747,68.35384,334.15,0.42,0.46,2024-12-28,858,N,VIIRS,n,2,297.67,1.76,D,0
26.60954,68.10688,332.18,0.41,0.45,2024-12-28,858,N,VIIRS,n,2,298.38,2.61,D,0
26.61369,68.10632,336.05,0.41,0.45,2024-12-28,858,N,VIIRS,n,2,297.27,3.1,D,0
26.62793,67.90009,346.08,0.4,0.44,2024-12-28,858,N,VIIRS,n,2,301.02,5.14,D,0
26.63367,67.9862,333.87,0.41,0.45,2024-12-28,858,N,VIIRS,n,2,297.5,3.09,D,0
27.0033,68.45728,335.02,0.44,0.46,2024-12-28,858,N,VIIRS,n,2,296.1,2.96,D,0
27.12108,68.49442,339.24,0.44,0.46,2024-12-28,858,N,VIIRS,n,2,297.95,5.03,D,0
27.12234,68.49191,340.8,0.44,0.46,2024-12-28,858,N,VIIRS,n,2,298.39,7.83,D,0
27.33356,68.48693,338.22,0.44,0.46,2024-12-28,858,N,VIIRS,n,2,295.95,4.23,D,0
27.33517,68.48544,337.78,0.44,0.46,2024-12-28,858,N,VIIRS,n,2,295.02,4.45,D,0
27.37736,68.57319,339.35,0.45,0.47,2024-12-28,858,N,VIIRS,n,2,299.35,3.69,D,0
27.6214,68.37032,329.69,0.44,0.46,2024-12-28,858,N,VIIRS,n,2,300.58,1.72,D,0
27.71769,68.56147,338.83,0.45,0.47,2024-12-28,858,N,VIIRS,n,2,300.83,6.36,D,0
27.74583,69.52033,355.25,0.51,0.5,2024-12-28,858,N,VIIRS,n,2,297.66,10.84,D,0
27.93259,69.17249,345.23,0.49,0.49,2024-12-28,858,N,VIIRS,n,2,297.74,6.58,D,0
27.93391,69.17413,338.84,0.49,0.49,2024-12-28,859,N,VIIRS,n,2,297.55,4.96,D,0
27.96947,69.21092,331.43,0.5,0.49,2024-12-28,859,N,VIIRS,n,2,297.88,3.53,D,0
28.1563,69.65585,330.65,0.53,0.5,2024-12-28,859,N,VIIRS,n,2,297.31,2.17,D,0
28.24047,69.98464,332.13,0.56,0.51,2024-12-28,859,N,VIIRS,n,2,297.02,4.01,D,0
28.24065,69.98598,332.24,0.56,0.51,2024-12-28,859,N,VIIRS,n,2,297.47,4.56,D,0
28.2852,68.46752,341.11,0.45,0.47,2024-12-28,859,N,VIIRS,n,2,300.63,4.1,D,0
28.51567,69.93649,335.83,0.56,0.51,2024-12-28,859,N,VIIRS,n,2,296.25,5.45,D,0
29.018,70.39352,336.31,0.6,0.53,2024-12-28,859,N,VIIRS,n,2,297.72,10.82,D,0
29.021,70.38849,339.47,0.6,0.53,2024-12-28,859,N,VIIRS,n,2,296.33,5.8,D,0
28.42504,69.7008,309.06,0.53,0.42,2024-12-28,2124,N,VIIRS,n,2,281.12,1.31,N,2
26.27871,68.42155,330.64,0.4,0.37,2024-12-29,839,N,VIIRS,n,2,296.88,1.83,D,0
26.32443,68.41796,331.83,0.4,0.37,2024-12-29,839,N,VIIRS,n,2,297.57,2.35,D,0
26.3527,68.00542,332.22,0.39,0.36,2024-12-29,839,N,VIIRS,n,2,300.01,11.67,D,0
26.46276,68.43882,331.17,0.4,0.37,2024-12-29,839,N,VIIRS,n,2,296.5,3.04,D,0
26.4704,67.92852,330.74,0.39,0.36,2024-12-29,839,N,VIIRS,n,2,296.32,3.75,D,0
26.67354,67.90898,345.9,0.39,0.36,2024-12-29,839,N,VIIRS,n,2,299.82,8.11,D,0
26.70865,70.11209,340.28,0.45,0.39,2024-12-29,839,N,VIIRS,n,2,305.61,3.53,D,0
26.80573,67.81701,331.02,0.39,0.36,2024-12-29,839,N,VIIRS,n,2,294.31,1.91,D,0
26.80906,67.81641,331.33,0.39,0.36,2024-12-29,839,N,VIIRS,n,2,294.06,2.99,D,0
26.81113,67.94874,340.94,0.39,0.36,2024-12-29,839,N,VIIRS,n,2,295.57,5.34,D,0
26.86528,67.99152,330.4,0.39,0.36,2024-12-29,839,N,VIIRS,n,2,295.04,1.44,D,0
27.08715,68.39367,306.28,0.4,0.37,2024-12-29,839,N,VIIRS,l,2,313.13,40.43,D,0
27.08772,68.3977,333.43,0.4,0.37,2024-12-29,839,N,VIIRS,n,2,299.13,18.86,D,0
27.09109,68.39711,331.84,0.4,0.37,2024-12-29,839,N,VIIRS,n,2,295.15,18.86,D,0
27.39882,68.47819,344.71,0.4,0.37,2024-12-29,840,N,VIIRS,n,2,295.34,5.22,D,0
27.49613,68.45314,330.1,0.4,0.37,2024-12-29,840,N,VIIRS,n,2,295.85,2.6,D,0
27.58984,68.98581,329.61,0.42,0.38,2024-12-29,840,N,VIIRS,n,2,294.47,3.79,D,0
27.75359,68.65475,328.16,0.41,0.37,2024-12-29,840,N,VIIRS,n,2,299.94,2.61,D,0
27.82707,69.28224,330.41,0.43,0.38,2024-12-29,840,N,VIIRS,n,2,292.11,2.08,D,0
27.86376,69.07689,328.47,0.42,0.38,2024-12-29,840,N,VIIRS,n,2,293.15,1.68,D,0
27.94578,69.06841,330.12,0.42,0.38,2024-12-29,840,N,VIIRS,n,2,292.91,2.57,D,0
27.94658,69.37109,336.97,0.43,0.38,2024-12-29,840,N,VIIRS,n,2,293.79,4.4,D,0
28.07487,69.77242,330.87,0.45,0.39,2024-12-29,840,N,VIIRS,n,2,294.67,6.29,D,0
28.16722,70.17476,331.97,0.47,0.4,2024-12-29,840,N,VIIRS,n,2,290.52,3.06,D,0
28.29695,69.67091,333.32,0.45,0.39,2024-12-29,840,N,VIIRS,n,2,293.68,4.94,D,0
28.32091,69.89629,330.36,0.46,0.39,2024-12-29,840,N,VIIRS,n,2,291.93,1.73,D,0
28.32189,69.89835,335.52,0.46,0.39,2024-12-29,840,N,VIIRS,n,2,292.34,4.07,D,0
28.36267,69.93007,334.32,0.46,0.39,2024-12-29,840,N,VIIRS,n,2,291.83,2.82,D,0
28.43811,70.11658,334.53,0.47,0.4,2024-12-29,840,N,VIIRS,n,2,291.63,6.53,D,0
28.47018,69.98688,329.5,0.46,0.39,2024-12-29,840,N,VIIRS,n,2,292.39,2.8,D,0
28.60827,70.29659,330.39,0.48,0.4,2024-12-29,840,N,VIIRS,n,2,291.15,3.51,D,0
28.61195,70.29601,331.11,0.48,0.4,2024-12-29,840,N,VIIRS,n,2,289.0,3.51,D,0
29.02367,68.88126,344.73,0.43,0.38,2024-12-29,840,N,VIIRS,n,2,298.66,9.07,D,0
28.42569,69.70042,321.69,0.38,0.36,2024-12-29,2105,N,VIIRS,n,2,281.38,1.88,N,2
26.23588,68.68532,332.89,0.44,0.39,2024-12-30,820,N,VIIRS,n,2,294.51,3.22,D,0
26.32737,68.03828,330.42,0.47,0.4,2024-12-30,820,N,VIIRS,n,2,292.27,3.48,D,0
26.41089,68.44277,331.38,0.45,0.39,2024-12-30,820,N,VIIRS,n,2,295.91,7.79,D,0
26.42276,68.08984,331.31,0.47,0.39,2024-12-30,820,N,VIIRS,n,2,293.48,3.04,D,0
26.42336,68.092,334.24,0.47,0.39,2024-12-30,821,N,VIIRS,n,2,292.73,3.95,D,0
26.53688,68.20584,341.3,0.46,0.39,2024-12-30,821,N,VIIRS,n,2,295.58,11.96,D,0
26.73211,68.09917,327.98,0.46,0.39,2024-12-30,821,N,VIIRS,n,2,293.46,2.44,D,0
26.78144,67.93089,333.85,0.47,0.4,2024-12-30,821,N,VIIRS,n,2,297.52,8.09,D,0
26.83402,67.82804,331.4,0.47,0.4,2024-12-30,821,N,VIIRS,n,2,297.33,13.12,D,0
26.83764,67.82723,333.4,0.47,0.4,2024-12-30,821,N,VIIRS,n,2,297.3,13.12,D,0
26.89034,68.4001,337.38,0.45,0.39,2024-12-30,821,N,VIIRS,n,2,295.26,5.3,D,0
27.53389,68.47019,327.26,0.44,0.38,2024-12-30,821,N,VIIRS,n,2,286.04,2.31,D,0
27.60959,68.46826,333.78,0.44,0.38,2024-12-30,821,N,VIIRS,n,2,296.2,19.27,D,0
27.76802,68.43932,343.61,0.44,0.38,2024-12-30,821,N,VIIRS,n,2,287.96,6.33,D,0
27.87213,69.30099,330.06,0.41,0.37,2024-12-30,821,N,VIIRS,n,2,290.08,2.77,D,0
27.97659,69.17223,343.04,0.41,0.37,2024-12-30,821,N,VIIRS,n,2,286.66,4.74,D,0
27.97938,69.18883,330.65,0.41,0.37,2024-12-30,821,N,VIIRS,n,2,281.9,2.47,D,0
28.0475,68.29483,337.55,0.44,0.38,2024-12-30,821,N,VIIRS,n,2,292.11,8.61,D,0
28.24839,69.84423,331.74,0.4,0.37,2024-12-30,821,N,VIIRS,n,2,288.76,3.2,D,0
28.24987,69.84485,333.56,0.4,0.37,2024-12-30,821,N,VIIRS,n,2,287.28,2.62,D,0
28.05274,69.36713,297.9,0.54,0.42,2024-12-30,2046,N,VIIRS,n,2,280.78,0.69,N,2
28.42505,69.7015,295.61,0.52,0.42,2024-12-30,2046,N,VIIRS,n,2,279.89,0.69,N,2
26.28033,68.42747,338.84,0.54,0.51,2024-12-31,802,N,VIIRS,n,2,293.77,6.15,D,0
26.35264,68.56995,339.97,0.53,0.5,2024-12-31,802,N,VIIRS,n,2,294.06,5.56,D,0
26.43314,68.92651,336.39,0.5,0.49,2024-12-31,802,N,VIIRS,n,2,300.93,9.65,D,0
26.43419,68.93153,329.73,0.5,0.49,2024-12-31,802,N,VIIRS,n,2,301.32,10.87,D,0
26.44638,68.1092,339.19,0.56,0.52,2024-12-31,802,N,VIIRS,n,2,293.69,11.04,D,0
26.4481,68.11217,339.12,0.56,0.52,2024-12-31,802,N,VIIRS,n,2,294.31,8.58,D,0
26.46501,68.38141,327.03,0.54,0.51,2024-12-31,802,N,VIIRS,n,2,291.4,2.48,D,0
26.46961,68.38021,326.14,0.54,0.51,2024-12-31,802,N,VIIRS,n,2,291.78,2.48,D,0
26.74922,68.03533,330.64,0.56,0.51,2024-12-31,802,N,VIIRS,n,2,294.16,2.08,D,0
27.83666,69.25055,337.18,0.45,0.47,2024-12-31,802,N,VIIRS,n,2,278.22,7.41,D,0
27.83759,69.25509,338.57,0.45,0.47,2024-12-31,802,N,VIIRS,n,2,276.92,10.13,D,0
28.42414,69.69975,311.11,0.33,0.55,2024-12-31,2027,N,VIIRS,n,2,280.65,0.99,N,2
26.20379,68.60222,356.72,0.51,0.66,2025-01-01,743,N,VIIRS,l,2,289.38,10.25,D,0
26.20394,68.60378,367.0,0.51,0.66,2025-01-01,743,N,VIIRS,h,2,292.35,16.06,D,0
26.20504,68.60728,336.76,0.51,0.66,2025-01-01,743,N,VIIRS,n,2,287.34,11.07,D,0
26.33618,68.14851,326.44,0.54,0.68,2025-01-01,743,N,VIIRS,n,2,287.9,3.72,D,0
27.26453,68.43723,325.55,0.49,0.65,2025-01-01,743,N,VIIRS,n,2,290.03,2.25,D,0
27.65942,69.66096,331.21,0.41,0.61,2025-01-01,743,N,VIIRS,n,2,291.37,6.38,D,0
27.6604,69.66506,367.0,0.41,0.61,2025-01-01,743,N,VIIRS,h,2,296.26,12.1,D,0
27.32513,68.47817,338.17,0.54,0.68,2025-01-01,924,N,VIIRS,n,2,291.49,4.19,D,0
27.78335,69.07233,329.41,0.59,0.7,2025-01-01,924,N,VIIRS,n,2,286.1,3.27,D,0
27.88328,69.63799,332.75,0.64,0.72,2025-01-01,924,N,VIIRS,n,2,288.77,8.6,D,0
27.88857,69.63698,329.13,0.64,0.72,2025-01-01,924,N,VIIRS,n,2,288.1,4.24,D,0
26.45714,67.91601,332.02,0.5,0.49,2025-01-02,905,N,VIIRS,n,2,293.19,6.4,D,0
26.73399,70.33975,367.0,0.35,0.57,2025-01-02,905,N,VIIRS,h,2,305.09,4.66,D,0
27.76159,69.20923,339.1,0.62,0.54,2025-01-02,905,N,VIIRS,n,2,278.88,5.07,D,0
28.03183,69.30517,339.12,0.63,0.54,2025-01-02,905,N,VIIRS,n,2,286.18,12.13,D,0
28.03207,69.3,338.7,0.63,0.54,2025-01-02,905,N,VIIRS,n,2,287.59,5.78,D,0
28.07956,69.44803,329.79,0.32,0.55,2025-01-02,905,N,VIIRS,n,2,281.45,2.03,D,0
28.31387,69.98782,367.0,0.35,0.57,2025-01-02,905,N,VIIRS,h,2,292.16,5.5,D,0
28.3141,69.98481,335.5,0.35,0.57,2025-01-02,905,N,VIIRS,n,2,288.95,6.57,D,0
28.31441,69.98843,367.0,0.35,0.57,2025-01-02,905,N,VIIRS,h,2,291.54,10.76,D,0
28.31914,69.98729,327.86,0.35,0.57,2025-01-02,905,N,VIIRS,n,2,287.47,5.5,D,0
28.59617,70.35102,347.81,0.37,0.58,2025-01-02,905,N,VIIRS,n,2,280.73,7.61,D,0
28.79409,70.32531,330.27,0.37,0.58,2025-01-02,905,N,VIIRS,n,2,279.76,2.64,D,0
28.79439,70.32918,327.35,0.37,0.58,2025-01-02,905,N,VIIRS,n,2,280.29,2.64,D,0
28.42575,69.69959,304.78,0.43,0.46,2025-01-02,2130,N,VIIRS,n,2,277.57,0.83,N,2
26.56166,68.28403,330.64,0.44,0.38,2025-01-03,846,N,VIIRS,n,2,294.21,5.04,D,0
26.68563,68.10745,336.6,0.44,0.38,2025-01-03,846,N,VIIRS,n,2,293.57,5.65,D,0
26.9087,68.00225,340.88,0.43,0.38,2025-01-03,846,N,VIIRS,n,2,299.96,27.43,D,0
26.91384,68.14942,332.13,0.44,0.38,2025-01-03,846,N,VIIRS,n,2,292.43,3.35,D,0
26.92946,68.35185,330.6,0.45,0.39,2025-01-03,846,N,VIIRS,n,2,295.34,3.34,D,0
27.27977,68.3642,344.13,0.45,0.39,2025-01-03,846,N,VIIRS,n,2,292.46,4.93,D,0
27.35236,68.40584,330.38,0.45,0.39,2025-01-03,846,N,VIIRS,n,2,292.14,2.68,D,0
27.50419,68.26642,329.82,0.45,0.39,2025-01-03,846,N,VIIRS,n,2,291.43,3.63,D,0
27.50479,68.27096,330.19,0.45,0.39,2025-01-03,846,N,VIIRS,n,2,292.48,4.91,D,0
27.52035,68.41807,332.42,0.46,0.39,2025-01-03,846,N,VIIRS,n,2,294.86,4.11,D,0
27.52094,68.42268,333.29,0.46,0.39,2025-01-03,846,N,VIIRS,n,2,299.19,4.11,D,0
27.66987,68.36395,331.14,0.45,0.39,2025-01-03,846,N,VIIRS,n,2,294.04,1.83,D,0
27.77415,69.36359,330.74,0.51,0.41,2025-01-03,846,N,VIIRS,n,2,295.5,4.18,D,0
27.96745,68.4305,333.51,0.46,0.39,2025-01-03,846,N,VIIRS,n,2,292.23,3.65,D,0
27.96747,68.43388,332.45,0.46,0.39,2025-01-03,846,N,VIIRS,n,2,293.61,3.95,D,0
28.03157,69.17904,341.11,0.5,0.41,2025-01-03,846,N,VIIRS,n,2,297.11,7.32,D,0
28.03532,69.17847,345.03,0.5,0.41,2025-01-03,846,N,VIIRS,n,2,300.16,7.32,D,0
28.0472,69.18182,336.32,0.5,0.41,2025-01-03,846,N,VIIRS,n,2,297.83,16.22,D,0
28.05095,69.18126,331.5,0.5,0.41,2025-01-03,846,N,VIIRS,n,2,296.2,16.22,D,0
28.05158,69.18634,347.82,0.5,0.41,2025-01-03,846,N,VIIRS,n,2,309.8,16.22,D,0
28.05504,69.18285,343.09,0.5,0.41,2025-01-03,846,N,VIIRS,n,2,296.94,21.77,D,0
28.05533,69.18577,346.42,0.5,0.41,2025-01-03,846,N,VIIRS,n,2,300.08,28.56,D,0
28.44897,69.77773,329.81,0.54,0.42,2025-01-03,846,N,VIIRS,n,2,294.03,7.04,D,0
28.44963,69.78325,329.75,0.54,0.42,2025-01-03,846,N,VIIRS,n,2,292.72,7.04,D,0
28.44973,69.781,344.8,0.54,0.42,2025-01-03,846,N,VIIRS,n,2,295.23,12.01,D,0
28.46696,69.86338,329.97,0.55,0.42,2025-01-03,846,N,VIIRS,n,2,293.83,2.92,D,0
28.57042,70.1736,331.16,0.57,0.43,2025-01-03,846,N,VIIRS,n,2,294.15,3.31,D,0
28.72559,70.27586,331.0,0.38,0.44,2025-01-03,846,N,VIIRS,n,2,294.77,1.76,D,0
28.72658,70.27597,335.89,0.39,0.44,2025-01-03,846,N,VIIRS,n,2,295.19,1.78,D,0
28.80529,70.39483,349.97,0.39,0.44,2025-01-03,846,N,VIIRS,n,2,294.35,5.78,D,0
28.80885,70.31686,340.13,0.39,0.44,2025-01-03,846,N,VIIRS,n,2,293.71,4.84,D,0
28.88523,70.2653,339.06,0.39,0.44,2025-01-03,846,N,VIIRS,n,2,293.76,4.14,D,0
28.04308,69.18102,300.21,0.39,0.36,2025-01-03,2111,N,VIIRS,n,2,278.22,0.82,N,0
28.42599,69.70307,300.6,0.4,0.37,2025-01-03,2111,N,VIIRS,n,2,282.1,0.53,N,2
28.42668,69.69901,298.56,0.4,0.37,2025-01-03,2111,N,VIIRS,n,2,282.03,0.53,N,2
26.25643,67.90972,337.56,0.42,0.37,2025-01-04,827,N,VIIRS,n,2,297.81,4.31,D,0
26.2969,68.21425,330.54,0.41,0.37,2025-01-04,827,N,VIIRS,n,2,297.66,10.87,D,0
26.32542,68.13283,332.1,0.41,0.37,2025-01-04,827,N,VIIRS,n,2,294.42,2.42,D,0
26.52895,67.98637,337.58,0.41,0.37,2025-01-04,827,N,VIIRS,n,2,295.71,4.32,D,0
26.61486,68.01984,330.55,0.41,0.37,2025-01-04,827,N,VIIRS,n,2,295.2,1.72,D,0
26.68104,68.03698,332.85,0.41,0.37,2025-01-04,827,N,VIIRS,n,2,295.87,6.3,D,0
26.75292,68.02635,330.77,0.41,0.37,2025-01-04,827,N,VIIRS,n,2,296.69,2.01,D,0
26.96326,67.8399,338.56,0.41,0.37,2025-01-04,827,N,VIIRS,n,2,295.11,4.42,D,0
26.96657,67.9619,331.91,0.41,0.37,2025-01-04,827,N,VIIRS,n,2,298.29,3.31,D,0
26.96966,68.42432,332.04,0.4,0.37,2025-01-04,827,N,VIIRS,n,2,295.75,3.68,D,0
27.19476,68.38726,331.65,0.4,0.37,2025-01-04,827,N,VIIRS,n,2,293.81,2.53,D,0
27.39435,69.10344,334.83,0.39,0.36,2025-01-04,827,N,VIIRS,n,2,297.35,2.75,D,0
27.39971,68.53532,328.04,0.39,0.37,2025-01-04,827,N,VIIRS,n,2,294.86,1.85,D,0
27.45549,68.74035,328.33,0.39,0.36,2025-01-04,827,N,VIIRS,n,2,294.99,3.94,D,0
27.45612,68.74429,330.34,0.39,0.36,2025-01-04,827,N,VIIRS,n,2,295.33,3.94,D,0
27.79677,68.96824,327.84,0.39,0.36,2025-01-04,827,N,VIIRS,n,2,295.7,1.6,D,0
27.81148,69.23,339.64,0.39,0.36,2025-01-04,827,N,VIIRS,n,2,297.8,3.17,D,0
28.00821,69.67248,334.7,0.38,0.36,2025-01-04,827,N,VIIRS,n,2,296.08,4.54,D,0
28.00935,69.15161,331.99,0.39,0.36,2025-01-04,827,N,VIIRS,n,2,297.05,4.97,D,0
28.03012,69.17563,334.48,0.39,0.36,2025-01-04,827,N,VIIRS,n,2,303.53,5.89,D,0
28.03343,69.17497,334.04,0.39,0.36,2025-01-04,827,N,VIIRS,n,2,302.9,6.97,D,0
28.03673,69.17432,345.82,0.39,0.36,2025-01-04,827,N,VIIRS,n,2,303.52,6.97,D,0
28.04125,69.18147,340.92,0.39,0.36,2025-01-04,827,N,VIIRS,n,2,304.57,5.41,D,0
28.04637,69.1925,333.9,0.39,0.36,2025-01-04,827,N,VIIRS,n,2,305.28,4.63,D,0
28.04697,69.1964,356.68,0.39,0.36,2025-01-04,827,N,VIIRS,n,2,311.45,11.1,D,0
28.04758,69.20029,333.02,0.39,0.36,2025-01-04,827,N,VIIRS,n,2,297.25,11.1,D,0
28.04894,69.19198,301.08,0.39,0.36,2025-01-04,827,N,VIIRS,l,2,308.28,23.09,D,0
28.04955,69.19588,367.0,0.39,0.36,2025-01-04,827,N,VIIRS,l,2,328.08,40.17,D,0
28.05016,69.19978,333.24,0.39,0.36,2025-01-04,827,N,VIIRS,n,2,299.29,40.17,D,0
28.05042,69.17963,336.04,0.39,0.36,2025-01-04,827,N,VIIRS,n,2,302.41,5.97,D,0
28.05434,69.18288,337.05,0.39,0.36,2025-01-04,827,N,VIIRS,n,2,302.34,5.5,D,0
28.05848,69.31454,335.62,0.38,0.36,2025-01-04,827,N,VIIRS,n,2,296.6,2.19,D,0
28.09926,69.31856,330.87,0.38,0.36,2025-01-04,827,N,VIIRS,n,2,296.26,3.58,D,0
28.16392,69.8308,330.27,0.38,0.36,2025-01-04,827,N,VIIRS,n,2,295.37,2.86,D,0
28.18784,69.85427,345.71,0.38,0.36,2025-01-04,827,N,VIIRS,n,2,298.15,5.07,D,0
28.19114,69.85364,345.07,0.38,0.36,2025-01-04,827,N,VIIRS,n,2,298.41,9.56,D,0
28.22124,69.82782,338.26,0.38,0.36,2025-01-04,827,N,VIIRS,n,2,295.44,3.66,D,0
28.25625,69.85719,332.68,0.38,0.36,2025-01-04,827,N,VIIRS,n,2,296.05,2.31,D,0
28.28001,70.19831,332.94,0.39,0.36,2025-01-04,827,N,VIIRS,n,2,295.11,4.35,D,0
28.29102,69.7063,333.68,0.38,0.36,2025-01-04,827,N,VIIRS,n,2,294.52,2.77,D,0
28.2942,69.7498,330.66,0.38,0.36,2025-01-04,827,N,VIIRS,n,2,298.83,6.07,D,0
28.29443,69.66153,343.82,0.38,0.36,2025-01-04,827,N,VIIRS,n,2,298.67,6.29,D,0
28.35231,70.09222,346.2,0.39,0.36,2025-01-04,827,N,VIIRS,n,2,294.56,5.84,D,0
28.39373,69.96432,334.51,0.38,0.36,2025-01-04,827,N,VIIRS,n,2,295.07,3.01,D,0
28.42508,70.17594,343.91,0.39,0.36,2025-01-04,827,N,VIIRS,n,2,295.18,6.03,D,0
28.42555,69.70102,329.45,0.38,0.36,2025-01-04,827,N,VIIRS,n,2,296.34,1.86,D,2
28.44176,70.03568,334.9,0.39,0.36,2025-01-04,827,N,VIIRS,n,2,294.87,3.23,D,0
28.47809,70.16592,330.69,0.39,0.36,2025-01-04,827,N,VIIRS,n,2,294.32,2.28,D,0
28.48297,70.15288,340.88,0.39,0.36,2025-01-04,827,N,VIIRS,n,2,294.79,3.95,D,0
28.48628,70.15225,342.84,0.39,0.36,2025-01-04,827,N,VIIRS,n,2,292.92,4.14,D,0
28.48968,69.85766,333.93,0.38,0.36,2025-01-04,827,N,VIIRS,n,2,296.29,2.41,D,0
28.50208,70.12099,333.07,0.39,0.36,2025-01-04,827,N,VIIRS,n,2,299.85,11.2,D,0
28.51725,68.7198,346.54,0.39,0.36,2025-01-04,827,N,VIIRS,n,2,300.01,5.87,D,0
28.53681,70.17528,343.04,0.39,0.36,2025-01-04,827,N,VIIRS,n,2,298.02,8.42,D,0
28.55934,70.00544,332.86,0.39,0.36,2025-01-04,827,N,VIIRS,n,2,298.09,6.37,D,0
28.55993,70.00935,332.77,0.39,0.36,2025-01-04,827,N,VIIRS,n,2,294.07,6.37,D,0
28.57105,67.72302,341.86,0.4,0.37,2025-01-04,827,N,VIIRS,n,2,299.39,5.57,D,0
28.66135,70.17201,330.8,0.39,0.36,2025-01-04,827,N,VIIRS,n,2,295.1,3.07,D,0
28.75174,70.27672,330.69,0.39,0.36,2025-01-04,827,N,VIIRS,n,2,293.31,4.48,D,0
28.75768,70.27589,332.06,0.39,0.36,2025-01-04,827,N,VIIRS,n,2,294.36,2.12,D,0
28.4265,69.69991,306.77,0.44,0.39,2025-01-04,2052,N,VIIRS,n,2,282.09,1.75,N,2
26.42221,68.46021,295.97,0.48,0.4,2025-01-04,2053,N,VIIRS,n,2,279.95,0.48,N,0
26.45145,68.52353,295.56,0.47,0.4,2025-01-04,2053,N,VIIRS,n,2,281.14,0.59,N,0
26.75547,67.95516,328.91,0.46,0.47,2025-01-05,808,N,VIIRS,n,2,295.13,2.96,D,0
26.8414,68.23779,329.56,0.44,0.46,2025-01-05,808,N,VIIRS,n,2,294.77,1.94,D,0
27.46663,68.50203,340.43,0.41,0.45,2025-01-05,808,N,VIIRS,n,2,295.51,3.2,D,0
27.47071,68.50102,328.15,0.41,0.45,2025-01-05,808,N,VIIRS,n,2,294.28,3.2,D,0
27.60074,68.99502,335.27,0.38,0.44,2025-01-05,808,N,VIIRS,n,2,294.95,1.71,D,0
27.8835,69.27406,332.76,0.55,0.43,2025-01-05,808,N,VIIRS,n,2,294.32,2.9,D,0
28.03807,69.17007,328.51,0.56,0.43,2025-01-05,808,N,VIIRS,n,2,298.13,4.84,D,0
28.3358,70.04709,333.22,0.5,0.41,2025-01-05,808,N,VIIRS,n,2,294.79,3.44,D,0
28.19924,67.66185,340.18,0.44,0.46,2025-01-05,809,N,VIIRS,n,2,300.14,10.19,D,0
28.20345,67.66076,340.92,0.44,0.46,2025-01-05,809,N,VIIRS,n,2,300.11,10.19,D,0
28.26954,67.71042,347.03,0.44,0.46,2025-01-05,809,N,VIIRS,n,2,299.22,10.86,D,0
28.27374,67.70934,334.85,0.44,0.46,2025-01-05,809,N,VIIRS,n,2,297.64,4.63,D,0
28.35468,69.76838,331.8,0.51,0.41,2025-01-05,809,N,VIIRS,n,2,294.92,3.98,D,0
28.46336,69.95286,335.37,0.5,0.41,2025-01-05,809,N,VIIRS,n,2,294.53,5.73,D,0
28.496,70.0239,330.7,0.5,0.41,2025-01-05,809,N,VIIRS,n,2,294.67,2.85,D,0
28.79616,70.28138,332.41,0.48,0.4,2025-01-05,809,N,VIIRS,n,2,296.47,4.95,D,0
28.81196,70.36822,338.4,0.47,0.4,2025-01-05,809,N,VIIRS,n,2,296.83,4.36,D,0
28.84704,70.23219,330.38,0.48,0.4,2025-01-05,809,N,VIIRS,n,2,295.83,4.84,D,0
28.91032,68.27863,339.93,0.4,0.44,2025-01-05,809,N,VIIRS,n,2,300.62,3.03,D,0
28.94959,70.30121,332.27,0.47,0.4,2025-01-05,809,N,VIIRS,n,2,299.6,7.65,D,0
28.94991,67.8505,338.86,0.42,0.45,2025-01-05,809,N,VIIRS,n,2,296.69,4.02,D,0
28.95097,70.3037,343.69,0.47,0.4,2025-01-05,809,N,VIIRS,n,2,297.52,11.54,D,0
29.00644,70.32298,339.64,0.47,0.4,2025-01-05,809,N,VIIRS,n,2,298.48,12.15,D,0
28.05337,69.36883,297.83,0.54,0.51,2025-01-05,2034,N,VIIRS,n,2,280.72,0.79,N,2
28.42724,69.70007,297.22,0.52,0.5,2025-01-05,2034,N,VIIRS,n,2,280.54,1.11,N,2
26.30014,68.08636,329.26,0.44,0.62,2025-01-06,749,N,VIIRS,n,2,294.62,3.01,D,0
26.30267,68.20502,328.78,0.43,0.62,2025-01-06,749,N,VIIRS,n,2,293.72,2.78,D,0
26.30487,68.20492,335.23,0.43,0.62,2025-01-06,749,N,VIIRS,n,2,294.37,2.57,D,0
26.53491,68.87659,334.35,0.39,0.59,2025-01-06,749,N,VIIRS,n,2,296.19,3.19,D,0
26.58671,68.06199,328.66,0.43,0.62,2025-01-06,749,N,VIIRS,n,2,294.81,1.89,D,0
26.64298,67.76854,327.54,0.45,0.63,2025-01-06,749,N,VIIRS,n,2,294.54,2.68,D,0
26.64363,67.77236,333.4,0.45,0.63,2025-01-06,749,N,VIIRS,n,2,295.69,3.64,D,0
26.96189,68.5112,349.0,0.4,0.6,2025-01-06,749,N,VIIRS,n,2,300.6,5.92,D,0
27.20222,68.62364,342.05,0.39,0.59,2025-01-06,750,N,VIIRS,n,2,297.42,4.15,D,0
27.24214,68.35407,328.12,0.4,0.6,2025-01-06,750,N,VIIRS,n,2,293.59,2.21,D,0
27.46826,68.43223,367.0,0.39,0.6,2025-01-06,750,N,VIIRS,h,2,300.34,14.86,D,0
27.46878,68.43191,367.0,0.39,0.6,2025-01-06,750,N,VIIRS,h,2,300.24,14.72,D,0
27.4723,68.52332,367.0,0.39,0.59,2025-01-06,750,N,VIIRS,h,2,297.88,7.0,D,0
27.47321,68.52723,335.4,0.39,0.59,2025-01-06,750,N,VIIRS,n,2,295.13,7.0,D,0
27.47335,68.52271,367.0,0.39,0.59,2025-01-06,750,N,VIIRS,h,2,296.4,7.21,D,0
27.47429,68.5266,341.19,0.39,0.59,2025-01-06,750,N,VIIRS,n,2,295.13,7.21,D,0
27.61165,68.91454,337.26,0.37,0.58,2025-01-06,750,N,VIIRS,n,2,298.25,2.32,D,0
27.64713,68.38316,338.8,0.39,0.6,2025-01-06,750,N,VIIRS,n,2,295.73,1.87,D,0
27.69343,68.40507,326.92,0.39,0.59,2025-01-06,750,N,VIIRS,l,2,297.14,2.15,D,0
27.79909,68.22055,352.35,0.4,0.6,2025-01-06,750,N,VIIRS,n,2,295.64,4.56,D,0
27.94196,69.32158,336.18,0.34,0.56,2025-01-06,750,N,VIIRS,n,2,294.73,2.95,D,0
27.97205,69.09665,346.5,0.35,0.57,2025-01-06,750,N,VIIRS,n,2,295.28,4.52,D,0
28.05675,69.43872,350.68,0.33,0.56,2025-01-06,750,N,VIIRS,n,2,296.51,3.53,D,0
28.14126,69.46629,336.49,0.33,0.55,2025-01-06,750,N,VIIRS,n,2,295.58,2.99,D,0
28.14261,69.46384,331.93,0.33,0.55,2025-01-06,750,N,VIIRS,n,2,294.73,3.06,D,0
28.16518,67.65702,345.54,0.42,0.61,2025-01-06,750,N,VIIRS,n,2,297.06,4.47,D,0
28.19492,67.65708,326.36,0.42,0.61,2025-01-06,750,N,VIIRS,l,2,297.84,2.87,D,0
28.32921,70.2214,334.39,0.59,0.53,2025-01-06,750,N,VIIRS,n,2,293.07,5.49,D,0
28.35642,70.09238,337.05,0.6,0.53,2025-01-06,750,N,VIIRS,n,2,294.49,8.75,D,0
28.36628,69.7173,340.03,0.63,0.54,2025-01-06,750,N,VIIRS,n,2,296.51,10.41,D,0
28.4101,69.86585,333.11,0.62,0.54,2025-01-06,750,N,VIIRS,n,2,295.16,4.26,D,0
28.4321,67.50067,337.16,0.42,0.61,2025-01-06,750,N,VIIRS,n,2,301.07,1.99,D,0
28.45131,70.21011,331.01,0.59,0.53,2025-01-06,750,N,VIIRS,n,2,295.78,3.63,D,0
28.59906,70.05984,336.28,0.6,0.53,2025-01-06,750,N,VIIRS,n,2,295.88,4.94,D,0
28.60222,70.0631,329.68,0.6,0.53,2025-01-06,750,N,VIIRS,n,2,295.31,2.73,D,0
28.65173,70.28216,332.57,0.58,0.52,2025-01-06,750,N,VIIRS,n,2,293.79,3.97,D,0
28.65241,67.73093,337.14,0.41,0.6,2025-01-06,750,N,VIIRS,n,2,300.11,2.31,D,0
26.33232,68.73325,335.68,0.68,0.74,2025-01-06,930,N,VIIRS,n,2,295.46,6.06,D,0
26.36575,68.09937,331.07,0.63,0.72,2025-01-06,930,N,VIIRS,n,2,295.62,7.77,D,0
27.7188,68.55482,327.18,0.69,0.74,2025-01-06,930,N,VIIRS,n,2,294.45,4.76,D,0
27.93034,67.59078,347.31,0.6,0.71,2025-01-06,930,N,VIIRS,n,2,296.41,6.01,D,0
27.93069,67.59708,328.99,0.6,0.71,2025-01-06,930,N,VIIRS,n,2,295.3,6.01,D,0
28.19545,67.6594,349.1,0.61,0.71,2025-01-06,930,N,VIIRS,n,2,299.57,8.06,D,0
28.42317,69.70148,301.51,0.5,0.66,2025-01-06,2155,N,VIIRS,n,2,280.76,1.15,N,2
28.42428,69.70331,296.57,0.5,0.66,2025-01-06,2155,N,VIIRS,n,2,280.46,1.13,N,2
27.9806,69.2068,335.52,0.65,0.73,2025-01-07,731,N,VIIRS,n,2,295.86,4.94,D,0
28.33892,69.98505,333.27,0.58,0.7,2025-01-07,731,N,VIIRS,n,2,293.95,4.37,D,0
28.54463,69.98647,330.14,0.57,0.69,2025-01-07,731,N,VIIRS,n,2,294.42,2.63,D,0
28.5637,70.34169,344.77,0.54,0.68,2025-01-07,731,N,VIIRS,n,2,294.44,9.53,D,0
28.59873,70.08375,328.31,0.56,0.69,2025-01-07,731,N,VIIRS,n,2,295.46,2.7,D,0
28.61131,70.39738,347.42,0.54,0.68,2025-01-07,731,N,VIIRS,n,2,296.25,10.01,D,0
28.61402,70.39301,347.04,0.54,0.68,2025-01-07,731,N,VIIRS,n,2,295.82,10.9,D,0
28.65854,67.74474,332.17,0.76,0.77,2025-01-07,731,N,VIIRS,n,2,296.47,4.16,D,0
28.6618,67.74448,339.11,0.76,0.77,2025-01-07,731,N,VIIRS,n,2,295.79,6.72,D,0
28.74206,70.25845,338.26,0.55,0.68,2025-01-07,731,N,VIIRS,n,2,296.83,5.5,D,0
28.74352,70.26397,327.03,0.54,0.68,2025-01-07,731,N,VIIRS,n,2,295.71,5.5,D,0
26.33229,68.137,348.06,0.32,0.55,2025-01-07,911,N,VIIRS,n,2,297.31,4.84,D,0
26.33258,68.14026,348.59,0.32,0.55,2025-01-07,911,N,VIIRS,n,2,296.95,6.71,D,0
26.38544,68.21418,340.32,0.32,0.55,2025-01-07,911,N,VIIRS,n,2,296.1,2.71,D,0
26.43181,68.55491,351.81,0.34,0.56,2025-01-07,911,N,VIIRS,n,2,296.98,3.45,D,0
26.44563,68.10965,332.65,0.32,0.55,2025-01-07,911,N,VIIRS,n,2,296.42,2.38,D,0
26.45479,68.39113,334.35,0.33,0.56,2025-01-07,911,N,VIIRS,n,2,296.24,1.32,D,0
26.4783,68.30335,350.2,0.33,0.55,2025-01-07,911,N,VIIRS,n,2,303.85,26.02,D,0
26.5403,68.21468,367.0,0.33,0.55,2025-01-07,911,N,VIIRS,h,2,298.04,6.06,D,0
26.55809,68.30063,351.87,0.33,0.55,2025-01-07,911,N,VIIRS,n,2,297.44,3.78,D,0
27.33637,68.32336,328.53,0.34,0.56,2025-01-07,911,N,VIIRS,n,2,294.89,1.58,D,0
27.55653,69.02443,333.44,0.38,0.58,2025-01-07,911,N,VIIRS,n,2,295.7,3.36,D,0
27.74154,68.73034,334.38,0.36,0.57,2025-01-07,911,N,VIIRS,n,2,295.0,1.7,D,0
27.74422,68.72884,332.34,0.36,0.57,2025-01-07,911,N,VIIRS,n,2,294.6,2.03,D,0
27.90664,69.32629,367.0,0.39,0.6,2025-01-07,911,N,VIIRS,h,2,296.73,7.67,D,0
27.96032,69.66847,341.42,0.41,0.61,2025-01-07,911,N,VIIRS,n,2,295.27,4.86,D,0
28.00982,67.61257,340.17,0.62,0.54,2025-01-07,911,N,VIIRS,n,2,297.66,8.89,D,0
28.01039,67.619,339.59,0.62,0.54,2025-01-07,911,N,VIIRS,n,2,296.3,7.07,D,0
28.04138,69.65665,334.67,0.42,0.61,2025-01-07,911,N,VIIRS,n,2,297.59,3.28,D,0
28.04705,69.65615,347.39,0.42,0.61,2025-01-07,911,N,VIIRS,n,2,294.76,6.5,D,0
28.05136,69.40813,367.0,0.4,0.6,2025-01-07,911,N,VIIRS,h,2,297.37,6.25,D,0
28.1162,70.0529,353.47,0.44,0.62,2025-01-07,911,N,VIIRS,n,2,298.01,6.48,D,0
28.25914,67.58829,355.84,0.62,0.54,2025-01-07,911,N,VIIRS,n,2,300.79,24.12,D,0
28.25999,67.59034,367.0,0.62,0.54,2025-01-07,911,N,VIIRS,h,2,302.26,27.41,D,0
28.31969,69.80511,367.0,0.43,0.62,2025-01-07,911,N,VIIRS,h,2,297.68,12.46,D,0
28.4502,70.09109,341.45,0.45,0.63,2025-01-07,911,N,VIIRS,n,2,294.85,5.88,D,0
28.45146,70.09063,342.05,0.44,0.63,2025-01-07,911,N,VIIRS,n,2,294.81,4.35,D,0
28.92132,70.34827,354.31,0.47,0.64,2025-01-07,912,N,VIIRS,n,2,296.16,5.01,D,0
28.42304,69.69912,295.74,0.53,0.5,2025-01-07,2136,N,VIIRS,n,2,278.35,1.65,N,2
26.35611,68.37908,330.64,0.52,0.42,2025-01-08,852,N,VIIRS,n,2,297.71,3.38,D,0
26.48913,68.31766,331.93,0.52,0.42,2025-01-08,852,N,VIIRS,n,2,300.85,6.37,D,0
26.49296,68.31709,336.99,0.52,0.42,2025-01-08,852,N,VIIRS,n,2,298.91,6.37,D,0
26.52265,68.87138,342.51,0.56,0.43,2025-01-08,852,N,VIIRS,n,2,302.98,29.26,D,0
26.60641,68.14396,330.98,0.51,0.41,2025-01-08,852,N,VIIRS,n,2,298.79,4.57,D,0
26.60913,68.3616,339.31,0.53,0.42,2025-01-08,852,N,VIIRS,n,2,300.31,10.47,D,0
26.64649,67.99998,330.75,0.5,0.41,2025-01-08,852,N,VIIRS,n,2,298.41,6.83,D,0
26.64681,68.00251,333.39,0.5,0.41,2025-01-08,852,N,VIIRS,n,2,300.39,6.98,D,0
26.65026,67.9994,332.26,0.5,0.41,2025-01-08,852,N,VIIRS,n,2,299.03,7.16,D,0
26.65059,68.00195,334.38,0.5,0.41,2025-01-08,852,N,VIIRS,n,2,298.93,8.75,D,0
26.75663,70.12868,344.29,0.44,0.46,2025-01-08,852,N,VIIRS,n,2,308.84,6.91,D,0
26.83542,68.23179,330.95,0.52,0.42,2025-01-08,852,N,VIIRS,n,2,298.17,4.42,D,0
26.83809,67.99935,345.46,0.51,0.41,2025-01-08,852,N,VIIRS,n,2,296.43,7.19,D,0
26.89437,68.39597,345.7,0.53,0.42,2025-01-08,852,N,VIIRS,n,2,301.42,13.26,D,0
26.95711,67.84444,339.49,0.5,0.41,2025-01-08,852,N,VIIRS,n,2,298.3,8.95,D,0
27.53971,68.41019,340.09,0.54,0.42,2025-01-08,852,N,VIIRS,n,2,297.56,8.39,D,0
27.54858,69.31323,342.96,0.4,0.45,2025-01-08,852,N,VIIRS,n,2,301.64,4.16,D,0
27.55026,69.31188,340.78,0.4,0.44,2025-01-08,852,N,VIIRS,n,2,302.47,3.46,D,0
27.5743,68.36378,347.67,0.54,0.42,2025-01-08,852,N,VIIRS,n,2,292.32,14.06,D,0
27.65488,68.44176,329.01,0.54,0.42,2025-01-08,852,N,VIIRS,n,2,294.0,2.17,D,0
27.79056,68.96781,330.24,0.39,0.44,2025-01-08,852,N,VIIRS,n,2,299.08,2.13,D,0
27.95028,68.99817,339.68,0.39,0.44,2025-01-08,852,N,VIIRS,n,2,289.81,3.65,D,0
27.96079,67.58337,337.45,0.5,0.41,2025-01-08,852,N,VIIRS,n,2,297.29,6.2,D,0
27.96828,67.58223,332.52,0.5,0.41,2025-01-08,852,N,VIIRS,n,2,294.78,4.43,D,0
28.3305,69.91975,346.27,0.45,0.47,2025-01-08,852,N,VIIRS,n,2,295.94,5.2,D,0
28.48456,70.20155,339.68,0.47,0.47,2025-01-08,853,N,VIIRS,n,2,296.57,9.38,D,0
28.62908,70.00888,332.6,0.46,0.47,2025-01-08,853,N,VIIRS,n,2,292.26,2.01,D,0
29.05562,70.37699,340.15,0.49,0.48,2025-01-08,853,N,VIIRS,n,2,299.24,4.58,D,0
29.0578,70.37828,347.94,0.48,0.48,2025-01-08,853,N,VIIRS,n,2,297.79,7.33,D,0
26.30501,68.99821,332.9,0.39,0.36,2025-01-09,833,N,VIIRS,n,2,301.78,4.05,D,0
26.41879,68.36214,332.13,0.38,0.36,2025-01-09,833,N,VIIRS,n,2,300.15,2.45,D,0
26.63319,67.95023,339.72,0.39,0.36,2025-01-09,833,N,VIIRS,n,2,298.96,13.71,D,0
26.64552,67.98764,331.96,0.39,0.36,2025-01-09,833,N,VIIRS,n,2,296.99,2.21,D,0
26.77249,67.86777,340.18,0.39,0.36,2025-01-09,833,N,VIIRS,n,2,299.15,3.64,D,0
26.78418,68.00843,334.45,0.38,0.36,2025-01-09,833,N,VIIRS,n,2,295.53,3.17,D,0
26.97016,67.81024,331.22,0.39,0.36,2025-01-09,833,N,VIIRS,n,2,296.71,2.02,D,0
27.00204,67.83987,330.33,0.39,0.36,2025-01-09,833,N,VIIRS,n,2,298.35,6.93,D,0
27.17799,68.36609,334.77,0.38,0.36,2025-01-09,833,N,VIIRS,n,2,298.85,2.96,D,0
27.32969,68.58763,330.58,0.38,0.36,2025-01-09,833,N,VIIRS,n,2,297.33,2.22,D,0
27.56612,68.44821,332.55,0.38,0.36,2025-01-09,833,N,VIIRS,n,2,298.44,3.47,D,0
27.65202,69.07294,333.22,0.39,0.36,2025-01-09,833,N,VIIRS,n,2,296.41,1.86,D,0
27.65534,69.07233,335.93,0.39,0.36,2025-01-09,833,N,VIIRS,n,2,297.95,5.57,D,0
27.66016,68.37471,332.27,0.38,0.36,2025-01-09,834,N,VIIRS,n,2,297.69,2.43,D,0
27.6836,68.35425,344.04,0.38,0.36,2025-01-09,834,N,VIIRS,n,2,301.1,7.11,D,0
27.6869,68.35361,339.1,0.38,0.36,2025-01-09,834,N,VIIRS,n,2,297.28,7.11,D,0
27.71354,68.80038,330.57,0.39,0.36,2025-01-09,834,N,VIIRS,n,2,302.63,2.05,D,0
27.74806,69.15259,337.45,0.39,0.36,2025-01-09,834,N,VIIRS,n,2,303.43,8.71,D,0
27.75139,69.15198,339.24,0.39,0.36,2025-01-09,834,N,VIIRS,n,2,299.15,8.71,D,0
27.86559,69.55622,338.15,0.4,0.37,2025-01-09,834,N,VIIRS,n,2,297.65,3.34,D,0
27.94684,69.05574,333.29,0.39,0.36,2025-01-09,834,N,VIIRS,n,2,299.3,2.89,D,0
27.96425,69.41547,332.54,0.39,0.37,2025-01-09,834,N,VIIRS,n,2,298.83,5.55,D,0
27.97499,69.2743,331.8,0.39,0.36,2025-01-09,834,N,VIIRS,n,2,297.31,2.39,D,0
28.00155,69.06601,340.1,0.39,0.36,2025-01-09,834,N,VIIRS,n,2,297.88,4.97,D,0
28.0695,69.59874,332.41,0.4,0.37,2025-01-09,834,N,VIIRS,n,2,297.71,3.88,D,0
28.06953,69.25312,333.08,0.39,0.36,2025-01-09,834,N,VIIRS,n,2,298.4,3.28,D,0
28.07389,69.40405,337.37,0.4,0.37,2025-01-09,834,N,VIIRS,n,2,298.52,5.11,D,0
28.07724,69.40343,339.88,0.4,0.37,2025-01-09,834,N,VIIRS,n,2,297.97,5.11,D,0
28.14054,69.43731,330.79,0.4,0.37,2025-01-09,834,N,VIIRS,n,2,296.86,2.15,D,0
28.22779,69.65511,331.71,0.4,0.37,2025-01-09,834,N,VIIRS,n,2,298.59,2.1,D,0
28.29674,69.75163,336.6,0.4,0.37,2025-01-09,834,N,VIIRS,n,2,298.3,2.4,D,0
28.33376,69.84236,346.09,0.41,0.37,2025-01-09,834,N,VIIRS,n,2,301.29,11.1,D,0
28.3345,70.20042,335.64,0.41,0.37,2025-01-09,834,N,VIIRS,n,2,296.57,3.9,D,0
28.33793,70.19982,333.99,0.41,0.37,2025-01-09,834,N,VIIRS,n,2,294.55,3.9,D,0
28.35819,69.59447,330.15,0.4,0.37,2025-01-09,834,N,VIIRS,n,2,295.61,2.79,D,0
28.52145,70.2476,331.94,0.42,0.37,2025-01-09,834,N,VIIRS,n,2,300.01,4.0,D,0
28.52489,70.247,332.74,0.42,0.37,2025-01-09,834,N,VIIRS,n,2,296.96,4.0,D,0
28.5913,70.04562,330.82,0.41,0.37,2025-01-09,834,N,VIIRS,n,2,295.99,4.67,D,0
28.70337,70.04905,332.13,0.41,0.37,2025-01-09,834,N,VIIRS,n,2,295.04,2.99,D,0
27.32954,69.0006,297.31,0.41,0.37,2025-01-09,2059,N,VIIRS,n,2,281.35,0.69,N,0
28.0636,68.85778,298.61,0.42,0.37,2025-01-09,2059,N,VIIRS,n,2,283.08,0.63,N,0
28.1229,68.3525,298.43,0.43,0.38,2025-01-09,2059,N,VIIRS,n,2,281.16,0.45,N,0
28.42305,69.70211,297.05,0.4,0.37,2025-01-09,2059,N,VIIRS,n,2,282.8,0.48,N,2
26.26285,68.87282,336.14,0.51,0.41,2025-01-10,814,N,VIIRS,n,2,300.36,6.88,D,0
26.29335,68.57969,339.43,0.53,0.42,2025-01-10,814,N,VIIRS,n,2,294.05,13.82,D,0
26.63617,67.98058,334.1,0.56,0.43,2025-01-10,814,N,VIIRS,n,2,294.17,10.76,D,0
27.2755,69.06552,330.71,0.48,0.4,2025-01-10,815,N,VIIRS,n,2,296.6,5.96,D,0
27.30747,68.30663,326.55,0.52,0.42,2025-01-10,815,N,VIIRS,n,2,292.1,1.62,D,0
27.30911,68.30444,331.95,0.52,0.42,2025-01-10,815,N,VIIRS,n,2,292.37,3.85,D,0
27.60661,68.98187,340.04,0.48,0.4,2025-01-10,815,N,VIIRS,n,2,300.21,12.33,D,0
27.78208,68.70621,330.61,0.49,0.4,2025-01-10,815,N,VIIRS,n,2,293.71,2.89,D,0
27.92514,67.57539,326.69,0.56,0.43,2025-01-10,815,N,VIIRS,n,2,294.99,4.61,D,0
28.04357,69.32558,343.0,0.46,0.39,2025-01-10,815,N,VIIRS,n,2,297.89,9.08,D,0
28.04456,69.32303,333.19,0.46,0.39,2025-01-10,815,N,VIIRS,n,2,298.17,6.49,D,0
28.08491,69.15371,327.98,0.47,0.39,2025-01-10,815,N,VIIRS,n,2,295.19,2.46,D,0
28.08851,69.15289,329.65,0.47,0.39,2025-01-10,815,N,VIIRS,n,2,299.25,22.66,D,0
28.08935,69.1576,327.73,0.47,0.39,2025-01-10,815,N,VIIRS,n,2,296.21,22.66,D,0
28.09581,69.21464,332.41,0.46,0.39,2025-01-10,815,N,VIIRS,n,2,295.46,3.6,D,0
28.34953,70.37439,339.44,0.42,0.38,2025-01-10,815,N,VIIRS,n,2,295.77,4.49,D,0
28.35295,70.37365,340.46,0.42,0.38,2025-01-10,815,N,VIIRS,n,2,294.17,5.84,D,0
28.41106,70.07822,330.06,0.43,0.38,2025-01-10,815,N,VIIRS,n,2,294.13,3.18,D,0
28.41181,70.08253,331.27,0.43,0.38,2025-01-10,815,N,VIIRS,n,2,296.53,6.36,D,0
28.58773,70.18288,330.12,0.42,0.38,2025-01-10,815,N,VIIRS,n,2,294.36,1.88,D,0
28.42655,69.69952,296.23,0.42,0.45,2025-01-10,2040,N,VIIRS,n,2,282.01,0.67,N,2
26.43106,67.93737,297.35,0.51,0.49,2025-01-10,2041,N,VIIRS,n,2,279.96,0.7,N,0
26.43109,67.93891,304.08,0.51,0.49,2025-01-10,2041,N,VIIRS,n,2,280.15,1.04,N,0
26.70333,67.66865,295.86,0.53,0.5,2025-01-10,2041,N,VIIRS,n,2,280.53,0.64,N,0
26.2918,68.57159,340.11,0.33,0.55,2025-01-11,756,N,VIIRS,n,2,297.14,4.5,D,0
26.29301,68.56934,345.62,0.33,0.55,2025-01-11,756,N,VIIRS,n,2,295.85,4.81,D,0
26.47043,67.93892,329.66,0.36,0.57,2025-01-11,756,N,VIIRS,n,2,296.14,1.8,D,0
26.47407,67.93482,347.49,0.36,0.57,2025-01-11,756,N,VIIRS,n,2,295.9,3.95,D,0
26.4756,67.93748,333.87,0.36,0.57,2025-01-11,756,N,VIIRS,n,2,296.57,3.28,D,0
26.62394,68.10698,330.22,0.35,0.56,2025-01-11,756,N,VIIRS,n,2,294.4,2.7,D,0
26.70484,68.08084,338.8,0.35,0.56,2025-01-11,756,N,VIIRS,n,2,295.71,2.99,D,0
26.98671,68.52731,352.93,0.32,0.55,2025-01-11,756,N,VIIRS,n,2,297.49,3.69,D,0
27.0013,67.84438,356.41,0.35,0.57,2025-01-11,756,N,VIIRS,n,2,297.42,3.82,D,0
27.00153,67.84336,355.46,0.35,0.57,2025-01-11,756,N,VIIRS,n,2,297.23,7.43,D,0
27.00235,67.84686,342.58,0.35,0.57,2025-01-11,756,N,VIIRS,n,2,296.12,8.99,D,0
27.00644,67.84291,350.94,0.35,0.57,2025-01-11,756,N,VIIRS,n,2,293.85,3.82,D,0
27.01118,67.86395,367.0,0.35,0.57,2025-01-11,756,N,VIIRS,h,2,298.85,4.77,D,0
27.01154,67.86288,357.28,0.35,0.57,2025-01-11,756,N,VIIRS,n,2,298.79,4.33,D,0
27.22762,68.55489,339.39,0.63,0.54,2025-01-11,756,N,VIIRS,n,2,296.47,6.62,D,0
27.30682,68.34977,343.55,0.32,0.55,2025-01-11,756,N,VIIRS,n,2,295.41,3.51,D,0
27.33805,68.30509,329.83,0.32,0.55,2025-01-11,756,N,VIIRS,n,2,294.92,1.35,D,0
27.42824,68.63457,331.68,0.62,0.54,2025-01-11,756,N,VIIRS,n,2,295.73,4.25,D,0
27.9267,67.55384,356.8,0.35,0.57,2025-01-11,756,N,VIIRS,n,2,297.28,7.21,D,0
27.92695,67.55506,367.0,0.35,0.57,2025-01-11,756,N,VIIRS,h,2,299.65,12.81,D,0
27.92752,67.55735,350.86,0.35,0.57,2025-01-11,756,N,VIIRS,n,2,295.68,7.21,D,0
27.93054,69.17262,327.59,0.56,0.52,2025-01-11,756,N,VIIRS,n,2,295.59,2.44,D,0
27.93182,67.55237,326.95,0.35,0.57,2025-01-11,756,N,VIIRS,n,2,292.23,1.84,D,0
27.9394,67.56139,348.72,0.35,0.57,2025-01-11,756,N,VIIRS,n,2,295.72,3.92,D,0
27.97472,69.09837,326.33,0.56,0.52,2025-01-11,756,N,VIIRS,n,2,293.58,3.43,D,0
27.9916,67.5984,357.59,0.35,0.56,2025-01-11,756,N,VIIRS,n,2,295.64,3.95,D,0
28.32009,69.95263,332.47,0.5,0.49,2025-01-11,756,N,VIIRS,n,2,293.45,4.13,D,0
28.35488,69.81938,329.46,0.5,0.49,2025-01-11,756,N,VIIRS,n,2,294.18,1.76,D,0
28.43658,69.75659,337.68,0.51,0.49,2025-01-11,756,N,VIIRS,n,2,293.14,4.87,D,0
28.48658,67.7029,347.19,0.33,0.55,2025-01-11,756,N,VIIRS,n,2,298.2,5.42,D,0
28.55486,67.7069,334.29,0.33,0.55,2025-01-11,756,N,VIIRS,n,2,296.57,1.36,D,0
28.6288,70.12115,331.5,0.48,0.48,2025-01-11,756,N,VIIRS,n,2,293.03,3.11,D,0
28.72623,70.32597,335.17,0.46,0.47,2025-01-11,756,N,VIIRS,n,2,293.53,6.09,D,0
29.07989,70.02943,340.59,0.47,0.48,2025-01-11,756,N,VIIRS,n,2,299.92,8.85,D,0
29.08422,70.02826,337.93,0.47,0.48,2025-01-11,756,N,VIIRS,n,2,296.24,8.85,D,0
28.0554,69.36802,320.16,0.42,0.61,2025-01-11,2021,N,VIIRS,n,2,280.77,1.86,N,2
28.608,68.63228,296.29,0.53,0.67,2025-01-11,2201,N,VIIRS,n,2,278.23,0.84,N,0
26.66244,68.22254,340.86,0.65,0.73,2025-01-12,737,N,VIIRS,n,2,290.42,4.5,D,0
27.97002,69.20667,337.61,0.53,0.67,2025-01-12,737,N,VIIRS,n,2,288.48,3.86,D,0
28.01549,69.50752,327.85,0.51,0.66,2025-01-12,737,N,VIIRS,n,2,286.75,2.46,D,0
28.35017,69.70679,346.4,0.49,0.65,2025-01-12,737,N,VIIRS,n,2,289.92,8.82,D,0
28.48696,70.0041,330.7,0.46,0.64,2025-01-12,737,N,VIIRS,n,2,288.03,2.71,D,0
28.49269,70.00225,326.01,0.46,0.64,2025-01-12,737,N,VIIRS,n,2,286.36,2.71,D,0
28.55524,70.18495,343.25,0.45,0.63,2025-01-12,737,N,VIIRS,n,2,286.53,7.35,D,0
28.56563,70.29996,335.57,0.44,0.63,2025-01-12,737,N,VIIRS,n,2,286.51,2.47,D,0
28.59375,70.07013,339.07,0.46,0.63,2025-01-12,737,N,VIIRS,n,2,288.57,5.02,D,0
28.59386,70.06899,341.65,0.46,0.63,2025-01-12,737,N,VIIRS,n,2,288.75,3.52,D,0
28.70983,70.19089,328.27,0.45,0.63,2025-01-12,737,N,VIIRS,n,2,289.12,1.88,D,0
26.50172,68.35092,332.67,0.42,0.61,2025-01-12,917,N,VIIRS,n,2,289.26,2.64,D,0
26.59303,67.70239,341.9,0.38,0.59,2025-01-12,917,N,VIIRS,n,2,291.95,2.78,D,0
26.59392,67.70218,341.9,0.38,0.59,2025-01-12,917,N,VIIRS,n,2,291.41,3.12,D,0
26.60782,68.08072,338.64,0.4,0.6,2025-01-12,917,N,VIIRS,n,2,291.18,2.28,D,0
28.228,69.67134,330.67,0.52,0.67,2025-01-12,918,N,VIIRS,n,2,288.61,2.87,D,0
28.26968,69.6354,337.32,0.52,0.67,2025-01-12,918,N,VIIRS,n,2,290.02,4.48,D,0
28.33759,69.55587,333.97,0.51,0.66,2025-01-12,918,N,VIIRS,n,2,289.5,4.18,D,0
28.35153,69.78677,328.17,0.53,0.67,2025-01-12,918,N,VIIRS,n,2,288.76,3.09,D,0
28.37125,70.01364,328.21,0.55,0.68,2025-01-12,918,N,VIIRS,n,2,287.35,5.51,D,0
28.43995,69.98582,341.11,0.55,0.68,2025-01-12,918,N,VIIRS,n,2,288.79,9.03,D,0
28.44234,69.98917,338.21,0.55,0.68,2025-01-12,918,N,VIIRS,n,2,289.12,7.71,D,0
28.51229,70.08961,339.35,0.56,0.69,2025-01-12,918,N,VIIRS,n,2,289.81,5.36,D,0
28.52173,70.36516,334.23,0.58,0.7,2025-01-12,918,N,VIIRS,n,2,285.88,4.82,D,0
28.59583,70.07162,334.16,0.56,0.68,2025-01-12,918,N,VIIRS,n,2,287.99,5.76,D,0
28.66542,70.02362,328.46,0.55,0.68,2025-01-12,918,N,VIIRS,n,2,286.16,5.67,D,0
28.42288,69.70256,296.15,0.33,0.55,2025-01-12,2143,N,VIIRS,n,2,279.54,0.6,N,2
26.25127,68.10241,329.97,0.41,0.45,2025-01-13,858,N,VIIRS,n,2,292.57,4.22,D,0
26.25488,68.06011,342.45,0.41,0.45,2025-01-13,858,N,VIIRS,n,2,293.54,5.4,D,0
26.2838,68.43249,329.73,0.43,0.46,2025-01-13,858,N,VIIRS,n,2,294.07,3.5,D,0
26.37272,68.15891,342.75,0.41,0.45,2025-01-13,858,N,VIIRS,n,2,294.86,7.64,D,0
26.37703,67.91245,329.32,0.4,0.44,2025-01-13,858,N,VIIRS,n,2,291.87,1.6,D,0
26.39701,67.94268,334.1,0.4,0.44,2025-01-13,858,N,VIIRS,n,2,292.12,3.27,D,0
26.43163,68.10494,348.7,0.41,0.45,2025-01-13,858,N,VIIRS,n,2,293.85,7.36,D,0
26.44074,68.26591,337.53,0.42,0.45,2025-01-13,858,N,VIIRS,n,2,292.6,5.53,D,0
26.44121,68.27017,333.71,0.42,0.45,2025-01-13,858,N,VIIRS,n,2,291.8,5.53,D,0
26.69253,68.03661,339.52,0.41,0.45,2025-01-13,858,N,VIIRS,n,2,294.28,4.53,D,0
26.69483,68.28527,328.34,0.42,0.46,2025-01-13,858,N,VIIRS,n,2,292.38,1.88,D,0
26.70627,68.00949,343.74,0.41,0.45,2025-01-13,858,N,VIIRS,n,2,296.96,8.19,D,0
26.70851,67.99238,333.43,0.41,0.45,2025-01-13,858,N,VIIRS,n,2,291.92,5.42,D,0
26.71028,67.99335,341.88,0.41,0.45,2025-01-13,858,N,VIIRS,n,2,291.95,4.28,D,0
26.72851,68.28079,333.67,0.42,0.46,2025-01-13,858,N,VIIRS,n,2,291.75,4.36,D,0
26.7297,67.90291,339.07,0.4,0.45,2025-01-13,858,N,VIIRS,n,2,295.6,7.6,D,0
26.73272,68.28024,331.7,0.42,0.46,2025-01-13,858,N,VIIRS,n,2,292.14,4.25,D,0
26.85036,67.83707,352.54,0.4,0.44,2025-01-13,859,N,VIIRS,n,2,292.53,6.4,D,0
27.25434,68.24632,354.86,0.43,0.46,2025-01-13,859,N,VIIRS,n,2,307.76,44.37,D,0
27.25482,68.25069,339.08,0.43,0.46,2025-01-13,859,N,VIIRS,n,2,294.02,12.08,D,0
27.33144,68.49117,329.34,0.44,0.46,2025-01-13,859,N,VIIRS,n,2,292.27,2.46,D,0
27.66271,68.98196,337.82,0.48,0.48,2025-01-13,859,N,VIIRS,n,2,294.53,4.53,D,0
27.6649,68.97826,339.49,0.48,0.48,2025-01-13,859,N,VIIRS,n,2,292.86,3.1,D,0
27.72539,69.13173,332.62,0.49,0.49,2025-01-13,859,N,VIIRS,n,2,292.36,4.06,D,0
28.00218,67.58376,356.12,0.4,0.44,2025-01-13,859,N,VIIRS,n,2,295.5,7.29,D,0
28.04973,69.3709,335.01,0.51,0.49,2025-01-13,859,N,VIIRS,n,2,294.59,3.92,D,0
28.05432,69.37034,342.66,0.51,0.49,2025-01-13,859,N,VIIRS,n,2,292.61,5.04,D,2
28.14736,69.41799,328.7,0.52,0.5,2025-01-13,859,N,VIIRS,n,2,291.13,2.67,D,0
28.18001,69.84061,338.45,0.55,0.51,2025-01-13,859,N,VIIRS,n,2,292.58,6.24,D,0
28.18046,69.83778,337.61,0.55,0.51,2025-01-13,859,N,VIIRS,n,2,291.93,6.15,D,0
28.20042,69.84689,330.23,0.55,0.51,2025-01-13,859,N,VIIRS,n,2,291.33,3.21,D,0
28.36509,69.85587,333.43,0.55,0.51,2025-01-13,859,N,VIIRS,n,2,293.7,4.56,D,0
28.37027,69.54237,349.48,0.53,0.5,2025-01-13,859,N,VIIRS,n,2,293.92,8.79,D,0
28.4012,69.72327,327.8,0.54,0.51,2025-01-13,859,N,VIIRS,n,2,294.07,3.4,D,0
28.41813,70.06978,336.04,0.57,0.52,2025-01-13,859,N,VIIRS,n,2,293.36,5.24,D,0
28.41899,70.06623,335.26,0.57,0.52,2025-01-13,859,N,VIIRS,n,2,293.47,3.12,D,0
28.4332,69.86266,335.37,0.55,0.51,2025-01-13,859,N,VIIRS,n,2,292.8,4.18,D,0
28.43878,70.24836,340.18,0.58,0.52,2025-01-13,859,N,VIIRS,n,2,292.56,8.47,D,0
28.44086,70.24441,339.16,0.58,0.52,2025-01-13,859,N,VIIRS,n,2,291.96,5.42,D,0
28.46224,69.86511,354.64,0.55,0.51,2025-01-13,859,N,VIIRS,n,2,295.95,19.3,D,0
28.59038,70.37185,338.64,0.6,0.53,2025-01-13,859,N,VIIRS,n,2,291.77,4.04,D,0
28.61137,70.07922,340.32,0.57,0.52,2025-01-13,859,N,VIIRS,n,2,293.54,4.96,D,0
28.61311,70.08157,339.76,0.57,0.52,2025-01-13,859,N,VIIRS,n,2,294.24,4.72,D,0
28.66815,70.28005,337.93,0.59,0.53,2025-01-13,859,N,VIIRS,n,2,293.79,3.51,D,0
28.68372,70.01714,339.43,0.57,0.52,2025-01-13,859,N,VIIRS,n,2,293.23,12.9,D,0
28.81726,70.37424,326.44,0.6,0.53,2025-01-13,859,N,VIIRS,n,2,294.16,3.3,D,0
28.42562,69.70068,306.38,0.53,0.42,2025-01-13,2124,N,VIIRS,n,2,281.78,1.73,N,2
26.281,67.92461,333.99,0.39,0.36,2025-01-14,839,N,VIIRS,n,2,296.53,4.81,D,0
26.32665,68.14514,331.19,0.39,0.36,2025-01-14,839,N,VIIRS,n,2,296.22,15.03,D,0
26.3822,68.06759,332.8,0.39,0.36,2025-01-14,840,N,VIIRS,n,2,295.5,2.23,D,0
26.39161,68.03778,331.71,0.39,0.36,2025-01-14,840,N,VIIRS,n,2,294.88,2.76,D,0
26.40484,68.34676,347.79,0.4,0.37,2025-01-14,840,N,VIIRS,n,2,301.49,21.6,D,0
26.4095,68.06677,331.91,0.39,0.36,2025-01-14,840,N,VIIRS,n,2,293.41,3.93,D,0
26.46652,68.36856,330.69,0.4,0.37,2025-01-14,840,N,VIIRS,n,2,295.51,2.91,D,0
26.48518,68.45114,333.03,0.4,0.37,2025-01-14,840,N,VIIRS,n,2,296.05,3.58,D,0
26.61234,68.262,332.01,0.4,0.37,2025-01-14,840,N,VIIRS,n,2,294.72,4.54,D,0
26.77424,67.90634,328.75,0.39,0.36,2025-01-14,840,N,VIIRS,n,2,293.87,1.53,D,0
26.87504,67.9976,339.02,0.39,0.36,2025-01-14,840,N,VIIRS,n,2,294.13,4.12,D,0
26.88016,68.11813,330.65,0.4,0.37,2025-01-14,840,N,VIIRS,n,2,294.13,3.98,D,0
26.88351,68.11754,330.71,0.4,0.37,2025-01-14,840,N,VIIRS,n,2,292.78,3.98,D,0
27.1942,69.04267,338.49,0.42,0.38,2025-01-14,840,N,VIIRS,n,2,298.83,5.07,D,0
27.25911,68.22816,338.77,0.4,0.37,2025-01-14,840,N,VIIRS,n,2,300.22,5.88,D,0
27.25968,68.23219,342.47,0.4,0.37,2025-01-14,840,N,VIIRS,n,2,314.83,17.3,D,0
27.26248,68.22757,333.82,0.4,0.37,2025-01-14,840,N,VIIRS,n,2,293.51,5.88,D,0
27.26304,68.2316,334.48,0.4,0.37,2025-01-14,840,N,VIIRS,n,2,296.54,17.3,D,0
27.29521,68.33755,330.36,0.4,0.37,2025-01-14,840,N,VIIRS,n,2,292.82,2.35,D,0
27.30367,68.3485,344.94,0.4,0.37,2025-01-14,840,N,VIIRS,n,2,293.81,4.65,D,0
27.65143,68.34369,342.6,0.4,0.37,2025-01-14,840,N,VIIRS,n,2,297.04,11.68,D,0
27.74057,69.06831,340.89,0.42,0.38,2025-01-14,840,N,VIIRS,n,2,294.62,3.59,D,0
27.74403,69.06772,327.67,0.42,0.38,2025-01-14,840,N,VIIRS,n,2,293.12,3.59,D,0
27.78531,69.37625,337.53,0.43,0.38,2025-01-14,840,N,VIIRS,n,2,294.98,5.77,D,0
27.92725,67.53496,326.04,0.39,0.36,2025-01-14,840,N,VIIRS,n,2,293.39,2.53,D,0
27.93485,67.63525,334.71,0.39,0.36,2025-01-14,840,N,VIIRS,n,2,295.23,2.9,D,0
27.99164,69.06795,331.23,0.43,0.38,2025-01-14,840,N,VIIRS,n,2,294.2,3.4,D,0
27.99266,69.06857,339.05,0.43,0.38,2025-01-14,840,N,VIIRS,n,2,292.13,4.4,D,0
28.05048,69.21005,327.5,0.43,0.38,2025-01-14,840,N,VIIRS,n,2,291.89,4.43,D,0
28.05282,69.20071,335.75,0.43,0.38,2025-01-14,840,N,VIIRS,n,2,299.18,4.65,D,0
28.0534,69.20509,344.93,0.43,0.38,2025-01-14,840,N,VIIRS,n,2,306.16,19.51,D,0
28.05398,69.20947,339.71,0.43,0.38,2025-01-14,840,N,VIIRS,n,2,296.99,19.51,D,0
28.05537,69.4123,332.32,0.44,0.38,2025-01-14,840,N,VIIRS,n,2,295.59,3.2,D,0
28.05631,69.20013,340.32,0.43,0.38,2025-01-14,840,N,VIIRS,n,2,298.79,4.65,D,0
28.08422,69.35757,330.48,0.44,0.38,2025-01-14,840,N,VIIRS,n,2,294.08,3.73,D,0
28.12295,69.46046,330.77,0.44,0.38,2025-01-14,840,N,VIIRS,n,2,294.11,2.32,D,0
28.12409,69.5799,331.52,0.44,0.39,2025-01-14,840,N,VIIRS,n,2,294.47,1.84,D,0
28.14894,69.5481,335.44,0.44,0.39,2025-01-14,840,N,VIIRS,n,2,301.52,15.18,D,0
28.21148,69.8486,330.55,0.46,0.39,2025-01-14,840,N,VIIRS,n,2,293.96,2.68,D,0
28.25241,69.62539,351.07,0.45,0.39,2025-01-14,840,N,VIIRS,n,2,301.9,26.01,D,0
28.28087,67.7169,329.81,0.39,0.37,2025-01-14,840,N,VIIRS,n,2,295.71,1.99,D,0
28.32569,70.02227,331.18,0.47,0.39,2025-01-14,840,N,VIIRS,n,2,294.62,3.33,D,0
28.35063,69.58252,343.93,0.45,0.39,2025-01-14,840,N,VIIRS,n,2,294.57,7.89,D,0
28.36154,69.98417,333.77,0.46,0.39,2025-01-14,840,N,VIIRS,n,2,295.29,5.76,D,0
28.36517,69.98359,342.7,0.46,0.39,2025-01-14,840,N,VIIRS,n,2,296.44,5.76,D,0
28.4683,69.83007,332.43,0.46,0.39,2025-01-14,840,N,VIIRS,n,2,295.76,7.5,D,0
28.53222,70.19012,344.97,0.48,0.4,2025-01-14,840,N,VIIRS,n,2,297.75,9.06,D,0
28.542,70.20847,330.35,0.48,0.4,2025-01-14,840,N,VIIRS,n,2,294.26,2.89,D,0
28.63092,70.12177,330.94,0.47,0.4,2025-01-14,840,N,VIIRS,n,2,295.12,4.08,D,0
28.70857,70.18114,332.15,0.48,0.4,2025-01-14,840,N,VIIRS,n,2,296.66,5.1,D,0
27.61514,68.17742,300.96,0.39,0.36,2025-01-14,2105,N,VIIRS,n,2,281.79,0.63,N,0
27.61849,68.17805,295.36,0.39,0.36,2025-01-14,2105,N,VIIRS,n,2,281.02,0.27,N,0
28.42408,69.70219,318.89,0.38,0.36,2025-01-14,2105,N,VIIRS,n,2,282.28,0.97,N,2
26.27732,68.05449,329.07,0.47,0.4,2025-01-15,821,N,VIIRS,n,2,292.97,2.03,D,0
26.31441,68.94208,334.46,0.43,0.38,2025-01-15,821,N,VIIRS,n,2,295.16,1.89,D,0
26.31741,68.3409,334.12,0.45,0.39,2025-01-15,821,N,VIIRS,n,2,297.43,13.55,D,0
26.32543,68.13531,336.5,0.46,0.39,2025-01-15,821,N,VIIRS,n,2,292.75,3.31,D,0
26.37556,68.35641,331.7,0.45,0.39,2025-01-15,821,N,VIIRS,n,2,295.68,3.52,D,0
26.39872,67.91289,330.86,0.47,0.4,2025-01-15,821,N,VIIRS,n,2,294.37,3.79,D,0
26.44203,68.88546,330.71,0.43,0.38,2025-01-15,821,N,VIIRS,n,2,294.63,2.92,D,0
26.57964,68.8839,332.05,0.43,0.38,2025-01-15,821,N,VIIRS,l,2,306.69,51.58,D,0
26.64572,67.88859,329.07,0.47,0.4,2025-01-15,821,N,VIIRS,n,2,293.86,3.37,D,0
26.64647,67.89091,331.26,0.47,0.4,2025-01-15,821,N,VIIRS,n,2,294.59,3.33,D,0
26.70094,68.28506,337.58,0.45,0.39,2025-01-15,821,N,VIIRS,n,2,293.41,5.36,D,0
26.77777,68.20924,331.49,0.45,0.39,2025-01-15,821,N,VIIRS,n,2,292.34,4.67,D,0
26.8527,68.20367,330.38,0.45,0.39,2025-01-15,821,N,VIIRS,n,2,290.35,3.33,D,0
26.8798,68.39825,331.11,0.45,0.39,2025-01-15,821,N,VIIRS,n,2,293.38,2.74,D,0
26.89983,68.00471,330.93,0.46,0.39,2025-01-15,821,N,VIIRS,n,2,292.97,2.81,D,0
26.90341,68.00392,329.29,0.46,0.39,2025-01-15,821,N,VIIRS,n,2,292.98,2.81,D,0
26.99077,69.36658,343.22,0.41,0.37,2025-01-15,821,N,VIIRS,n,2,303.88,5.23,D,0
26.99416,67.86011,330.35,0.47,0.4,2025-01-15,821,N,VIIRS,n,2,292.67,2.23,D,0
27.01894,68.08018,335.12,0.46,0.39,2025-01-15,821,N,VIIRS,n,2,292.95,3.45,D,0
27.26052,68.23256,332.85,0.45,0.39,2025-01-15,821,N,VIIRS,n,2,303.82,13.14,D,0
27.26132,68.23704,333.12,0.45,0.39,2025-01-15,821,N,VIIRS,n,2,298.98,14.31,D,0
27.26405,68.23179,328.6,0.45,0.39,2025-01-15,821,N,VIIRS,n,2,300.81,13.14,D,0
27.26485,68.23627,332.99,0.45,0.39,2025-01-15,821,N,VIIRS,n,2,295.92,14.31,D,0
27.26559,68.65474,331.67,0.43,0.38,2025-01-15,821,N,VIIRS,n,2,291.08,4.21,D,0
27.37171,68.57503,337.59,0.43,0.38,2025-01-15,821,N,VIIRS,n,2,292.64,4.49,D,0
27.44911,68.39544,330.4,0.44,0.38,2025-01-15,821,N,VIIRS,n,2,293.49,3.57,D,0
27.49537,68.49473,325.51,0.44,0.38,2025-01-15,821,N,VIIRS,n,2,293.41,1.85,D,0
27.57194,68.36977,346.77,0.44,0.38,2025-01-15,821,N,VIIRS,n,2,303.07,13.97,D,0
27.5727,68.37418,330.5,0.44,0.38,2025-01-15,821,N,VIIRS,n,2,295.01,6.38,D,0
27.57544,68.369,336.44,0.44,0.38,2025-01-15,821,N,VIIRS,n,2,297.0,5.64,D,0
27.5762,68.37341,331.32,0.44,0.38,2025-01-15,821,N,VIIRS,n,2,292.76,3.21,D,0
27.73287,68.65205,327.59,0.43,0.38,2025-01-15,821,N,VIIRS,n,2,294.21,1.49,D,0
27.94926,68.99902,328.0,0.42,0.37,2025-01-15,821,N,VIIRS,n,2,284.81,2.57,D,0
28.03579,69.36631,339.22,0.41,0.37,2025-01-15,821,N,VIIRS,n,2,294.89,6.77,D,0
28.07077,69.23984,335.31,0.41,0.37,2025-01-15,821,N,VIIRS,n,2,288.29,5.1,D,0
28.09049,69.35899,329.0,0.41,0.37,2025-01-15,821,N,VIIRS,n,2,290.25,2.18,D,0
28.09384,69.44281,330.75,0.4,0.37,2025-01-15,821,N,VIIRS,n,2,292.56,2.42,D,0
28.09721,69.4421,339.59,0.4,0.37,2025-01-15,821,N,VIIRS,n,2,294.52,4.7,D,0
28.25588,67.60262,326.79,0.46,0.39,2025-01-15,821,N,VIIRS,n,2,292.6,2.2,D,0
28.25885,69.63132,334.64,0.4,0.37,2025-01-15,821,N,VIIRS,n,2,295.39,6.84,D,0
28.2622,69.63062,337.76,0.4,0.37,2025-01-15,821,N,VIIRS,n,2,290.44,3.73,D,0
28.27895,69.62713,353.22,0.4,0.37,2025-01-15,821,N,VIIRS,n,2,302.97,20.07,D,0
28.28231,69.62649,347.93,0.4,0.37,2025-01-15,821,N,VIIRS,n,2,293.25,12.61,D,0
28.31105,69.65382,333.98,0.4,0.37,2025-01-15,821,N,VIIRS,n,2,296.68,2.43,D,0
28.35598,69.93011,334.4,0.39,0.36,2025-01-15,821,N,VIIRS,n,2,294.33,4.42,D,0
28.37405,69.78606,334.11,0.4,0.37,2025-01-15,821,N,VIIRS,n,2,296.62,4.02,D,0
28.37739,69.78538,333.36,0.4,0.37,2025-01-15,821,N,VIIRS,n,2,294.9,3.26,D,0
28.41048,70.03389,331.88,0.39,0.36,2025-01-15,821,N,VIIRS,n,2,296.02,1.61,D,0
28.43639,69.86101,338.65,0.39,0.36,2025-01-15,821,N,VIIRS,n,2,298.31,15.83,D,0
28.44649,69.96592,339.63,0.39,0.36,2025-01-15,821,N,VIIRS,n,2,298.68,10.1,D,0
28.44748,69.90817,340.84,0.39,0.36,2025-01-15,821,N,VIIRS,n,2,298.68,6.15,D,0
28.45081,69.90749,336.91,0.39,0.36,2025-01-15,821,N,VIIRS,n,2,293.15,5.03,D,0
28.45583,70.06654,339.17,0.39,0.36,2025-01-15,821,N,VIIRS,n,2,296.14,5.42,D,0
28.46413,69.90473,329.36,0.39,0.36,2025-01-15,821,N,VIIRS,n,2,294.57,5.54,D,0
28.48155,69.99155,346.98,0.39,0.36,2025-01-15,821,N,VIIRS,n,2,294.89,4.94,D,0
28.48706,69.96171,331.5,0.39,0.36,2025-01-15,821,N,VIIRS,n,2,295.38,2.06,D,0
28.49499,69.96824,339.24,0.39,0.36,2025-01-15,821,N,VIIRS,n,2,295.81,3.33,D,0
28.63334,70.00563,335.3,0.39,0.36,2025-01-15,821,N,VIIRS,n,2,293.64,3.86,D,0
28.63666,70.00494,329.03,0.39,0.36,2025-01-15,821,N,VIIRS,n,2,291.51,3.37,D,0
28.68876,70.18684,332.19,0.39,0.36,2025-01-15,821,N,VIIRS,n,2,296.4,2.86,D,0
28.82981,67.55728,335.55,0.46,0.39,2025-01-15,821,N,VIIRS,n,2,288.45,10.58,D,0
28.83337,67.55646,334.59,0.46,0.39,2025-01-15,821,N,VIIRS,n,2,288.83,9.27,D,0
28.86135,70.29032,350.2,0.39,0.36,2025-01-15,821,N,VIIRS,n,2,298.57,7.86,D,0
28.86363,70.32648,335.13,0.39,0.36,2025-01-15,821,N,VIIRS,n,2,296.03,1.99,D,0
28.86466,70.28966,327.51,0.39,0.36,2025-01-15,821,N,VIIRS,n,2,291.87,2.79,D,0
28.42478,69.69924,306.52,0.52,0.41,2025-01-15,2046,N,VIIRS,n,2,281.91,1.78,N,2
26.31503,68.11654,331.25,0.56,0.52,2025-01-16,802,N,VIIRS,n,2,294.1,6.31,D,0
26.31547,68.11398,344.21,0.56,0.52,2025-01-16,802,N,VIIRS,n,2,294.4,5.97,D,0
26.34543,68.16724,343.98,0.56,0.51,2025-01-16,802,N,VIIRS,n,2,295.72,8.06,D,0
26.34623,68.16454,340.59,0.56,0.51,2025-01-16,802,N,VIIRS,n,2,295.07,9.64,D,0
26.40466,68.23054,339.78,0.55,0.51,2025-01-16,802,N,VIIRS,n,2,298.64,8.46,D,0
26.46478,68.28377,340.57,0.55,0.51,2025-01-16,802,N,VIIRS,n,2,297.01,8.96,D,0
26.46739,68.28748,335.45,0.54,0.51,2025-01-16,802,N,VIIRS,n,2,295.51,5.34,D,0
26.54581,67.9612,330.21,0.57,0.52,2025-01-16,802,N,VIIRS,n,2,296.63,3.46,D,0
26.63136,67.98942,348.42,0.56,0.52,2025-01-16,802,N,VIIRS,n,2,297.81,8.19,D,0
26.63172,67.99195,337.18,0.56,0.52,2025-01-16,802,N,VIIRS,n,2,297.89,6.7,D,0
26.63194,67.92391,329.31,0.57,0.52,2025-01-16,802,N,VIIRS,n,2,294.48,12.45,D,0
27.175,68.45443,353.68,0.52,0.5,2025-01-16,802,N,VIIRS,n,2,297.34,26.94,D,0
27.4618,68.52907,352.56,0.5,0.49,2025-01-16,802,N,VIIRS,n,2,297.18,14.91,D,0
27.50879,68.49916,330.94,0.5,0.49,2025-01-16,802,N,VIIRS,n,2,297.08,2.81,D,0
27.90833,67.56729,352.62,0.56,0.52,2025-01-16,802,N,VIIRS,n,2,296.84,9.35,D,0
27.913,67.56601,357.05,0.56,0.52,2025-01-16,802,N,VIIRS,n,2,296.3,13.51,D,0
27.91451,68.48869,340.65,0.5,0.49,2025-01-16,802,N,VIIRS,n,2,297.63,7.85,D,0
27.95046,69.64758,338.68,0.42,0.46,2025-01-16,802,N,VIIRS,n,2,295.18,4.15,D,0
27.95352,69.64591,330.57,0.43,0.46,2025-01-16,802,N,VIIRS,n,2,294.23,2.61,D,0
27.97348,68.40275,342.48,0.5,0.49,2025-01-16,802,N,VIIRS,n,2,296.5,5.11,D,0
28.02523,68.37515,339.85,0.5,0.49,2025-01-16,802,N,VIIRS,n,2,297.74,8.97,D,0
28.0281,68.3722,353.87,0.5,0.49,2025-01-16,802,N,VIIRS,n,2,301.62,22.12,D,0
28.02968,68.37399,341.95,0.5,0.49,2025-01-16,802,N,VIIRS,n,2,296.34,22.18,D,0
28.05284,69.42206,334.24,0.44,0.46,2025-01-16,802,N,VIIRS,n,2,297.1,2.15,D,0
28.05702,69.42098,338.89,0.44,0.46,2025-01-16,802,N,VIIRS,n,2,298.1,6.64,D,0
28.07893,69.70431,345.88,0.42,0.45,2025-01-16,802,N,VIIRS,n,2,306.49,34.67,D,0
28.08,69.70462,344.04,0.42,0.45,2025-01-16,802,N,VIIRS,n,2,307.94,41.26,D,0
28.10101,69.37734,333.1,0.44,0.46,2025-01-16,802,N,VIIRS,n,2,297.63,4.85,D,0
28.10916,69.63482,341.95,0.42,0.45,2025-01-16,802,N,VIIRS,n,2,296.14,5.31,D,0
28.12536,69.43327,337.41,0.43,0.46,2025-01-16,802,N,VIIRS,n,2,297.76,5.37,D,0
28.12586,69.43554,352.78,0.43,0.46,2025-01-16,802,N,VIIRS,n,2,299.14,11.85,D,0
28.12626,69.43764,339.2,0.43,0.46,2025-01-16,802,N,VIIRS,n,2,297.45,8.3,D,0
28.23328,69.83439,332.5,0.41,0.45,2025-01-16,802,N,VIIRS,n,2,296.33,2.21,D,0
28.27578,70.10932,338.23,0.4,0.44,2025-01-16,802,N,VIIRS,n,2,296.38,9.5,D,0
28.29519,69.88793,342.04,0.41,0.45,2025-01-16,802,N,VIIRS,n,2,297.45,5.2,D,0
28.29924,69.88691,345.13,0.41,0.45,2025-01-16,802,N,VIIRS,n,2,296.7,5.2,D,0
28.3049,69.78577,332.66,0.41,0.45,2025-01-16,802,N,VIIRS,n,2,297.81,4.34,D,0
28.44247,69.99606,344.81,0.4,0.44,2025-01-16,802,N,VIIRS,n,2,305.37,35.42,D,0
28.46382,70.06221,331.83,0.4,0.44,2025-01-16,802,N,VIIRS,n,2,296.96,2.47,D,0
28.47822,70.17915,330.84,0.39,0.44,2025-01-16,802,N,VIIRS,n,2,297.65,4.02,D,0
28.4858,69.8748,339.97,0.4,0.45,2025-01-16,802,N,VIIRS,n,2,298.12,3.54,D,0
28.70707,70.23242,331.4,0.38,0.43,2025-01-16,802,N,VIIRS,n,2,295.42,2.87,D,0
28.57648,67.43546,337.34,0.55,0.51,2025-01-16,803,N,VIIRS,n,2,298.99,5.05,D,0
28.57755,67.43282,338.87,0.55,0.51,2025-01-16,803,N,VIIRS,n,2,298.26,4.99,D,0
28.42764,69.69859,297.69,0.32,0.55,2025-01-16,2027,N,VIIRS,n,2,282.55,0.63,N,2
26.99236,69.36655,309.85,0.33,0.55,2025-01-16,2028,N,VIIRS,n,2,278.94,1.28,N,0
26.99267,69.36318,316.83,0.33,0.55,2025-01-16,2028,N,VIIRS,n,2,280.02,1.28,N,0
26.98922,69.36878,295.89,0.78,0.78,2025-01-16,2208,N,VIIRS,n,2,276.83,1.39,N,0
26.67007,68.90901,350.33,0.48,0.64,2025-01-17,743,N,VIIRS,n,2,296.73,16.91,D,0
26.67125,68.91374,335.47,0.48,0.64,2025-01-17,743,N,VIIRS,n,2,292.28,16.91,D,0
27.17563,68.45596,367.0,0.49,0.65,2025-01-17,743,N,VIIRS,h,2,292.35,10.83,D,0
27.17598,68.45205,367.0,0.49,0.65,2025-01-17,743,N,VIIRS,h,2,291.41,13.05,D,0
27.17723,68.45696,367.0,0.49,0.65,2025-01-17,743,N,VIIRS,h,2,292.19,15.35,D,0
27.1803,68.44919,343.75,0.49,0.65,2025-01-17,743,N,VIIRS,n,2,289.63,5.68,D,0
27.32415,68.59006,335.22,0.48,0.65,2025-01-17,743,N,VIIRS,n,2,288.06,3.72,D,0
27.3264,68.58556,339.43,0.48,0.65,2025-01-17,743,N,VIIRS,n,2,290.15,6.39,D,0
27.32761,68.59034,330.61,0.48,0.65,2025-01-17,743,N,VIIRS,n,2,289.92,7.22,D,0
27.6484,69.24397,346.93,0.43,0.62,2025-01-17,744,N,VIIRS,n,2,291.58,5.46,D,0
27.93649,69.33002,327.92,0.42,0.61,2025-01-17,744,N,VIIRS,n,2,279.76,1.73,D,0
28.07428,69.49462,335.6,0.41,0.61,2025-01-17,744,N,VIIRS,n,2,291.25,3.86,D,0
28.18044,69.5545,329.31,0.4,0.6,2025-01-17,744,N,VIIRS,n,2,292.06,2.19,D,0
28.29074,69.79467,334.56,0.39,0.59,2025-01-17,744,N,VIIRS,n,2,291.25,2.23,D,0
28.29609,69.79308,335.5,0.39,0.59,2025-01-17,744,N,VIIRS,n,2,290.54,2.23,D,0
28.45486,70.29436,349.81,0.36,0.57,2025-01-17,744,N,VIIRS,n,2,291.55,4.39,D,0
28.59604,70.10354,352.86,0.37,0.58,2025-01-17,744,N,VIIRS,n,2,293.62,4.75,D,0
28.72484,70.34512,343.47,0.35,0.57,2025-01-17,744,N,VIIRS,n,2,291.65,3.48,D,0
28.96692,70.32448,325.58,0.35,0.57,2025-01-17,744,N,VIIRS,n,2,290.23,1.34,D,0
27.996,69.64288,330.41,0.76,0.77,2025-01-18,725,N,VIIRS,n,2,289.96,6.29,D,0
27.99864,69.64022,335.05,0.75,0.77,2025-01-18,725,N,VIIRS,n,2,289.67,4.8,D,0
28.362,69.98261,350.17,0.71,0.75,2025-01-18,725,N,VIIRS,n,2,292.37,8.7,D,0
28.36798,69.98241,367.0,0.71,0.75,2025-01-18,725,N,VIIRS,h,2,295.45,30.46,D,0
28.3778,70.09409,340.09,0.7,0.75,2025-01-18,725,N,VIIRS,n,2,291.27,7.14,D,0
28.51538,70.0617,334.92,0.69,0.75,2025-01-18,725,N,VIIRS,n,2,291.4,4.35,D,0
26.27659,68.41508,336.13,0.53,0.5,2025-01-18,905,N,VIIRS,n,2,295.75,3.76,D,0
26.3237,68.69357,332.55,0.55,0.51,2025-01-18,905,N,VIIRS,n,2,295.15,11.41,D,0
26.32412,68.69638,354.15,0.55,0.51,2025-01-18,905,N,VIIRS,n,2,299.77,23.89,D,0
26.32426,68.69921,340.02,0.55,0.51,2025-01-18,905,N,VIIRS,n,2,299.58,11.41,D,0
26.3549,67.96337,334.72,0.5,0.49,2025-01-18,905,N,VIIRS,n,2,292.98,6.14,D,0
26.35555,67.96055,345.97,0.5,0.49,2025-01-18,905,N,VIIRS,n,2,293.56,8.83,D,0
26.48953,68.32436,346.86,0.53,0.5,2025-01-18,905,N,VIIRS,n,2,295.3,16.53,D,0
26.49856,68.36684,339.03,0.53,0.5,2025-01-18,905,N,VIIRS,n,2,293.41,10.26,D,0
26.63962,68.16765,332.35,0.52,0.5,2025-01-18,905,N,VIIRS,n,2,293.06,2.2,D,0
26.649,68.91151,339.37,0.58,0.52,2025-01-18,905,N,VIIRS,n,2,297.07,5.72,D,0
26.65847,68.12279,332.08,0.52,0.5,2025-01-18,905,N,VIIRS,n,2,294.83,7.38,D,0
26.76518,70.35131,339.0,0.36,0.57,2025-01-18,905,N,VIIRS,n,2,300.47,2.23,D,0
26.96706,68.45475,335.06,0.55,0.51,2025-01-18,905,N,VIIRS,n,2,293.16,5.55,D,0
27.05048,67.92802,340.2,0.51,0.49,2025-01-18,905,N,VIIRS,n,2,292.36,5.67,D,0
27.26133,68.24676,336.28,0.53,0.5,2025-01-18,905,N,VIIRS,n,2,298.57,4.47,D,0
27.3654,68.43642,334.15,0.55,0.51,2025-01-18,905,N,VIIRS,n,2,293.07,5.37,D,0
27.36596,68.44205,330.68,0.55,0.51,2025-01-18,905,N,VIIRS,n,2,293.36,5.37,D,0
27.36616,68.4393,345.76,0.55,0.51,2025-01-18,905,N,VIIRS,n,2,293.11,8.43,D,0
27.5627,68.47887,333.06,0.56,0.51,2025-01-18,905,N,VIIRS,n,2,293.24,5.25,D,0
27.70816,68.53871,325.79,0.56,0.52,2025-01-18,905,N,VIIRS,n,2,290.35,4.07,D,0
27.85251,69.60178,350.08,0.33,0.55,2025-01-18,905,N,VIIRS,n,2,296.44,14.56,D,0
27.8528,69.60516,367.0,0.33,0.55,2025-01-18,905,N,VIIRS,h,2,296.8,14.56,D,0
27.96328,67.62056,327.57,0.5,0.49,2025-01-18,905,N,VIIRS,n,2,293.82,3.3,D,0
27.97851,69.08463,352.84,0.61,0.54,2025-01-18,905,N,VIIRS,n,2,296.7,28.36,D,0
28.0185,69.19618,335.38,0.62,0.54,2025-01-18,905,N,VIIRS,n,2,292.54,5.8,D,0
28.04125,69.16781,340.73,0.62,0.54,2025-01-18,905,N,VIIRS,n,2,296.43,14.3,D,0
28.04182,69.17421,341.02,0.62,0.54,2025-01-18,905,N,VIIRS,n,2,298.79,14.32,D,0
28.04683,69.17367,328.19,0.62,0.54,2025-01-18,905,N,VIIRS,n,2,292.68,14.32,D,0
28.05992,69.37767,367.0,0.32,0.55,2025-01-18,905,N,VIIRS,h,2,296.94,7.7,D,0
28.07808,69.40921,328.66,0.32,0.55,2025-01-18,905,N,VIIRS,n,2,294.79,2.05,D,0
28.09652,69.61832,367.0,0.33,0.55,2025-01-18,905,N,VIIRS,h,2,296.25,5.17,D,0
28.11793,69.54372,341.61,0.33,0.55,2025-01-18,905,N,VIIRS,n,2,292.39,3.27,D,0
28.13017,69.44379,350.22,0.32,0.55,2025-01-18,905,N,VIIRS,n,2,292.91,5.72,D,0
28.13045,69.44714,351.53,0.32,0.55,2025-01-18,905,N,VIIRS,n,2,294.17,7.95,D,0
28.21053,69.83893,332.33,0.34,0.56,2025-01-18,905,N,VIIRS,n,2,295.91,1.47,D,0
28.24278,69.64725,330.05,0.33,0.56,2025-01-18,905,N,VIIRS,n,2,292.23,2.69,D,0
28.25118,67.58974,338.76,0.5,0.49,2025-01-18,905,N,VIIRS,n,2,294.15,3.12,D,0
28.25182,67.587,339.54,0.5,0.49,2025-01-18,905,N,VIIRS,n,2,293.57,4.79,D,0
28.38006,69.84452,367.0,0.34,0.56,2025-01-18,905,N,VIIRS,h,2,304.96,20.09,D,0
28.395,69.70732,332.6,0.34,0.56,2025-01-18,905,N,VIIRS,n,2,294.72,3.13,D,0
28.41538,69.88805,334.11,0.35,0.56,2025-01-18,905,N,VIIRS,n,2,292.81,10.14,D,0
28.41568,69.89166,367.0,0.35,0.56,2025-01-18,905,N,VIIRS,h,2,308.28,24.3,D,0
28.57885,70.09386,331.49,0.36,0.57,2025-01-18,905,N,VIIRS,n,2,294.37,1.48,D,0
28.57899,70.0264,347.5,0.35,0.57,2025-01-18,905,N,VIIRS,n,2,295.88,4.03,D,0
28.62469,69.99586,367.0,0.35,0.57,2025-01-18,905,N,VIIRS,h,2,293.75,5.7,D,0
28.62804,70.17235,337.33,0.36,0.58,2025-01-18,905,N,VIIRS,n,2,294.46,2.81,D,0
28.64214,70.35245,367.0,0.37,0.58,2025-01-18,905,N,VIIRS,h,2,298.61,16.51,D,0
28.74307,70.22232,335.51,0.37,0.58,2025-01-18,905,N,VIIRS,n,2,293.87,2.19,D,0
28.79546,70.33393,334.87,0.37,0.58,2025-01-18,905,N,VIIRS,n,2,292.87,1.84,D,0
28.42509,69.69941,305.18,0.43,0.46,2025-01-18,2130,N,VIIRS,n,2,281.5,1.49,N,2
26.20716,68.30006,331.95,0.44,0.38,2025-01-19,846,N,VIIRS,n,2,296.02,5.52,D,0
26.29282,67.96806,336.95,0.43,0.38,2025-01-19,846,N,VIIRS,n,2,290.64,4.94,D,0
26.54225,67.98151,338.56,0.43,0.38,2025-01-19,846,N,VIIRS,n,2,295.28,5.75,D,0
26.61021,68.89926,331.0,0.47,0.4,2025-01-19,846,N,VIIRS,n,2,295.99,2.9,D,0
26.61601,68.34618,334.41,0.44,0.39,2025-01-19,846,N,VIIRS,n,2,291.01,4.01,D,0
26.69381,68.09597,334.52,0.44,0.38,2025-01-19,846,N,VIIRS,n,2,297.95,6.49,D,0
26.7602,68.16269,331.31,0.44,0.38,2025-01-19,846,N,VIIRS,n,2,290.09,5.82,D,0
27.13948,69.0647,332.38,0.48,0.4,2025-01-19,846,N,VIIRS,n,2,295.27,4.9,D,0
27.45434,68.42304,325.56,0.46,0.39,2025-01-19,846,N,VIIRS,n,2,290.98,2.41,D,0
27.70104,68.41093,329.51,0.46,0.39,2025-01-19,846,N,VIIRS,n,2,291.48,2.85,D,0
27.73862,68.73267,325.65,0.47,0.4,2025-01-19,846,N,VIIRS,n,2,288.3,2.08,D,0
27.98863,69.32275,333.94,0.51,0.41,2025-01-19,846,N,VIIRS,n,2,290.6,4.31,D,0
28.03973,69.1761,328.39,0.5,0.41,2025-01-19,846,N,VIIRS,l,2,298.99,3.28,D,0
28.09792,69.21407,340.66,0.5,0.41,2025-01-19,846,N,VIIRS,n,2,295.38,10.95,D,0
28.1782,69.57306,329.52,0.52,0.42,2025-01-19,846,N,VIIRS,n,2,290.86,3.73,D,0
28.17987,69.5697,333.02,0.52,0.42,2025-01-19,846,N,VIIRS,n,2,291.03,5.07,D,0
28.18952,69.43599,334.3,0.52,0.41,2025-01-19,846,N,VIIRS,n,2,293.75,4.78,D,0
28.28978,69.62224,329.57,0.53,0.42,2025-01-19,846,N,VIIRS,n,2,291.43,5.08,D,0
28.29054,69.62037,329.08,0.53,0.42,2025-01-19,846,N,VIIRS,n,2,291.02,1.82,D,0
28.35936,69.50602,326.02,0.52,0.42,2025-01-19,846,N,VIIRS,n,2,290.07,3.93,D,0
28.83018,70.21866,339.16,0.38,0.44,2025-01-19,846,N,VIIRS,n,2,278.49,3.85,D,0
28.87536,70.32983,336.0,0.39,0.44,2025-01-19,846,N,VIIRS,n,2,277.81,3.23,D,0
26.28459,68.04892,341.74,0.41,0.37,2025-01-20,827,N,VIIRS,n,2,295.05,6.17,D,0
26.31247,68.00511,342.69,0.41,0.37,2025-01-20,827,N,VIIRS,n,2,295.57,7.85,D,0
26.41164,68.3082,334.5,0.4,0.37,2025-01-20,827,N,VIIRS,n,2,296.83,8.8,D,0
26.42789,68.27995,335.09,0.4,0.37,2025-01-20,827,N,VIIRS,n,2,293.65,4.27,D,0
26.48979,68.31721,333.45,0.4,0.37,2025-01-20,827,N,VIIRS,n,2,295.62,2.48,D,0
26.49316,68.31654,329.96,0.4,0.37,2025-01-20,827,N,VIIRS,n,2,295.61,2.48,D,0
26.5308,68.11729,329.63,0.41,0.37,2025-01-20,827,N,VIIRS,n,2,296.02,1.96,D,0
26.53118,68.28847,339.23,0.4,0.37,2025-01-20,827,N,VIIRS,n,2,295.53,4.1,D,0
26.55714,68.04559,330.95,0.41,0.37,2025-01-20,827,N,VIIRS,n,2,294.43,5.03,D,0
26.55732,68.04449,341.77,0.41,0.37,2025-01-20,827,N,VIIRS,n,2,293.79,5.09,D,0
26.56385,68.002,329.32,0.41,0.37,2025-01-20,827,N,VIIRS,n,2,295.94,2.11,D,0
26.60193,68.08269,333.85,0.41,0.37,2025-01-20,827,N,VIIRS,n,2,294.28,2.35,D,0
26.62973,68.03907,333.99,0.41,0.37,2025-01-20,827,N,VIIRS,n,2,294.85,3.2,D,0
26.86501,68.06306,332.07,0.41,0.37,2025-01-20,827,N,VIIRS,n,2,294.07,3.34,D,0
26.90745,68.44915,338.46,0.4,0.37,2025-01-20,827,N,VIIRS,n,2,294.59,2.71,D,0
26.96088,67.77716,331.05,0.41,0.37,2025-01-20,827,N,VIIRS,n,2,294.21,2.45,D,0
27.02229,67.80701,344.04,0.41,0.37,2025-01-20,827,N,VIIRS,n,2,297.43,11.28,D,0
27.23717,69.00098,345.65,0.39,0.36,2025-01-20,827,N,VIIRS,n,2,295.95,6.43,D,0
27.28186,68.22993,346.79,0.4,0.37,2025-01-20,827,N,VIIRS,n,2,303.95,25.39,D,0
27.28456,68.22522,340.87,0.4,0.37,2025-01-20,827,N,VIIRS,l,2,313.04,34.05,D,0
27.32157,68.60032,331.43,0.39,0.36,2025-01-20,827,N,VIIRS,n,2,295.4,2.26,D,0
27.39254,68.7852,329.87,0.39,0.36,2025-01-20,827,N,VIIRS,n,2,297.36,1.74,D,0
27.65489,69.50449,333.32,0.38,0.36,2025-01-20,827,N,VIIRS,n,2,294.42,1.82,D,0
27.69312,68.64877,331.57,0.39,0.36,2025-01-20,827,N,VIIRS,n,2,294.32,6.9,D,0
27.69375,68.65272,346.29,0.39,0.36,2025-01-20,827,N,VIIRS,n,2,298.81,6.9,D,0
27.76793,69.38332,338.09,0.38,0.36,2025-01-20,827,N,VIIRS,n,2,295.54,3.26,D,0
27.92644,67.59314,327.34,0.41,0.37,2025-01-20,827,N,VIIRS,n,2,295.34,1.7,D,0
27.96312,68.38985,331.34,0.39,0.36,2025-01-20,827,N,VIIRS,n,2,295.38,2.91,D,0
27.99766,69.71053,330.09,0.38,0.36,2025-01-20,827,N,VIIRS,n,2,295.73,2.49,D,0
28.01821,69.53472,341.03,0.38,0.36,2025-01-20,827,N,VIIRS,n,2,297.71,7.13,D,0
28.02229,69.12085,329.56,0.39,0.36,2025-01-20,827,N,VIIRS,n,2,292.82,2.53,D,0
28.11814,69.50322,331.34,0.38,0.36,2025-01-20,827,N,VIIRS,n,2,296.01,2.5,D,0
28.23246,69.7856,333.82,0.38,0.36,2025-01-20,827,N,VIIRS,n,2,296.67,2.7,D,0
28.32662,70.21418,345.99,0.39,0.36,2025-01-20,827,N,VIIRS,n,2,296.84,6.84,D,0
28.35403,70.10011,335.29,0.39,0.36,2025-01-20,827,N,VIIRS,n,2,297.49,10.95,D,0
28.37703,70.07159,332.58,0.39,0.36,2025-01-20,827,N,VIIRS,n,2,293.79,1.73,D,0
28.47652,69.90026,330.48,0.38,0.36,2025-01-20,828,N,VIIRS,n,2,295.8,2.03,D,0
28.51346,70.24039,335.68,0.39,0.36,2025-01-20,828,N,VIIRS,n,2,306.0,35.24,D,0
28.56199,67.74735,335.7,0.4,0.37,2025-01-20,828,N,VIIRS,n,2,296.48,2.7,D,0
28.6703,70.27612,336.97,0.39,0.36,2025-01-20,828,N,VIIRS,n,2,295.32,3.11,D,0
29.00849,67.47649,343.43,0.41,0.37,2025-01-20,828,N,VIIRS,n,2,298.6,3.78,D,0
29.01187,67.47576,328.14,0.41,0.37,2025-01-20,828,N,VIIRS,n,2,296.04,1.46,D,0
29.17412,70.34237,334.68,0.39,0.36,2025-01-20,828,N,VIIRS,n,2,292.57,3.22,D,0
29.17745,70.34175,336.34,0.39,0.36,2025-01-20,828,N,VIIRS,n,2,291.15,3.22,D,0
28.05273,69.36831,296.16,0.45,0.39,2025-01-20,2053,N,VIIRS,n,2,282.22,0.67,N,2
28.42434,69.70265,298.82,0.44,0.39,2025-01-20,2053,N,VIIRS,n,2,282.87,0.78,N,2
28.42494,69.69814,302.49,0.44,0.39,2025-01-20,2053,N,VIIRS,n,2,282.93,0.78,N,2
26.23451,68.1235,339.66,0.45,0.47,2025-01-21,808,N,VIIRS,n,2,294.59,3.43,D,0
26.28052,68.99267,336.13,0.4,0.45,2025-01-21,808,N,VIIRS,n,2,295.46,3.35,D,0
26.33356,68.13804,340.01,0.45,0.47,2025-01-21,808,N,VIIRS,n,2,294.53,7.8,D,0
26.41174,68.44061,336.54,0.43,0.46,2025-01-21,808,N,VIIRS,n,2,297.17,4.02,D,0
26.63586,68.96346,339.66,0.4,0.44,2025-01-21,808,N,VIIRS,n,2,299.39,3.58,D,0
26.63716,67.88679,333.82,0.46,0.47,2025-01-21,808,N,VIIRS,n,2,296.13,3.5,D,0
26.65502,68.34837,343.16,0.43,0.46,2025-01-21,808,N,VIIRS,n,2,299.48,14.41,D,0
26.68952,68.14768,332.63,0.44,0.46,2025-01-21,808,N,VIIRS,n,2,294.93,3.69,D,0
26.71268,68.1152,330.96,0.44,0.46,2025-01-21,808,N,VIIRS,n,2,293.99,1.75,D,0
26.7134,68.17874,339.41,0.44,0.46,2025-01-21,808,N,VIIRS,n,2,293.82,3.59,D,0
26.77179,68.95176,338.95,0.4,0.44,2025-01-21,808,N,VIIRS,n,2,297.12,6.03,D,0
26.80423,67.83318,338.46,0.46,0.47,2025-01-21,808,N,VIIRS,n,2,293.33,6.79,D,0
26.81442,68.26914,340.74,0.43,0.46,2025-01-21,808,N,VIIRS,n,2,295.6,7.84,D,0
26.90699,68.44856,334.79,0.42,0.45,2025-01-21,808,N,VIIRS,n,2,294.81,1.87,D,0
26.93001,68.41193,339.63,0.42,0.46,2025-01-21,808,N,VIIRS,n,2,294.32,4.99,D,0
27.35041,68.56434,346.06,0.41,0.45,2025-01-21,808,N,VIIRS,n,2,299.19,22.95,D,0
27.48119,69.05579,334.7,0.57,0.43,2025-01-21,808,N,VIIRS,n,2,296.04,4.93,D,0
27.67174,69.01815,328.65,0.57,0.43,2025-01-21,809,N,VIIRS,n,2,294.68,2.53,D,0
27.71205,69.54009,349.28,0.54,0.42,2025-01-21,809,N,VIIRS,n,2,296.31,11.1,D,0
27.75237,69.54171,345.79,0.54,0.42,2025-01-21,809,N,VIIRS,n,2,296.53,10.03,D,0
27.75268,69.53901,335.25,0.54,0.42,2025-01-21,809,N,VIIRS,n,2,295.99,7.47,D,0
27.9586,69.41118,343.74,0.54,0.42,2025-01-21,809,N,VIIRS,n,2,295.49,6.88,D,0
28.01216,69.46053,347.05,0.54,0.42,2025-01-21,809,N,VIIRS,n,2,295.46,13.15,D,0
28.15149,69.70206,331.93,0.52,0.41,2025-01-21,809,N,VIIRS,n,2,293.46,2.82,D,0
28.27967,69.97022,330.33,0.5,0.41,2025-01-21,809,N,VIIRS,n,2,295.08,4.4,D,0
28.28345,69.63587,339.02,0.52,0.42,2025-01-21,809,N,VIIRS,n,2,298.58,6.49,D,0
28.29611,69.89213,333.34,0.5,0.41,2025-01-21,809,N,VIIRS,n,2,298.55,4.35,D,0
28.33664,69.71326,344.6,0.51,0.41,2025-01-21,809,N,VIIRS,n,2,301.06,24.72,D,0
28.36196,69.70177,332.52,0.51,0.41,2025-01-21,809,N,VIIRS,n,2,298.73,6.4,D,0
28.41739,69.93491,332.64,0.5,0.41,2025-01-21,809,N,VIIRS,n,2,298.93,3.54,D,0
28.4211,69.93403,334.59,0.5,0.41,2025-01-21,809,N,VIIRS,n,2,297.93,3.54,D,0
28.45271,70.02112,340.01,0.5,0.41,2025-01-21,809,N,VIIRS,n,2,296.5,8.05,D,0
28.47603,69.81179,331.2,0.51,0.41,2025-01-21,809,N,VIIRS,n,2,294.54,1.97,D,0
28.49046,69.7224,344.32,0.51,0.41,2025-01-21,809,N,VIIRS,n,2,293.27,6.84,D,0
28.63297,70.37003,338.35,0.48,0.4,2025-01-21,809,N,VIIRS,n,2,295.6,5.48,D,0
28.705,70.28983,334.43,0.48,0.4,2025-01-21,809,N,VIIRS,n,2,296.73,9.35,D,0
28.74545,70.3458,331.74,0.47,0.4,2025-01-21,809,N,VIIRS,n,2,293.29,3.9,D,0
28.83904,70.24088,339.8,0.48,0.4,2025-01-21,809,N,VIIRS,n,2,293.6,5.24,D,0
28.42743,69.69907,297.27,0.52,0.5,2025-01-21,2034,N,VIIRS,n,2,282.84,1.52,N,2
26.22351,68.96891,336.62,0.39,0.59,2025-01-22,749,N,VIIRS,n,2,293.74,3.19,D,0
26.22376,68.96826,333.46,0.39,0.59,2025-01-22,749,N,VIIRS,n,2,293.31,3.12,D,0
26.74595,70.11739,331.67,0.32,0.55,2025-01-22,749,N,VIIRS,n,2,300.26,1.02,D,0
26.41393,68.26189,334.59,0.42,0.61,2025-01-22,750,N,VIIRS,n,2,292.09,3.98,D,0
26.41494,68.2661,327.75,0.42,0.61,2025-01-22,750,N,VIIRS,n,2,291.86,4.76,D,0
26.4565,68.19067,334.45,0.43,0.62,2025-01-22,750,N,VIIRS,n,2,291.88,2.5,D,0
26.55453,68.04314,331.33,0.43,0.62,2025-01-22,750,N,VIIRS,n,2,292.16,3.02,D,0
26.57385,68.3008,353.67,0.42,0.61,2025-01-22,750,N,VIIRS,n,2,292.23,6.5,D,0
26.58216,68.24727,326.89,0.42,0.61,2025-01-22,750,N,VIIRS,n,2,292.49,2.14,D,0
26.65852,68.31866,340.87,0.42,0.61,2025-01-22,750,N,VIIRS,n,2,292.06,3.91,D,0
26.89451,68.24106,348.77,0.42,0.61,2025-01-22,750,N,VIIRS,n,2,294.65,5.76,D,0
27.41769,68.43056,333.54,0.39,0.6,2025-01-22,750,N,VIIRS,n,2,291.99,3.0,D,0
27.41799,68.43093,333.28,0.39,0.6,2025-01-22,750,N,VIIRS,n,2,292.44,2.63,D,0
27.71785,68.64912,327.88,0.38,0.58,2025-01-22,750,N,VIIRS,n,2,291.56,1.7,D,0
27.97327,69.12932,338.08,0.35,0.57,2025-01-22,750,N,VIIRS,n,2,293.27,2.53,D,0
27.97839,69.12784,330.51,0.35,0.57,2025-01-22,750,N,VIIRS,n,2,291.97,1.8,D,0
28.02538,69.35667,367.0,0.34,0.56,2025-01-22,750,N,VIIRS,h,2,294.31,4.2,D,0
28.08135,69.603,367.0,0.32,0.55,2025-01-22,750,N,VIIRS,h,2,293.5,3.92,D,0
28.16975,69.83384,333.57,0.63,0.54,2025-01-22,750,N,VIIRS,n,2,291.5,5.43,D,0
28.17666,69.81846,331.19,0.63,0.54,2025-01-22,750,N,VIIRS,n,2,290.55,4.34,D,0
28.17721,69.82027,336.42,0.63,0.54,2025-01-22,750,N,VIIRS,n,2,291.65,4.68,D,0
28.20437,69.75661,338.93,0.63,0.54,2025-01-22,750,N,VIIRS,n,2,292.86,22.79,D,0
28.20926,69.41195,335.77,0.33,0.55,2025-01-22,750,N,VIIRS,n,2,291.69,2.64,D,0
28.35508,69.70514,329.0,0.63,0.54,2025-01-22,750,N,VIIRS,n,2,294.21,9.82,D,0
28.35817,70.0874,337.47,0.6,0.53,2025-01-22,750,N,VIIRS,n,2,291.76,3.71,D,0
28.41446,70.06509,341.49,0.6,0.53,2025-01-22,750,N,VIIRS,n,2,292.29,7.51,D,0
26.54087,68.88691,337.84,0.7,0.75,2025-01-22,930,N,VIIRS,n,2,293.73,5.55,D,0
26.5872,68.05447,336.34,0.63,0.72,2025-01-22,930,N,VIIRS,n,2,293.43,3.43,D,0
27.32931,68.62928,329.44,0.69,0.74,2025-01-22,930,N,VIIRS,n,2,289.55,3.36,D,0
27.56416,68.36578,367.0,0.67,0.73,2025-01-22,930,N,VIIRS,h,2,297.54,20.72,D,0
27.56448,68.36436,367.0,0.67,0.73,2025-01-22,930,N,VIIRS,h,2,299.33,18.72,D,0
27.57105,68.36544,351.09,0.67,0.73,2025-01-22,930,N,VIIRS,n,2,292.86,12.45,D,0
27.57137,68.364,330.93,0.67,0.73,2025-01-22,930,N,VIIRS,n,2,291.93,18.72,D,0
28.42606,69.69955,297.44,0.51,0.66,2025-01-22,2015,N,VIIRS,n,2,282.97,1.04,N,2
28.42701,69.69842,299.12,0.51,0.66,2025-01-22,2015,N,VIIRS,n,2,282.9,1.02,N,2
28.42273,69.70128,297.17,0.5,0.66,2025-01-22,2155,N,VIIRS,n,2,281.97,0.86,N,2
26.30722,68.95685,352.06,0.74,0.76,2025-01-23,731,N,VIIRS,n,2,294.29,10.13,D,0
26.55656,68.90344,335.52,0.73,0.76,2025-01-23,731,N,VIIRS,n,2,295.51,4.76,D,0
26.5602,68.90003,341.34,0.73,0.76,2025-01-23,731,N,VIIRS,n,2,295.44,4.17,D,0
26.64544,68.9118,344.93,0.73,0.76,2025-01-23,731,N,VIIRS,n,2,294.75,13.26,D,0
26.81523,68.96831,338.55,0.72,0.75,2025-01-23,731,N,VIIRS,n,2,295.0,3.89,D,0
27.21619,68.25127,335.7,0.77,0.77,2025-01-23,731,N,VIIRS,n,2,294.15,5.72,D,0
27.38944,68.57951,334.43,0.73,0.76,2025-01-23,731,N,VIIRS,n,2,291.45,4.94,D,0
27.46382,68.48689,339.4,0.73,0.76,2025-01-23,731,N,VIIRS,n,2,293.68,4.55,D,0
27.466,68.48729,337.97,0.74,0.76,2025-01-23,731,N,VIIRS,n,2,294.01,6.09,D,0
27.49075,68.71654,336.83,0.71,0.75,2025-01-23,731,N,VIIRS,n,2,293.53,4.51,D,0
27.49172,68.71774,337.5,0.71,0.75,2025-01-23,731,N,VIIRS,n,2,293.6,5.62,D,0
27.50229,68.70483,332.57,0.71,0.75,2025-01-23,731,N,VIIRS,n,2,294.95,7.31,D,0
27.50329,68.70593,335.05,0.71,0.75,2025-01-23,731,N,VIIRS,n,2,295.33,4.2,D,0
27.77776,69.35799,342.21,0.64,0.72,2025-01-23,731,N,VIIRS,n,2,295.69,5.97,D,0
27.78324,69.36221,329.28,0.64,0.72,2025-01-23,731,N,VIIRS,n,2,295.31,7.45,D,0
28.08373,69.33536,328.99,0.64,0.72,2025-01-23,731,N,VIIRS,n,2,294.13,6.32,D,0
28.16157,69.70435,349.06,0.6,0.71,2025-01-23,731,N,VIIRS,n,2,294.29,6.8,D,0
28.28009,69.91899,335.42,0.58,0.7,2025-01-23,731,N,VIIRS,n,2,294.82,4.12,D,0
28.30601,70.19929,351.4,0.56,0.69,2025-01-23,731,N,VIIRS,n,2,294.69,11.35,D,0
28.33441,69.55437,338.65,0.61,0.71,2025-01-23,731,N,VIIRS,n,2,295.02,4.66,D,0
28.80546,70.32617,333.9,0.54,0.68,2025-01-23,731,N,VIIRS,n,2,295.22,4.38,D,0
29.01586,70.39034,328.89,0.53,0.67,2025-01-23,731,N,VIIRS,n,2,293.09,2.66,D,0
26.20794,68.99922,332.31,0.36,0.58,2025-01-23,911,N,VIIRS,n,2,295.24,2.65,D,0
26.29834,68.94507,331.79,0.36,0.57,2025-01-23,911,N,VIIRS,n,2,295.47,1.81,D,0
26.33541,68.93765,333.34,0.36,0.57,2025-01-23,911,N,VIIRS,n,2,297.34,2.06,D,0
26.34609,68.93661,348.5,0.36,0.57,2025-01-23,911,N,VIIRS,n,2,297.17,5.73,D,0
26.34641,68.94028,367.0,0.36,0.57,2025-01-23,911,N,VIIRS,h,2,297.75,8.61,D,0
26.34958,68.68373,339.61,0.35,0.57,2025-01-23,911,N,VIIRS,n,2,302.32,2.49,D,0
26.41262,68.61677,336.72,0.34,0.56,2025-01-23,911,N,VIIRS,n,2,300.06,2.55,D,0
26.41293,68.62029,332.48,0.34,0.56,2025-01-23,911,N,VIIRS,n,2,299.95,2.74,D,0
26.44786,68.89554,333.65,0.36,0.57,2025-01-23,911,N,VIIRS,n,2,295.0,1.86,D,0
26.45351,68.89868,336.35,0.36,0.57,2025-01-23,911,N,VIIRS,n,2,296.32,2.72,D,0
26.47792,68.89007,343.89,0.36,0.57,2025-01-23,911,N,VIIRS,n,2,297.2,3.15,D,0
26.50521,68.89471,334.23,0.36,0.57,2025-01-23,911,N,VIIRS,n,2,296.87,1.8,D,0
26.57022,68.89939,343.05,0.36,0.57,2025-01-23,911,N,VIIRS,n,2,298.43,3.79,D,0
26.57054,68.90307,348.5,0.36,0.57,2025-01-23,911,N,VIIRS,n,2,298.35,6.69,D,0
26.57332,68.90147,367.0,0.36,0.57,2025-01-23,911,N,VIIRS,h,2,299.32,7.76,D,0
26.58996,68.90725,335.16,0.36,0.57,2025-01-23,911,N,VIIRS,n,2,295.89,2.37,D,0
26.59195,68.8662,335.4,0.36,0.57,2025-01-23,911,N,VIIRS,n,2,298.72,1.24,D,0
26.62268,68.84816,347.05,0.36,0.57,2025-01-23,911,N,VIIRS,n,2,299.24,2.17,D,0
26.64595,68.93155,352.31,0.36,0.58,2025-01-23,911,N,VIIRS,n,2,297.45,3.72,D,0
26.64627,68.93524,333.21,0.36,0.58,2025-01-23,911,N,VIIRS,n,2,298.09,3.72,D,0
26.64722,68.94639,331.0,0.36,0.58,2025-01-23,911,N,VIIRS,n,2,297.4,2.22,D,0
26.66042,68.91142,338.1,0.36,0.57,2025-01-23,911,N,VIIRS,n,2,297.78,2.37,D,0
26.71358,68.14584,367.0,0.32,0.55,2025-01-23,911,N,VIIRS,h,2,300.23,13.97,D,0
26.7145,68.15578,331.38,0.32,0.55,2025-01-23,911,N,VIIRS,n,2,296.13,4.06,D,0
26.71588,68.14365,356.76,0.32,0.55,2025-01-23,911,N,VIIRS,n,2,297.12,7.0,D,0
26.71617,68.14697,356.16,0.32,0.55,2025-01-23,911,N,VIIRS,n,2,295.65,7.0,D,0
26.71674,68.15359,367.0,0.33,0.55,2025-01-23,911,N,VIIRS,h,2,300.2,4.93,D,0
26.7193,68.15192,367.0,0.32,0.55,2025-01-23,911,N,VIIRS,h,2,299.08,4.06,D,0
26.7196,68.15524,335.33,0.32,0.55,2025-01-23,911,N,VIIRS,n,2,296.76,4.06,D,0
26.72156,68.14973,334.18,0.32,0.55,2025-01-23,911,N,VIIRS,n,2,296.59,4.93,D,0
26.72184,68.15305,336.48,0.33,0.55,2025-01-23,911,N,VIIRS,n,2,296.07,4.93,D,0
26.78301,68.95396,337.54,0.37,0.58,2025-01-23,911,N,VIIRS,n,2,298.1,2.88,D,0
26.78929,68.96468,351.54,0.37,0.58,2025-01-23,911,N,VIIRS,n,2,297.55,6.16,D,0
26.81529,68.12681,330.85,0.32,0.55,2025-01-23,911,N,VIIRS,n,2,295.97,1.37,D,0
26.83674,68.94864,367.0,0.37,0.58,2025-01-23,911,N,VIIRS,h,2,303.16,17.97,D,0
26.84275,68.95562,340.02,0.37,0.58,2025-01-23,911,N,VIIRS,n,2,297.84,3.82,D,0
26.84812,68.95509,332.48,0.37,0.58,2025-01-23,911,N,VIIRS,n,2,296.96,2.47,D,0
27.08542,67.97484,337.21,0.32,0.55,2025-01-23,911,N,VIIRS,n,2,294.76,1.95,D,0
27.19199,68.46671,342.97,0.34,0.56,2025-01-23,911,N,VIIRS,n,2,295.88,3.31,D,0
27.39143,68.58308,334.9,0.35,0.57,2025-01-23,911,N,VIIRS,n,2,293.81,1.8,D,0
27.39252,68.58094,334.23,0.35,0.57,2025-01-23,911,N,VIIRS,n,2,293.65,3.48,D,0
27.45878,68.68684,334.79,0.36,0.57,2025-01-23,911,N,VIIRS,n,2,296.33,1.94,D,0
27.47945,68.61461,350.73,0.35,0.57,2025-01-23,911,N,VIIRS,n,2,297.81,4.71,D,0
27.49732,68.71984,339.2,0.36,0.57,2025-01-23,911,N,VIIRS,n,2,296.14,2.03,D,0
27.58179,68.52554,348.06,0.35,0.57,2025-01-23,911,N,VIIRS,n,2,298.14,5.99,D,0
27.58208,68.52914,356.67,0.35,0.57,2025-01-23,911,N,VIIRS,n,2,298.63,8.71,D,0
27.58307,68.52679,367.0,0.35,0.57,2025-01-23,911,N,VIIRS,h,2,299.57,6.44,D,0
27.75917,68.68504,352.46,0.36,0.57,2025-01-23,911,N,VIIRS,n,2,298.98,3.69,D,0
27.76451,68.68452,334.81,0.36,0.57,2025-01-23,911,N,VIIRS,n,2,297.67,2.53,D,0
27.92773,69.34834,344.26,0.4,0.6,2025-01-23,911,N,VIIRS,n,2,297.76,2.08,D,0
27.92448,67.55412,334.42,0.62,0.54,2025-01-23,912,N,VIIRS,n,2,299.62,20.96,D,0
27.9248,67.55624,356.2,0.62,0.54,2025-01-23,912,N,VIIRS,n,2,301.06,24.43,D,0
27.92502,67.56049,339.86,0.62,0.54,2025-01-23,912,N,VIIRS,n,2,297.87,20.96,D,0
27.92979,67.55572,336.07,0.62,0.54,2025-01-23,912,N,VIIRS,n,2,296.11,3.62,D,0
27.99331,67.59176,339.73,0.62,0.54,2025-01-23,912,N,VIIRS,n,2,295.58,4.43,D,0
27.99422,68.39613,338.71,0.35,0.57,2025-01-23,912,N,VIIRS,n,2,296.99,2.12,D,0
27.99859,68.39422,349.26,0.35,0.57,2025-01-23,912,N,VIIRS,n,2,297.52,3.44,D,0
27.99948,68.39561,337.51,0.35,0.57,2025-01-23,912,N,VIIRS,n,2,296.8,2.12,D,0
28.00289,67.6427,332.97,0.63,0.54,2025-01-23,912,N,VIIRS,n,2,296.22,4.02,D,0
28.03307,68.36176,338.35,0.35,0.56,2025-01-23,912,N,VIIRS,n,2,297.27,1.78,D,0
28.03426,69.28915,330.11,0.39,0.6,2025-01-23,912,N,VIIRS,n,2,296.72,1.78,D,0
28.04883,68.36018,337.21,0.35,0.56,2025-01-23,912,N,VIIRS,n,2,296.13,1.42,D,0
28.06586,69.40709,330.29,0.4,0.6,2025-01-23,912,N,VIIRS,n,2,298.52,2.64,D,0
28.14028,69.60498,367.0,0.41,0.61,2025-01-23,912,N,VIIRS,h,2,300.67,8.56,D,0
28.15262,69.77506,331.37,0.42,0.61,2025-01-23,912,N,VIIRS,n,2,294.76,1.41,D,0
28.27,67.5847,330.01,0.62,0.54,2025-01-23,912,N,VIIRS,n,2,299.58,3.81,D,0
28.29159,69.92176,367.0,0.43,0.62,2025-01-23,912,N,VIIRS,h,2,300.93,12.92,D,0
28.44319,69.92524,335.73,0.44,0.62,2025-01-23,912,N,VIIRS,n,2,295.74,7.21,D,0
28.44353,69.92625,367.0,0.44,0.62,2025-01-23,912,N,VIIRS,h,2,299.21,10.57,D,0
28.44353,69.92979,367.0,0.44,0.62,2025-01-23,912,N,VIIRS,h,2,299.63,12.01,D,0
28.53302,68.66108,336.0,0.37,0.58,2025-01-23,912,N,VIIRS,n,2,296.93,1.48,D,0
28.60979,67.73419,367.0,0.32,0.55,2025-01-23,912,N,VIIRS,h,2,308.23,9.93,D,0
28.62599,70.29404,331.15,0.46,0.64,2025-01-23,912,N,VIIRS,n,2,296.11,3.02,D,0
29.05029,67.6395,337.78,0.32,0.55,2025-01-23,912,N,VIIRS,n,2,303.49,1.36,D,0
28.42424,69.70301,306.72,0.53,0.5,2025-01-23,2137,N,VIIRS,n,2,283.06,1.38,N,2
26.20896,68.15551,333.04,0.51,0.41,2025-01-24,852,N,VIIRS,l,2,303.29,15.67,D,0
26.39798,68.90358,334.39,0.56,0.43,2025-01-24,852,N,VIIRS,n,2,303.72,5.44,D,0
26.43805,68.87858,333.83,0.56,0.43,2025-01-24,852,N,VIIRS,n,2,301.08,10.31,D,0
26.43883,68.87494,344.46,0.56,0.43,2025-01-24,852,N,VIIRS,n,2,301.11,21.18,D,0
26.43955,67.94231,336.64,0.5,0.41,2025-01-24,852,N,VIIRS,n,2,299.59,5.93,D,0
26.4398,67.94531,338.51,0.5,0.41,2025-01-24,852,N,VIIRS,n,2,300.78,6.05,D,0
26.44616,68.90247,343.73,0.56,0.43,2025-01-24,852,N,VIIRS,n,2,304.52,24.18,D,0
26.45012,68.90191,356.03,0.56,0.43,2025-01-24,852,N,VIIRS,l,2,301.26,11.64,D,0
26.48852,68.3353,332.3,0.52,0.42,2025-01-24,852,N,VIIRS,n,2,300.44,6.11,D,0
26.48982,68.33231,332.16,0.52,0.42,2025-01-24,852,N,VIIRS,n,2,299.34,5.5,D,0
26.535,68.88192,343.66,0.56,0.43,2025-01-24,852,N,VIIRS,n,2,307.07,21.93,D,0
26.53896,68.88136,349.3,0.56,0.43,2025-01-24,852,N,VIIRS,n,2,307.33,10.13,D,0
26.57535,68.01786,333.97,0.5,0.41,2025-01-24,852,N,VIIRS,n,2,300.93,9.88,D,0
26.60613,68.30826,332.15,0.52,0.42,2025-01-24,852,N,VIIRS,n,2,299.78,9.33,D,0
26.69672,67.91408,333.16,0.5,0.41,2025-01-24,852,N,VIIRS,n,2,301.03,5.67,D,0
26.7393,68.1368,344.9,0.51,0.41,2025-01-24,852,N,VIIRS,n,2,301.21,9.36,D,0
26.83303,68.21595,331.29,0.52,0.42,2025-01-24,852,N,VIIRS,n,2,297.87,3.14,D,0
26.86302,68.20618,331.06,0.52,0.41,2025-01-24,852,N,VIIRS,n,2,297.22,1.85,D,0
26.93437,68.333,331.97,0.53,0.42,2025-01-24,852,N,VIIRS,n,2,298.5,3.27,D,0
27.1093,68.37155,331.83,0.53,0.42,2025-01-24,852,N,VIIRS,n,2,298.34,5.08,D,0
27.10995,68.37695,331.11,0.53,0.42,2025-01-24,852,N,VIIRS,n,2,296.43,4.92,D,0
27.39278,68.78436,333.38,0.56,0.43,2025-01-24,852,N,VIIRS,n,2,300.97,3.67,D,0
27.39412,68.78188,331.59,0.57,0.43,2025-01-24,852,N,VIIRS,n,2,298.92,2.5,D,0
27.4512,68.68084,334.03,0.56,0.43,2025-01-24,852,N,VIIRS,n,2,297.93,7.42,D,0
27.48294,68.71104,342.69,0.56,0.43,2025-01-24,852,N,VIIRS,n,2,297.68,6.89,D,0
27.48505,68.70876,331.27,0.56,0.43,2025-01-24,852,N,VIIRS,n,2,297.78,6.24,D,0
27.77417,69.38226,332.35,0.41,0.45,2025-01-24,852,N,VIIRS,n,2,297.84,1.51,D,0
27.69963,68.57051,330.31,0.56,0.43,2025-01-24,853,N,VIIRS,n,2,300.68,2.95,D,0
27.74614,68.73243,345.25,0.57,0.43,2025-01-24,853,N,VIIRS,n,2,301.32,9.99,D,0
27.8638,69.53024,331.56,0.42,0.45,2025-01-24,853,N,VIIRS,n,2,297.88,2.08,D,0
27.92181,69.55348,333.51,0.42,0.45,2025-01-24,853,N,VIIRS,n,2,299.92,5.74,D,0
27.92212,69.39732,335.02,0.41,0.45,2025-01-24,853,N,VIIRS,n,2,297.97,3.18,D,0
27.92227,69.55781,341.88,0.42,0.45,2025-01-24,853,N,VIIRS,n,2,303.5,12.53,D,0
27.92533,67.58306,331.12,0.5,0.41,2025-01-24,853,N,VIIRS,n,2,301.32,3.48,D,0
27.94869,68.45544,340.95,0.55,0.43,2025-01-24,853,N,VIIRS,n,2,299.0,6.09,D,0
27.94972,67.56384,333.92,0.5,0.41,2025-01-24,853,N,VIIRS,n,2,299.65,11.37,D,0
28.00949,69.7327,335.93,0.43,0.46,2025-01-24,853,N,VIIRS,n,2,298.02,3.46,D,0
28.05631,68.35856,331.45,0.55,0.42,2025-01-24,853,N,VIIRS,n,2,298.28,2.88,D,0
28.08316,69.38906,340.7,0.41,0.45,2025-01-24,853,N,VIIRS,n,2,302.03,5.6,D,0
28.15482,69.61768,335.44,0.43,0.46,2025-01-24,853,N,VIIRS,n,2,301.23,1.84,D,0
28.17312,69.6286,334.39,0.43,0.46,2025-01-24,853,N,VIIRS,n,2,298.35,3.89,D,0
28.23053,69.64333,333.06,0.43,0.46,2025-01-24,853,N,VIIRS,n,2,297.15,1.82,D,0
28.25901,67.68071,339.06,0.51,0.41,2025-01-24,853,N,VIIRS,n,2,305.1,4.75,D,0
28.29803,67.40403,336.62,0.49,0.4,2025-01-24,853,N,VIIRS,n,2,302.17,4.11,D,0
28.33348,69.57312,353.3,0.43,0.46,2025-01-24,853,N,VIIRS,n,2,307.19,20.24,D,0
28.33405,69.57247,354.55,0.43,0.46,2025-01-24,853,N,VIIRS,n,2,304.98,16.61,D,0
28.33453,69.57687,332.01,0.43,0.46,2025-01-24,853,N,VIIRS,n,2,300.65,6.75,D,0
28.39968,69.71307,335.96,0.44,0.46,2025-01-24,853,N,VIIRS,n,2,304.31,5.64,D,0
28.43107,69.80518,343.92,0.44,0.46,2025-01-24,853,N,VIIRS,n,2,306.8,13.16,D,0
28.43536,69.80462,348.94,0.44,0.46,2025-01-24,853,N,VIIRS,n,2,303.14,18.14,D,0
28.45006,70.11378,341.28,0.46,0.47,2025-01-24,853,N,VIIRS,n,2,300.39,6.52,D,0
28.54008,70.03672,346.88,0.46,0.47,2025-01-24,853,N,VIIRS,n,2,303.22,8.87,D,0
28.57658,70.13317,335.68,0.46,0.47,2025-01-24,853,N,VIIRS,n,2,300.2,3.72,D,0
28.77913,67.74467,337.69,0.52,0.41,2025-01-24,853,N,VIIRS,n,2,304.5,3.16,D,0
28.42583,69.69993,315.74,0.45,0.39,2025-01-24,2118,N,VIIRS,n,2,282.56,1.87,N,2
26.28226,68.43478,337.34,0.38,0.36,2025-01-25,833,N,VIIRS,n,2,302.98,11.78,D,0
26.2958,68.95229,344.12,0.39,0.36,2025-01-25,833,N,VIIRS,n,2,297.91,5.02,D,0
26.34589,68.07942,330.28,0.39,0.36,2025-01-25,833,N,VIIRS,n,2,298.98,1.87,D,0
26.34602,68.94701,351.25,0.39,0.36,2025-01-25,833,N,VIIRS,n,2,305.39,30.31,D,0
26.34727,68.37512,342.18,0.38,0.36,2025-01-25,833,N,VIIRS,n,2,303.5,8.58,D,0
26.35237,68.58693,332.48,0.38,0.36,2025-01-25,833,N,VIIRS,n,2,301.7,5.23,D,0
26.37143,68.4888,330.28,0.38,0.36,2025-01-25,833,N,VIIRS,n,2,299.02,1.88,D,0
26.4237,68.8576,334.32,0.38,0.36,2025-01-25,833,N,VIIRS,n,2,304.47,5.08,D,0
26.43032,68.4305,331.92,0.38,0.36,2025-01-25,833,N,VIIRS,n,2,298.71,2.13,D,0
26.50891,68.08379,334.23,0.38,0.36,2025-01-25,833,N,VIIRS,n,2,300.48,4.34,D,0
26.53558,68.88052,331.17,0.39,0.36,2025-01-25,833,N,VIIRS,n,2,304.72,3.2,D,0
26.54119,68.8953,340.06,0.39,0.36,2025-01-25,833,N,VIIRS,n,2,304.69,31.44,D,0
26.58242,67.92385,334.51,0.39,0.36,2025-01-25,833,N,VIIRS,n,2,300.06,3.65,D,0
26.72688,68.15754,341.53,0.38,0.36,2025-01-25,833,N,VIIRS,n,2,298.83,6.52,D,0
26.81568,68.07329,331.24,0.38,0.36,2025-01-25,833,N,VIIRS,l,2,305.31,8.15,D,0
26.83025,68.23283,333.27,0.38,0.36,2025-01-25,833,N,VIIRS,n,2,299.74,4.11,D,0
26.95208,68.36418,331.76,0.38,0.36,2025-01-25,833,N,VIIRS,n,2,300.27,2.86,D,0
26.95266,68.36803,331.4,0.38,0.36,2025-01-25,833,N,VIIRS,n,2,298.91,3.83,D,0
27.10584,68.37533,330.88,0.38,0.36,2025-01-25,834,N,VIIRS,n,2,296.53,1.6,D,0
27.1142,68.38564,335.32,0.38,0.36,2025-01-25,834,N,VIIRS,n,2,299.44,5.42,D,0
27.17486,68.44958,334.19,0.38,0.36,2025-01-25,834,N,VIIRS,n,2,298.89,3.22,D,0
27.27796,68.5294,333.66,0.38,0.36,2025-01-25,834,N,VIIRS,n,2,300.15,4.61,D,0
27.28886,68.44385,333.91,0.38,0.36,2025-01-25,834,N,VIIRS,n,2,300.38,2.8,D,0
27.29907,68.9921,334.76,0.39,0.36,2025-01-25,834,N,VIIRS,n,2,304.48,2.94,D,0
27.34932,68.96282,347.79,0.39,0.36,2025-01-25,834,N,VIIRS,n,2,310.95,25.83,D,0
27.44289,68.66177,344.19,0.39,0.36,2025-01-25,834,N,VIIRS,n,2,297.42,4.76,D,0
27.4462,68.66116,335.29,0.39,0.36,2025-01-25,834,N,VIIRS,n,2,296.65,3.0,D,0
27.45944,68.65868,332.3,0.39,0.36,2025-01-25,834,N,VIIRS,n,2,303.56,6.79,D,0
27.48344,68.61428,334.25,0.39,0.36,2025-01-25,834,N,VIIRS,n,2,301.73,3.86,D,0
27.49561,68.78778,331.66,0.39,0.36,2025-01-25,834,N,VIIRS,n,2,298.69,1.94,D,0
27.56523,69.38384,337.21,0.39,0.36,2025-01-25,834,N,VIIRS,n,2,305.01,2.14,D,0
27.66639,69.58662,333.45,0.4,0.37,2025-01-25,834,N,VIIRS,l,2,307.02,0.9,D,0
27.68564,68.54113,339.03,0.38,0.36,2025-01-25,834,N,VIIRS,n,2,300.41,3.73,D,0
27.71726,68.63917,346.51,0.39,0.36,2025-01-25,834,N,VIIRS,n,2,309.25,17.02,D,0
27.72569,68.58156,332.44,0.39,0.36,2025-01-25,834,N,VIIRS,n,2,301.47,2.44,D,0
27.77302,68.69704,336.13,0.39,0.36,2025-01-25,834,N,VIIRS,n,2,302.68,1.71,D,0
27.80222,69.17117,333.25,0.39,0.36,2025-01-25,834,N,VIIRS,l,2,303.35,4.36,D,0
27.85369,69.27607,331.72,0.39,0.36,2025-01-25,834,N,VIIRS,n,2,299.93,2.4,D,0
27.92454,67.53625,332.96,0.39,0.36,2025-01-25,834,N,VIIRS,n,2,301.8,2.17,D,0
27.94033,69.92211,339.44,0.4,0.37,2025-01-25,834,N,VIIRS,n,2,304.62,4.76,D,0
27.95614,69.24926,333.4,0.39,0.36,2025-01-25,834,N,VIIRS,n,2,303.23,2.67,D,0
27.95671,69.25323,336.35,0.39,0.36,2025-01-25,834,N,VIIRS,n,2,301.67,2.67,D,0
27.96579,69.01989,331.48,0.39,0.36,2025-01-25,834,N,VIIRS,n,2,300.91,2.64,D,0
28.00023,69.54955,339.19,0.4,0.37,2025-01-25,834,N,VIIRS,n,2,302.16,4.21,D,0
28.0284,69.6274,333.64,0.4,0.37,2025-01-25,834,N,VIIRS,n,2,300.66,4.01,D,0
28.02896,69.63145,332.64,0.4,0.37,2025-01-25,834,N,VIIRS,n,2,300.56,6.67,D,0
28.03082,67.62772,332.44,0.39,0.36,2025-01-25,834,N,VIIRS,n,2,299.95,1.77,D,0
28.04188,69.62499,334.19,0.4,0.37,2025-01-25,834,N,VIIRS,n,2,305.91,38.6,D,0
28.04615,69.33943,341.24,0.39,0.36,2025-01-25,834,N,VIIRS,n,2,302.36,7.19,D,0
28.06049,69.29584,345.07,0.39,0.36,2025-01-25,834,N,VIIRS,n,2,300.5,4.89,D,0
28.07739,68.42397,348.04,0.38,0.36,2025-01-25,834,N,VIIRS,n,2,302.21,3.85,D,0
28.08709,69.3735,334.8,0.39,0.37,2025-01-25,834,N,VIIRS,n,2,301.98,12.81,D,0
28.0888,69.38552,332.42,0.4,0.37,2025-01-25,834,N,VIIRS,n,2,299.55,1.41,D,0
28.16458,69.31424,333.95,0.39,0.36,2025-01-25,834,N,VIIRS,l,2,305.77,15.19,D,0
28.18281,70.03806,333.51,0.41,0.37,2025-01-25,834,N,VIIRS,n,2,300.59,2.92,D,0
28.18756,69.47496,335.52,0.4,0.37,2025-01-25,834,N,VIIRS,n,2,304.46,4.15,D,0
28.22616,68.23932,330.08,0.38,0.36,2025-01-25,834,N,VIIRS,n,2,298.47,0.91,D,0
28.25144,67.58845,333.25,0.39,0.36,2025-01-25,834,N,VIIRS,n,2,303.29,2.93,D,0
28.2609,69.82198,332.03,0.4,0.37,2025-01-25,834,N,VIIRS,n,2,301.38,2.66,D,0
28.26232,69.58292,339.41,0.4,0.37,2025-01-25,834,N,VIIRS,n,2,299.26,6.2,D,0
28.26418,69.6953,343.44,0.4,0.37,2025-01-25,834,N,VIIRS,n,2,304.34,5.0,D,0
28.26475,69.69939,336.78,0.4,0.37,2025-01-25,834,N,VIIRS,n,2,309.14,13.95,D,0
28.26757,69.69469,335.34,0.4,0.37,2025-01-25,834,N,VIIRS,l,2,305.68,5.0,D,0
28.27902,69.85257,333.11,0.41,0.37,2025-01-25,834,N,VIIRS,n,2,298.88,3.59,D,0
28.34938,69.58028,338.07,0.4,0.37,2025-01-25,834,N,VIIRS,n,2,299.81,42.74,D,0
28.42734,70.07008,333.01,0.41,0.37,2025-01-25,834,N,VIIRS,n,2,301.72,4.37,D,0
28.50461,69.8732,331.2,0.41,0.37,2025-01-25,834,N,VIIRS,l,2,303.51,4.28,D,0
28.53135,70.22556,337.23,0.42,0.37,2025-01-25,834,N,VIIRS,n,2,303.79,10.14,D,0
28.5453,68.80114,335.88,0.39,0.36,2025-01-25,834,N,VIIRS,n,2,307.89,2.67,D,0
28.56303,67.71687,350.1,0.38,0.36,2025-01-25,834,N,VIIRS,n,2,312.03,11.21,D,0
28.59681,70.29282,341.78,0.42,0.38,2025-01-25,834,N,VIIRS,n,2,305.5,27.32,D,0
28.60026,70.29222,346.08,0.42,0.38,2025-01-25,834,N,VIIRS,n,2,314.16,27.32,D,0
28.63368,67.56184,347.9,0.38,0.36,2025-01-25,834,N,VIIRS,n,2,308.46,6.45,D,0
28.63816,70.21666,333.81,0.42,0.37,2025-01-25,834,N,VIIRS,n,2,302.66,5.37,D,0
28.63921,67.73006,335.48,0.38,0.36,2025-01-25,834,N,VIIRS,n,2,306.62,2.58,D,0
28.68682,68.37757,335.67,0.39,0.36,2025-01-25,834,N,VIIRS,l,2,308.28,1.61,D,0
28.80906,70.34671,331.91,0.42,0.38,2025-01-25,834,N,VIIRS,n,2,301.28,3.38,D,0
28.80964,70.35104,332.68,0.42,0.38,2025-01-25,834,N,VIIRS,n,2,302.3,3.38,D,0
28.89792,67.62663,332.69,0.38,0.36,2025-01-25,834,N,VIIRS,l,2,303.47,1.73,D,0
29.18324,67.63186,338.72,0.38,0.36,2025-01-25,834,N,VIIRS,n,2,303.37,3.9,D,0
28.42618,69.70295,295.13,0.4,0.37,2025-01-25,2059,N,VIIRS,n,2,281.32,0.87,N,2
28.42677,69.6989,295.69,0.4,0.37,2025-01-25,2059,N,VIIRS,n,2,280.93,0.87,N,2
26.21556,68.27541,332.27,0.55,0.42,2025-01-26,814,N,VIIRS,l,2,302.39,16.15,D,0
26.22506,68.9901,331.78,0.5,0.41,2025-01-26,814,N,VIIRS,n,2,300.59,5.99,D,0
26.24459,68.99089,333.38,0.5,0.41,2025-01-26,814,N,VIIRS,n,2,298.79,3.85,D,0
26.24551,68.99588,331.77,0.5,0.41,2025-01-26,814,N,VIIRS,n,2,300.95,7.35,D,0
26.264,68.55286,333.81,0.53,0.42,2025-01-26,814,N,VIIRS,n,2,303.38,21.24,D,0
26.26518,68.95508,337.38,0.5,0.41,2025-01-26,814,N,VIIRS,n,2,298.67,4.44,D,0
26.38312,68.8994,333.2,0.5,0.41,2025-01-26,814,N,VIIRS,n,2,300.86,4.11,D,0
26.27723,67.52864,332.34,0.4,0.44,2025-01-26,815,N,VIIRS,n,2,303.12,2.99,D,0
26.32738,68.41494,344.96,0.53,0.42,2025-01-26,815,N,VIIRS,n,2,300.57,7.06,D,0
26.38243,68.68535,338.05,0.52,0.41,2025-01-26,815,N,VIIRS,n,2,307.32,4.67,D,0
26.4087,68.03698,332.81,0.56,0.43,2025-01-26,815,N,VIIRS,n,2,299.38,3.56,D,0
26.54847,67.9389,334.1,0.56,0.43,2025-01-26,815,N,VIIRS,n,2,302.36,5.2,D,0
26.55042,67.93605,337.24,0.56,0.43,2025-01-26,815,N,VIIRS,n,2,302.51,8.9,D,0
26.62753,68.1254,334.94,0.55,0.42,2025-01-26,815,N,VIIRS,n,2,301.77,21.28,D,0
26.67754,67.92144,330.11,0.56,0.43,2025-01-26,815,N,VIIRS,n,2,298.6,2.44,D,0
26.6798,68.92334,338.66,0.5,0.41,2025-01-26,815,N,VIIRS,n,2,307.5,37.32,D,0
26.80718,68.05,341.52,0.55,0.43,2025-01-26,815,N,VIIRS,n,2,303.94,33.49,D,0
26.89902,68.23712,335.61,0.53,0.42,2025-01-26,815,N,VIIRS,n,2,298.82,6.21,D,0
26.93739,68.44267,331.39,0.52,0.42,2025-01-26,815,N,VIIRS,n,2,299.08,2.85,D,0
26.94045,67.79123,334.48,0.56,0.43,2025-01-26,815,N,VIIRS,n,2,300.71,9.69,D,0
27.01775,68.51951,341.61,0.52,0.41,2025-01-26,815,N,VIIRS,n,2,300.66,13.49,D,0
27.21619,68.26689,330.43,0.53,0.42,2025-01-26,815,N,VIIRS,n,2,297.57,3.94,D,0
27.32125,68.28895,344.33,0.52,0.42,2025-01-26,815,N,VIIRS,n,2,303.29,6.24,D,0
27.36013,68.53862,333.57,0.51,0.41,2025-01-26,815,N,VIIRS,n,2,298.25,2.9,D,0
27.43936,68.65207,347.08,0.5,0.41,2025-01-26,815,N,VIIRS,n,2,301.13,4.83,D,0
27.44061,68.65424,338.92,0.5,0.41,2025-01-26,815,N,VIIRS,n,2,298.67,4.58,D,0
27.56141,69.37322,343.64,0.46,0.39,2025-01-26,815,N,VIIRS,n,2,307.49,4.21,D,0
27.63752,68.5223,342.4,0.5,0.41,2025-01-26,815,N,VIIRS,n,2,312.35,17.51,D,0
27.63841,68.52463,331.09,0.5,0.41,2025-01-26,815,N,VIIRS,n,2,300.82,10.13,D,0
27.68831,68.35299,332.44,0.51,0.41,2025-01-26,815,N,VIIRS,n,2,301.97,7.05,D,0
27.74611,68.68775,332.82,0.49,0.41,2025-01-26,815,N,VIIRS,n,2,305.4,3.43,D,0
27.759,68.69513,346.49,0.49,0.41,2025-01-26,815,N,VIIRS,n,2,300.88,8.57,D,0
27.82204,69.2522,346.21,0.46,0.39,2025-01-26,815,N,VIIRS,n,2,301.04,6.51,D,0
27.82398,69.15881,332.29,0.47,0.4,2025-01-26,815,N,VIIRS,l,2,302.87,4.11,D,0
27.84941,69.01122,334.96,0.48,0.4,2025-01-26,815,N,VIIRS,n,2,302.58,16.79,D,0
27.87225,69.21802,330.03,0.47,0.39,2025-01-26,815,N,VIIRS,n,2,303.96,2.52,D,0
27.92307,67.56337,331.3,0.56,0.43,2025-01-26,815,N,VIIRS,n,2,299.25,9.55,D,0
27.92415,67.56897,333.86,0.56,0.43,2025-01-26,815,N,VIIRS,n,2,297.47,9.82,D,0
27.92816,69.34107,336.52,0.46,0.39,2025-01-26,815,N,VIIRS,n,2,302.51,5.74,D,0
27.94437,69.32778,346.64,0.46,0.39,2025-01-26,815,N,VIIRS,n,2,302.84,5.28,D,0
27.94795,69.32696,333.32,0.46,0.39,2025-01-26,815,N,VIIRS,n,2,300.63,5.28,D,0
27.9485,69.0581,332.22,0.47,0.4,2025-01-26,815,N,VIIRS,n,2,299.16,2.35,D,0
27.9699,69.22021,331.72,0.46,0.39,2025-01-26,815,N,VIIRS,n,2,301.08,1.83,D,0
27.97318,69.17553,332.79,0.47,0.39,2025-01-26,815,N,VIIRS,n,2,302.78,2.61,D,0
27.97412,69.17712,330.75,0.47,0.39,2025-01-26,815,N,VIIRS,n,2,300.99,2.74,D,0
28.01915,68.31065,331.76,0.51,0.41,2025-01-26,815,N,VIIRS,n,2,299.31,1.56,D,0
28.14423,69.45378,333.22,0.45,0.39,2025-01-26,815,N,VIIRS,n,2,303.08,3.96,D,0
28.17736,70.17513,333.51,0.43,0.38,2025-01-26,815,N,VIIRS,n,2,303.9,5.68,D,0
28.19494,69.77885,333.68,0.44,0.38,2025-01-26,815,N,VIIRS,n,2,301.33,4.38,D,0
28.19507,69.77695,340.54,0.44,0.38,2025-01-26,815,N,VIIRS,n,2,301.11,6.57,D,0
28.24388,69.85056,334.32,0.44,0.38,2025-01-26,815,N,VIIRS,n,2,303.88,4.89,D,0
28.26518,70.01389,331.8,0.43,0.38,2025-01-26,815,N,VIIRS,n,2,302.73,3.98,D,0
28.26593,70.01823,332.69,0.43,0.38,2025-01-26,815,N,VIIRS,n,2,302.09,5.89,D,0
28.29881,69.87489,339.04,0.43,0.38,2025-01-26,815,N,VIIRS,n,2,303.28,4.14,D,0
28.37089,69.78683,336.61,0.44,0.38,2025-01-26,815,N,VIIRS,n,2,304.68,1.7,D,0
28.44689,69.84872,339.92,0.43,0.38,2025-01-26,815,N,VIIRS,n,2,298.57,3.7,D,0
28.44692,69.80759,333.94,0.44,0.38,2025-01-26,815,N,VIIRS,n,2,299.53,3.13,D,0
28.45603,69.94209,334.28,0.43,0.38,2025-01-26,815,N,VIIRS,l,2,305.96,4.57,D,0
28.45851,69.83244,344.93,0.43,0.38,2025-01-26,815,N,VIIRS,n,2,305.04,8.03,D,0
28.45873,69.93697,304.05,0.43,0.38,2025-01-26,815,N,VIIRS,l,2,307.67,29.06,D,0
28.4595,69.94132,367.0,0.43,0.38,2025-01-26,815,N,VIIRS,l,2,325.08,82.98,D,0
28.47585,69.86961,337.03,0.43,0.38,2025-01-26,815,N,VIIRS,n,2,302.15,2.78,D,0
28.47945,70.20927,331.32,0.42,0.38,2025-01-26,815,N,VIIRS,n,2,299.01,2.25,D,0
28.52675,70.22622,333.19,0.42,0.38,2025-01-26,815,N,VIIRS,n,2,300.32,4.13,D,0
28.55452,68.77367,335.69,0.48,0.4,2025-01-26,815,N,VIIRS,l,2,306.65,3.57,D,0
28.55552,68.77637,340.69,0.48,0.4,2025-01-26,815,N,VIIRS,n,2,307.27,3.7,D,0
28.57198,67.71486,343.66,0.53,0.42,2025-01-26,815,N,VIIRS,n,2,303.93,4.78,D,0
28.57481,67.71648,338.23,0.53,0.42,2025-01-26,815,N,VIIRS,n,2,304.02,3.15,D,0
28.69906,70.06636,344.47,0.42,0.38,2025-01-26,815,N,VIIRS,n,2,308.78,14.87,D,0
28.77457,70.31965,331.36,0.42,0.37,2025-01-26,815,N,VIIRS,n,2,298.83,2.46,D,0
28.92805,70.35253,335.15,0.41,0.37,2025-01-26,815,N,VIIRS,n,2,297.17,3.99,D,0
28.94138,67.86098,336.74,0.52,0.41,2025-01-26,815,N,VIIRS,n,2,301.63,2.98,D,0
29.18177,69.66869,332.82,0.43,0.38,2025-01-26,815,N,VIIRS,l,2,303.58,1.46,D,0
27.31199,67.73703,295.26,0.53,0.5,2025-01-26,2040,N,VIIRS,n,2,278.84,1.67,N,0
28.05131,69.36794,301.22,0.44,0.46,2025-01-26,2040,N,VIIRS,n,2,280.93,0.97,N,2
28.42461,69.70139,315.36,0.42,0.45,2025-01-26,2040,N,VIIRS,n,2,283.24,1.62,N,2
28.42525,69.69939,314.35,0.42,0.45,2025-01-26,2040,N,VIIRS,n,2,283.12,1.23,N,2
28.63277,69.19818,295.74,0.45,0.47,2025-01-26,2040,N,VIIRS,n,2,284.1,0.46,N,0
26.98466,68.90449,297.55,0.45,0.47,2025-01-26,2041,N,VIIRS,n,2,279.76,0.54,N,0
26.33064,67.89825,367.0,0.36,0.57,2025-01-27,756,N,VIIRS,h,2,298.3,4.29,D,0
26.3698,68.6077,367.0,0.33,0.55,2025-01-27,756,N,VIIRS,h,2,304.95,5.69,D,0
26.38037,68.09431,331.32,0.35,0.57,2025-01-27,756,N,VIIRS,n,2,298.79,1.26,D,0
26.42848,67.99092,367.0,0.35,0.57,2025-01-27,756,N,VIIRS,h,2,298.55,4.3,D,0
26.4301,68.31654,334.98,0.34,0.56,2025-01-27,756,N,VIIRS,n,2,300.16,1.81,D,0
26.44458,68.61971,331.13,0.32,0.55,2025-01-27,756,N,VIIRS,l,2,305.49,1.42,D,0
26.56415,67.9631,342.63,0.35,0.57,2025-01-27,756,N,VIIRS,n,2,299.69,4.25,D,0
26.64139,68.35481,346.92,0.33,0.56,2025-01-27,756,N,VIIRS,n,2,299.96,3.36,D,0
26.64782,68.23943,333.54,0.34,0.56,2025-01-27,756,N,VIIRS,n,2,301.09,2.69,D,0
26.64927,68.23598,333.1,0.34,0.56,2025-01-27,756,N,VIIRS,n,2,303.01,2.54,D,0
26.65269,67.80228,336.71,0.36,0.57,2025-01-27,756,N,VIIRS,n,2,297.42,3.75,D,0
26.65345,67.79955,344.53,0.36,0.57,2025-01-27,756,N,VIIRS,n,2,296.66,2.96,D,0
26.72985,68.16342,337.45,0.34,0.56,2025-01-27,756,N,VIIRS,n,2,297.54,1.86,D,0
26.79073,68.3298,350.14,0.33,0.55,2025-01-27,756,N,VIIRS,n,2,297.77,2.22,D,0
26.79575,68.32841,330.83,0.33,0.55,2025-01-27,756,N,VIIRS,n,2,295.64,2.22,D,0
26.83717,68.20367,367.0,0.34,0.56,2025-01-27,756,N,VIIRS,h,2,300.44,5.91,D,0
26.96012,68.21446,367.0,0.33,0.56,2025-01-27,756,N,VIIRS,h,2,299.02,6.54,D,0
27.2836,68.56927,332.23,0.63,0.54,2025-01-27,756,N,VIIRS,n,2,298.05,4.7,D,0
27.28376,68.56962,331.01,0.63,0.54,2025-01-27,756,N,VIIRS,n,2,297.84,3.71,D,0
27.29765,68.42264,342.94,0.32,0.55,2025-01-27,756,N,VIIRS,n,2,299.4,3.69,D,0
27.77996,68.71227,330.33,0.6,0.53,2025-01-27,756,N,VIIRS,n,2,299.7,7.87,D,0
27.78261,67.59071,338.31,0.35,0.57,2025-01-27,756,N,VIIRS,n,2,297.63,4.33,D,0
27.82074,69.03185,336.38,0.57,0.52,2025-01-27,756,N,VIIRS,n,2,299.05,5.12,D,0
27.92267,67.57912,332.5,0.35,0.57,2025-01-27,756,N,VIIRS,n,2,302.12,2.99,D,0
27.92942,69.3242,356.01,0.55,0.51,2025-01-27,756,N,VIIRS,n,2,299.83,13.18,D,0
27.93299,69.3407,332.89,0.55,0.51,2025-01-27,756,N,VIIRS,n,2,297.09,1.7,D,0
27.93856,69.54557,331.97,0.53,0.5,2025-01-27,756,N,VIIRS,n,2,299.1,6.48,D,0
27.95641,69.21451,340.13,0.56,0.51,2025-01-27,756,N,VIIRS,n,2,302.72,4.73,D,0
28.1023,69.43613,333.02,0.54,0.51,2025-01-27,756,N,VIIRS,n,2,300.91,6.8,D,0
28.10425,69.43282,341.03,0.54,0.5,2025-01-27,756,N,VIIRS,n,2,300.71,6.96,D,0
28.16492,69.42207,336.76,0.54,0.5,2025-01-27,756,N,VIIRS,n,2,300.15,5.44,D,0
28.20263,69.39464,335.78,0.54,0.51,2025-01-27,756,N,VIIRS,n,2,297.39,3.21,D,0
28.21485,70.2353,340.09,0.48,0.48,2025-01-27,756,N,VIIRS,n,2,302.94,6.74,D,0
28.26764,69.63263,338.36,0.52,0.5,2025-01-27,756,N,VIIRS,n,2,304.72,9.68,D,0
28.26803,69.63522,350.87,0.52,0.5,2025-01-27,756,N,VIIRS,n,2,303.68,16.61,D,0
28.44181,67.50208,337.32,0.34,0.56,2025-01-27,756,N,VIIRS,n,2,306.71,2.72,D,0
28.68866,70.01747,341.66,0.48,0.48,2025-01-27,756,N,VIIRS,n,2,300.56,14.92,D,0
28.69303,70.0163,341.96,0.48,0.48,2025-01-27,756,N,VIIRS,n,2,295.24,14.92,D,0
28.90359,70.29922,343.14,0.46,0.47,2025-01-27,756,N,VIIRS,n,2,299.61,6.5,D,0
29.06485,70.35538,334.99,0.45,0.47,2025-01-27,756,N,VIIRS,n,2,300.94,10.55,D,0
29.06579,70.35998,340.75,0.45,0.47,2025-01-27,756,N,VIIRS,n,2,301.76,10.55,D,0
29.15714,70.35772,335.93,0.45,0.47,2025-01-27,756,N,VIIRS,n,2,296.51,3.33,D,0
28.42241,69.70097,297.18,0.41,0.6,2025-01-27,2021,N,VIIRS,n,2,282.59,0.76,N,2
26.21943,68.59784,347.15,0.63,0.72,2025-01-28,737,N,VIIRS,n,2,297.42,5.11,D,0
26.24745,68.17853,347.26,0.66,0.73,2025-01-28,737,N,VIIRS,n,2,295.97,5.71,D,0
26.24818,68.1758,343.93,0.66,0.73,2025-01-28,737,N,VIIRS,n,2,296.23,8.31,D,0
26.28674,68.48889,334.2,0.64,0.72,2025-01-28,737,N,VIIRS,n,2,297.25,7.58,D,0
26.31961,68.95561,344.14,0.6,0.7,2025-01-28,737,N,VIIRS,n,2,297.73,6.44,D,0
26.35052,68.75783,335.2,0.61,0.71,2025-01-28,737,N,VIIRS,n,2,299.08,4.84,D,0
26.35886,68.04432,330.97,0.67,0.74,2025-01-28,737,N,VIIRS,n,2,294.45,5.74,D,0
26.38052,68.23113,351.11,0.65,0.73,2025-01-28,737,N,VIIRS,n,2,297.23,8.13,D,0
26.38486,68.23207,367.0,0.66,0.73,2025-01-28,737,N,VIIRS,h,2,298.7,13.58,D,0
26.39798,68.88655,354.13,0.6,0.71,2025-01-28,737,N,VIIRS,n,2,298.4,7.62,D,0
26.39953,68.8925,337.21,0.6,0.71,2025-01-28,737,N,VIIRS,n,2,296.66,7.62,D,0
26.40434,68.88454,343.81,0.6,0.71,2025-01-28,737,N,VIIRS,n,2,296.17,7.62,D,0
26.49322,68.88588,343.77,0.6,0.7,2025-01-28,737,N,VIIRS,n,2,299.47,5.31,D,0
26.57512,68.88291,348.69,0.59,0.7,2025-01-28,737,N,VIIRS,n,2,302.08,8.27,D,0
26.57551,68.88562,351.28,0.59,0.7,2025-01-28,737,N,VIIRS,n,2,300.88,5.39,D,0
26.58185,68.88361,330.91,0.59,0.7,2025-01-28,737,N,VIIRS,n,2,300.03,5.39,D,0
26.58917,68.36433,330.29,0.64,0.72,2025-01-28,737,N,VIIRS,n,2,295.43,4.19,D,0
26.67101,67.90369,331.39,0.67,0.74,2025-01-28,737,N,VIIRS,n,2,295.74,3.99,D,0
26.74328,68.2786,339.3,0.64,0.72,2025-01-28,737,N,VIIRS,n,2,295.08,5.6,D,0
26.74668,68.27664,341.44,0.64,0.72,2025-01-28,737,N,VIIRS,n,2,295.24,5.33,D,0
26.78917,68.97112,367.0,0.58,0.7,2025-01-28,737,N,VIIRS,h,2,301.63,13.69,D,0
26.78965,68.96787,367.0,0.58,0.7,2025-01-28,737,N,VIIRS,h,2,299.68,8.64,D,0
26.79118,68.97366,339.97,0.58,0.7,2025-01-28,737,N,VIIRS,n,2,298.05,8.64,D,0
26.80051,68.98323,355.52,0.58,0.7,2025-01-28,737,N,VIIRS,n,2,301.96,8.35,D,0
26.80471,68.97872,341.12,0.58,0.7,2025-01-28,737,N,VIIRS,n,2,299.66,9.71,D,0
26.8062,68.98453,367.0,0.58,0.7,2025-01-28,737,N,VIIRS,h,2,302.01,18.79,D,0
26.80679,68.98127,367.0,0.58,0.7,2025-01-28,737,N,VIIRS,h,2,299.36,11.48,D,0
27.40334,68.5897,330.61,0.59,0.7,2025-01-28,737,N,VIIRS,n,2,294.78,2.87,D,0
27.54425,68.99924,343.97,0.56,0.68,2025-01-28,737,N,VIIRS,n,2,300.33,5.42,D,0
27.58067,69.36986,335.42,0.53,0.67,2025-01-28,737,N,VIIRS,n,2,300.71,4.08,D,0
27.70711,69.30901,333.72,0.53,0.67,2025-01-28,737,N,VIIRS,n,2,297.36,2.98,D,0
27.7079,69.33743,337.28,0.53,0.67,2025-01-28,737,N,VIIRS,n,2,297.84,3.07,D,0
27.71481,69.56409,335.73,0.51,0.66,2025-01-28,737,N,VIIRS,n,2,301.38,3.93,D,0
27.73488,69.54297,339.79,0.51,0.66,2025-01-28,737,N,VIIRS,n,2,298.36,4.57,D,0
27.80152,67.7225,331.19,0.65,0.73,2025-01-28,737,N,VIIRS,n,2,297.23,3.62,D,0
28.01383,69.24399,331.25,0.52,0.67,2025-01-28,737,N,VIIRS,n,2,300.65,5.36,D,0
28.01986,69.24205,329.33,0.52,0.67,2025-01-28,737,N,VIIRS,n,2,298.53,5.36,D,0
28.08017,69.32486,335.41,0.52,0.67,2025-01-28,737,N,VIIRS,n,2,296.58,2.42,D,0
28.10487,69.72241,346.09,0.49,0.65,2025-01-28,737,N,VIIRS,n,2,299.16,4.16,D,0
28.10865,69.72205,367.0,0.49,0.65,2025-01-28,737,N,VIIRS,h,2,299.01,11.17,D,0
28.11074,69.72057,338.52,0.49,0.65,2025-01-28,737,N,VIIRS,n,2,294.51,3.75,D,0
28.24723,69.65211,331.25,0.49,0.65,2025-01-28,737,N,VIIRS,n,2,297.26,2.47,D,0
28.29365,69.6853,367.0,0.49,0.65,2025-01-28,737,N,VIIRS,h,2,304.48,20.88,D,0
28.29651,69.68596,354.69,0.49,0.65,2025-01-28,737,N,VIIRS,n,2,297.91,11.72,D,0
28.33857,69.71333,335.73,0.48,0.65,2025-01-28,737,N,VIIRS,n,2,300.69,3.23,D,0
28.36252,69.98553,367.0,0.47,0.64,2025-01-28,737,N,VIIRS,h,2,304.29,11.55,D,0
28.36827,69.9837,367.0,0.47,0.64,2025-01-28,737,N,VIIRS,h,2,301.54,11.55,D,0
28.37341,69.81387,331.48,0.48,0.64,2025-01-28,737,N,VIIRS,n,2,298.43,2.65,D,0
28.44828,69.86255,330.98,0.47,0.64,2025-01-28,737,N,VIIRS,n,2,299.55,4.15,D,0
28.46222,69.86839,367.0,0.47,0.64,2025-01-28,737,N,VIIRS,h,2,302.7,13.23,D,0
28.44054,69.81966,330.77,0.47,0.64,2025-01-28,738,N,VIIRS,n,2,298.17,2.66,D,0
28.45034,69.85783,353.95,0.47,0.64,2025-01-28,738,N,VIIRS,n,2,297.66,6.28,D,0
28.45856,69.86553,338.49,0.47,0.64,2025-01-28,738,N,VIIRS,n,2,298.53,12.96,D,0
28.45978,69.87029,367.0,0.47,0.64,2025-01-28,738,N,VIIRS,h,2,301.24,11.04,D,0
28.64194,70.10323,337.18,0.45,0.63,2025-01-28,738,N,VIIRS,n,2,294.62,2.54,D,0
28.64238,70.1045,330.29,0.45,0.63,2025-01-28,738,N,VIIRS,n,2,293.87,2.51,D,0
28.80053,70.20042,332.34,0.44,0.63,2025-01-28,738,N,VIIRS,n,2,299.39,5.15,D,0
26.27265,68.41825,333.02,0.42,0.61,2025-01-28,917,N,VIIRS,n,2,297.45,1.78,D,0
26.27464,68.41636,343.72,0.42,0.61,2025-01-28,917,N,VIIRS,n,2,299.33,2.8,D,0
26.29434,68.9827,346.52,0.45,0.63,2025-01-28,917,N,VIIRS,n,2,300.35,6.19,D,0
26.29542,68.9967,343.41,0.45,0.63,2025-01-28,917,N,VIIRS,n,2,298.58,5.07,D,0
26.29855,68.98122,344.76,0.45,0.63,2025-01-28,917,N,VIIRS,n,2,299.16,5.34,D,0
26.34405,68.42305,337.28,0.42,0.61,2025-01-28,917,N,VIIRS,n,2,298.67,2.3,D,0
26.34646,68.75095,352.17,0.44,0.62,2025-01-28,917,N,VIIRS,n,2,302.48,19.66,D,0
26.3468,68.75547,367.0,0.44,0.62,2025-01-28,917,N,VIIRS,h,2,302.9,19.66,D,0
26.3695,68.82193,331.28,0.44,0.63,2025-01-28,917,N,VIIRS,n,2,300.25,3.2,D,0
26.3717,68.92817,335.3,0.45,0.63,2025-01-28,917,N,VIIRS,n,2,299.62,2.6,D,0
26.37758,68.92767,367.0,0.45,0.63,2025-01-28,917,N,VIIRS,h,2,299.46,7.6,D,0
26.3855,68.89928,367.0,0.45,0.63,2025-01-28,917,N,VIIRS,h,2,305.89,20.78,D,0
26.38721,68.89893,367.0,0.45,0.63,2025-01-28,917,N,VIIRS,h,2,304.15,18.26,D,0
26.38757,68.90356,332.31,0.45,0.63,2025-01-28,917,N,VIIRS,n,2,298.99,13.37,D,0
26.3921,67.99799,333.14,0.4,0.6,2025-01-28,917,N,VIIRS,n,2,297.74,2.12,D,0
26.39766,67.99747,332.29,0.4,0.6,2025-01-28,917,N,VIIRS,n,2,301.29,2.65,D,0
26.40213,68.88387,332.57,0.45,0.63,2025-01-28,917,N,VIIRS,n,2,299.48,5.52,D,0
26.40375,68.88359,330.97,0.45,0.63,2025-01-28,917,N,VIIRS,n,2,299.0,5.69,D,0
26.43195,67.94557,345.99,0.39,0.6,2025-01-28,917,N,VIIRS,n,2,300.21,3.89,D,0
26.43253,67.94548,344.46,0.39,0.59,2025-01-28,917,N,VIIRS,n,2,299.39,4.26,D,0
26.47396,68.89629,342.96,0.45,0.63,2025-01-28,917,N,VIIRS,n,2,299.49,7.12,D,0
26.4843,68.8768,341.22,0.45,0.63,2025-01-28,917,N,VIIRS,n,2,300.01,45.51,D,0
26.485,68.88604,367.0,0.45,0.63,2025-01-28,917,N,VIIRS,h,2,307.27,52.4,D,0
26.48945,68.88229,345.65,0.45,0.63,2025-01-28,917,N,VIIRS,n,2,306.04,50.55,D,0
26.48977,68.40582,338.71,0.42,0.61,2025-01-28,917,N,VIIRS,n,2,298.28,2.56,D,0
26.48977,68.8869,336.06,0.45,0.63,2025-01-28,917,N,VIIRS,n,2,301.43,35.14,D,0
26.49052,68.88092,355.09,0.45,0.63,2025-01-28,917,N,VIIRS,n,2,298.59,11.08,D,0
26.49088,68.88552,340.57,0.45,0.63,2025-01-28,917,N,VIIRS,n,2,299.69,10.3,D,0
26.49782,68.89895,367.0,0.45,0.63,2025-01-28,917,N,VIIRS,h,2,300.77,9.09,D,0
26.5025,68.8998,367.0,0.45,0.63,2025-01-28,917,N,VIIRS,h,2,297.96,11.89,D,0
26.5037,68.89844,330.77,0.45,0.63,2025-01-28,917,N,VIIRS,n,2,295.44,1.56,D,0
26.52047,68.90289,343.71,0.45,0.63,2025-01-28,917,N,VIIRS,n,2,297.15,3.29,D,0
26.52081,68.90754,337.15,0.45,0.63,2025-01-28,917,N,VIIRS,n,2,296.8,3.29,D,0
26.52206,68.90622,354.96,0.45,0.63,2025-01-28,917,N,VIIRS,n,2,298.26,4.4,D,0
26.59035,68.88757,343.08,0.45,0.63,2025-01-28,917,N,VIIRS,n,2,301.73,4.28,D,0
26.59443,68.8875,367.0,0.45,0.63,2025-01-28,917,N,VIIRS,h,2,302.29,7.11,D,0
26.59624,68.88708,336.45,0.45,0.63,2025-01-28,917,N,VIIRS,n,2,301.22,3.03,D,0
26.59842,68.08527,354.48,0.4,0.6,2025-01-28,917,N,VIIRS,n,2,300.2,4.83,D,0
26.71058,68.09814,337.41,0.4,0.6,2025-01-28,918,N,VIIRS,n,2,300.0,2.2,D,0
26.73757,68.01257,334.82,0.4,0.6,2025-01-28,918,N,VIIRS,n,2,299.53,2.14,D,0
26.7589,67.99825,331.43,0.4,0.6,2025-01-28,918,N,VIIRS,n,2,300.04,3.04,D,0
26.76258,67.9974,340.21,0.4,0.6,2025-01-28,918,N,VIIRS,n,2,298.36,3.55,D,0
26.91881,68.52573,367.0,0.43,0.62,2025-01-28,918,N,VIIRS,h,2,303.89,14.31,D,0
27.03085,68.96593,333.73,0.46,0.64,2025-01-28,918,N,VIIRS,n,2,301.29,6.97,D,0
27.03369,68.96504,356.1,0.46,0.64,2025-01-28,918,N,VIIRS,n,2,301.39,6.63,D,0
27.09304,68.37289,340.11,0.42,0.61,2025-01-28,918,N,VIIRS,n,2,298.64,3.32,D,0
27.09457,68.37363,343.4,0.42,0.61,2025-01-28,918,N,VIIRS,n,2,296.5,2.47,D,0
27.326,68.35188,342.1,0.42,0.61,2025-01-28,918,N,VIIRS,n,2,298.71,4.21,D,0
27.4019,68.59328,332.36,0.44,0.62,2025-01-28,918,N,VIIRS,n,2,298.11,2.65,D,0
27.40701,68.35369,348.69,0.43,0.62,2025-01-28,918,N,VIIRS,n,2,299.11,5.81,D,0
27.40772,68.35367,350.66,0.43,0.62,2025-01-28,918,N,VIIRS,n,2,299.42,5.36,D,0
27.45706,68.63964,334.39,0.44,0.63,2025-01-28,918,N,VIIRS,n,2,297.44,3.67,D,0
27.51058,68.72848,367.0,0.45,0.63,2025-01-28,918,N,VIIRS,h,2,302.68,12.78,D,0
27.56031,68.36794,349.76,0.43,0.62,2025-01-28,918,N,VIIRS,n,2,306.07,17.68,D,0
27.56607,68.36744,348.19,0.43,0.62,2025-01-28,918,N,VIIRS,n,2,310.97,17.68,D,0
27.56639,68.37188,349.7,0.43,0.62,2025-01-28,918,N,VIIRS,n,2,305.62,17.68,D,0
27.58039,69.37273,342.61,0.49,0.65,2025-01-28,918,N,VIIRS,n,2,302.8,3.61,D,0
27.58075,69.37786,334.25,0.49,0.65,2025-01-28,918,N,VIIRS,n,2,301.26,3.61,D,0
27.58076,69.36985,332.05,0.49,0.65,2025-01-28,918,N,VIIRS,n,2,301.38,2.25,D,0
27.58108,69.37498,346.74,0.49,0.65,2025-01-28,918,N,VIIRS,n,2,302.26,7.11,D,0
27.81827,69.23917,334.23,0.49,0.65,2025-01-28,918,N,VIIRS,n,2,297.14,3.06,D,0
27.96581,69.43153,357.07,0.5,0.66,2025-01-28,918,N,VIIRS,n,2,303.11,17.34,D,0
27.96615,69.43677,367.0,0.5,0.66,2025-01-28,918,N,VIIRS,h,2,302.03,21.92,D,0
28.04513,69.32323,333.11,0.49,0.65,2025-01-28,918,N,VIIRS,n,2,302.4,2.91,D,0
28.04982,68.93806,332.72,0.47,0.64,2025-01-28,918,N,VIIRS,n,2,296.78,2.03,D,0
28.13613,69.76833,350.12,0.53,0.67,2025-01-28,918,N,VIIRS,n,2,300.09,12.62,D,0
28.13912,69.76432,367.0,0.53,0.67,2025-01-28,918,N,VIIRS,h,2,298.89,13.47,D,0
28.3131,69.66335,343.74,0.52,0.67,2025-01-28,918,N,VIIRS,n,2,299.6,3.76,D,0
28.56491,70.16108,334.81,0.56,0.69,2025-01-28,918,N,VIIRS,n,2,297.41,6.11,D,0
28.56544,70.16351,346.71,0.56,0.69,2025-01-28,918,N,VIIRS,n,2,297.88,6.01,D,0
28.8023,70.33972,351.78,0.58,0.7,2025-01-28,918,N,VIIRS,n,2,296.59,6.81,D,0
28.80303,70.33691,339.16,0.58,0.7,2025-01-28,918,N,VIIRS,n,2,296.04,7.84,D,0
28.93942,70.34161,340.1,0.58,0.7,2025-01-28,918,N,VIIRS,n,2,297.79,3.73,D,0
28.42377,69.70084,301.17,0.33,0.55,2025-01-28,2143,N,VIIRS,n,2,282.61,0.65,N,2
28.42572,69.70163,309.18,0.33,0.55,2025-01-28,2143,N,VIIRS,n,2,283.93,1.22,N,2
26.28049,67.5305,343.69,0.57,0.43,2025-01-29,858,N,VIIRS,n,2,303.78,10.07,D,0
26.28131,67.52815,343.56,0.57,0.43,2025-01-29,858,N,VIIRS,n,2,302.91,11.1,D,0
26.30096,68.25619,336.95,0.42,0.45,2025-01-29,858,N,VIIRS,n,2,297.23,1.76,D,0
26.35327,68.95086,341.06,0.46,0.47,2025-01-29,858,N,VIIRS,n,2,302.74,3.68,D,0
26.43463,68.88396,332.28,0.46,0.47,2025-01-29,858,N,VIIRS,n,2,299.83,4.85,D,0
26.43466,68.88031,340.21,0.46,0.47,2025-01-29,858,N,VIIRS,n,2,300.2,4.1,D,0
26.51944,68.88821,335.15,0.46,0.47,2025-01-29,858,N,VIIRS,n,2,300.96,2.85,D,0
26.53891,68.90456,340.07,0.46,0.47,2025-01-29,858,N,VIIRS,n,2,300.65,5.13,D,0
26.54328,68.904,337.81,0.46,0.47,2025-01-29,858,N,VIIRS,n,2,301.03,4.17,D,0
26.55406,68.92151,332.18,0.46,0.47,2025-01-29,858,N,VIIRS,n,2,302.02,1.89,D,0
26.53506,68.36601,332.32,0.43,0.46,2025-01-29,859,N,VIIRS,n,2,296.19,2.24,D,0
26.55429,68.91952,334.98,0.46,0.47,2025-01-29,859,N,VIIRS,n,2,302.05,2.43,D,0
26.56382,68.04031,330.51,0.41,0.45,2025-01-29,859,N,VIIRS,n,2,297.25,2.1,D,0
26.67096,68.93431,338.84,0.46,0.47,2025-01-29,859,N,VIIRS,n,2,298.7,3.52,D,0
26.67437,68.92435,351.88,0.46,0.47,2025-01-29,859,N,VIIRS,n,2,298.51,8.69,D,0
26.70227,68.21435,336.51,0.42,0.45,2025-01-29,859,N,VIIRS,n,2,297.27,6.4,D,0
26.71042,68.92927,332.75,0.46,0.47,2025-01-29,859,N,VIIRS,n,2,299.1,2.5,D,0
26.7756,67.90747,336.13,0.41,0.45,2025-01-29,859,N,VIIRS,n,2,299.42,3.2,D,0
26.80433,68.05509,341.91,0.41,0.45,2025-01-29,859,N,VIIRS,n,2,298.33,7.26,D,0
27.10982,68.38834,332.01,0.44,0.46,2025-01-29,859,N,VIIRS,n,2,296.91,3.36,D,0
27.16613,68.44074,336.03,0.44,0.46,2025-01-29,859,N,VIIRS,n,2,297.03,2.92,D,0
27.21147,68.53993,337.89,0.45,0.47,2025-01-29,859,N,VIIRS,n,2,297.27,3.14,D,0
27.3251,68.48479,346.63,0.44,0.46,2025-01-29,859,N,VIIRS,n,2,296.01,6.52,D,0
27.32615,68.33475,333.84,0.43,0.46,2025-01-29,859,N,VIIRS,n,2,296.2,2.09,D,0
27.34426,68.50069,338.68,0.44,0.46,2025-01-29,859,N,VIIRS,n,2,299.1,5.27,D,0
27.58138,68.33246,347.11,0.44,0.46,2025-01-29,859,N,VIIRS,n,2,298.46,10.33,D,0
27.58565,68.33189,353.2,0.44,0.46,2025-01-29,859,N,VIIRS,n,2,303.36,23.98,D,0
27.65036,69.38507,346.17,0.51,0.49,2025-01-29,859,N,VIIRS,n,2,300.08,7.31,D,0
27.94831,68.45004,335.44,0.45,0.47,2025-01-29,859,N,VIIRS,n,2,295.62,2.54,D,0
27.95263,68.44947,334.37,0.45,0.47,2025-01-29,859,N,VIIRS,n,2,296.22,2.51,D,0
27.98779,67.59363,346.39,0.4,0.44,2025-01-29,859,N,VIIRS,n,2,296.89,5.96,D,0
28.01984,67.59764,341.32,0.4,0.44,2025-01-29,859,N,VIIRS,n,2,298.51,7.36,D,0
28.06364,69.1729,340.39,0.5,0.49,2025-01-29,859,N,VIIRS,n,2,296.53,5.35,D,0
28.065,69.17528,341.57,0.5,0.49,2025-01-29,859,N,VIIRS,n,2,297.12,4.27,D,0
28.24648,69.62806,332.26,0.53,0.5,2025-01-29,859,N,VIIRS,n,2,295.37,2.91,D,0
28.26426,67.57309,339.75,0.4,0.45,2025-01-29,859,N,VIIRS,n,2,300.27,2.82,D,0
28.27042,69.83403,336.18,0.55,0.51,2025-01-29,859,N,VIIRS,n,2,294.66,6.59,D,0
28.3139,67.71951,335.29,0.41,0.45,2025-01-29,859,N,VIIRS,n,2,302.31,3.4,D,0
28.40883,70.0256,337.63,0.57,0.52,2025-01-29,859,N,VIIRS,n,2,296.63,4.46,D,0
28.51911,69.91628,355.3,0.56,0.51,2025-01-29,859,N,VIIRS,n,2,299.53,21.09,D,0
28.6298,70.12297,333.6,0.58,0.52,2025-01-29,859,N,VIIRS,n,2,298.67,4.56,D,0
28.63356,70.33102,339.54,0.59,0.53,2025-01-29,859,N,VIIRS,n,2,297.82,4.71,D,0
28.64029,67.61742,342.2,0.41,0.45,2025-01-29,859,N,VIIRS,n,2,304.27,2.96,D,0
29.19378,67.64127,339.24,0.42,0.45,2025-01-29,859,N,VIIRS,n,2,303.66,3.44,D,0
28.05144,69.37043,336.67,0.52,0.41,2025-01-29,2124,N,VIIRS,n,2,284.7,5.16,N,2
28.42459,69.70075,309.76,0.53,0.42,2025-01-29,2124,N,VIIRS,n,2,285.0,1.54,N,2
28.61239,69.25425,297.49,0.5,0.41,2025-01-29,2124,N,VIIRS,n,2,282.71,0.89,N,0
26.23046,68.43445,332.65,0.4,0.37,2025-01-30,840,N,VIIRS,n,2,299.9,1.97,D,0
26.2648,68.08875,332.18,0.39,0.36,2025-01-30,840,N,VIIRS,n,2,298.49,2.7,D,0
26.37645,68.68026,334.43,0.4,0.37,2025-01-30,840,N,VIIRS,n,2,307.35,1.7,D,0
26.37751,68.91336,333.86,0.41,0.37,2025-01-30,840,N,VIIRS,n,2,298.33,8.93,D,0
26.38093,68.91278,337.12,0.41,0.37,2025-01-30,840,N,VIIRS,n,2,299.99,8.93,D,0
26.38498,68.09982,331.5,0.39,0.36,2025-01-30,840,N,VIIRS,n,2,297.01,1.92,D,0
26.3983,68.0733,333.24,0.39,0.36,2025-01-30,840,N,VIIRS,n,2,296.89,1.82,D,0
26.41716,68.03776,332.84,0.39,0.36,2025-01-30,840,N,VIIRS,n,2,296.13,1.0,D,0
26.58996,67.76315,347.02,0.39,0.36,2025-01-30,840,N,VIIRS,n,2,298.27,10.77,D,0
26.6567,67.90345,337.08,0.39,0.36,2025-01-30,840,N,VIIRS,n,2,303.64,3.77,D,0
26.7258,68.14568,335.9,0.39,0.37,2025-01-30,840,N,VIIRS,n,2,299.04,1.47,D,0
26.74949,68.2392,341.49,0.4,0.37,2025-01-30,840,N,VIIRS,n,2,303.93,7.57,D,0
26.76662,68.14252,331.26,0.4,0.37,2025-01-30,840,N,VIIRS,n,2,295.78,2.99,D,0
26.87894,68.06607,331.32,0.39,0.37,2025-01-30,840,N,VIIRS,n,2,296.95,1.65,D,0
26.96288,67.77713,333.41,0.39,0.36,2025-01-30,840,N,VIIRS,n,2,300.58,2.11,D,0
26.98542,68.50307,330.2,0.4,0.37,2025-01-30,840,N,VIIRS,n,2,296.04,3.53,D,0
27.10286,68.37185,332.06,0.4,0.37,2025-01-30,840,N,VIIRS,n,2,295.94,2.11,D,0
27.11247,68.39085,344.34,0.4,0.37,2025-01-30,840,N,VIIRS,n,2,298.37,5.51,D,0
27.19694,68.47195,347.33,0.4,0.37,2025-01-30,840,N,VIIRS,n,2,298.81,5.86,D,0
27.30207,68.60082,335.91,0.41,0.37,2025-01-30,840,N,VIIRS,n,2,300.32,7.63,D,0
27.30261,68.47911,331.44,0.4,0.37,2025-01-30,840,N,VIIRS,n,2,296.38,2.29,D,0
27.42887,68.74021,332.24,0.41,0.37,2025-01-30,840,N,VIIRS,n,2,296.81,2.13,D,0
27.49159,68.7124,354.37,0.41,0.37,2025-01-30,840,N,VIIRS,n,2,298.89,8.29,D,0
27.49217,68.71656,334.68,0.41,0.37,2025-01-30,840,N,VIIRS,n,2,297.13,5.66,D,0
27.49502,68.71181,334.76,0.41,0.37,2025-01-30,840,N,VIIRS,n,2,297.98,8.29,D,0
27.49559,68.71597,339.49,0.41,0.37,2025-01-30,840,N,VIIRS,n,2,295.71,5.66,D,0
27.52037,69.39626,336.72,0.43,0.38,2025-01-30,840,N,VIIRS,n,2,303.62,13.54,D,0
27.63401,68.38551,339.49,0.4,0.37,2025-01-30,840,N,VIIRS,n,2,299.47,3.94,D,0
27.6443,68.4593,344.63,0.41,0.37,2025-01-30,840,N,VIIRS,n,2,299.13,5.27,D,0
27.68935,68.38057,343.27,0.4,0.37,2025-01-30,840,N,VIIRS,n,2,299.04,9.81,D,0
27.91757,69.65832,333.12,0.45,0.39,2025-01-30,840,N,VIIRS,n,2,294.24,2.96,D,0
27.97388,68.39906,333.75,0.41,0.37,2025-01-30,840,N,VIIRS,n,2,297.59,2.3,D,0
28.01884,69.09153,343.94,0.43,0.38,2025-01-30,840,N,VIIRS,n,2,295.89,4.08,D,0
28.03279,69.41698,345.09,0.44,0.38,2025-01-30,840,N,VIIRS,n,2,301.02,11.55,D,0
28.07354,69.77879,334.18,0.45,0.39,2025-01-30,840,N,VIIRS,n,2,296.62,5.42,D,0
28.07545,69.78004,335.5,0.45,0.39,2025-01-30,840,N,VIIRS,n,2,293.39,8.15,D,0
28.10352,69.77077,332.21,0.45,0.39,2025-01-30,840,N,VIIRS,n,2,296.58,4.72,D,0
28.14914,68.38284,331.14,0.41,0.37,2025-01-30,840,N,VIIRS,n,2,298.87,2.41,D,0
28.14971,68.38698,332.43,0.41,0.37,2025-01-30,840,N,VIIRS,n,2,299.48,3.35,D,0
28.16204,69.77069,333.88,0.45,0.39,2025-01-30,840,N,VIIRS,n,2,296.75,4.38,D,0
28.20239,67.6532,334.29,0.39,0.36,2025-01-30,840,N,VIIRS,n,2,303.57,5.24,D,0
28.20297,67.65718,334.83,0.39,0.36,2025-01-30,840,N,VIIRS,n,2,304.09,5.24,D,0
28.23815,69.81251,330.89,0.46,0.39,2025-01-30,840,N,VIIRS,n,2,297.84,10.73,D,0
28.24003,69.71309,330.67,0.45,0.39,2025-01-30,840,N,VIIRS,n,2,297.06,5.37,D,0
28.24063,69.7177,330.98,0.45,0.39,2025-01-30,840,N,VIIRS,n,2,294.63,5.37,D,0
28.25388,67.64002,336.98,0.39,0.36,2025-01-30,840,N,VIIRS,n,2,304.41,3.07,D,0
28.25723,67.63941,345.46,0.39,0.36,2025-01-30,840,N,VIIRS,n,2,305.05,5.19,D,0
28.34243,70.16969,333.35,0.47,0.4,2025-01-30,840,N,VIIRS,n,2,297.3,4.16,D,0
28.36091,67.68236,342.05,0.39,0.36,2025-01-30,840,N,VIIRS,n,2,306.09,3.9,D,0
28.44006,69.91213,330.97,0.46,0.39,2025-01-30,840,N,VIIRS,n,2,295.92,3.67,D,0
28.44789,69.91569,331.46,0.46,0.39,2025-01-30,840,N,VIIRS,n,2,297.47,2.1,D,0
28.52948,68.67085,343.22,0.42,0.37,2025-01-30,840,N,VIIRS,n,2,300.63,9.21,D,0
28.58098,70.18024,333.16,0.48,0.4,2025-01-30,840,N,VIIRS,n,2,296.0,5.88,D,0
28.58158,70.1851,338.94,0.48,0.4,2025-01-30,840,N,VIIRS,n,2,297.73,11.09,D,0
28.5933,70.12871,330.73,0.47,0.4,2025-01-30,840,N,VIIRS,n,2,295.05,3.39,D,0
28.65578,70.1603,330.69,0.48,0.4,2025-01-30,840,N,VIIRS,n,2,295.81,2.65,D,0
28.77332,67.73757,336.16,0.4,0.37,2025-01-30,840,N,VIIRS,n,2,305.4,2.49,D,0
28.85628,67.43783,347.02,0.39,0.36,2025-01-30,840,N,VIIRS,n,2,307.79,11.32,D,0
29.17525,67.75007,334.22,0.4,0.37,2025-01-30,840,N,VIIRS,n,2,301.74,2.94,D,0
29.17862,67.74945,333.97,0.4,0.37,2025-01-30,840,N,VIIRS,n,2,301.65,2.37,D,0
28.36066,68.76909,318.51,0.39,0.36,2025-01-30,2105,N,VIIRS,n,2,282.12,1.57,N,0
28.42423,69.70091,325.23,0.38,0.36,2025-01-30,2105,N,VIIRS,n,2,284.06,1.75,N,2
28.42693,69.70025,302.67,0.38,0.36,2025-01-30,2105,N,VIIRS,n,2,283.41,0.84,N,2
28.85514,67.42915,305.0,0.42,0.37,2025-01-30,2105,N,VIIRS,n,2,277.05,0.62,N,0
26.2475,68.15293,332.69,0.46,0.39,2025-01-31,821,N,VIIRS,n,2,297.9,2.85,D,0
26.2707,68.15745,332.8,0.46,0.39,2025-01-31,821,N,VIIRS,n,2,298.2,4.47,D,0
26.30028,68.49475,332.91,0.45,0.39,2025-01-31,821,N,VIIRS,n,2,299.92,4.57,D,0
26.34367,68.24797,337.52,0.46,0.39,2025-01-31,821,N,VIIRS,n,2,300.15,18.42,D,0
26.39424,68.02773,345.82,0.47,0.4,2025-01-31,821,N,VIIRS,n,2,297.88,7.92,D,0
26.84454,68.26271,330.1,0.45,0.39,2025-01-31,821,N,VIIRS,n,2,296.84,4.32,D,0
26.84641,68.26356,345.88,0.45,0.39,2025-01-31,821,N,VIIRS,n,2,295.94,6.96,D,0
26.95022,68.06818,335.2,0.46,0.39,2025-01-31,821,N,VIIRS,n,2,296.53,3.1,D,0
27.23105,68.31901,330.38,0.45,0.39,2025-01-31,821,N,VIIRS,n,2,296.81,2.3,D,0
27.40254,68.36553,342.08,0.44,0.38,2025-01-31,821,N,VIIRS,n,2,296.62,4.41,D,0
27.5062,69.39269,347.15,0.41,0.37,2025-01-31,821,N,VIIRS,n,2,305.77,9.56,D,0
27.5406,69.07718,342.26,0.42,0.37,2025-01-31,821,N,VIIRS,n,2,308.09,23.5,D,0
27.56994,69.37505,331.27,0.41,0.37,2025-01-31,821,N,VIIRS,l,2,304.23,7.0,D,0
27.57062,69.37916,333.69,0.41,0.37,2025-01-31,821,N,VIIRS,n,2,301.63,10.0,D,0
27.66238,69.65562,333.75,0.4,0.37,2025-01-31,821,N,VIIRS,n,2,301.56,2.45,D,0
27.69495,68.56497,330.22,0.43,0.38,2025-01-31,821,N,VIIRS,n,2,299.42,5.21,D,0
27.69571,68.56931,329.56,0.43,0.38,2025-01-31,821,N,VIIRS,n,2,298.98,5.47,D,0
27.74852,69.14226,341.8,0.41,0.37,2025-01-31,821,N,VIIRS,n,2,298.19,4.31,D,0
27.75193,69.14153,345.52,0.41,0.37,2025-01-31,821,N,VIIRS,n,2,301.75,4.31,D,0
27.77488,68.69525,333.95,0.43,0.38,2025-01-31,821,N,VIIRS,n,2,305.34,10.84,D,0
27.80229,69.37943,333.58,0.41,0.37,2025-01-31,821,N,VIIRS,n,2,301.37,5.27,D,0
27.86795,69.00124,335.53,0.42,0.37,2025-01-31,821,N,VIIRS,n,2,298.94,3.77,D,0
28.04587,69.45183,347.78,0.4,0.37,2025-01-31,821,N,VIIRS,n,2,307.08,30.77,D,0
28.06608,69.63647,345.65,0.4,0.37,2025-01-31,821,N,VIIRS,n,2,300.62,13.07,D,0
28.09307,69.44189,333.38,0.4,0.37,2025-01-31,821,N,VIIRS,n,2,299.83,7.14,D,0
28.13479,70.0565,331.35,0.39,0.36,2025-01-31,821,N,VIIRS,n,2,298.02,11.58,D,0
28.21552,69.80173,333.65,0.4,0.37,2025-01-31,821,N,VIIRS,n,2,294.88,2.39,D,0
28.23421,70.09758,332.36,0.39,0.36,2025-01-31,821,N,VIIRS,n,2,299.29,2.76,D,0
28.25061,67.63316,334.04,0.46,0.39,2025-01-31,821,N,VIIRS,n,2,304.67,3.12,D,0
28.26267,67.59314,335.62,0.46,0.39,2025-01-31,821,N,VIIRS,n,2,302.66,6.12,D,0
28.27436,69.62361,334.75,0.4,0.37,2025-01-31,821,N,VIIRS,l,2,305.78,3.53,D,0
28.27513,70.02029,332.9,0.39,0.36,2025-01-31,821,N,VIIRS,n,2,299.73,2.61,D,0
28.27577,70.02426,333.58,0.39,0.36,2025-01-31,821,N,VIIRS,n,2,300.72,2.61,D,0
28.326,70.23071,333.23,0.39,0.36,2025-01-31,821,N,VIIRS,n,2,295.24,3.47,D,0
28.32605,70.05906,334.22,0.39,0.36,2025-01-31,821,N,VIIRS,n,2,299.31,2.97,D,0
28.3293,69.85304,334.16,0.39,0.37,2025-01-31,821,N,VIIRS,n,2,298.91,5.88,D,0
28.32949,69.96019,333.75,0.39,0.36,2025-01-31,821,N,VIIRS,n,2,300.78,7.06,D,0
28.32995,69.85704,333.86,0.39,0.36,2025-01-31,821,N,VIIRS,n,2,301.67,5.88,D,0
28.33264,69.85235,340.78,0.39,0.37,2025-01-31,821,N,VIIRS,n,2,300.59,12.67,D,0
28.33491,70.02853,333.69,0.39,0.36,2025-01-31,821,N,VIIRS,n,2,298.67,8.24,D,0
28.33824,70.02784,335.05,0.39,0.36,2025-01-31,821,N,VIIRS,n,2,299.0,8.24,D,0
28.34336,69.98201,344.78,0.39,0.36,2025-01-31,821,N,VIIRS,n,2,297.52,4.2,D,0
28.39043,70.27497,343.18,0.39,0.36,2025-01-31,821,N,VIIRS,n,2,299.95,5.81,D,0
28.44456,70.14158,335.2,0.39,0.36,2025-01-31,821,N,VIIRS,n,2,298.29,2.49,D,0
28.46597,70.00623,337.66,0.39,0.36,2025-01-31,821,N,VIIRS,n,2,300.17,5.81,D,0
28.48028,69.81786,332.64,0.39,0.36,2025-01-31,821,N,VIIRS,n,2,298.26,2.16,D,0
28.54564,67.70615,347.07,0.45,0.39,2025-01-31,821,N,VIIRS,n,2,304.04,5.46,D,0
28.5492,67.70535,334.35,0.45,0.39,2025-01-31,821,N,VIIRS,n,2,302.95,5.46,D,0
28.5579,70.00822,330.3,0.39,0.36,2025-01-31,821,N,VIIRS,n,2,299.23,2.23,D,0
28.55929,67.74126,335.01,0.45,0.39,2025-01-31,821,N,VIIRS,n,2,302.89,3.63,D,0
28.5601,67.74583,337.21,0.45,0.39,2025-01-31,821,N,VIIRS,n,2,305.47,3.63,D,0
28.56284,67.74044,338.42,0.45,0.39,2025-01-31,821,N,VIIRS,n,2,304.71,3.63,D,0
28.60643,70.09659,336.52,0.39,0.36,2025-01-31,821,N,VIIRS,n,2,299.14,6.14,D,0
28.62057,70.37907,331.61,0.39,0.36,2025-01-31,821,N,VIIRS,n,2,296.89,2.37,D,0
28.66568,70.36182,343.48,0.39,0.36,2025-01-31,821,N,VIIRS,n,2,300.66,11.24,D,0
28.79295,70.35235,348.15,0.39,0.36,2025-01-31,821,N,VIIRS,n,2,298.46,8.13,D,0
28.94005,67.85827,333.5,0.44,0.39,2025-01-31,821,N,VIIRS,n,2,303.68,2.65,D,0
28.97483,70.32456,330.67,0.39,0.36,2025-01-31,821,N,VIIRS,n,2,297.28,1.9,D,0
29.15747,70.3448,345.94,0.39,0.36,2025-01-31,821,N,VIIRS,n,2,296.86,5.3,D,0
28.42364,69.69936,296.23,0.52,0.42,2025-01-31,2046,N,VIIRS,n,2,282.91,0.81,N,2
28.503,70.08643,312.11,0.5,0.41,2025-01-31,2046,N,VIIRS,n,2,279.67,1.12,N,0
26.26362,68.13694,351.1,0.56,0.52,2025-02-01,802,N,VIIRS,n,2,297.78,13.96,D,0
26.26437,68.13584,355.12,0.56,0.52,2025-02-01,802,N,VIIRS,n,2,298.0,15.85,D,0
26.31371,68.15823,330.12,0.56,0.51,2025-02-01,802,N,VIIRS,n,2,296.88,3.73,D,0
26.35147,68.94094,354.84,0.5,0.49,2025-02-01,802,N,VIIRS,n,2,300.41,24.55,D,0
26.50125,68.88547,341.38,0.5,0.49,2025-02-01,802,N,VIIRS,n,2,299.24,3.87,D,0
26.55227,67.95168,335.57,0.57,0.52,2025-02-01,802,N,VIIRS,n,2,296.76,3.65,D,0
26.56077,68.15238,338.88,0.55,0.51,2025-02-01,802,N,VIIRS,n,2,304.81,26.81,D,0
26.56194,68.15788,334.22,0.55,0.51,2025-02-01,802,N,VIIRS,n,2,297.4,21.84,D,0
26.63601,67.97124,344.23,0.57,0.52,2025-02-01,802,N,VIIRS,n,2,297.84,6.26,D,0
26.64079,68.33453,333.0,0.54,0.51,2025-02-01,802,N,VIIRS,n,2,296.13,3.9,D,0
26.64249,68.33138,330.57,0.54,0.51,2025-02-01,802,N,VIIRS,n,2,295.95,4.6,D,0
26.65177,68.09077,341.14,0.56,0.51,2025-02-01,802,N,VIIRS,n,2,300.42,4.99,D,0
26.65643,68.08954,337.77,0.56,0.51,2025-02-01,802,N,VIIRS,n,2,295.83,3.93,D,0
26.68084,68.06554,336.81,0.56,0.51,2025-02-01,802,N,VIIRS,n,2,297.63,6.45,D,0
26.68194,68.06413,344.12,0.56,0.51,2025-02-01,802,N,VIIRS,n,2,300.19,10.05,D,0
26.6855,68.0643,339.85,0.56,0.51,2025-02-01,802,N,VIIRS,n,2,298.13,6.45,D,0
26.70509,68.03463,343.13,0.56,0.51,2025-02-01,802,N,VIIRS,n,2,299.11,7.92,D,0
26.79371,68.96207,342.95,0.49,0.49,2025-02-01,802,N,VIIRS,n,2,299.02,5.79,D,0
26.81228,68.23735,339.5,0.54,0.51,2025-02-01,802,N,VIIRS,n,2,296.35,6.57,D,0
26.89482,68.965,355.76,0.49,0.48,2025-02-01,802,N,VIIRS,n,2,298.4,12.06,D,0
26.94071,68.04308,340.54,0.55,0.51,2025-02-01,802,N,VIIRS,n,2,296.51,5.39,D,0
27.06724,68.30272,331.53,0.53,0.5,2025-02-01,802,N,VIIRS,n,2,295.3,2.57,D,0
27.46104,68.68025,340.39,0.49,0.49,2025-02-01,802,N,VIIRS,n,2,299.53,7.73,D,0
27.46206,68.6852,342.07,0.49,0.49,2025-02-01,802,N,VIIRS,n,2,298.72,7.73,D,0
27.57369,69.36137,334.87,0.45,0.47,2025-02-01,802,N,VIIRS,n,2,300.92,1.31,D,0
27.58335,68.35463,342.05,0.51,0.5,2025-02-01,802,N,VIIRS,n,2,303.18,6.3,D,0
27.58785,68.35344,350.81,0.51,0.5,2025-02-01,802,N,VIIRS,n,2,308.94,15.57,D,0
27.6496,68.44492,344.38,0.51,0.49,2025-02-01,802,N,VIIRS,n,2,300.37,15.47,D,0
27.6503,68.44182,343.07,0.51,0.49,2025-02-01,802,N,VIIRS,n,2,303.98,15.91,D,0
27.65406,68.44372,343.43,0.51,0.49,2025-02-01,802,N,VIIRS,n,2,297.69,4.73,D,0
27.70462,69.06547,337.2,0.46,0.47,2025-02-01,802,N,VIIRS,n,2,299.31,4.43,D,0
27.75127,68.71915,341.14,0.48,0.48,2025-02-01,802,N,VIIRS,n,2,298.99,4.55,D,0
27.77151,69.34621,340.1,0.45,0.47,2025-02-01,802,N,VIIRS,n,2,297.07,4.06,D,0
27.78292,67.5903,336.81,0.56,0.52,2025-02-01,802,N,VIIRS,n,2,297.62,4.64,D,0
27.78329,67.59265,350.85,0.56,0.52,2025-02-01,802,N,VIIRS,n,2,299.76,14.29,D,0
27.78417,67.59595,340.96,0.56,0.52,2025-02-01,802,N,VIIRS,n,2,300.07,9.35,D,0
27.84543,68.99625,335.15,0.47,0.47,2025-02-01,802,N,VIIRS,n,2,295.13,5.4,D,0
27.90927,67.55573,328.72,0.56,0.52,2025-02-01,802,N,VIIRS,n,2,297.41,2.18,D,0
27.91076,67.55898,329.23,0.56,0.52,2025-02-01,802,N,VIIRS,n,2,297.62,3.07,D,0
27.97976,68.40824,340.18,0.5,0.49,2025-02-01,802,N,VIIRS,n,2,297.86,9.27,D,0
27.98139,68.41013,348.86,0.5,0.49,2025-02-01,802,N,VIIRS,n,2,296.82,7.96,D,0
28.03021,69.09377,338.37,0.46,0.47,2025-02-01,802,N,VIIRS,n,2,298.05,4.07,D,0
28.05402,69.3986,343.2,0.44,0.46,2025-02-01,802,N,VIIRS,n,2,300.64,12.58,D,0
28.08212,69.38777,339.03,0.44,0.46,2025-02-01,802,N,VIIRS,n,2,300.36,3.94,D,0
28.13748,69.37818,330.27,0.44,0.46,2025-02-01,802,N,VIIRS,n,2,295.92,2.96,D,0
28.205,69.56201,335.15,0.43,0.46,2025-02-01,802,N,VIIRS,n,2,295.35,2.81,D,0
28.21306,70.03237,341.16,0.4,0.44,2025-02-01,802,N,VIIRS,n,2,299.99,8.91,D,0
28.21709,70.03136,331.51,0.4,0.44,2025-02-01,802,N,VIIRS,n,2,299.02,4.02,D,0
28.30153,70.20298,342.75,0.39,0.44,2025-02-01,802,N,VIIRS,n,2,298.15,4.83,D,0
28.31116,69.65652,354.65,0.42,0.45,2025-02-01,802,N,VIIRS,n,2,306.21,11.03,D,0
28.33275,69.72176,332.57,0.41,0.45,2025-02-01,802,N,VIIRS,n,2,298.93,1.68,D,0
28.34191,69.81128,340.94,0.41,0.45,2025-02-01,802,N,VIIRS,n,2,304.16,3.32,D,0
28.35787,69.62309,336.36,0.42,0.45,2025-02-01,802,N,VIIRS,n,2,296.59,2.31,D,0
28.37106,69.95888,331.11,0.4,0.44,2025-02-01,802,N,VIIRS,n,2,297.98,2.29,D,0
28.43061,70.22034,338.13,0.39,0.44,2025-02-01,802,N,VIIRS,n,2,297.99,3.45,D,0
28.48101,69.98244,354.8,0.4,0.44,2025-02-01,802,N,VIIRS,n,2,300.69,12.94,D,0
28.48627,70.0946,335.24,0.39,0.44,2025-02-01,802,N,VIIRS,n,2,297.07,1.75,D,0
28.48824,70.18952,330.58,0.39,0.44,2025-02-01,802,N,VIIRS,n,2,297.26,1.63,D,0
28.5113,70.32779,341.12,0.57,0.43,2025-02-01,802,N,VIIRS,n,2,298.65,14.81,D,0
28.55746,70.03074,332.68,0.4,0.44,2025-02-01,803,N,VIIRS,n,2,298.13,12.3,D,0
28.55805,70.13896,333.65,0.39,0.44,2025-02-01,803,N,VIIRS,n,2,299.08,2.81,D,0
28.55825,70.03474,339.45,0.39,0.44,2025-02-01,803,N,VIIRS,n,2,299.57,12.3,D,0
28.55893,70.1014,339.64,0.39,0.44,2025-02-01,803,N,VIIRS,n,2,296.98,3.23,D,0
28.63509,70.27645,332.62,0.57,0.43,2025-02-01,803,N,VIIRS,n,2,297.52,5.02,D,0
28.64177,67.73652,351.47,0.53,0.5,2025-02-01,803,N,VIIRS,n,2,304.74,16.93,D,0
28.66361,70.09706,340.66,0.39,0.44,2025-02-01,803,N,VIIRS,n,2,298.99,6.49,D,0
28.71934,70.39928,332.54,0.56,0.43,2025-02-01,803,N,VIIRS,n,2,295.98,2.93,D,0
28.76102,70.2328,344.27,0.38,0.43,2025-02-01,803,N,VIIRS,n,2,296.5,4.23,D,0
28.83847,70.28304,330.51,0.57,0.43,2025-02-01,803,N,VIIRS,n,2,296.58,6.57,D,0
28.86374,70.26457,331.8,0.57,0.43,2025-02-01,803,N,VIIRS,n,2,295.72,2.89,D,0
28.63377,69.19828,295.16,0.35,0.57,2025-02-01,2027,N,VIIRS,n,2,283.24,0.42,N,0
28.10231,68.58033,300.15,0.38,0.59,2025-02-01,2028,N,VIIRS,n,2,280.36,1.07,N,0
26.25561,68.99474,330.27,0.48,0.65,2025-02-02,743,N,VIIRS,n,2,296.77,1.99,D,0
26.41691,68.04454,332.91,0.54,0.68,2025-02-02,743,N,VIIRS,n,2,294.96,4.68,D,0
26.42009,68.04411,338.93,0.54,0.68,2025-02-02,743,N,VIIRS,n,2,294.9,5.26,D,0
26.44695,68.11059,334.01,0.54,0.68,2025-02-02,743,N,VIIRS,n,2,294.54,2.73,D,0
26.55504,68.15444,331.1,0.53,0.67,2025-02-02,743,N,VIIRS,n,2,294.17,3.29,D,0
26.58663,68.20155,329.92,0.53,0.67,2025-02-02,743,N,VIIRS,n,2,294.1,2.8,D,0
26.60247,68.26415,367.0,0.52,0.67,2025-02-02,743,N,VIIRS,h,2,297.63,11.23,D,0
26.62769,67.99975,353.44,0.54,0.68,2025-02-02,743,N,VIIRS,n,2,297.6,6.98,D,0
26.63539,67.91228,367.0,0.55,0.68,2025-02-02,743,N,VIIRS,h,2,298.53,13.84,D,0
26.76019,68.94466,344.7,0.47,0.64,2025-02-02,743,N,VIIRS,n,2,296.74,10.34,D,0
26.76136,68.94936,367.0,0.47,0.64,2025-02-02,743,N,VIIRS,h,2,301.37,17.87,D,0
27.03287,68.96014,351.91,0.46,0.64,2025-02-02,743,N,VIIRS,n,2,298.25,4.79,D,0
27.3918,68.55124,334.72,0.48,0.65,2025-02-02,744,N,VIIRS,n,2,293.68,3.4,D,0
27.46273,68.48252,338.48,0.48,0.65,2025-02-02,744,N,VIIRS,n,2,295.92,3.66,D,0
27.53558,68.40925,331.88,0.49,0.65,2025-02-02,744,N,VIIRS,n,2,298.96,5.77,D,0
27.69011,68.56504,329.75,0.47,0.64,2025-02-02,744,N,VIIRS,n,2,294.35,1.85,D,0
27.97238,69.08775,333.96,0.43,0.62,2025-02-02,744,N,VIIRS,n,2,297.58,4.19,D,0
27.97251,69.09203,345.26,0.43,0.62,2025-02-02,744,N,VIIRS,n,2,299.03,5.6,D,0
27.97347,69.09212,330.39,0.43,0.62,2025-02-02,744,N,VIIRS,n,2,296.56,5.07,D,0
28.00924,69.09063,337.82,0.43,0.62,2025-02-02,744,N,VIIRS,n,2,295.14,4.8,D,0
28.01028,69.29803,331.81,0.42,0.61,2025-02-02,744,N,VIIRS,n,2,296.94,1.76,D,0
28.01836,69.79278,332.57,0.39,0.6,2025-02-02,744,N,VIIRS,n,2,295.8,2.54,D,0
28.05977,69.14979,367.0,0.43,0.62,2025-02-02,744,N,VIIRS,h,2,301.03,6.91,D,0
28.06083,69.1541,353.0,0.43,0.62,2025-02-02,744,N,VIIRS,n,2,302.41,6.91,D,0
28.15698,70.24783,330.98,0.37,0.58,2025-02-02,744,N,VIIRS,n,2,297.6,3.97,D,0
28.15786,70.25154,338.6,0.37,0.58,2025-02-02,744,N,VIIRS,n,2,297.69,5.78,D,0
28.17249,70.14744,332.25,0.37,0.58,2025-02-02,744,N,VIIRS,n,2,296.35,1.56,D,0
28.22309,69.82791,331.61,0.39,0.59,2025-02-02,744,N,VIIRS,n,2,299.96,3.56,D,0
28.29511,69.88334,344.46,0.38,0.59,2025-02-02,744,N,VIIRS,n,2,298.61,3.37,D,0
28.30164,69.67103,347.8,0.4,0.6,2025-02-02,744,N,VIIRS,n,2,295.41,3.03,D,0
28.33383,69.83018,348.83,0.39,0.59,2025-02-02,744,N,VIIRS,n,2,299.49,5.84,D,0
28.34543,69.83086,330.71,0.39,0.59,2025-02-02,744,N,VIIRS,n,2,297.01,3.43,D,0
28.45845,69.84612,340.19,0.38,0.59,2025-02-02,744,N,VIIRS,n,2,300.53,4.27,D,0
28.46555,70.25423,332.26,0.36,0.58,2025-02-02,744,N,VIIRS,n,2,296.8,1.8,D,0
28.46797,70.17099,338.35,0.37,0.58,2025-02-02,744,N,VIIRS,n,2,296.65,2.71,D,0
28.47319,70.16944,344.74,0.37,0.58,2025-02-02,744,N,VIIRS,n,2,295.36,2.71,D,0
28.57549,70.01846,345.28,0.37,0.58,2025-02-02,744,N,VIIRS,n,2,298.21,4.0,D,0
28.62,70.34679,367.0,0.35,0.57,2025-02-02,744,N,VIIRS,h,2,297.35,5.76,D,0
28.62896,70.12609,330.66,0.37,0.58,2025-02-02,744,N,VIIRS,n,2,298.68,2.59,D,0
28.63129,67.55989,331.02,0.51,0.66,2025-02-02,744,N,VIIRS,n,2,298.72,3.87,D,0
28.63158,70.08961,367.0,0.37,0.58,2025-02-02,744,N,VIIRS,h,2,302.39,10.73,D,0
28.71194,70.20248,341.48,0.36,0.57,2025-02-02,744,N,VIIRS,n,2,297.94,3.56,D,0
28.71794,70.25117,345.25,0.36,0.57,2025-02-02,744,N,VIIRS,n,2,296.55,3.03,D,0
28.76625,70.22123,332.48,0.36,0.57,2025-02-02,744,N,VIIRS,n,2,294.64,5.04,D,0
28.94772,70.31637,330.69,0.35,0.57,2025-02-02,744,N,VIIRS,n,2,295.19,1.99,D,0
26.24949,68.13213,334.66,0.5,0.66,2025-02-02,924,N,VIIRS,n,2,293.48,4.82,D,0
26.32819,68.93749,367.0,0.56,0.69,2025-02-02,924,N,VIIRS,h,2,300.53,13.37,D,0
26.33464,68.93703,345.82,0.56,0.69,2025-02-02,924,N,VIIRS,n,2,297.75,13.37,D,0
26.41438,68.85318,349.1,0.56,0.69,2025-02-02,924,N,VIIRS,n,2,299.87,6.31,D,0
26.43514,68.87495,330.65,0.56,0.69,2025-02-02,924,N,VIIRS,n,2,297.98,2.79,D,0
26.44157,68.8745,367.0,0.56,0.69,2025-02-02,924,N,VIIRS,h,2,299.75,27.05,D,0
26.4727,68.43916,340.6,0.53,0.67,2025-02-02,924,N,VIIRS,n,2,296.79,5.82,D,0
26.47305,68.4446,337.62,0.53,0.67,2025-02-02,924,N,VIIRS,n,2,298.03,9.01,D,0
26.63357,67.99194,331.46,0.5,0.66,2025-02-02,924,N,VIIRS,n,2,295.65,5.51,D,0
26.63368,67.9882,345.0,0.5,0.65,2025-02-02,924,N,VIIRS,n,2,294.83,6.65,D,0
26.65781,68.89393,355.35,0.56,0.69,2025-02-02,924,N,VIIRS,n,2,301.26,8.91,D,0
26.66426,68.89346,338.67,0.56,0.69,2025-02-02,924,N,VIIRS,n,2,299.07,7.53,D,0
27.09791,68.32333,331.41,0.53,0.67,2025-02-02,924,N,VIIRS,n,2,296.75,2.35,D,0
27.51965,68.49619,341.72,0.54,0.68,2025-02-02,924,N,VIIRS,n,2,296.71,5.19,D,0
28.22896,67.74282,334.07,0.5,0.66,2025-02-02,924,N,VIIRS,n,2,299.06,2.94,D,0
28.45053,70.13371,367.0,0.69,0.75,2025-02-02,924,N,VIIRS,h,2,296.57,10.1,D,0
28.56401,67.42062,345.44,0.48,0.65,2025-02-02,924,N,VIIRS,n,2,299.39,6.27,D,0
28.5657,67.41744,367.0,0.48,0.65,2025-02-02,924,N,VIIRS,h,2,300.55,6.21,D,0
28.77744,67.76653,342.38,0.5,0.66,2025-02-02,924,N,VIIRS,n,2,301.12,2.96,D,0
28.34026,69.71012,334.23,0.73,0.76,2025-02-03,725,N,VIIRS,n,2,297.01,4.39,D,0
28.42663,69.78392,336.53,0.72,0.76,2025-02-03,725,N,VIIRS,n,2,296.06,8.04,D,0
28.42826,69.78462,337.82,0.72,0.76,2025-02-03,725,N,VIIRS,n,2,296.73,5.24,D,0
28.67395,70.11796,330.37,0.68,0.74,2025-02-03,725,N,VIIRS,n,2,294.48,3.01,D,0
28.7782,70.30432,331.0,0.66,0.73,2025-02-03,725,N,VIIRS,n,2,296.34,7.38,D,0
28.78129,70.2979,330.07,0.66,0.73,2025-02-03,725,N,VIIRS,n,2,296.17,7.11,D,0
28.7842,70.28209,327.9,0.67,0.73,2025-02-03,725,N,VIIRS,n,2,294.88,6.09,D,0
28.90164,70.33465,338.62,0.66,0.73,2025-02-03,725,N,VIIRS,n,2,294.94,6.12,D,0
28.90367,70.33516,335.36,0.66,0.73,2025-02-03,725,N,VIIRS,n,2,294.29,5.28,D,0
26.22173,68.59916,334.25,0.54,0.51,2025-02-03,905,N,VIIRS,n,2,298.11,3.83,D,0
26.30206,68.49538,340.71,0.54,0.51,2025-02-03,905,N,VIIRS,n,2,300.87,8.54,D,0
26.53512,67.96902,331.01,0.5,0.49,2025-02-03,905,N,VIIRS,n,2,297.14,2.79,D,0
26.55391,68.20294,341.63,0.52,0.5,2025-02-03,905,N,VIIRS,n,2,298.2,8.98,D,0
26.58179,68.10938,356.04,0.51,0.5,2025-02-03,905,N,VIIRS,n,2,301.31,21.41,D,0
26.58872,68.17742,340.5,0.52,0.5,2025-02-03,905,N,VIIRS,n,2,299.86,19.91,D,0
26.59177,67.74571,339.4,0.49,0.48,2025-02-03,905,N,VIIRS,n,2,297.34,4.83,D,0
26.60675,68.03564,337.37,0.51,0.49,2025-02-03,905,N,VIIRS,n,2,299.44,10.01,D,0
26.60691,68.03818,352.69,0.51,0.49,2025-02-03,905,N,VIIRS,n,2,304.01,16.35,D,0
26.60726,68.0408,340.49,0.51,0.49,2025-02-03,905,N,VIIRS,n,2,301.06,10.01,D,0
26.63531,68.1375,339.45,0.52,0.5,2025-02-03,905,N,VIIRS,n,2,297.21,4.74,D,0
26.83362,67.99182,338.42,0.51,0.49,2025-02-03,905,N,VIIRS,n,2,293.97,5.48,D,0
27.37054,68.45932,340.67,0.55,0.51,2025-02-03,905,N,VIIRS,n,2,298.87,5.56,D,0
27.5709,68.48398,340.73,0.55,0.51,2025-02-03,905,N,VIIRS,n,2,295.32,5.89,D,0
27.70607,68.53917,342.27,0.56,0.52,2025-02-03,905,N,VIIRS,n,2,297.12,6.11,D,0
27.70642,68.54119,339.74,0.56,0.52,2025-02-03,905,N,VIIRS,n,2,296.52,5.16,D,0
27.7315,69.52559,340.4,0.32,0.55,2025-02-03,905,N,VIIRS,n,2,298.63,2.18,D,0
27.77757,68.63098,337.93,0.57,0.52,2025-02-03,905,N,VIIRS,n,2,297.15,8.82,D,0
27.78721,68.6299,342.71,0.57,0.52,2025-02-03,905,N,VIIRS,n,2,302.29,18.3,D,0
27.9061,69.10105,338.92,0.61,0.53,2025-02-03,905,N,VIIRS,n,2,295.44,5.48,D,0
27.97306,69.1193,338.33,0.61,0.54,2025-02-03,905,N,VIIRS,n,2,295.7,4.82,D,0
27.97338,69.11783,334.54,0.61,0.54,2025-02-03,905,N,VIIRS,n,2,294.94,4.38,D,0
28.01596,69.50336,331.23,0.32,0.55,2025-02-03,905,N,VIIRS,n,2,299.68,2.71,D,0
28.01624,69.5067,344.29,0.32,0.55,2025-02-03,905,N,VIIRS,n,2,298.8,4.06,D,0
28.01767,69.61333,332.25,0.33,0.55,2025-02-03,905,N,VIIRS,n,2,296.53,3.26,D,0
28.01827,69.5042,347.1,0.32,0.55,2025-02-03,905,N,VIIRS,n,2,298.02,3.62,D,0
28.01975,69.61212,340.82,0.33,0.55,2025-02-03,905,N,VIIRS,n,2,295.57,3.08,D,0
28.0507,69.36878,345.31,0.32,0.54,2025-02-03,905,N,VIIRS,n,2,299.67,2.9,D,2
28.05099,69.37207,349.12,0.32,0.54,2025-02-03,905,N,VIIRS,n,2,298.45,2.9,D,2
28.05742,69.56703,331.2,0.33,0.55,2025-02-03,905,N,VIIRS,n,2,295.33,1.16,D,0
28.11485,69.36331,340.01,0.32,0.54,2025-02-03,905,N,VIIRS,n,2,296.51,1.68,D,0
28.16819,70.12984,335.26,0.36,0.57,2025-02-03,905,N,VIIRS,n,2,301.89,2.69,D,0
28.17149,70.12815,338.2,0.36,0.57,2025-02-03,905,N,VIIRS,n,2,298.32,3.57,D,0
28.19445,70.21581,346.75,0.36,0.57,2025-02-03,905,N,VIIRS,n,2,296.54,5.64,D,0
28.19738,69.54715,353.07,0.33,0.55,2025-02-03,905,N,VIIRS,n,2,297.09,5.93,D,0
28.26353,69.88834,333.2,0.34,0.56,2025-02-03,905,N,VIIRS,n,2,298.03,1.49,D,0
28.26358,69.88766,330.72,0.34,0.56,2025-02-03,905,N,VIIRS,n,2,297.99,0.89,D,0
28.28888,69.74574,330.98,0.34,0.56,2025-02-03,905,N,VIIRS,n,2,299.47,2.62,D,0
28.32156,70.21444,367.0,0.36,0.57,2025-02-03,905,N,VIIRS,h,2,299.73,6.51,D,0
28.32807,69.71352,355.61,0.34,0.56,2025-02-03,905,N,VIIRS,n,2,298.44,4.11,D,0
28.33326,69.71299,338.9,0.34,0.56,2025-02-03,905,N,VIIRS,n,2,295.59,4.11,D,0
28.33521,69.59926,331.67,0.33,0.55,2025-02-03,905,N,VIIRS,n,2,294.79,1.84,D,0
28.36897,69.89016,367.0,0.35,0.56,2025-02-03,905,N,VIIRS,h,2,306.41,12.11,D,0
28.36936,69.88791,330.78,0.34,0.56,2025-02-03,905,N,VIIRS,n,2,296.66,10.54,D,0
28.36967,69.89149,367.0,0.35,0.56,2025-02-03,905,N,VIIRS,h,2,310.31,10.54,D,0
28.37422,69.88962,354.88,0.35,0.56,2025-02-03,905,N,VIIRS,n,2,299.5,19.27,D,0
28.3745,69.89321,335.92,0.35,0.56,2025-02-03,905,N,VIIRS,n,2,296.81,14.57,D,0
28.37459,69.82825,330.69,0.34,0.56,2025-02-03,905,N,VIIRS,n,2,293.16,1.54,D,0
28.45317,69.94728,350.52,0.35,0.57,2025-02-03,905,N,VIIRS,n,2,301.02,5.59,D,0
28.46111,70.17334,348.24,0.36,0.57,2025-02-03,905,N,VIIRS,n,2,297.12,5.44,D,0
28.46142,70.17709,348.64,0.36,0.57,2025-02-03,905,N,VIIRS,n,2,296.69,5.44,D,0
28.53486,70.31695,332.48,0.37,0.58,2025-02-03,905,N,VIIRS,n,2,297.77,4.31,D,0
28.62182,68.37772,335.58,0.56,0.52,2025-02-03,905,N,VIIRS,n,2,296.49,3.44,D,0
28.66195,67.6898,341.31,0.51,0.49,2025-02-03,905,N,VIIRS,n,2,301.8,8.97,D,0
28.66247,67.69512,341.3,0.51,0.5,2025-02-03,905,N,VIIRS,n,2,301.07,8.97,D,0
28.67267,69.98415,332.22,0.35,0.57,2025-02-03,905,N,VIIRS,n,2,294.62,1.58,D,0
28.67687,69.98344,342.18,0.35,0.57,2025-02-03,905,N,VIIRS,n,2,294.15,1.77,D,0
28.69257,70.03058,350.32,0.35,0.57,2025-02-03,905,N,VIIRS,n,2,296.16,6.27,D,0
28.69648,70.02991,357.51,0.36,0.57,2025-02-03,905,N,VIIRS,n,2,294.15,6.13,D,0
28.73263,70.21964,350.62,0.36,0.58,2025-02-03,905,N,VIIRS,n,2,293.85,2.14,D,0
28.73414,70.3828,331.41,0.37,0.58,2025-02-03,905,N,VIIRS,n,2,295.52,1.81,D,0
28.77541,70.28119,352.72,0.37,0.58,2025-02-03,905,N,VIIRS,n,2,297.99,7.93,D,0
28.42396,69.70296,299.67,0.43,0.46,2025-02-03,2130,N,VIIRS,n,2,282.08,0.92,N,2
26.22619,68.16312,295.72,0.38,0.43,2025-02-03,2131,N,VIIRS,n,2,281.87,0.42,N,0
26.22841,68.16461,295.19,0.38,0.43,2025-02-03,2131,N,VIIRS,n,2,282.13,0.26,N,0
26.27169,68.66391,335.73,0.45,0.39,2025-02-04,846,N,VIIRS,n,2,301.05,4.39,D,0
26.29011,68.56969,333.59,0.45,0.39,2025-02-04,846,N,VIIRS,n,2,297.99,2.5,D,0
26.3112,68.67746,337.18,0.45,0.39,2025-02-04,846,N,VIIRS,n,2,303.13,3.81,D,0
26.42854,68.0613,342.58,0.43,0.38,2025-02-04,846,N,VIIRS,n,2,297.22,6.27,D,0
26.42874,68.06214,334.45,0.43,0.38,2025-02-04,846,N,VIIRS,n,2,297.52,8.09,D,0
26.55149,68.14883,332.98,0.44,0.38,2025-02-04,846,N,VIIRS,n,2,296.51,1.95,D,0
26.56361,68.27014,330.64,0.44,0.38,2025-02-04,846,N,VIIRS,n,2,298.64,2.48,D,0
26.59502,68.20643,331.52,0.44,0.38,2025-02-04,846,N,VIIRS,n,2,296.92,1.73,D,0
26.60503,68.20031,337.62,0.44,0.38,2025-02-04,846,N,VIIRS,n,2,300.04,3.83,D,0
26.60978,68.89812,333.0,0.47,0.4,2025-02-04,846,N,VIIRS,n,2,301.45,4.24,D,0
26.62687,68.06701,345.24,0.43,0.38,2025-02-04,846,N,VIIRS,n,2,300.53,7.07,D,0
26.70465,68.08636,331.58,0.43,0.38,2025-02-04,846,N,VIIRS,n,2,296.8,2.4,D,0
26.80861,68.08394,332.84,0.44,0.38,2025-02-04,846,N,VIIRS,n,2,296.81,4.1,D,0
26.87917,68.26225,331.71,0.44,0.39,2025-02-04,846,N,VIIRS,n,2,297.39,1.61,D,0
26.88474,68.00983,332.23,0.43,0.38,2025-02-04,846,N,VIIRS,n,2,296.32,2.02,D,0
26.90288,68.01131,331.01,0.43,0.38,2025-02-04,846,N,VIIRS,n,2,296.49,4.1,D,0
27.37783,68.55264,331.28,0.46,0.39,2025-02-04,846,N,VIIRS,n,2,294.58,2.54,D,0
27.43926,68.54285,331.65,0.46,0.39,2025-02-04,846,N,VIIRS,n,2,296.55,3.73,D,0
27.48652,68.70815,345.99,0.47,0.4,2025-02-04,846,N,VIIRS,n,2,301.66,13.61,D,0
27.48665,68.71001,352.96,0.47,0.4,2025-02-04,846,N,VIIRS,n,2,300.89,11.82,D,0
27.48713,68.71289,332.04,0.47,0.4,2025-02-04,846,N,VIIRS,n,2,294.39,9.22,D,0
27.4903,68.70944,330.12,0.47,0.4,2025-02-04,846,N,VIIRS,n,2,297.11,11.82,D,0
27.49459,69.09709,336.89,0.49,0.4,2025-02-04,846,N,VIIRS,n,2,304.99,5.49,D,0
27.58486,69.39376,330.94,0.5,0.41,2025-02-04,846,N,VIIRS,l,2,303.67,2.78,D,0
27.65413,68.45543,351.28,0.46,0.39,2025-02-04,846,N,VIIRS,n,2,299.96,10.41,D,0
27.91831,67.5733,330.46,0.43,0.38,2025-02-04,846,N,VIIRS,n,2,295.45,8.29,D,0
27.91948,67.55536,331.76,0.43,0.38,2025-02-04,846,N,VIIRS,n,2,295.94,2.35,D,0
27.94562,67.56426,332.52,0.43,0.38,2025-02-04,846,N,VIIRS,n,2,297.37,5.46,D,0
27.9462,67.56861,345.77,0.43,0.38,2025-02-04,846,N,VIIRS,n,2,297.78,5.46,D,0
28.0029,69.17429,336.94,0.5,0.41,2025-02-04,846,N,VIIRS,n,2,297.67,10.27,D,0
28.02037,69.19235,333.81,0.5,0.41,2025-02-04,846,N,VIIRS,n,2,296.34,12.31,D,0
28.04222,69.27766,332.77,0.5,0.41,2025-02-04,846,N,VIIRS,n,2,297.26,3.69,D,0
28.07688,69.40443,332.75,0.51,0.41,2025-02-04,846,N,VIIRS,n,2,297.38,3.63,D,0
28.08319,69.36101,330.82,0.51,0.41,2025-02-04,846,N,VIIRS,n,2,298.67,3.12,D,0
28.11853,69.85176,331.44,0.54,0.42,2025-02-04,846,N,VIIRS,n,2,295.25,8.65,D,0
28.16486,69.84242,331.12,0.54,0.42,2025-02-04,846,N,VIIRS,n,2,296.33,6.1,D,0
28.1653,69.84492,335.32,0.54,0.42,2025-02-04,846,N,VIIRS,n,2,296.33,4.31,D,0
28.27342,69.85345,332.97,0.54,0.42,2025-02-04,846,N,VIIRS,n,2,297.15,3.8,D,0
28.27345,69.85468,333.2,0.54,0.42,2025-02-04,846,N,VIIRS,n,2,297.87,2.98,D,0
28.36611,70.03443,330.87,0.56,0.43,2025-02-04,846,N,VIIRS,n,2,295.15,2.01,D,0
28.37796,70.03273,333.25,0.56,0.43,2025-02-04,846,N,VIIRS,n,2,295.45,3.74,D,0
28.39682,69.65369,331.17,0.53,0.42,2025-02-04,846,N,VIIRS,n,2,296.82,2.54,D,0
28.73021,70.23226,342.01,0.38,0.43,2025-02-04,846,N,VIIRS,n,2,301.02,8.5,D,0
28.73709,70.32803,352.57,0.39,0.44,2025-02-04,846,N,VIIRS,n,2,300.21,16.48,D,0
28.82834,70.2597,330.43,0.39,0.44,2025-02-04,846,N,VIIRS,n,2,294.64,5.4,D,0
28.55853,67.41881,339.7,0.43,0.38,2025-02-04,847,N,VIIRS,n,2,302.26,8.2,D,0
28.70809,67.67978,337.31,0.44,0.38,2025-02-04,847,N,VIIRS,n,2,306.45,2.0,D,0
28.90117,70.28566,339.64,0.39,0.44,2025-02-04,847,N,VIIRS,n,2,297.18,3.29,D,0
28.97482,70.27956,337.44,0.39,0.44,2025-02-04,847,N,VIIRS,n,2,296.38,6.36,D,0
28.97526,70.28358,342.14,0.39,0.44,2025-02-04,847,N,VIIRS,n,2,302.13,13.16,D,0
29.16223,67.74875,333.44,0.44,0.39,2025-02-04,847,N,VIIRS,n,2,301.33,1.97,D,0
29.1985,67.6183,337.58,0.44,0.38,2025-02-04,847,N,VIIRS,n,2,305.61,2.5,D,0
29.199,67.63438,300.94,0.39,0.36,2025-02-04,2111,N,VIIRS,n,2,274.84,0.47,N,0
26.55322,68.10477,298.16,0.39,0.36,2025-02-04,2112,N,VIIRS,n,2,280.18,0.37,N,0
27.80984,69.3726,308.38,0.4,0.37,2025-02-04,2112,N,VIIRS,n,2,281.08,0.99,N,0
28.05245,69.36772,297.72,0.4,0.37,2025-02-04,2112,N,VIIRS,n,2,282.03,0.46,N,2
28.42392,69.70216,320.96,0.4,0.37,2025-02-04,2112,N,VIIRS,n,2,282.53,1.1,N,2
26.20128,68.46072,341.76,0.4,0.37,2025-02-05,827,N,VIIRS,n,2,299.82,7.92,D,0
26.3129,68.0162,337.27,0.41,0.37,2025-02-05,827,N,VIIRS,n,2,301.02,4.83,D,0
26.31307,68.95659,333.51,0.39,0.36,2025-02-05,827,N,VIIRS,n,2,302.08,2.99,D,0
26.31311,68.01554,331.87,0.41,0.37,2025-02-05,827,N,VIIRS,n,2,299.56,4.56,D,0
26.32924,68.41027,333.7,0.4,0.37,2025-02-05,827,N,VIIRS,n,2,301.08,2.76,D,0
26.36573,68.63339,340.27,0.4,0.37,2025-02-05,827,N,VIIRS,n,2,310.2,2.95,D,0
26.38444,68.89809,331.27,0.39,0.36,2025-02-05,827,N,VIIRS,n,2,301.44,1.75,D,0
26.38634,68.28698,332.65,0.4,0.37,2025-02-05,827,N,VIIRS,n,2,302.26,3.69,D,0
26.42457,68.0525,334.27,0.41,0.37,2025-02-05,827,N,VIIRS,n,2,298.87,2.6,D,0
26.53077,68.91778,339.71,0.39,0.36,2025-02-05,827,N,VIIRS,n,2,305.31,2.43,D,0
26.53222,68.90536,337.7,0.39,0.36,2025-02-05,827,N,VIIRS,n,2,305.03,8.83,D,0
26.54727,68.26684,334.26,0.4,0.37,2025-02-05,827,N,VIIRS,n,2,300.93,2.61,D,0
26.56705,68.10915,332.8,0.41,0.37,2025-02-05,827,N,VIIRS,n,2,299.92,1.62,D,0
26.58797,68.87811,330.01,0.39,0.36,2025-02-05,827,N,VIIRS,l,2,304.93,2.97,D,0
26.65071,68.92626,330.1,0.39,0.36,2025-02-05,827,N,VIIRS,l,2,304.26,6.04,D,0
26.6625,68.15672,336.62,0.41,0.37,2025-02-05,827,N,VIIRS,n,2,297.57,3.55,D,0
26.6625,68.15701,336.49,0.41,0.37,2025-02-05,827,N,VIIRS,n,2,297.51,4.37,D,0
26.76286,68.29919,339.04,0.4,0.37,2025-02-05,827,N,VIIRS,n,2,300.87,3.22,D,0
26.78436,68.95319,336.31,0.39,0.36,2025-02-05,827,N,VIIRS,n,2,303.57,3.92,D,0
26.82315,68.25821,332.38,0.4,0.37,2025-02-05,827,N,VIIRS,n,2,301.41,2.27,D,0
26.84089,68.15437,332.02,0.4,0.37,2025-02-05,827,N,VIIRS,n,2,299.77,2.65,D,0
26.85915,68.37119,330.53,0.4,0.37,2025-02-05,827,N,VIIRS,n,2,296.68,1.73,D,0
26.88697,68.05283,332.45,0.41,0.37,2025-02-05,827,N,VIIRS,n,2,298.03,2.05,D,0
27.11103,69.00548,345.03,0.39,0.36,2025-02-05,827,N,VIIRS,n,2,308.7,4.84,D,0
27.11952,68.50832,335.91,0.4,0.37,2025-02-05,827,N,VIIRS,n,2,299.92,3.19,D,0
27.19485,68.64524,342.92,0.39,0.36,2025-02-05,827,N,VIIRS,n,2,298.84,8.81,D,0
27.30246,68.59528,336.73,0.39,0.36,2025-02-05,827,N,VIIRS,n,2,300.34,2.92,D,0
27.38502,68.52137,332.68,0.39,0.37,2025-02-05,827,N,VIIRS,n,2,297.79,2.36,D,0
27.39597,68.58872,351.36,0.39,0.36,2025-02-05,827,N,VIIRS,n,2,302.57,10.92,D,0
27.3993,68.58804,338.97,0.39,0.36,2025-02-05,827,N,VIIRS,n,2,296.8,2.98,D,0
27.44477,68.74185,332.7,0.39,0.36,2025-02-05,827,N,VIIRS,n,2,298.26,2.72,D,0
27.55853,69.37553,337.96,0.39,0.36,2025-02-05,827,N,VIIRS,n,2,308.31,2.16,D,0
27.56183,69.37488,337.56,0.39,0.36,2025-02-05,827,N,VIIRS,n,2,306.99,2.16,D,0
27.65427,68.45947,348.65,0.39,0.37,2025-02-05,827,N,VIIRS,n,2,308.52,18.05,D,0
27.67975,68.91849,338.87,0.39,0.36,2025-02-05,827,N,VIIRS,n,2,300.24,3.8,D,0
27.68392,68.35498,337.23,0.4,0.37,2025-02-05,827,N,VIIRS,n,2,299.04,5.45,D,0
27.68979,68.53014,339.0,0.39,0.36,2025-02-05,827,N,VIIRS,n,2,302.98,10.85,D,0
27.7169,68.63499,332.48,0.39,0.36,2025-02-05,827,N,VIIRS,n,2,300.14,2.48,D,0
27.72677,68.46966,334.79,0.39,0.36,2025-02-05,827,N,VIIRS,n,2,303.63,2.16,D,0
27.73478,68.66836,340.51,0.39,0.36,2025-02-05,827,N,VIIRS,n,2,304.16,3.48,D,0
27.76493,69.15533,331.66,0.39,0.36,2025-02-05,827,N,VIIRS,n,2,300.34,3.62,D,0
27.81531,68.39004,332.68,0.39,0.37,2025-02-05,827,N,VIIRS,n,2,302.34,2.65,D,0
27.84951,69.26332,333.7,0.39,0.36,2025-02-05,827,N,VIIRS,n,2,299.32,1.47,D,0
27.87034,69.3755,331.99,0.38,0.36,2025-02-05,827,N,VIIRS,n,2,301.46,3.01,D,0
27.89394,68.40682,331.73,0.39,0.37,2025-02-05,827,N,VIIRS,n,2,297.63,3.72,D,0
27.93381,68.93659,335.44,0.39,0.36,2025-02-05,827,N,VIIRS,n,2,303.59,3.92,D,0
27.9605,69.08456,331.49,0.39,0.36,2025-02-05,827,N,VIIRS,n,2,297.95,3.44,D,0
28.00867,69.46058,330.2,0.38,0.36,2025-02-05,827,N,VIIRS,n,2,299.59,8.41,D,0
28.02769,69.6291,336.81,0.38,0.36,2025-02-05,827,N,VIIRS,n,2,304.04,2.17,D,0
28.03029,69.29189,332.57,0.38,0.36,2025-02-05,827,N,VIIRS,n,2,300.44,1.9,D,0
28.03359,69.29124,346.95,0.38,0.36,2025-02-05,827,N,VIIRS,n,2,304.3,12.11,D,0
28.0487,69.63304,336.68,0.38,0.36,2025-02-05,827,N,VIIRS,n,2,303.18,8.78,D,0
28.04945,69.26421,336.16,0.38,0.36,2025-02-05,827,N,VIIRS,n,2,307.63,5.99,D,0
28.06453,69.31747,347.61,0.38,0.36,2025-02-05,827,N,VIIRS,n,2,308.98,12.82,D,0
28.07628,69.41547,336.29,0.38,0.36,2025-02-05,827,N,VIIRS,n,2,305.34,8.81,D,0
28.11112,69.37655,334.4,0.38,0.36,2025-02-05,827,N,VIIRS,n,2,302.47,4.04,D,0
28.16559,69.59852,341.53,0.38,0.36,2025-02-05,827,N,VIIRS,n,2,300.85,4.76,D,0
28.18333,70.16915,338.64,0.39,0.36,2025-02-05,827,N,VIIRS,n,2,298.19,3.43,D,0
28.1858,70.20896,345.44,0.39,0.36,2025-02-05,827,N,VIIRS,n,2,303.91,7.8,D,0
28.20369,70.23784,339.66,0.39,0.36,2025-02-05,827,N,VIIRS,n,2,301.7,4.18,D,0
28.20744,69.80698,352.33,0.38,0.36,2025-02-05,827,N,VIIRS,n,2,305.17,6.03,D,0
28.25971,70.17889,334.48,0.39,0.36,2025-02-05,827,N,VIIRS,n,2,299.1,7.27,D,0
27.9656,67.58221,330.21,0.41,0.37,2025-02-05,828,N,VIIRS,l,2,302.05,3.96,D,0
28.04096,68.46346,332.6,0.39,0.36,2025-02-05,828,N,VIIRS,n,2,299.64,1.91,D,0
28.12132,68.24599,335.49,0.4,0.37,2025-02-05,828,N,VIIRS,n,2,301.08,2.03,D,0
28.31353,69.72628,335.61,0.38,0.36,2025-02-05,828,N,VIIRS,n,2,303.75,2.4,D,0
28.32025,69.79325,339.05,0.38,0.36,2025-02-05,828,N,VIIRS,n,2,305.67,5.43,D,0
28.34905,69.82874,343.41,0.38,0.36,2025-02-05,828,N,VIIRS,n,2,300.98,10.54,D,0
28.36102,69.75009,336.87,0.38,0.36,2025-02-05,828,N,VIIRS,n,2,301.5,2.32,D,0
28.38219,69.95914,340.57,0.38,0.36,2025-02-05,828,N,VIIRS,n,2,299.45,2.45,D,0
28.39971,70.00814,341.83,0.39,0.36,2025-02-05,828,N,VIIRS,n,2,297.77,3.22,D,0
28.42156,69.79066,343.61,0.38,0.36,2025-02-05,828,N,VIIRS,n,2,298.06,3.78,D,0
28.42487,69.79002,339.93,0.38,0.36,2025-02-05,828,N,VIIRS,n,2,302.09,3.78,D,0
28.4272,70.21683,335.18,0.39,0.36,2025-02-05,828,N,VIIRS,n,2,301.16,3.97,D,0
28.49967,69.90851,347.77,0.38,0.36,2025-02-05,828,N,VIIRS,n,2,305.3,8.28,D,0
28.50682,69.8427,335.47,0.38,0.36,2025-02-05,828,N,VIIRS,l,2,307.15,14.64,D,0
28.5096,69.9066,345.0,0.38,0.36,2025-02-05,828,N,VIIRS,n,2,303.75,5.02,D,0
28.5176,70.0059,342.92,0.39,0.36,2025-02-05,828,N,VIIRS,n,2,310.63,18.81,D,0
28.56708,67.74062,336.07,0.4,0.37,2025-02-05,828,N,VIIRS,n,2,306.06,2.19,D,0
28.56801,67.41096,332.51,0.41,0.37,2025-02-05,828,N,VIIRS,n,2,302.37,2.03,D,0
28.59485,70.36793,336.29,0.39,0.36,2025-02-05,828,N,VIIRS,n,2,299.48,4.8,D,0
28.64595,67.73231,333.06,0.4,0.37,2025-02-05,828,N,VIIRS,l,2,307.7,1.96,D,0
28.67016,70.14291,337.13,0.39,0.36,2025-02-05,828,N,VIIRS,n,2,306.59,3.72,D,0
28.67603,70.11343,333.64,0.39,0.36,2025-02-05,828,N,VIIRS,n,2,305.51,1.4,D,0
28.73471,70.19563,333.58,0.39,0.36,2025-02-05,828,N,VIIRS,l,2,304.19,1.57,D,0
28.73529,70.19958,339.34,0.39,0.36,2025-02-05,828,N,VIIRS,n,2,304.23,3.77,D,0
28.79976,70.31356,333.12,0.39,0.36,2025-02-05,828,N,VIIRS,n,2,300.1,8.35,D,0
28.84867,68.26733,333.24,0.39,0.36,2025-02-05,828,N,VIIRS,n,2,304.03,2.15,D,0
29.05953,68.24953,336.57,0.39,0.36,2025-02-05,828,N,VIIRS,n,2,304.54,1.83,D,0
28.10284,68.57887,298.17,0.49,0.4,2025-02-05,2053,N,VIIRS,n,2,278.42,0.79,N,0
28.42375,69.70129,299.54,0.44,0.39,2025-02-05,2053,N,VIIRS,n,2,281.77,1.13,N,2
26.22442,69.00516,339.77,0.41,0.45,2025-02-06,808,N,VIIRS,n,2,298.72,3.13,D,0
26.31915,67.98575,332.39,0.46,0.47,2025-02-06,808,N,VIIRS,n,2,295.5,8.93,D,0
26.32007,67.99034,340.33,0.46,0.47,2025-02-06,808,N,VIIRS,n,2,301.74,17.46,D,0
26.32048,68.21289,342.99,0.45,0.47,2025-02-06,808,N,VIIRS,n,2,298.09,4.02,D,0
26.35153,68.55984,334.02,0.43,0.46,2025-02-06,808,N,VIIRS,n,2,297.92,2.16,D,0
26.35549,68.51485,332.85,0.43,0.46,2025-02-06,808,N,VIIRS,n,2,301.53,2.39,D,0
26.35559,68.79971,340.12,0.41,0.45,2025-02-06,808,N,VIIRS,n,2,302.0,3.7,D,0
26.37112,68.81319,341.84,0.41,0.45,2025-02-06,808,N,VIIRS,n,2,301.67,3.16,D,0
26.38829,67.89857,339.63,0.47,0.47,2025-02-06,808,N,VIIRS,n,2,304.52,3.94,D,0
26.3926,67.89748,343.8,0.47,0.47,2025-02-06,808,N,VIIRS,n,2,306.04,6.3,D,0
26.42566,68.3394,340.68,0.44,0.46,2025-02-06,808,N,VIIRS,n,2,301.03,3.92,D,0
26.43445,68.87489,333.31,0.41,0.45,2025-02-06,808,N,VIIRS,n,2,301.4,2.53,D,0
26.4618,68.89399,340.07,0.41,0.45,2025-02-06,808,N,VIIRS,n,2,304.0,3.71,D,0
26.46652,67.99483,351.86,0.46,0.47,2025-02-06,808,N,VIIRS,n,2,299.19,8.37,D,0
26.46768,67.9959,340.13,0.46,0.47,2025-02-06,808,N,VIIRS,n,2,297.99,4.2,D,0
26.52922,68.89046,351.04,0.41,0.45,2025-02-06,808,N,VIIRS,n,2,303.03,5.31,D,0
26.53974,68.88508,341.1,0.41,0.45,2025-02-06,808,N,VIIRS,n,2,307.81,4.74,D,0
26.54063,68.88346,343.39,0.41,0.45,2025-02-06,808,N,VIIRS,n,2,308.55,5.51,D,0
26.58815,68.10333,337.84,0.45,0.47,2025-02-06,808,N,VIIRS,n,2,300.35,3.57,D,0
26.65974,68.18001,339.73,0.44,0.46,2025-02-06,808,N,VIIRS,n,2,301.58,17.77,D,0
26.67142,68.08384,354.51,0.45,0.47,2025-02-06,808,N,VIIRS,n,2,298.43,6.49,D,0
26.71384,68.29522,342.56,0.44,0.46,2025-02-06,808,N,VIIRS,n,2,305.02,33.25,D,0
26.72841,68.94501,340.37,0.4,0.44,2025-02-06,808,N,VIIRS,n,2,297.44,4.99,D,0
26.72919,68.949,337.49,0.4,0.44,2025-02-06,808,N,VIIRS,n,2,297.24,5.19,D,0
26.74412,68.14613,339.12,0.44,0.46,2025-02-06,808,N,VIIRS,n,2,295.86,4.07,D,0
26.78014,68.19263,331.13,0.44,0.46,2025-02-06,808,N,VIIRS,n,2,297.88,1.88,D,0
26.79543,67.97041,345.1,0.45,0.47,2025-02-06,808,N,VIIRS,n,2,298.87,8.11,D,0
26.79725,68.12363,331.15,0.44,0.46,2025-02-06,808,N,VIIRS,n,2,297.96,2.23,D,0
26.7974,67.96849,338.69,0.45,0.47,2025-02-06,808,N,VIIRS,n,2,297.48,6.35,D,0
26.84066,68.16373,329.55,0.44,0.46,2025-02-06,808,N,VIIRS,n,2,295.93,1.63,D,0
26.8442,68.16405,340.43,0.44,0.46,2025-02-06,808,N,VIIRS,n,2,296.73,3.84,D,0
26.87521,68.1425,329.42,0.44,0.46,2025-02-06,808,N,VIIRS,n,2,295.47,2.82,D,0
26.88239,68.37276,340.07,0.43,0.46,2025-02-06,808,N,VIIRS,n,2,296.33,4.26,D,0
26.88655,68.37173,339.89,0.43,0.46,2025-02-06,808,N,VIIRS,n,2,293.34,4.26,D,0
26.91406,68.37836,340.32,0.43,0.46,2025-02-06,808,N,VIIRS,n,2,295.12,3.68,D,0
26.93754,68.25533,328.84,0.43,0.46,2025-02-06,808,N,VIIRS,n,2,293.81,2.14,D,0
26.99056,67.83445,331.92,0.46,0.47,2025-02-06,808,N,VIIRS,n,2,296.31,3.23,D,0
27.06277,68.57661,339.36,0.41,0.45,2025-02-06,808,N,VIIRS,n,2,280.86,3.11,D,0
27.18195,68.45186,332.84,0.42,0.45,2025-02-06,808,N,VIIRS,n,2,286.54,2.62,D,0
27.72838,69.2228,332.57,0.56,0.43,2025-02-06,809,N,VIIRS,n,2,295.77,2.61,D,0
27.87473,69.47889,330.41,0.54,0.42,2025-02-06,809,N,VIIRS,n,2,289.61,8.42,D,0
27.93667,67.58288,328.36,0.45,0.47,2025-02-06,809,N,VIIRS,n,2,285.35,1.97,D,0
27.95951,69.26713,334.32,0.55,0.43,2025-02-06,809,N,VIIRS,n,2,292.62,3.97,D,0
27.97273,68.14146,338.69,0.42,0.45,2025-02-06,809,N,VIIRS,n,2,298.81,12.78,D,0
28.05047,68.38039,330.01,0.41,0.45,2025-02-06,809,N,VIIRS,n,2,297.8,2.17,D,0
28.11642,70.05195,338.78,0.5,0.41,2025-02-06,809,N,VIIRS,n,2,302.87,3.62,D,0
28.15635,70.10031,340.28,0.5,0.41,2025-02-06,809,N,VIIRS,n,2,301.11,11.87,D,0
28.17864,69.41633,338.2,0.54,0.42,2025-02-06,809,N,VIIRS,n,2,297.21,4.35,D,0
28.18159,69.41708,330.88,0.54,0.42,2025-02-06,809,N,VIIRS,n,2,296.03,5.52,D,0
28.20345,69.64074,342.54,0.52,0.42,2025-02-06,809,N,VIIRS,n,2,303.41,20.94,D,0
28.26622,69.87373,334.79,0.51,0.41,2025-02-06,809,N,VIIRS,n,2,298.94,2.8,D,0
28.26652,69.87551,334.07,0.51,0.41,2025-02-06,809,N,VIIRS,n,2,300.06,4.07,D,0
28.27555,70.2611,337.84,0.49,0.4,2025-02-06,809,N,VIIRS,n,2,300.46,8.0,D,0
28.28123,70.18768,331.96,0.49,0.4,2025-02-06,809,N,VIIRS,n,2,299.1,9.56,D,0
28.37227,69.7759,367.0,0.51,0.41,2025-02-06,809,N,VIIRS,h,2,306.77,16.62,D,0
28.3864,70.22797,333.69,0.49,0.4,2025-02-06,809,N,VIIRS,n,2,296.87,3.42,D,0
28.59547,70.13696,335.09,0.49,0.4,2025-02-06,809,N,VIIRS,n,2,299.88,6.3,D,0
28.63313,70.12503,332.53,0.49,0.4,2025-02-06,809,N,VIIRS,n,2,298.72,2.85,D,0
28.67432,70.22308,331.06,0.48,0.4,2025-02-06,809,N,VIIRS,n,2,295.24,1.57,D,0
28.67892,70.20669,336.46,0.48,0.4,2025-02-06,809,N,VIIRS,n,2,299.29,3.63,D,0
28.84424,67.58571,335.89,0.44,0.46,2025-02-06,809,N,VIIRS,n,2,296.95,1.41,D,0
28.42378,69.7007,295.97,0.52,0.5,2025-02-06,2034,N,VIIRS,n,2,279.97,1.61,N,2
26.26492,68.1183,333.49,0.44,0.62,2025-02-07,749,N,VIIRS,n,2,292.88,4.16,D,0
26.27056,68.11666,342.65,0.44,0.62,2025-02-07,749,N,VIIRS,n,2,293.0,4.16,D,0
26.26644,68.11848,367.0,0.44,0.62,2025-02-07,750,N,VIIRS,h,2,295.77,9.59,D,0
26.39948,68.04282,342.21,0.44,0.62,2025-02-07,750,N,VIIRS,n,2,290.27,4.46,D,0
26.40054,68.04717,333.49,0.44,0.62,2025-02-07,750,N,VIIRS,n,2,289.99,4.46,D,0
26.56973,68.8987,333.1,0.39,0.59,2025-02-07,750,N,VIIRS,n,2,297.16,2.04,D,0
26.57468,68.89797,338.35,0.39,0.59,2025-02-07,750,N,VIIRS,n,2,296.96,3.4,D,0
27.23052,68.42508,330.61,0.4,0.6,2025-02-07,750,N,VIIRS,n,2,278.99,2.36,D,0
27.66285,69.65813,350.2,0.33,0.55,2025-02-07,750,N,VIIRS,n,2,300.87,5.23,D,0
27.73273,69.34184,326.99,0.34,0.56,2025-02-07,750,N,VIIRS,n,2,293.95,3.36,D,0
28.3056,70.27619,340.12,0.59,0.53,2025-02-07,750,N,VIIRS,n,2,298.63,18.45,D,0
28.30601,70.27179,338.05,0.59,0.53,2025-02-07,750,N,VIIRS,n,2,298.07,12.56,D,0
28.30731,70.27773,336.0,0.59,0.53,2025-02-07,750,N,VIIRS,n,2,295.4,12.94,D,0
28.62708,70.08569,339.76,0.59,0.53,2025-02-07,750,N,VIIRS,n,2,297.54,6.39,D,0
26.35859,68.80484,336.08,0.69,0.74,2025-02-07,930,N,VIIRS,n,2,291.36,7.77,D,0
29.11666,67.40947,345.78,0.77,0.77,2025-02-08,732,N,VIIRS,n,2,292.12,6.08,D,0
29.11944,67.40725,333.11,0.77,0.77,2025-02-08,732,N,VIIRS,n,2,290.95,8.56,D,0
26.22211,68.9929,330.1,0.36,0.57,2025-02-08,911,N,VIIRS,n,2,299.89,4.02,D,0
26.22243,68.99657,367.0,0.36,0.57,2025-02-08,911,N,VIIRS,h,2,304.99,14.21,D,0
26.22571,68.99569,355.52,0.36,0.57,2025-02-08,911,N,VIIRS,n,2,301.56,9.12,D,0
26.22601,68.99937,340.92,0.36,0.57,2025-02-08,911,N,VIIRS,n,2,298.75,9.12,D,0
26.22778,68.99603,356.53,0.36,0.57,2025-02-08,911,N,VIIRS,n,2,295.84,6.58,D,0
26.26644,68.42187,342.0,0.33,0.55,2025-02-08,911,N,VIIRS,n,2,294.15,3.89,D,0
26.26674,68.42525,353.36,0.33,0.55,2025-02-08,911,N,VIIRS,n,2,294.52,3.89,D,0
26.29373,68.24158,342.62,0.32,0.55,2025-02-08,911,N,VIIRS,n,2,295.44,4.57,D,0
26.32889,68.76247,346.25,0.35,0.57,2025-02-08,911,N,VIIRS,n,2,298.11,1.67,D,0
26.37575,68.46353,336.16,0.34,0.56,2025-02-08,911,N,VIIRS,n,2,298.96,1.78,D,0
26.38292,68.90827,367.0,0.36,0.57,2025-02-08,911,N,VIIRS,h,2,301.81,8.34,D,0
26.38354,68.91557,335.15,0.36,0.57,2025-02-08,911,N,VIIRS,n,2,294.49,3.93,D,0
26.55489,68.89074,337.86,0.36,0.57,2025-02-08,911,N,VIIRS,n,2,296.97,4.61,D,0
26.55874,68.14848,337.8,0.32,0.55,2025-02-08,911,N,VIIRS,n,2,295.45,3.28,D,0
26.55904,68.15178,332.61,0.32,0.55,2025-02-08,911,N,VIIRS,n,2,297.29,6.32,D,0
26.56022,68.89021,367.0,0.36,0.57,2025-02-08,911,N,VIIRS,h,2,297.86,4.61,D,0
27.71165,68.64747,353.01,0.36,0.57,2025-02-08,911,N,VIIRS,n,2,291.69,5.31,D,0
27.71194,68.65114,340.89,0.36,0.57,2025-02-08,911,N,VIIRS,n,2,292.37,5.31,D,0
27.90584,69.36033,351.36,0.4,0.6,2025-02-08,911,N,VIIRS,n,2,291.02,5.46,D,0
27.98003,69.09933,336.58,0.38,0.59,2025-02-08,912,N,VIIRS,n,2,295.29,2.72,D,0
27.99483,67.58805,334.34,0.62,0.54,2025-02-08,912,N,VIIRS,n,2,296.2,6.99,D,0
28.03679,69.47194,330.17,0.4,0.6,2025-02-08,912,N,VIIRS,n,2,295.0,2.5,D,0
28.06746,69.38485,354.42,0.4,0.6,2025-02-08,912,N,VIIRS,n,2,298.74,5.76,D,0
28.06944,69.38504,352.01,0.4,0.6,2025-02-08,912,N,VIIRS,n,2,297.01,6.19,D,0
28.096,69.31577,334.18,0.39,0.6,2025-02-08,912,N,VIIRS,n,2,292.75,4.95,D,0
28.28663,69.84678,332.57,0.43,0.62,2025-02-08,912,N,VIIRS,n,2,296.99,2.0,D,0
28.28713,69.84674,332.97,0.43,0.62,2025-02-08,912,N,VIIRS,n,2,296.69,2.19,D,0
28.30276,69.73824,351.13,0.42,0.61,2025-02-08,912,N,VIIRS,n,2,298.43,3.15,D,0
28.3073,69.73803,367.0,0.42,0.61,2025-02-08,912,N,VIIRS,h,2,296.96,6.37,D,0
28.30848,69.73776,331.51,0.42,0.61,2025-02-08,912,N,VIIRS,n,2,294.7,3.15,D,0
28.31173,69.70212,330.02,0.42,0.61,2025-02-08,912,N,VIIRS,n,2,296.18,1.62,D,0
28.4498,70.24541,356.49,0.45,0.63,2025-02-08,912,N,VIIRS,n,2,292.77,6.07,D,0
28.45389,70.24421,340.91,0.45,0.63,2025-02-08,912,N,VIIRS,n,2,295.37,2.71,D,0
28.46828,69.77615,367.0,0.42,0.61,2025-02-08,912,N,VIIRS,h,2,298.36,9.38,D,3
28.42393,69.70169,302.71,0.52,0.5,2025-02-08,2137,N,VIIRS,n,2,282.42,1.33,N,2
26.26077,68.99174,337.77,0.56,0.43,2025-02-09,852,N,VIIRS,n,2,298.98,4.8,D,0
26.28407,68.58018,332.69,0.53,0.42,2025-02-09,852,N,VIIRS,n,2,298.14,3.82,D,0
26.29206,68.2131,341.29,0.51,0.41,2025-02-09,852,N,VIIRS,n,2,304.8,24.21,D,0
26.50235,68.38614,331.28,0.52,0.42,2025-02-09,852,N,VIIRS,n,2,298.82,2.4,D,0
26.53963,68.89023,335.05,0.56,0.43,2025-02-09,852,N,VIIRS,n,2,300.94,7.13,D,0
26.55474,68.89703,332.11,0.56,0.43,2025-02-09,852,N,VIIRS,n,2,299.76,4.36,D,0
26.55475,68.16324,335.64,0.51,0.41,2025-02-09,852,N,VIIRS,n,2,301.44,3.08,D,0
26.55613,68.89361,346.14,0.56,0.43,2025-02-09,852,N,VIIRS,n,2,300.21,6.19,D,0
26.5591,68.04287,330.12,0.5,0.41,2025-02-09,852,N,VIIRS,n,2,298.6,4.27,D,0
26.55928,68.0454,334.46,0.5,0.41,2025-02-09,852,N,VIIRS,n,2,301.08,9.21,D,0
26.55973,68.04794,333.31,0.5,0.41,2025-02-09,852,N,VIIRS,n,2,300.39,6.63,D,0
26.61911,68.32081,335.9,0.52,0.42,2025-02-09,852,N,VIIRS,n,2,298.57,3.15,D,0
26.79815,68.23903,338.26,0.52,0.41,2025-02-09,852,N,VIIRS,n,2,302.45,9.25,D,0
26.8001,68.23617,346.5,0.52,0.41,2025-02-09,852,N,VIIRS,n,2,297.68,8.8,D,0
26.80545,67.95708,336.39,0.5,0.41,2025-02-09,852,N,VIIRS,n,2,300.17,5.32,D,0
26.88622,68.4015,334.22,0.53,0.42,2025-02-09,852,N,VIIRS,n,2,303.69,13.49,D,0
27.18516,68.37831,336.24,0.53,0.42,2025-02-09,852,N,VIIRS,n,2,288.09,18.31,D,0
27.2032,68.43079,333.61,0.54,0.42,2025-02-09,852,N,VIIRS,n,2,292.78,6.4,D,0
27.20709,68.43022,333.12,0.54,0.42,2025-02-09,852,N,VIIRS,n,2,284.82,6.4,D,0
27.77267,69.52626,338.34,0.42,0.45,2025-02-09,852,N,VIIRS,n,2,301.58,4.84,D,0
27.92211,68.98713,339.52,0.39,0.44,2025-02-09,853,N,VIIRS,n,2,296.75,3.45,D,0
27.92256,68.99113,331.4,0.39,0.44,2025-02-09,853,N,VIIRS,n,2,297.27,3.62,D,0
27.92616,68.98656,330.68,0.39,0.44,2025-02-09,853,N,VIIRS,n,2,297.19,2.09,D,0
27.9984,69.63718,343.78,0.43,0.46,2025-02-09,853,N,VIIRS,n,2,298.14,5.39,D,0
28.01033,69.34546,331.19,0.41,0.45,2025-02-09,853,N,VIIRS,n,2,298.91,2.33,D,0
28.02322,69.34797,339.72,0.41,0.45,2025-02-09,853,N,VIIRS,n,2,296.95,4.9,D,0
28.10747,69.50045,332.77,0.42,0.45,2025-02-09,853,N,VIIRS,n,2,299.8,3.59,D,0
28.16762,70.09667,342.18,0.45,0.47,2025-02-09,853,N,VIIRS,n,2,302.18,6.25,D,0
28.21986,69.43778,335.22,0.42,0.45,2025-02-09,853,N,VIIRS,n,2,301.42,2.34,D,0
28.22062,69.43526,334.28,0.42,0.45,2025-02-09,853,N,VIIRS,n,2,301.27,2.95,D,0
28.2621,69.79505,342.81,0.44,0.46,2025-02-09,853,N,VIIRS,n,2,300.76,9.24,D,0
28.26323,69.7925,340.61,0.44,0.46,2025-02-09,853,N,VIIRS,n,2,298.02,5.29,D,0
28.28127,70.04058,335.23,0.45,0.47,2025-02-09,853,N,VIIRS,n,2,300.9,14.71,D,0
28.28234,70.03848,353.36,0.45,0.47,2025-02-09,853,N,VIIRS,n,2,306.2,14.84,D,0
28.2856,70.04001,344.23,0.45,0.47,2025-02-09,853,N,VIIRS,n,2,306.31,14.71,D,0
28.28668,70.03791,332.55,0.45,0.47,2025-02-09,853,N,VIIRS,n,2,300.68,14.84,D,0
28.3397,69.99804,339.94,0.45,0.47,2025-02-09,853,N,VIIRS,n,2,303.79,9.15,D,0
28.34019,70.00268,341.73,0.45,0.47,2025-02-09,853,N,VIIRS,n,2,301.99,12.19,D,0
28.37704,69.79441,348.58,0.44,0.46,2025-02-09,853,N,VIIRS,n,2,299.65,6.44,D,0
28.53148,68.70094,335.82,0.38,0.43,2025-02-09,853,N,VIIRS,n,2,301.63,2.14,D,0
28.58225,70.06911,345.85,0.46,0.47,2025-02-09,853,N,VIIRS,n,2,304.8,11.66,D,0
28.65824,70.03184,339.17,0.46,0.47,2025-02-09,853,N,VIIRS,n,2,295.24,9.96,D,0
28.99508,67.49734,343.96,0.5,0.41,2025-02-09,853,N,VIIRS,n,2,303.63,8.56,D,0
29.0077,67.47417,336.73,0.5,0.41,2025-02-09,853,N,VIIRS,n,2,303.89,3.91,D,0
29.01334,67.4892,338.68,0.5,0.41,2025-02-09,853,N,VIIRS,n,2,300.48,4.04,D,0
29.01649,67.48341,346.89,0.5,0.41,2025-02-09,853,N,VIIRS,n,2,301.89,15.47,D,0
28.42339,69.6998,300.23,0.45,0.39,2025-02-09,2118,N,VIIRS,n,2,283.44,0.99,N,2
28.42692,69.70061,301.68,0.45,0.39,2025-02-09,2118,N,VIIRS,n,2,282.87,0.99,N,2
26.21996,68.13512,334.64,0.39,0.36,2025-02-10,833,N,VIIRS,n,2,301.03,3.99,D,0
26.23176,68.05771,334.47,0.39,0.36,2025-02-10,833,N,VIIRS,n,2,300.96,5.22,D,0
26.32738,68.13032,330.6,0.39,0.36,2025-02-10,833,N,VIIRS,n,2,299.78,2.2,D,0
26.32804,68.04708,340.29,0.39,0.36,2025-02-10,833,N,VIIRS,n,2,304.93,13.63,D,0
26.42482,68.25404,334.42,0.38,0.36,2025-02-10,833,N,VIIRS,n,2,301.92,2.97,D,0
26.43442,68.05448,342.34,0.39,0.36,2025-02-10,833,N,VIIRS,n,2,301.46,3.2,D,0
26.53098,68.88571,344.81,0.38,0.36,2025-02-10,833,N,VIIRS,n,2,308.99,4.66,D,0
26.53538,68.35559,348.66,0.38,0.36,2025-02-10,833,N,VIIRS,n,2,305.94,13.37,D,0
26.53659,68.90051,333.85,0.39,0.36,2025-02-10,833,N,VIIRS,l,2,308.46,20.04,D,0
26.56425,68.88361,333.69,0.39,0.36,2025-02-10,833,N,VIIRS,l,2,308.34,6.36,D,0
26.63581,68.92982,340.6,0.39,0.36,2025-02-10,833,N,VIIRS,n,2,304.23,2.6,D,0
26.7231,67.991,335.91,0.39,0.36,2025-02-10,833,N,VIIRS,n,2,299.47,2.72,D,0
26.73529,68.24635,332.15,0.38,0.36,2025-02-10,833,N,VIIRS,n,2,298.49,2.98,D,0
26.73588,68.25019,331.07,0.38,0.36,2025-02-10,833,N,VIIRS,n,2,297.49,2.98,D,0
26.82923,68.26469,331.52,0.38,0.36,2025-02-10,833,N,VIIRS,n,2,298.88,2.7,D,0
26.90808,68.40427,345.21,0.38,0.36,2025-02-10,833,N,VIIRS,n,2,301.53,6.7,D,0
26.98665,67.83707,333.72,0.39,0.36,2025-02-10,833,N,VIIRS,n,2,299.17,20.13,D,0
27.03374,68.07468,346.32,0.38,0.36,2025-02-10,833,N,VIIRS,n,2,299.73,5.02,D,0
27.03704,68.07404,338.13,0.38,0.36,2025-02-10,833,N,VIIRS,n,2,295.57,8.28,D,0
27.20639,68.42717,334.37,0.38,0.36,2025-02-10,834,N,VIIRS,n,2,301.44,2.93,D,0
27.36362,68.28268,331.76,0.38,0.36,2025-02-10,834,N,VIIRS,n,2,295.1,1.81,D,0
27.39637,68.36398,335.09,0.38,0.36,2025-02-10,834,N,VIIRS,n,2,290.18,2.02,D,0
27.39988,68.59032,331.7,0.38,0.36,2025-02-10,834,N,VIIRS,n,2,284.19,3.64,D,0
27.40046,68.5942,336.67,0.38,0.36,2025-02-10,834,N,VIIRS,n,2,283.99,3.64,D,0
27.4262,69.02132,330.45,0.39,0.36,2025-02-10,834,N,VIIRS,n,2,290.36,1.42,D,0
27.52593,69.3788,344.66,0.39,0.36,2025-02-10,834,N,VIIRS,n,2,307.65,20.97,D,0
27.63608,69.56339,334.99,0.4,0.37,2025-02-10,834,N,VIIRS,l,2,305.97,14.69,D,0
27.74562,69.09583,336.02,0.39,0.36,2025-02-10,834,N,VIIRS,n,2,292.92,6.95,D,0
27.79902,67.50721,337.37,0.39,0.36,2025-02-10,834,N,VIIRS,n,2,299.58,6.07,D,0
27.80689,69.19887,339.29,0.39,0.36,2025-02-10,834,N,VIIRS,n,2,304.3,10.15,D,0
27.82148,69.22871,347.61,0.39,0.36,2025-02-10,834,N,VIIRS,n,2,293.7,14.84,D,0
27.92852,69.31557,331.73,0.39,0.36,2025-02-10,834,N,VIIRS,n,2,290.01,2.44,D,0
27.93517,67.66123,337.92,0.39,0.36,2025-02-10,834,N,VIIRS,n,2,298.74,2.84,D,0
27.99672,69.25423,331.69,0.39,0.36,2025-02-10,834,N,VIIRS,n,2,295.41,4.39,D,0
28.027,69.49895,333.16,0.4,0.37,2025-02-10,834,N,VIIRS,n,2,297.67,3.54,D,0
28.0589,70.17307,340.27,0.41,0.37,2025-02-10,834,N,VIIRS,n,2,304.6,7.5,D,0
28.06187,69.642,331.67,0.4,0.37,2025-02-10,834,N,VIIRS,n,2,296.63,1.63,D,0
28.1198,69.3099,333.55,0.39,0.36,2025-02-10,834,N,VIIRS,n,2,302.58,2.8,D,0
28.26692,70.09098,332.45,0.41,0.37,2025-02-10,834,N,VIIRS,n,2,300.55,2.25,D,0
28.27034,70.09039,332.03,0.41,0.37,2025-02-10,834,N,VIIRS,n,2,298.81,1.96,D,0
28.31209,69.63972,334.23,0.4,0.37,2025-02-10,834,N,VIIRS,n,2,300.69,4.42,D,0
28.3135,69.84951,332.64,0.4,0.37,2025-02-10,834,N,VIIRS,n,2,298.49,2.78,D,0
28.33653,69.74007,331.0,0.4,0.37,2025-02-10,834,N,VIIRS,n,2,303.01,1.67,D,0
28.33723,69.57262,330.88,0.4,0.37,2025-02-10,834,N,VIIRS,n,2,302.44,3.96,D,0
28.35732,70.06723,332.69,0.41,0.37,2025-02-10,834,N,VIIRS,n,2,300.27,2.22,D,0
28.36317,69.78163,336.12,0.4,0.37,2025-02-10,834,N,VIIRS,n,2,304.13,7.47,D,0
28.38988,70.35998,338.07,0.42,0.38,2025-02-10,834,N,VIIRS,n,2,299.38,3.35,D,0
28.39744,69.90242,332.14,0.41,0.37,2025-02-10,834,N,VIIRS,n,2,298.62,2.37,D,0
28.40575,70.06304,332.75,0.41,0.37,2025-02-10,834,N,VIIRS,n,2,299.2,4.03,D,0
28.43839,70.12177,334.21,0.41,0.37,2025-02-10,834,N,VIIRS,n,2,296.9,3.99,D,0
28.477,69.84731,341.62,0.41,0.37,2025-02-10,834,N,VIIRS,n,2,308.7,29.77,D,0
28.48166,69.90594,341.39,0.41,0.37,2025-02-10,834,N,VIIRS,n,2,305.28,18.23,D,0
28.4949,70.00175,343.65,0.41,0.37,2025-02-10,834,N,VIIRS,n,2,314.37,26.89,D,0
28.49831,70.00115,335.53,0.41,0.37,2025-02-10,834,N,VIIRS,n,2,296.8,26.89,D,0
28.5315,69.14206,336.01,0.39,0.36,2025-02-10,834,N,VIIRS,l,2,308.3,12.27,D,0
28.53207,69.14607,339.43,0.39,0.36,2025-02-10,834,N,VIIRS,n,2,314.13,12.27,D,0
28.54258,70.16988,331.18,0.41,0.37,2025-02-10,834,N,VIIRS,n,2,297.68,2.52,D,0
28.59517,70.17872,332.99,0.41,0.37,2025-02-10,834,N,VIIRS,n,2,299.15,1.3,D,0
28.61551,69.99397,333.59,0.41,0.37,2025-02-10,834,N,VIIRS,n,2,301.9,3.91,D,0
28.63355,70.17639,336.66,0.41,0.37,2025-02-10,834,N,VIIRS,n,2,297.01,3.35,D,0
28.86196,70.32227,333.48,0.42,0.38,2025-02-10,834,N,VIIRS,n,2,301.38,2.21,D,0
28.88218,70.34086,338.62,0.42,0.38,2025-02-10,834,N,VIIRS,n,2,299.96,3.4,D,0
28.89767,70.29846,334.71,0.42,0.38,2025-02-10,834,N,VIIRS,n,2,300.03,2.7,D,0
28.96221,68.20337,337.67,0.38,0.36,2025-02-10,834,N,VIIRS,n,2,307.08,1.69,D,0
28.42488,69.70039,306.28,0.4,0.37,2025-02-10,2059,N,VIIRS,n,2,271.1,0.91,N,2
26.21963,68.59574,331.59,0.53,0.42,2025-02-11,814,N,VIIRS,n,2,299.66,3.46,D,0
26.22221,68.71433,347.01,0.52,0.42,2025-02-11,814,N,VIIRS,n,2,301.78,7.1,D,0
26.22367,68.71565,348.34,0.52,0.42,2025-02-11,814,N,VIIRS,n,2,303.42,12.7,D,0
26.226,68.71346,336.85,0.52,0.42,2025-02-11,814,N,VIIRS,n,2,301.57,7.22,D,0
26.23076,68.71776,333.73,0.52,0.41,2025-02-11,814,N,VIIRS,n,2,303.84,5.87,D,0
26.27738,68.88284,334.05,0.51,0.41,2025-02-11,814,N,VIIRS,n,2,302.5,4.86,D,0
26.40462,68.8774,342.02,0.51,0.41,2025-02-11,814,N,VIIRS,n,2,301.81,22.5,D,0
26.47556,68.90325,332.49,0.5,0.41,2025-02-11,814,N,VIIRS,l,2,303.03,3.52,D,0
26.40122,67.93079,337.2,0.57,0.43,2025-02-11,815,N,VIIRS,n,2,299.76,5.71,D,0
26.40264,67.92822,333.35,0.57,0.43,2025-02-11,815,N,VIIRS,n,2,298.92,2.69,D,0
26.42662,68.38868,336.49,0.54,0.42,2025-02-11,815,N,VIIRS,n,2,302.01,6.27,D,0
26.43898,68.09453,332.99,0.56,0.43,2025-02-11,815,N,VIIRS,n,2,300.25,3.1,D,0
26.63621,68.08631,335.59,0.55,0.43,2025-02-11,815,N,VIIRS,n,2,298.79,4.47,D,0
26.64009,68.0854,343.49,0.55,0.43,2025-02-11,815,N,VIIRS,n,2,300.9,18.2,D,0
26.64013,68.08959,332.87,0.55,0.43,2025-02-11,815,N,VIIRS,n,2,299.84,32.98,D,0
26.69735,68.07044,330.97,0.55,0.43,2025-02-11,815,N,VIIRS,n,2,299.44,14.61,D,0
26.70009,67.91322,339.13,0.56,0.43,2025-02-11,815,N,VIIRS,n,2,291.02,14.11,D,0
26.8672,68.134,332.07,0.54,0.42,2025-02-11,815,N,VIIRS,n,2,292.67,4.49,D,0
26.86769,68.13644,335.58,0.54,0.42,2025-02-11,815,N,VIIRS,n,2,293.29,4.79,D,0
27.5298,69.37974,339.81,0.46,0.39,2025-02-11,815,N,VIIRS,n,2,306.98,7.41,D,0
27.80208,69.20183,331.98,0.47,0.4,2025-02-11,815,N,VIIRS,n,2,298.51,3.23,D,0
27.95399,69.10677,334.28,0.47,0.4,2025-02-11,815,N,VIIRS,n,2,300.94,6.05,D,0
27.98759,69.08424,334.29,0.47,0.4,2025-02-11,815,N,VIIRS,n,2,302.58,5.79,D,0
27.98777,69.06436,338.31,0.47,0.4,2025-02-11,815,N,VIIRS,n,2,299.29,4.66,D,0
28.04519,69.15185,335.15,0.47,0.4,2025-02-11,815,N,VIIRS,n,2,301.43,6.53,D,0
28.0522,68.35332,333.31,0.51,0.41,2025-02-11,815,N,VIIRS,n,2,298.79,4.24,D,0
28.05594,68.35243,333.24,0.51,0.41,2025-02-11,815,N,VIIRS,n,2,297.3,4.24,D,0
28.06359,69.38391,330.82,0.46,0.39,2025-02-11,815,N,VIIRS,n,2,300.74,1.65,D,0
28.10052,69.27102,332.33,0.46,0.39,2025-02-11,815,N,VIIRS,n,2,301.59,4.25,D,0
28.1106,69.75551,335.61,0.44,0.38,2025-02-11,815,N,VIIRS,n,2,298.67,5.11,D,0
28.16794,70.08559,335.07,0.43,0.38,2025-02-11,815,N,VIIRS,n,2,300.94,3.43,D,0
28.21153,69.81285,335.15,0.44,0.38,2025-02-11,815,N,VIIRS,n,2,300.6,4.28,D,0
28.25166,69.65205,336.87,0.44,0.39,2025-02-11,815,N,VIIRS,n,2,300.36,9.39,D,0
28.25518,69.65126,341.85,0.44,0.39,2025-02-11,815,N,VIIRS,n,2,299.58,9.39,D,0
28.26079,69.86622,331.09,0.44,0.38,2025-02-11,815,N,VIIRS,n,2,298.74,1.73,D,0
28.3147,69.69844,336.62,0.44,0.38,2025-02-11,815,N,VIIRS,n,2,300.11,2.79,D,0
28.36828,70.04791,335.75,0.43,0.38,2025-02-11,815,N,VIIRS,n,2,300.85,4.11,D,0
28.38767,69.93039,333.77,0.43,0.38,2025-02-11,815,N,VIIRS,n,2,299.48,2.51,D,0
28.39388,70.36291,333.12,0.42,0.38,2025-02-11,815,N,VIIRS,n,2,296.3,1.86,D,0
28.41957,69.94348,334.74,0.43,0.38,2025-02-11,815,N,VIIRS,n,2,300.1,5.16,D,0
28.46901,69.79079,345.03,0.44,0.38,2025-02-11,815,N,VIIRS,n,2,304.0,16.07,D,0
28.4724,69.83134,332.61,0.44,0.38,2025-02-11,815,N,VIIRS,n,2,299.95,2.12,D,0
28.71582,70.18969,341.58,0.42,0.38,2025-02-11,815,N,VIIRS,n,2,301.25,4.4,D,0
28.83393,70.26627,331.11,0.42,0.38,2025-02-11,815,N,VIIRS,n,2,299.29,2.52,D,0
28.96916,70.29541,332.34,0.42,0.37,2025-02-11,815,N,VIIRS,n,2,298.92,2.86,D,0
29.00519,70.36205,334.83,0.41,0.37,2025-02-11,815,N,VIIRS,n,2,302.35,7.89,D,0
26.22049,68.18846,347.12,0.35,0.57,2025-02-12,756,N,VIIRS,n,2,295.76,2.58,D,0
26.26957,68.60516,341.18,0.33,0.55,2025-02-12,756,N,VIIRS,n,2,299.37,2.5,D,0
26.26993,68.8685,332.83,0.63,0.54,2025-02-12,756,N,VIIRS,n,2,302.82,4.86,D,0
26.3559,68.81153,338.05,0.32,0.54,2025-02-12,756,N,VIIRS,n,2,301.31,1.55,D,0
26.36084,68.8102,348.3,0.32,0.54,2025-02-12,756,N,VIIRS,n,2,301.9,3.04,D,0
26.38638,68.90144,330.23,0.63,0.54,2025-02-12,756,N,VIIRS,n,2,302.1,3.17,D,0
26.38725,68.83484,340.75,0.63,0.54,2025-02-12,756,N,VIIRS,n,2,300.33,5.65,D,0
26.39788,68.46221,343.22,0.33,0.56,2025-02-12,756,N,VIIRS,n,2,298.26,3.94,D,0
26.39863,68.46553,345.56,0.33,0.56,2025-02-12,756,N,VIIRS,n,2,297.7,5.35,D,0
26.40504,68.206,367.0,0.35,0.56,2025-02-12,756,N,VIIRS,h,2,299.91,6.18,D,0
26.40543,68.20609,367.0,0.35,0.56,2025-02-12,756,N,VIIRS,h,2,300.44,6.27,D,0
26.4333,68.25651,367.0,0.34,0.56,2025-02-12,756,N,VIIRS,h,2,299.92,8.64,D,0
26.62926,68.89275,351.85,0.62,0.54,2025-02-12,756,N,VIIRS,n,2,302.64,11.79,D,0
26.67423,68.93279,341.37,0.62,0.54,2025-02-12,756,N,VIIRS,n,2,303.61,10.17,D,0
26.67521,68.93082,344.07,0.62,0.54,2025-02-12,756,N,VIIRS,n,2,302.73,15.03,D,0
26.69139,68.88756,346.75,0.62,0.54,2025-02-12,756,N,VIIRS,n,2,315.48,104.57,D,0
26.69373,68.92749,341.82,0.62,0.54,2025-02-12,756,N,VIIRS,n,2,302.56,8.58,D,0
26.71648,68.15749,332.73,0.34,0.56,2025-02-12,756,N,VIIRS,n,2,295.45,1.93,D,0
26.71769,68.15598,333.42,0.34,0.56,2025-02-12,756,N,VIIRS,n,2,296.82,1.75,D,0
26.71855,67.99446,367.0,0.35,0.57,2025-02-12,756,N,VIIRS,h,2,300.62,4.7,D,0
26.87784,68.38885,356.69,0.33,0.55,2025-02-12,756,N,VIIRS,n,2,303.17,12.67,D,0
26.8805,68.38827,367.0,0.33,0.55,2025-02-12,756,N,VIIRS,h,2,303.15,12.11,D,0
26.89077,68.33999,334.24,0.33,0.55,2025-02-12,756,N,VIIRS,n,2,298.63,2.4,D,0
27.10072,68.3691,341.22,0.33,0.55,2025-02-12,756,N,VIIRS,n,2,296.66,2.58,D,0
27.1037,68.38211,334.69,0.33,0.55,2025-02-12,756,N,VIIRS,n,2,297.23,2.11,D,0
27.10602,68.38319,338.75,0.33,0.55,2025-02-12,756,N,VIIRS,n,2,298.45,2.94,D,0
27.52271,69.38371,335.67,0.56,0.51,2025-02-12,756,N,VIIRS,n,2,302.96,22.53,D,0
27.52391,69.38929,344.65,0.56,0.51,2025-02-12,756,N,VIIRS,n,2,316.7,79.52,D,0
27.66239,68.56706,333.53,0.62,0.54,2025-02-12,756,N,VIIRS,l,2,306.74,6.67,D,0
27.66726,68.5657,333.7,0.62,0.54,2025-02-12,756,N,VIIRS,l,2,306.45,6.67,D,0
27.69471,68.75942,335.69,0.6,0.53,2025-02-12,756,N,VIIRS,n,2,297.3,3.5,D,0
27.79351,68.63979,331.66,0.61,0.53,2025-02-12,756,N,VIIRS,n,2,300.32,3.29,D,0
27.87135,68.70618,334.37,0.6,0.53,2025-02-12,756,N,VIIRS,n,2,300.53,2.26,D,0
27.9094,69.05763,343.44,0.57,0.52,2025-02-12,756,N,VIIRS,n,2,300.41,5.97,D,0
27.91055,69.05981,345.46,0.57,0.52,2025-02-12,756,N,VIIRS,n,2,300.38,9.25,D,0
27.96046,67.58055,345.54,0.35,0.57,2025-02-12,756,N,VIIRS,n,2,299.62,2.67,D,0
28.04059,69.42986,341.48,0.54,0.51,2025-02-12,756,N,VIIRS,n,2,300.34,5.11,D,0
28.10066,69.29064,332.93,0.55,0.51,2025-02-12,756,N,VIIRS,n,2,299.95,3.85,D,0
28.26358,67.58684,339.35,0.34,0.56,2025-02-12,756,N,VIIRS,n,2,302.94,3.74,D,0
28.28397,69.63065,336.98,0.52,0.5,2025-02-12,756,N,VIIRS,n,2,302.14,5.03,D,0
28.31512,70.02422,341.22,0.49,0.49,2025-02-12,756,N,VIIRS,n,2,301.12,6.78,D,0
28.33128,67.94766,349.01,0.32,0.55,2025-02-12,756,N,VIIRS,n,2,297.33,2.87,D,0
28.34615,70.00748,330.09,0.49,0.49,2025-02-12,756,N,VIIRS,n,2,299.42,5.08,D,0
28.34623,69.83215,335.44,0.5,0.49,2025-02-12,756,N,VIIRS,n,2,295.69,5.3,D,0
28.35863,67.64714,330.85,0.34,0.56,2025-02-12,756,N,VIIRS,l,2,304.37,2.85,D,0
28.36039,69.87656,335.97,0.5,0.49,2025-02-12,756,N,VIIRS,n,2,301.29,4.36,D,0
28.36146,69.88161,335.43,0.5,0.49,2025-02-12,756,N,VIIRS,n,2,301.43,4.71,D,0
28.36484,69.87537,337.52,0.5,0.49,2025-02-12,756,N,VIIRS,n,2,297.73,10.32,D,0
28.36591,69.88042,341.12,0.5,0.49,2025-02-12,756,N,VIIRS,n,2,298.14,13.12,D,0
28.42251,69.97127,341.41,0.49,0.49,2025-02-12,756,N,VIIRS,n,2,299.93,9.75,D,0
28.43041,69.84415,348.93,0.5,0.49,2025-02-12,756,N,VIIRS,n,2,304.31,10.6,D,0
28.56823,67.40932,340.96,0.35,0.56,2025-02-12,756,N,VIIRS,n,2,302.17,4.59,D,0
28.6299,70.28908,367.0,0.47,0.48,2025-02-12,756,N,VIIRS,h,2,299.87,12.62,D,0
28.80201,70.32584,345.13,0.46,0.47,2025-02-12,756,N,VIIRS,n,2,303.98,9.75,D,0
28.81527,67.64237,331.24,0.33,0.55,2025-02-12,756,N,VIIRS,n,2,305.99,3.07,D,0
28.81605,67.64571,367.0,0.33,0.55,2025-02-12,756,N,VIIRS,h,2,307.13,3.07,D,0
26.30837,68.05558,332.65,0.77,0.77,2025-02-12,936,N,VIIRS,n,2,293.75,4.56,D,0
28.42637,69.70129,297.74,0.61,0.71,2025-02-12,2202,N,VIIRS,n,2,282.54,1.51,N,2
26.35316,68.72115,335.36,0.62,0.71,2025-02-13,737,N,VIIRS,n,2,296.14,6.88,D,0
26.3567,68.71744,367.0,0.62,0.71,2025-02-13,737,N,VIIRS,h,2,297.66,11.54,D,0
26.80282,68.19728,367.0,0.65,0.73,2025-02-13,737,N,VIIRS,h,2,294.65,12.73,D,0
27.47143,68.44609,338.08,0.6,0.71,2025-02-13,737,N,VIIRS,n,2,292.6,5.05,D,0
27.47164,68.44524,339.32,0.6,0.71,2025-02-13,737,N,VIIRS,n,2,292.01,4.88,D,0
27.77735,68.69347,332.13,0.57,0.69,2025-02-13,737,N,VIIRS,n,2,293.83,3.9,D,0
28.05526,69.38932,334.6,0.51,0.66,2025-02-13,737,N,VIIRS,n,2,297.87,5.6,D,0
28.05661,69.39452,337.31,0.51,0.66,2025-02-13,737,N,VIIRS,n,2,297.42,7.64,D,0
28.05684,69.39206,356.57,0.52,0.66,2025-02-13,737,N,VIIRS,n,2,299.11,8.92,D,0
28.09388,69.33751,367.0,0.52,0.67,2025-02-13,737,N,VIIRS,h,2,297.36,9.21,D,0
28.35729,69.79167,367.0,0.48,0.65,2025-02-13,737,N,VIIRS,h,2,300.3,10.0,D,0
28.35851,69.78732,367.0,0.48,0.65,2025-02-13,737,N,VIIRS,h,2,298.16,8.44,D,0
28.44769,69.8165,345.27,0.48,0.64,2025-02-13,737,N,VIIRS,n,2,299.57,7.06,D,0
28.98928,67.49982,354.68,0.63,0.72,2025-02-13,738,N,VIIRS,n,2,299.07,9.09,D,0
28.99185,67.50106,341.27,0.63,0.72,2025-02-13,738,N,VIIRS,n,2,299.23,9.67,D,0
29.00883,70.33001,348.01,0.43,0.62,2025-02-13,738,N,VIIRS,n,2,298.84,5.86,D,0
29.10766,69.35762,367.0,0.49,0.65,2025-02-13,738,N,VIIRS,h,2,297.97,15.33,D,0
29.10886,69.35584,367.0,0.49,0.65,2025-02-13,738,N,VIIRS,h,2,295.57,9.16,D,0
29.11006,69.36044,339.31,0.49,0.65,2025-02-13,738,N,VIIRS,n,2,294.93,11.25,D,0
26.41628,68.25214,344.19,0.41,0.6,2025-02-13,917,N,VIIRS,n,2,297.7,6.01,D,0
26.41661,68.25632,346.3,0.41,0.6,2025-02-13,917,N,VIIRS,n,2,296.58,8.43,D,0
26.58326,68.24715,343.48,0.41,0.6,2025-02-13,917,N,VIIRS,n,2,297.66,2.85,D,0
26.64584,68.90353,343.28,0.45,0.63,2025-02-13,917,N,VIIRS,n,2,298.85,3.82,D,0
26.71324,68.01813,334.01,0.4,0.6,2025-02-13,917,N,VIIRS,n,2,298.46,5.66,D,0
26.71849,68.01353,333.41,0.4,0.6,2025-02-13,917,N,VIIRS,n,2,298.96,3.06,D,0
26.71881,68.01761,334.01,0.4,0.6,2025-02-13,917,N,VIIRS,n,2,298.17,3.06,D,0
26.79039,68.01538,334.16,0.4,0.6,2025-02-13,918,N,VIIRS,n,2,295.3,2.46,D,0
26.80935,68.0425,355.96,0.4,0.6,2025-02-13,918,N,VIIRS,n,2,297.23,7.65,D,0
26.92693,68.13318,334.93,0.41,0.6,2025-02-13,918,N,VIIRS,n,2,295.65,2.57,D,0
26.98024,68.38129,344.69,0.42,0.61,2025-02-13,918,N,VIIRS,n,2,296.96,5.7,D,0
26.98154,68.95477,341.07,0.46,0.63,2025-02-13,918,N,VIIRS,n,2,297.34,4.03,D,0
26.98746,68.9543,349.94,0.46,0.63,2025-02-13,918,N,VIIRS,n,2,298.17,4.65,D,0
26.98779,68.95898,335.18,0.46,0.63,2025-02-13,918,N,VIIRS,n,2,296.26,4.65,D,0
27.44077,68.45272,343.26,0.43,0.62,2025-02-13,918,N,VIIRS,n,2,296.48,5.25,D,0
27.44111,68.45718,333.22,0.43,0.62,2025-02-13,918,N,VIIRS,n,2,297.1,7.23,D,0
27.44176,68.45596,353.54,0.43,0.62,2025-02-13,918,N,VIIRS,n,2,298.22,7.82,D,0
27.50918,68.50415,334.99,0.43,0.62,2025-02-13,918,N,VIIRS,n,2,296.26,2.68,D,0
27.53243,69.35301,342.9,0.49,0.65,2025-02-13,918,N,VIIRS,n,2,299.63,5.98,D,0
27.75265,69.06203,332.38,0.47,0.64,2025-02-13,918,N,VIIRS,n,2,297.1,6.37,D,0
27.75299,69.06694,353.69,0.47,0.64,2025-02-13,918,N,VIIRS,n,2,298.31,11.14,D,0
27.77873,68.69942,334.95,0.45,0.63,2025-02-13,918,N,VIIRS,n,2,297.66,5.12,D,0
27.90773,67.56411,332.89,0.38,0.59,2025-02-13,918,N,VIIRS,n,2,297.05,2.05,D,0
27.92603,67.58649,367.0,0.38,0.59,2025-02-13,918,N,VIIRS,h,2,301.53,15.34,D,0
27.95714,69.26238,333.82,0.49,0.65,2025-02-13,918,N,VIIRS,n,2,293.08,3.18,D,0
28.00985,67.5948,335.69,0.39,0.59,2025-02-13,918,N,VIIRS,n,2,297.05,4.44,D,0
28.0099,67.59489,335.68,0.39,0.59,2025-02-13,918,N,VIIRS,n,2,297.3,4.72,D,0
28.07343,69.2598,344.97,0.49,0.65,2025-02-13,918,N,VIIRS,n,2,300.39,6.84,D,0
28.08897,69.2177,330.35,0.48,0.65,2025-02-13,918,N,VIIRS,n,2,299.76,4.81,D,0
28.09978,69.57282,333.82,0.51,0.66,2025-02-13,918,N,VIIRS,n,2,295.01,2.74,D,0
28.12723,69.15376,331.69,0.48,0.65,2025-02-13,918,N,VIIRS,n,2,297.61,3.1,D,0
28.18488,69.55859,331.24,0.51,0.66,2025-02-13,918,N,VIIRS,n,2,297.98,7.54,D,0
28.27484,70.0944,331.35,0.55,0.68,2025-02-13,918,N,VIIRS,n,2,296.67,3.02,D,0
28.37902,70.06701,333.67,0.55,0.68,2025-02-13,918,N,VIIRS,n,2,296.87,3.78,D,0
28.38347,70.06607,352.61,0.55,0.68,2025-02-13,918,N,VIIRS,n,2,298.51,6.51,D,0
28.3854,70.06656,335.85,0.55,0.68,2025-02-13,918,N,VIIRS,n,2,295.62,3.78,D,0
28.39305,69.81441,331.51,0.53,0.67,2025-02-13,918,N,VIIRS,n,2,300.06,2.54,D,0
28.42604,69.88566,337.47,0.54,0.68,2025-02-13,918,N,VIIRS,n,2,298.22,7.52,D,0
28.59225,70.07266,330.64,0.55,0.68,2025-02-13,918,N,VIIRS,n,2,299.68,3.29,D,0
28.59412,70.076,334.86,0.55,0.68,2025-02-13,918,N,VIIRS,n,2,299.11,4.76,D,0
28.71925,67.59964,343.33,0.39,0.59,2025-02-13,918,N,VIIRS,n,2,302.53,2.39,D,0
28.72691,67.48934,348.64,0.39,0.59,2025-02-13,918,N,VIIRS,n,2,301.54,4.69,D,0
28.72733,67.48798,341.69,0.39,0.59,2025-02-13,918,N,VIIRS,n,2,301.44,4.96,D,0
28.73184,67.4807,347.09,0.39,0.59,2025-02-13,918,N,VIIRS,n,2,300.37,6.45,D,0
28.7322,67.47939,343.01,0.39,0.59,2025-02-13,918,N,VIIRS,n,2,299.59,4.02,D,0
28.4221,69.70187,302.16,0.32,0.55,2025-02-13,2143,N,VIIRS,n,2,284.87,0.45,N,2
28.42706,69.70333,296.02,0.32,0.55,2025-02-13,2143,N,VIIRS,n,2,285.12,0.45,N,2
28.47977,70.29506,296.46,0.35,0.57,2025-02-13,2143,N,VIIRS,n,2,280.8,0.89,N,0
28.48047,70.29436,310.44,0.35,0.57,2025-02-13,2143,N,VIIRS,n,2,281.04,0.88,N,0
28.48489,70.29663,321.91,0.35,0.57,2025-02-13,2143,N,VIIRS,n,2,281.71,0.89,N,0
28.48559,70.29592,316.74,0.35,0.57,2025-02-13,2143,N,VIIRS,n,2,281.49,0.88,N,0
26.24578,68.19019,340.8,0.41,0.45,2025-02-14,858,N,VIIRS,n,2,300.13,6.9,D,0
26.63473,68.91246,344.36,0.46,0.47,2025-02-14,858,N,VIIRS,n,2,302.35,49.02,D,0
27.32786,68.32298,338.8,0.43,0.46,2025-02-14,859,N,VIIRS,n,2,293.1,3.86,D,0
27.58318,69.37016,330.05,0.5,0.49,2025-02-14,859,N,VIIRS,l,2,301.93,2.26,D,0
27.59228,69.36906,340.85,0.5,0.49,2025-02-14,859,N,VIIRS,n,2,302.43,3.59,D,0
27.5928,69.37419,341.5,0.5,0.49,2025-02-14,859,N,VIIRS,n,2,302.92,7.7,D,0
27.60751,69.38281,334.04,0.5,0.49,2025-02-14,859,N,VIIRS,l,2,304.23,3.57,D,0
27.60994,69.36169,336.16,0.5,0.49,2025-02-14,859,N,VIIRS,n,2,303.94,6.61,D,0
27.74652,69.06306,341.79,0.48,0.48,2025-02-14,859,N,VIIRS,n,2,300.09,4.89,D,0
27.75099,69.06249,332.92,0.48,0.48,2025-02-14,859,N,VIIRS,n,2,299.81,4.51,D,0
27.81233,69.10878,342.66,0.49,0.48,2025-02-14,859,N,VIIRS,n,2,301.39,4.05,D,0
27.92963,69.27057,330.56,0.5,0.49,2025-02-14,859,N,VIIRS,n,2,302.5,3.08,D,0
27.93517,67.55815,328.23,0.4,0.44,2025-02-14,859,N,VIIRS,n,2,283.78,2.42,D,0
28.02151,69.26971,338.46,0.5,0.49,2025-02-14,859,N,VIIRS,n,2,301.45,39.34,D,0
28.02204,69.27486,349.01,0.5,0.49,2025-02-14,859,N,VIIRS,n,2,314.46,39.34,D,0
28.02251,69.27212,349.27,0.5,0.49,2025-02-14,859,N,VIIRS,n,2,313.04,79.08,D,0
28.11448,69.45679,332.98,0.51,0.5,2025-02-14,859,N,VIIRS,n,2,285.79,1.98,D,0
28.45906,70.03387,345.83,0.56,0.52,2025-02-14,859,N,VIIRS,n,2,293.02,7.07,D,0
28.91423,70.32735,331.97,0.59,0.53,2025-02-14,859,N,VIIRS,n,2,296.72,4.46,D,0
29.07549,70.33295,351.76,0.6,0.53,2025-02-14,859,N,VIIRS,n,2,300.04,76.5,D,0
28.42491,69.69888,298.88,0.53,0.42,2025-02-14,2124,N,VIIRS,n,2,284.73,0.99,N,2
26.23444,68.14769,336.89,0.39,0.36,2025-02-15,840,N,VIIRS,n,2,300.9,1.73,D,0
26.29191,67.93791,338.73,0.39,0.36,2025-02-15,840,N,VIIRS,n,2,304.66,4.39,D,0
26.32901,68.14795,339.36,0.39,0.36,2025-02-15,840,N,VIIRS,n,2,303.73,8.01,D,0
26.33624,68.12654,345.29,0.39,0.36,2025-02-15,840,N,VIIRS,n,2,307.57,12.49,D,0
26.34303,68.19789,343.39,0.39,0.36,2025-02-15,840,N,VIIRS,n,2,304.14,3.47,D,0
26.34586,68.93972,338.05,0.41,0.37,2025-02-15,840,N,VIIRS,n,2,305.89,3.16,D,0
26.39682,68.04739,347.07,0.39,0.36,2025-02-15,840,N,VIIRS,n,2,306.76,8.81,D,0
26.44661,68.26465,335.94,0.4,0.37,2025-02-15,840,N,VIIRS,n,2,304.32,1.72,D,0
26.56404,67.96954,335.74,0.39,0.36,2025-02-15,840,N,VIIRS,n,2,305.43,1.76,D,0
26.64713,68.92851,340.36,0.41,0.37,2025-02-15,840,N,VIIRS,n,2,307.29,5.84,D,0
26.79226,68.0056,337.6,0.39,0.36,2025-02-15,840,N,VIIRS,n,2,301.77,4.11,D,0
26.8056,68.24279,333.55,0.4,0.37,2025-02-15,840,N,VIIRS,n,2,304.43,1.56,D,0
26.83145,68.27908,343.79,0.4,0.37,2025-02-15,840,N,VIIRS,n,2,305.73,4.64,D,0
26.91778,68.42084,334.97,0.4,0.37,2025-02-15,840,N,VIIRS,n,2,304.78,9.32,D,0
26.97164,68.9549,334.94,0.41,0.37,2025-02-15,840,N,VIIRS,n,2,308.0,3.39,D,0
27.02932,67.80663,342.68,0.39,0.36,2025-02-15,840,N,VIIRS,n,2,303.71,16.51,D,0
27.24665,68.55579,330.7,0.4,0.37,2025-02-15,840,N,VIIRS,l,2,302.15,4.6,D,0
27.29792,69.05208,337.69,0.42,0.38,2025-02-15,840,N,VIIRS,l,2,310.84,5.0,D,0
27.31438,68.4188,336.92,0.4,0.37,2025-02-15,840,N,VIIRS,n,2,304.64,6.99,D,0
27.40127,68.71967,336.64,0.41,0.37,2025-02-15,840,N,VIIRS,n,2,302.79,2.8,D,0
27.47847,68.3707,332.48,0.4,0.37,2025-02-15,840,N,VIIRS,l,2,303.16,4.23,D,0
27.49441,68.71275,333.62,0.41,0.37,2025-02-15,840,N,VIIRS,n,2,304.58,1.54,D,0
27.568,68.76395,330.52,0.41,0.37,2025-02-15,840,N,VIIRS,l,2,302.1,1.55,D,0
27.70387,68.99545,339.14,0.42,0.38,2025-02-15,840,N,VIIRS,n,2,303.19,4.63,D,0
27.73073,68.45713,337.11,0.41,0.37,2025-02-15,840,N,VIIRS,l,2,309.94,6.02,D,0
27.93152,69.37962,331.8,0.43,0.38,2025-02-15,840,N,VIIRS,n,2,301.79,2.69,D,0
27.93905,68.2794,334.56,0.4,0.37,2025-02-15,840,N,VIIRS,n,2,300.03,2.5,D,0
27.96974,69.01479,335.43,0.42,0.38,2025-02-15,840,N,VIIRS,n,2,306.47,2.88,D,0
27.9866,69.41566,336.62,0.44,0.38,2025-02-15,840,N,VIIRS,n,2,308.48,2.67,D,0
28.11656,69.92062,333.98,0.46,0.39,2025-02-15,840,N,VIIRS,n,2,303.71,2.78,D,0
28.12384,69.83419,338.88,0.45,0.39,2025-02-15,840,N,VIIRS,n,2,306.03,6.13,D,0
28.15074,69.8157,334.39,0.45,0.39,2025-02-15,840,N,VIIRS,n,2,303.98,2.75,D,0
28.2238,69.77691,334.61,0.45,0.39,2025-02-15,840,N,VIIRS,n,2,304.58,4.31,D,0
28.26131,69.62727,342.41,0.45,0.39,2025-02-15,840,N,VIIRS,n,2,304.15,14.08,D,0
28.26147,70.10075,337.18,0.47,0.39,2025-02-15,840,N,VIIRS,n,2,310.92,8.96,D,0
28.26668,69.61243,331.12,0.45,0.39,2025-02-15,840,N,VIIRS,n,2,305.91,2.6,D,0
28.29232,67.40553,345.07,0.39,0.36,2025-02-15,840,N,VIIRS,n,2,306.06,8.1,D,0
28.29565,67.40491,351.67,0.39,0.36,2025-02-15,840,N,VIIRS,n,2,307.43,8.1,D,0
28.32777,69.57919,335.95,0.44,0.39,2025-02-15,840,N,VIIRS,n,2,299.76,2.71,D,0
28.33073,69.57407,341.83,0.44,0.39,2025-02-15,840,N,VIIRS,n,2,306.16,16.09,D,0
28.33429,69.57348,348.29,0.44,0.39,2025-02-15,840,N,VIIRS,n,2,310.5,16.09,D,0
28.33588,70.01315,332.46,0.46,0.39,2025-02-15,840,N,VIIRS,l,2,305.29,1.52,D,0
28.34189,70.03153,334.74,0.46,0.39,2025-02-15,840,N,VIIRS,n,2,303.3,2.38,D,0
28.36972,69.98843,335.48,0.46,0.39,2025-02-15,840,N,VIIRS,n,2,304.99,3.49,D,0
28.37334,69.98784,336.62,0.46,0.39,2025-02-15,840,N,VIIRS,n,2,301.81,3.49,D,0
28.47381,70.08015,343.83,0.47,0.4,2025-02-15,840,N,VIIRS,n,2,306.51,12.88,D,0
28.48703,69.83675,346.4,0.46,0.39,2025-02-15,840,N,VIIRS,n,2,310.0,9.37,D,0
28.48843,69.83903,336.91,0.46,0.39,2025-02-15,840,N,VIIRS,n,2,307.41,6.85,D,0
28.51031,69.95556,342.9,0.46,0.39,2025-02-15,840,N,VIIRS,n,2,305.59,3.04,D,0
28.51839,67.77057,339.9,0.4,0.37,2025-02-15,840,N,VIIRS,n,2,309.36,3.74,D,0
28.5195,70.23537,335.7,0.48,0.4,2025-02-15,840,N,VIIRS,n,2,304.37,2.68,D,0
28.52317,70.23479,350.86,0.48,0.4,2025-02-15,840,N,VIIRS,n,2,312.22,32.31,D,0
28.52623,70.08433,334.98,0.47,0.4,2025-02-15,840,N,VIIRS,n,2,304.52,2.01,D,0
28.61622,70.14863,333.59,0.47,0.4,2025-02-15,840,N,VIIRS,n,2,301.97,2.4,D,0
28.7166,67.49231,340.25,0.39,0.36,2025-02-15,840,N,VIIRS,l,2,311.08,3.96,D,0
28.71918,70.23344,335.23,0.48,0.4,2025-02-15,840,N,VIIRS,n,2,306.11,3.27,D,0
28.73608,67.48459,336.86,0.39,0.36,2025-02-15,840,N,VIIRS,l,2,310.12,3.44,D,0
28.73943,67.48396,338.33,0.39,0.36,2025-02-15,840,N,VIIRS,l,2,309.69,3.44,D,0
28.75683,67.65411,338.2,0.39,0.37,2025-02-15,840,N,VIIRS,n,2,311.35,1.96,D,0
28.79581,67.75907,335.49,0.4,0.37,2025-02-15,840,N,VIIRS,l,2,307.38,2.19,D,0
28.93407,70.26398,335.12,0.48,0.4,2025-02-15,840,N,VIIRS,n,2,305.26,6.8,D,0
28.93776,70.26339,333.99,0.48,0.4,2025-02-15,840,N,VIIRS,n,2,303.15,6.8,D,0
28.9507,70.39874,336.2,0.49,0.4,2025-02-15,840,N,VIIRS,n,2,304.88,4.37,D,0
28.95442,70.39816,331.0,0.49,0.4,2025-02-15,840,N,VIIRS,n,2,302.7,4.37,D,0
28.98735,70.31362,337.02,0.48,0.4,2025-02-15,840,N,VIIRS,n,2,303.78,3.37,D,0
29.02563,70.31776,334.17,0.49,0.4,2025-02-15,840,N,VIIRS,n,2,301.62,3.99,D,0
28.42459,69.69951,311.07,0.38,0.36,2025-02-15,2105,N,VIIRS,n,2,287.37,1.01,N,2
26.38943,68.0668,332.27,0.47,0.4,2025-02-16,821,N,VIIRS,n,2,299.06,4.66,D,0
26.46386,68.29453,333.59,0.46,0.39,2025-02-16,821,N,VIIRS,n,2,300.17,9.55,D,0
26.47217,68.06795,338.99,0.47,0.4,2025-02-16,821,N,VIIRS,n,2,302.41,5.35,D,0
26.58212,67.96937,342.06,0.47,0.4,2025-02-16,821,N,VIIRS,n,2,302.42,9.46,D,0
26.58227,67.96769,338.98,0.47,0.4,2025-02-16,821,N,VIIRS,n,2,301.42,5.48,D,0
26.63314,68.12718,332.25,0.46,0.39,2025-02-16,821,N,VIIRS,n,2,297.41,2.0,D,0
26.65974,68.02505,333.52,0.47,0.39,2025-02-16,821,N,VIIRS,n,2,299.23,3.93,D,0
26.66334,68.02425,335.14,0.47,0.39,2025-02-16,821,N,VIIRS,n,2,300.41,3.93,D,0
26.67771,67.83239,340.93,0.48,0.4,2025-02-16,821,N,VIIRS,n,2,301.96,18.52,D,0
26.69317,67.91732,341.2,0.47,0.4,2025-02-16,821,N,VIIRS,n,2,302.24,7.55,D,0
26.76933,68.23681,333.16,0.46,0.39,2025-02-16,821,N,VIIRS,n,2,296.03,3.18,D,0
26.8258,68.11506,345.72,0.46,0.39,2025-02-16,821,N,VIIRS,n,2,298.55,6.26,D,0
26.82677,68.117,332.09,0.46,0.39,2025-02-16,821,N,VIIRS,n,2,297.87,4.08,D,0
26.88721,68.3305,332.97,0.45,0.39,2025-02-16,821,N,VIIRS,n,2,297.05,5.1,D,0
26.9112,67.81421,331.68,0.47,0.4,2025-02-16,821,N,VIIRS,n,2,297.74,3.32,D,0
26.9371,68.55088,341.72,0.44,0.38,2025-02-16,821,N,VIIRS,n,2,301.71,3.59,D,0
26.94468,67.81164,331.56,0.47,0.4,2025-02-16,821,N,VIIRS,n,2,298.8,3.32,D,0
26.95129,68.18152,339.49,0.46,0.39,2025-02-16,821,N,VIIRS,n,2,298.01,5.12,D,0
27.23762,68.31821,332.86,0.45,0.39,2025-02-16,821,N,VIIRS,n,2,296.66,5.77,D,0
27.28236,68.32231,331.97,0.45,0.39,2025-02-16,821,N,VIIRS,n,2,297.03,3.68,D,0
27.65591,68.44841,335.99,0.44,0.38,2025-02-16,821,N,VIIRS,n,2,299.79,8.63,D,0
27.71497,68.55821,331.45,0.43,0.38,2025-02-16,821,N,VIIRS,n,2,304.05,2.57,D,0
27.76601,69.00022,340.87,0.42,0.38,2025-02-16,821,N,VIIRS,n,2,302.4,8.26,D,0
27.83282,69.1854,337.17,0.41,0.37,2025-02-16,821,N,VIIRS,n,2,298.11,3.17,D,0
27.84452,69.21307,334.39,0.41,0.37,2025-02-16,821,N,VIIRS,n,2,300.43,5.22,D,0
27.86448,69.04507,332.54,0.42,0.37,2025-02-16,821,N,VIIRS,l,2,303.76,2.73,D,0
27.8679,69.04434,330.02,0.42,0.37,2025-02-16,821,N,VIIRS,n,2,296.18,1.68,D,0
27.89741,69.05106,333.73,0.42,0.37,2025-02-16,821,N,VIIRS,n,2,298.17,3.13,D,0
27.93295,68.92549,330.31,0.42,0.38,2025-02-16,821,N,VIIRS,n,2,297.92,2.48,D,0
28.02409,67.63113,339.53,0.47,0.39,2025-02-16,821,N,VIIRS,n,2,299.59,3.76,D,0
28.02956,69.35534,337.15,0.41,0.37,2025-02-16,821,N,VIIRS,n,2,301.84,20.33,D,0
28.09585,69.29011,334.63,0.41,0.37,2025-02-16,821,N,VIIRS,n,2,294.95,3.65,D,0
28.0992,69.26801,330.86,0.41,0.37,2025-02-16,821,N,VIIRS,l,2,301.25,1.96,D,0
28.10278,69.43749,335.51,0.4,0.37,2025-02-16,821,N,VIIRS,n,2,296.06,3.53,D,0
28.11288,69.37171,338.01,0.41,0.37,2025-02-16,821,N,VIIRS,n,2,297.39,5.99,D,0
28.13069,69.75492,333.54,0.4,0.37,2025-02-16,821,N,VIIRS,n,2,295.95,2.96,D,0
28.1686,69.5591,335.0,0.4,0.37,2025-02-16,821,N,VIIRS,n,2,295.6,3.08,D,0
28.176,69.62469,331.33,0.4,0.37,2025-02-16,821,N,VIIRS,n,2,299.94,3.12,D,0
28.18604,69.43308,335.46,0.4,0.37,2025-02-16,821,N,VIIRS,n,2,301.85,3.06,D,0
28.22069,69.79061,347.28,0.4,0.37,2025-02-16,821,N,VIIRS,n,2,294.83,7.18,D,0
28.30947,69.68938,340.17,0.4,0.37,2025-02-16,821,N,VIIRS,n,2,300.29,10.38,D,0
28.31083,69.67657,350.97,0.4,0.37,2025-02-16,821,N,VIIRS,n,2,303.57,12.27,D,0
28.3772,70.1054,331.93,0.39,0.36,2025-02-16,821,N,VIIRS,n,2,294.99,3.1,D,0
28.46845,69.89323,342.62,0.39,0.36,2025-02-16,821,N,VIIRS,n,2,295.6,6.46,D,0
28.55624,70.11796,336.22,0.39,0.36,2025-02-16,821,N,VIIRS,n,2,297.52,2.5,D,0
28.72534,67.49844,335.64,0.46,0.39,2025-02-16,821,N,VIIRS,n,2,304.17,2.55,D,0
28.35117,70.19777,298.4,0.49,0.41,2025-02-16,2046,N,VIIRS,n,2,284.08,0.69,N,0
28.42399,69.70013,302.35,0.52,0.42,2025-02-16,2046,N,VIIRS,n,2,286.1,0.84,N,2
28.61089,68.62833,299.93,0.4,0.44,2025-02-16,2046,N,VIIRS,n,2,288.11,0.75,N,0
28.61219,68.62592,309.35,0.4,0.44,2025-02-16,2046,N,VIIRS,n,2,287.63,0.96,N,2
26.28737,68.95834,342.72,0.5,0.49,2025-02-17,802,N,VIIRS,n,2,301.15,17.51,D,0
26.37516,68.36532,340.72,0.54,0.51,2025-02-17,802,N,VIIRS,n,2,295.16,5.83,D,0
26.53894,70.32131,341.07,0.42,0.45,2025-02-17,802,N,VIIRS,n,2,308.6,2.44,D,0
26.54015,70.31839,338.83,0.42,0.45,2025-02-17,802,N,VIIRS,n,2,307.11,1.79,D,0
26.54509,70.32155,337.9,0.42,0.45,2025-02-17,802,N,VIIRS,l,2,310.99,5.46,D,0
26.55003,70.3247,337.45,0.42,0.45,2025-02-17,802,N,VIIRS,l,2,308.24,4.06,D,0
26.55448,68.02182,331.68,0.57,0.52,2025-02-17,802,N,VIIRS,n,2,289.35,5.45,D,0
26.6841,67.93253,331.04,0.57,0.52,2025-02-17,802,N,VIIRS,n,2,291.77,7.19,D,0
26.68493,67.93587,339.42,0.57,0.52,2025-02-17,802,N,VIIRS,n,2,291.62,4.18,D,0
26.72403,70.10318,344.89,0.42,0.46,2025-02-17,802,N,VIIRS,n,2,308.09,4.33,D,0
26.72817,70.10215,336.81,0.42,0.46,2025-02-17,802,N,VIIRS,n,2,306.41,4.33,D,0
26.72988,70.11063,331.6,0.42,0.46,2025-02-17,802,N,VIIRS,l,2,305.65,1.02,D,0
26.73317,70.10538,344.59,0.42,0.46,2025-02-17,802,N,VIIRS,n,2,306.08,3.71,D,0
26.91812,68.39185,332.24,0.53,0.5,2025-02-17,802,N,VIIRS,n,2,296.48,2.63,D,0
26.92272,68.25558,338.03,0.54,0.51,2025-02-17,802,N,VIIRS,n,2,295.79,3.46,D,0
27.4899,68.7116,335.59,0.49,0.49,2025-02-17,802,N,VIIRS,n,2,297.31,3.81,D,0
27.53115,69.37741,343.01,0.45,0.47,2025-02-17,802,N,VIIRS,n,2,304.96,6.47,D,0
27.60796,69.37319,332.5,0.45,0.47,2025-02-17,802,N,VIIRS,n,2,301.81,2.6,D,0
27.65175,69.5451,344.58,0.44,0.46,2025-02-17,802,N,VIIRS,n,2,303.57,4.62,D,0
27.65595,69.54402,337.33,0.44,0.46,2025-02-17,802,N,VIIRS,n,2,303.43,3.31,D,0
27.72908,68.78756,343.44,0.48,0.48,2025-02-17,802,N,VIIRS,n,2,303.08,10.24,D,0
27.73347,68.78641,340.43,0.48,0.48,2025-02-17,802,N,VIIRS,n,2,298.65,10.24,D,0
27.74147,69.55574,342.37,0.44,0.46,2025-02-17,802,N,VIIRS,n,2,297.16,3.75,D,0
27.92755,67.56467,336.12,0.57,0.52,2025-02-17,802,N,VIIRS,n,2,279.42,6.21,D,0
27.93283,68.9362,339.94,0.47,0.48,2025-02-17,802,N,VIIRS,n,2,299.86,4.84,D,0
27.95906,69.01858,338.88,0.46,0.47,2025-02-17,802,N,VIIRS,n,2,298.17,5.11,D,0
27.96003,69.02323,340.74,0.46,0.47,2025-02-17,802,N,VIIRS,n,2,300.08,10.03,D,0
27.96574,69.00696,340.36,0.46,0.47,2025-02-17,802,N,VIIRS,n,2,299.54,5.91,D,0
27.97136,69.96375,332.13,0.41,0.45,2025-02-17,802,N,VIIRS,l,2,305.24,1.37,D,0
27.98064,69.1881,333.48,0.45,0.47,2025-02-17,802,N,VIIRS,n,2,296.88,4.03,D,0
28.06065,68.34765,332.88,0.51,0.49,2025-02-17,802,N,VIIRS,n,2,296.68,6.4,D,0
28.28011,69.70892,352.16,0.42,0.45,2025-02-17,802,N,VIIRS,n,2,301.68,10.55,D,0
28.28422,69.70788,345.7,0.42,0.45,2025-02-17,802,N,VIIRS,n,2,299.02,6.54,D,0
28.33756,69.84386,346.45,0.41,0.45,2025-02-17,802,N,VIIRS,n,2,305.89,19.77,D,0
28.46924,69.15354,330.33,0.45,0.47,2025-02-17,802,N,VIIRS,n,2,297.97,3.92,D,0
28.47067,69.31315,339.71,0.44,0.46,2025-02-17,802,N,VIIRS,n,2,303.48,3.11,D,0
28.47814,69.87054,333.1,0.41,0.45,2025-02-17,802,N,VIIRS,n,2,298.67,2.64,D,0
28.68492,70.12812,349.25,0.39,0.44,2025-02-17,802,N,VIIRS,n,2,291.01,6.81,D,0
28.73998,70.36282,344.49,0.57,0.43,2025-02-17,802,N,VIIRS,n,2,294.6,13.91,D,0
28.742,70.1841,340.61,0.39,0.44,2025-02-17,802,N,VIIRS,n,2,285.08,3.88,D,0
28.75744,70.38861,334.92,0.57,0.43,2025-02-17,802,N,VIIRS,n,2,298.89,6.57,D,0
28.8462,70.24381,341.63,0.38,0.43,2025-02-17,803,N,VIIRS,n,2,299.94,5.51,D,0
28.9394,70.36877,333.08,0.56,0.43,2025-02-17,803,N,VIIRS,n,2,299.03,5.36,D,0
28.94103,70.37045,332.05,0.56,0.43,2025-02-17,803,N,VIIRS,n,2,296.95,4.0,D,0
29.00544,70.32817,332.88,0.56,0.43,2025-02-17,803,N,VIIRS,n,2,299.22,4.08,D,0
26.47331,67.92065,301.75,0.4,0.6,2025-02-17,2028,N,VIIRS,n,2,275.2,0.72,N,0
28.71404,70.33124,299.67,0.8,0.78,2025-02-17,2208,N,VIIRS,n,2,281.95,2.44,N,0
26.96972,68.43414,342.16,0.5,0.66,2025-02-18,743,N,VIIRS,n,2,294.73,6.03,D,0
27.31675,68.37477,332.83,0.5,0.66,2025-02-18,743,N,VIIRS,n,2,294.95,2.77,D,0
27.35707,68.45841,336.16,0.49,0.65,2025-02-18,743,N,VIIRS,n,2,295.69,3.49,D,0
27.53766,69.36162,338.23,0.43,0.62,2025-02-18,743,N,VIIRS,n,2,299.99,2.82,D,0
27.75698,68.71555,350.17,0.46,0.64,2025-02-18,744,N,VIIRS,n,2,296.36,8.76,D,0
27.95134,69.22433,338.75,0.43,0.62,2025-02-18,744,N,VIIRS,n,2,295.76,2.23,D,0
27.95532,69.22501,342.74,0.43,0.62,2025-02-18,744,N,VIIRS,n,2,295.23,3.84,D,0
28.19258,69.49551,349.85,0.41,0.61,2025-02-18,744,N,VIIRS,n,2,294.51,5.99,D,0
28.32347,70.0178,367.0,0.38,0.59,2025-02-18,744,N,VIIRS,h,2,301.16,9.64,D,0
28.32877,70.01621,367.0,0.38,0.59,2025-02-18,744,N,VIIRS,h,2,298.73,17.25,D,0
28.52551,70.13376,331.27,0.37,0.58,2025-02-18,744,N,VIIRS,n,2,293.53,1.64,D,0
28.58926,70.2374,333.41,0.36,0.58,2025-02-18,744,N,VIIRS,n,2,296.93,2.88,D,0
28.94675,70.30823,333.27,0.35,0.57,2025-02-18,744,N,VIIRS,n,2,294.5,3.07,D,0
28.97595,70.29449,351.06,0.35,0.57,2025-02-18,744,N,VIIRS,n,2,295.2,3.53,D,0
28.97677,70.29533,349.69,0.35,0.57,2025-02-18,744,N,VIIRS,n,2,294.56,3.89,D,0
26.28398,68.41501,339.98,0.52,0.67,2025-02-18,924,N,VIIRS,n,2,301.19,3.26,D,0
26.40084,68.8882,339.33,0.56,0.68,2025-02-18,924,N,VIIRS,n,2,300.47,7.29,D,0
26.40122,68.89396,343.77,0.56,0.69,2025-02-18,924,N,VIIRS,n,2,298.96,9.17,D,0
26.43336,68.43237,332.99,0.52,0.67,2025-02-18,924,N,VIIRS,n,2,298.92,3.41,D,0
26.45085,68.25658,336.36,0.51,0.66,2025-02-18,924,N,VIIRS,n,2,298.37,2.96,D,0
26.45938,68.89565,335.61,0.56,0.69,2025-02-18,924,N,VIIRS,n,2,302.52,4.64,D,0
26.50384,68.04781,340.31,0.49,0.65,2025-02-18,924,N,VIIRS,n,2,299.13,4.59,D,0
26.5962,67.96378,331.66,0.49,0.65,2025-02-18,924,N,VIIRS,n,2,300.82,3.3,D,0
26.59674,67.9607,338.02,0.49,0.65,2025-02-18,924,N,VIIRS,n,2,301.07,5.75,D,0
26.60229,67.96331,367.0,0.49,0.65,2025-02-18,924,N,VIIRS,h,2,301.45,12.62,D,0
26.60283,67.96021,351.94,0.49,0.65,2025-02-18,924,N,VIIRS,n,2,299.53,5.75,D,0
26.60318,67.96528,334.7,0.49,0.65,2025-02-18,924,N,VIIRS,n,2,297.56,12.62,D,0
26.63506,67.98313,340.31,0.49,0.65,2025-02-18,924,N,VIIRS,n,2,299.44,5.35,D,0
26.73203,68.14764,333.89,0.5,0.66,2025-02-18,924,N,VIIRS,n,2,297.84,4.15,D,0
26.8121,68.14904,350.89,0.51,0.66,2025-02-18,924,N,VIIRS,n,2,301.38,6.04,D,0
26.8126,68.14671,333.85,0.5,0.66,2025-02-18,924,N,VIIRS,n,2,300.18,6.33,D,0
26.81487,68.00594,367.0,0.49,0.65,2025-02-18,924,N,VIIRS,h,2,299.39,7.32,D,0
26.81525,68.00794,347.07,0.5,0.65,2025-02-18,924,N,VIIRS,n,2,298.28,10.71,D,0
26.83467,68.94765,332.74,0.57,0.69,2025-02-18,924,N,VIIRS,n,2,299.42,3.5,D,0
26.93212,68.2021,341.4,0.51,0.66,2025-02-18,924,N,VIIRS,n,2,298.08,4.03,D,0
26.93391,68.20325,333.98,0.51,0.66,2025-02-18,924,N,VIIRS,n,2,298.76,4.19,D,0
27.27321,68.43994,335.74,0.53,0.67,2025-02-18,924,N,VIIRS,n,2,296.16,3.95,D,0
27.53764,68.32319,334.46,0.53,0.67,2025-02-18,924,N,VIIRS,n,2,296.65,3.68,D,0
27.75801,68.71169,330.72,0.56,0.69,2025-02-18,924,N,VIIRS,n,2,294.51,2.89,D,0
27.95072,68.45898,367.0,0.54,0.68,2025-02-18,924,N,VIIRS,h,2,296.17,11.99,D,0
28.14269,69.45994,367.0,0.62,0.72,2025-02-18,924,N,VIIRS,h,2,296.99,14.04,D,0
28.14655,69.46117,355.66,0.62,0.72,2025-02-18,924,N,VIIRS,n,2,296.53,11.61,D,0
28.3071,70.01364,330.2,0.67,0.74,2025-02-18,924,N,VIIRS,n,2,293.03,3.5,D,0
28.52757,69.85943,330.8,0.66,0.73,2025-02-18,924,N,VIIRS,n,2,292.18,3.01,D,0
26.21589,68.42223,333.0,0.53,0.5,2025-02-19,905,N,VIIRS,n,2,292.23,3.31,D,0
26.47052,68.3714,341.6,0.53,0.5,2025-02-19,905,N,VIIRS,n,2,300.42,5.81,D,0
26.57632,68.13221,334.21,0.51,0.49,2025-02-19,905,N,VIIRS,n,2,298.23,3.81,D,0
26.57685,68.1374,332.76,0.51,0.49,2025-02-19,905,N,VIIRS,n,2,300.12,5.65,D,0
26.59451,68.90072,341.43,0.57,0.52,2025-02-19,905,N,VIIRS,n,2,302.46,12.61,D,0
26.69308,68.01047,334.05,0.5,0.49,2025-02-19,905,N,VIIRS,n,2,298.13,3.45,D,0
26.69381,68.01283,332.47,0.5,0.49,2025-02-19,905,N,VIIRS,n,2,297.49,2.05,D,0
26.74399,68.89837,351.68,0.57,0.52,2025-02-19,905,N,VIIRS,n,2,303.17,8.07,D,0
26.74772,68.1372,340.36,0.51,0.5,2025-02-19,905,N,VIIRS,n,2,298.0,7.51,D,0
26.74882,68.89784,351.4,0.57,0.52,2025-02-19,905,N,VIIRS,n,2,303.6,8.07,D,0
27.17436,68.34681,335.66,0.53,0.5,2025-02-19,905,N,VIIRS,n,2,295.87,4.49,D,0
27.25925,68.24877,339.29,0.53,0.5,2025-02-19,905,N,VIIRS,n,2,300.89,8.64,D,0
27.26136,68.24699,332.47,0.53,0.5,2025-02-19,905,N,VIIRS,n,2,301.96,3.08,D,0
27.28548,68.66133,340.02,0.56,0.52,2025-02-19,905,N,VIIRS,n,2,298.43,3.83,D,0
27.28617,68.6624,339.36,0.56,0.51,2025-02-19,905,N,VIIRS,n,2,298.53,4.83,D,0
27.63681,68.39598,338.52,0.54,0.51,2025-02-19,905,N,VIIRS,n,2,297.6,7.2,D,0
27.63734,68.40159,345.69,0.55,0.51,2025-02-19,905,N,VIIRS,n,2,300.45,12.91,D,0
27.63788,68.4072,351.74,0.55,0.51,2025-02-19,905,N,VIIRS,n,2,301.57,12.91,D,0
27.6426,68.40665,334.83,0.55,0.51,2025-02-19,905,N,VIIRS,n,2,299.3,8.24,D,0
27.71503,68.55899,342.04,0.56,0.51,2025-02-19,905,N,VIIRS,n,2,299.81,7.78,D,0
27.75777,69.49628,356.3,0.32,0.54,2025-02-19,905,N,VIIRS,n,2,297.18,8.32,D,0
27.75807,69.4996,367.0,0.32,0.54,2025-02-19,905,N,VIIRS,h,2,296.34,8.32,D,0
27.76285,69.49576,338.18,0.32,0.54,2025-02-19,905,N,VIIRS,n,2,296.0,3.66,D,0
27.76314,69.49905,332.86,0.32,0.54,2025-02-19,905,N,VIIRS,n,2,293.7,3.66,D,0
27.80761,68.15984,343.56,0.53,0.5,2025-02-19,905,N,VIIRS,n,2,300.51,4.0,D,0
27.92869,68.98861,335.04,0.6,0.53,2025-02-19,905,N,VIIRS,n,2,293.82,5.53,D,0
28.05876,69.6717,344.17,0.33,0.55,2025-02-19,905,N,VIIRS,n,2,293.4,4.81,D,0
28.11881,69.43359,348.99,0.32,0.55,2025-02-19,905,N,VIIRS,n,2,292.93,3.32,D,0
28.12389,69.43304,333.74,0.32,0.55,2025-02-19,905,N,VIIRS,n,2,291.26,3.32,D,0
28.28863,69.70773,344.89,0.33,0.56,2025-02-19,905,N,VIIRS,n,2,294.87,3.8,D,0
28.44919,70.04762,330.71,0.35,0.57,2025-02-19,905,N,VIIRS,n,2,292.79,1.67,D,0
28.42493,69.70381,297.36,0.42,0.45,2025-02-19,2130,N,VIIRS,n,2,285.0,0.74,N,2
26.21785,68.1353,338.39,0.43,0.38,2025-02-20,846,N,VIIRS,n,2,304.73,2.92,D,0
26.26156,69.03159,331.07,0.47,0.4,2025-02-20,846,N,VIIRS,n,2,303.92,2.47,D,0
26.2678,68.23891,332.63,0.43,0.38,2025-02-20,846,N,VIIRS,n,2,303.01,2.85,D,0
26.27132,68.23833,343.98,0.43,0.38,2025-02-20,846,N,VIIRS,n,2,304.26,4.83,D,0
26.28847,68.95105,330.27,0.46,0.39,2025-02-20,846,N,VIIRS,n,2,302.71,2.1,D,0
26.29667,68.56265,346.66,0.45,0.39,2025-02-20,846,N,VIIRS,n,2,302.15,6.33,D,0
26.29721,68.40907,334.52,0.44,0.38,2025-02-20,846,N,VIIRS,n,2,303.73,3.0,D,0
26.299,68.56364,336.9,0.45,0.39,2025-02-20,846,N,VIIRS,n,2,306.89,28.7,D,0
26.30023,68.56209,342.53,0.45,0.39,2025-02-20,846,N,VIIRS,n,2,304.81,18.93,D,0
26.33529,68.12593,339.5,0.43,0.38,2025-02-20,846,N,VIIRS,n,2,306.44,5.51,D,0
26.33879,68.12536,343.18,0.43,0.38,2025-02-20,846,N,VIIRS,n,2,306.8,5.51,D,0
26.35797,68.94191,337.06,0.46,0.39,2025-02-20,846,N,VIIRS,n,2,304.51,9.57,D,0
26.37259,68.65319,343.31,0.45,0.39,2025-02-20,846,N,VIIRS,n,2,311.09,8.24,D,0
26.4234,68.87466,340.68,0.46,0.39,2025-02-20,846,N,VIIRS,n,2,302.74,2.88,D,0
26.43991,67.99162,332.95,0.43,0.38,2025-02-20,846,N,VIIRS,n,2,302.15,2.0,D,0
26.44821,68.11264,341.92,0.43,0.38,2025-02-20,846,N,VIIRS,n,2,306.96,4.58,D,0
26.4781,68.25584,330.43,0.44,0.38,2025-02-20,846,N,VIIRS,n,2,301.59,2.24,D,0
26.48442,68.11215,339.52,0.43,0.38,2025-02-20,846,N,VIIRS,l,2,310.95,12.43,D,0
26.54329,68.8857,333.17,0.46,0.39,2025-02-20,846,N,VIIRS,l,2,305.54,8.22,D,0
26.58364,67.9958,338.14,0.43,0.38,2025-02-20,846,N,VIIRS,n,2,302.56,3.32,D,0
26.61825,68.88991,344.07,0.46,0.39,2025-02-20,846,N,VIIRS,n,2,304.44,4.84,D,0
26.63428,68.08031,337.06,0.43,0.38,2025-02-20,846,N,VIIRS,n,2,306.01,2.82,D,0
26.71204,68.01537,333.82,0.43,0.38,2025-02-20,846,N,VIIRS,l,2,305.25,3.77,D,0
26.80677,68.02721,338.73,0.43,0.38,2025-02-20,846,N,VIIRS,n,2,305.79,3.66,D,0
26.92162,68.13467,332.2,0.44,0.38,2025-02-20,846,N,VIIRS,n,2,300.95,3.24,D,0
26.92514,68.13409,330.72,0.44,0.38,2025-02-20,846,N,VIIRS,l,2,303.89,3.1,D,0
26.9476,68.36211,343.01,0.45,0.39,2025-02-20,846,N,VIIRS,n,2,303.18,3.75,D,0
26.94813,68.06306,330.62,0.43,0.38,2025-02-20,846,N,VIIRS,n,2,298.75,1.35,D,0
26.97476,68.4314,351.62,0.45,0.39,2025-02-20,846,N,VIIRS,n,2,306.61,14.38,D,0
27.39378,68.48705,335.94,0.45,0.39,2025-02-20,846,N,VIIRS,n,2,298.31,2.99,D,0
27.50449,68.51393,333.55,0.46,0.39,2025-02-20,846,N,VIIRS,n,2,301.19,3.25,D,0
27.51285,68.72786,334.05,0.47,0.39,2025-02-20,846,N,VIIRS,n,2,303.34,2.83,D,0
27.76078,68.99783,346.47,0.48,0.4,2025-02-20,846,N,VIIRS,n,2,308.49,12.73,D,0
27.76163,69.16768,336.1,0.49,0.4,2025-02-20,846,N,VIIRS,n,2,304.3,2.72,D,0
27.9248,69.91856,348.07,0.54,0.42,2025-02-20,846,N,VIIRS,n,2,306.37,11.51,D,0
27.98267,68.45782,333.21,0.46,0.39,2025-02-20,846,N,VIIRS,n,2,301.58,2.81,D,0
28.09395,69.15903,334.33,0.49,0.41,2025-02-20,846,N,VIIRS,n,2,301.15,11.03,D,0
28.09446,69.15714,340.22,0.5,0.41,2025-02-20,846,N,VIIRS,n,2,300.69,9.58,D,0
28.12892,69.4827,337.2,0.51,0.41,2025-02-20,846,N,VIIRS,n,2,301.34,5.83,D,0
28.13025,69.4841,334.3,0.51,0.41,2025-02-20,846,N,VIIRS,n,2,300.74,3.32,D,0
28.14663,69.50145,339.06,0.52,0.41,2025-02-20,846,N,VIIRS,n,2,304.17,27.18,D,0
28.14915,69.83611,333.2,0.54,0.42,2025-02-20,846,N,VIIRS,n,2,299.9,2.68,D,0
28.16428,69.55261,339.14,0.52,0.41,2025-02-20,846,N,VIIRS,n,2,300.81,8.75,D,0
28.17583,69.51853,333.58,0.52,0.41,2025-02-20,846,N,VIIRS,n,2,300.71,5.43,D,0
28.1917,69.5539,333.81,0.52,0.41,2025-02-20,846,N,VIIRS,n,2,298.69,3.77,D,0
28.26433,70.00419,334.49,0.55,0.43,2025-02-20,846,N,VIIRS,n,2,301.81,2.84,D,0
28.32345,69.93613,335.42,0.54,0.42,2025-02-20,846,N,VIIRS,n,2,303.73,5.49,D,0
28.325,69.81186,330.81,0.54,0.42,2025-02-20,846,N,VIIRS,n,2,299.88,1.42,D,0
28.32889,69.81129,338.81,0.54,0.42,2025-02-20,846,N,VIIRS,n,2,303.32,10.48,D,0
28.33981,69.90537,334.97,0.54,0.42,2025-02-20,846,N,VIIRS,n,2,306.18,5.28,D,0
28.35546,69.76829,335.07,0.53,0.42,2025-02-20,846,N,VIIRS,n,2,301.48,5.31,D,0
28.45546,69.94324,336.09,0.55,0.42,2025-02-20,846,N,VIIRS,l,2,307.95,3.54,D,0
28.50685,69.87629,337.93,0.54,0.42,2025-02-20,846,N,VIIRS,n,2,307.7,4.92,D,0
28.50767,69.8787,342.84,0.54,0.42,2025-02-20,846,N,VIIRS,n,2,308.28,9.39,D,0
28.52165,69.93681,345.43,0.55,0.42,2025-02-20,846,N,VIIRS,n,2,308.33,14.64,D,0
28.55215,70.06508,335.25,0.56,0.43,2025-02-20,846,N,VIIRS,n,2,301.61,6.89,D,0
28.64566,67.73462,339.19,0.44,0.38,2025-02-20,846,N,VIIRS,n,2,306.33,4.14,D,0
28.64919,67.73402,347.17,0.44,0.38,2025-02-20,846,N,VIIRS,n,2,303.99,4.14,D,0
28.64978,67.73849,344.6,0.44,0.38,2025-02-20,846,N,VIIRS,n,2,304.48,4.14,D,0
28.78784,70.1868,340.01,0.57,0.43,2025-02-20,846,N,VIIRS,n,2,296.82,8.69,D,0
28.80931,70.34313,343.19,0.39,0.44,2025-02-20,846,N,VIIRS,n,2,304.95,4.15,D,0
28.81334,70.34257,337.03,0.39,0.44,2025-02-20,846,N,VIIRS,n,2,297.75,4.15,D,0
28.88973,70.32382,332.16,0.39,0.44,2025-02-20,846,N,VIIRS,n,2,302.07,2.96,D,0
28.42395,69.70108,321.1,0.4,0.37,2025-02-20,2111,N,VIIRS,n,2,286.3,1.7,N,2
26.30754,68.16705,302.8,0.39,0.36,2025-02-20,2112,N,VIIRS,n,2,286.72,0.7,N,0
27.47408,68.33636,295.95,0.39,0.36,2025-02-20,2112,N,VIIRS,n,2,284.02,0.69,N,0
26.45716,67.94019,331.04,0.41,0.37,2025-02-21,827,N,VIIRS,n,2,300.21,2.98,D,0
26.45776,67.93941,331.47,0.41,0.37,2025-02-21,827,N,VIIRS,n,2,299.33,3.11,D,0
26.49174,68.08193,337.5,0.41,0.37,2025-02-21,827,N,VIIRS,n,2,299.33,9.59,D,0
26.67836,68.10796,336.37,0.41,0.37,2025-02-21,827,N,VIIRS,n,2,300.97,34.08,D,0
27.59847,69.36013,332.03,0.39,0.36,2025-02-21,827,N,VIIRS,n,2,297.6,2.24,D,0
27.79394,67.58691,342.18,0.41,0.37,2025-02-21,827,N,VIIRS,n,2,294.47,5.98,D,0
28.16549,69.32581,344.44,0.38,0.36,2025-02-21,827,N,VIIRS,n,2,292.77,3.78,D,0
28.69522,70.32935,334.48,0.39,0.36,2025-02-21,828,N,VIIRS,n,2,296.16,7.24,D,0
27.83216,68.63438,302.59,0.49,0.4,2025-02-21,2053,N,VIIRS,n,2,284.94,0.75,N,0
27.83401,68.63238,298.25,0.49,0.4,2025-02-21,2053,N,VIIRS,n,2,284.89,1.02,N,0
28.6127,68.62714,297.44,0.5,0.41,2025-02-21,2053,N,VIIRS,n,2,284.63,0.34,N,2
26.22247,68.27823,343.03,0.45,0.47,2025-02-22,808,N,VIIRS,n,2,300.5,5.43,D,0
26.23874,68.04597,342.12,0.46,0.47,2025-02-22,808,N,VIIRS,n,2,299.83,5.35,D,0
26.23934,68.04723,330.24,0.46,0.47,2025-02-22,808,N,VIIRS,n,2,299.13,3.81,D,0
26.24004,68.4313,333.6,0.44,0.46,2025-02-22,808,N,VIIRS,n,2,299.49,3.06,D,0
26.30374,68.14143,333.03,0.46,0.47,2025-02-22,808,N,VIIRS,n,2,297.3,2.54,D,0
26.30818,68.39622,341.21,0.44,0.46,2025-02-22,808,N,VIIRS,n,2,301.42,3.71,D,0
26.31104,68.39647,338.45,0.44,0.46,2025-02-22,808,N,VIIRS,n,2,300.16,3.39,D,0
26.33833,68.08993,341.64,0.46,0.47,2025-02-22,808,N,VIIRS,n,2,298.12,4.76,D,0
26.37249,68.50429,339.42,0.43,0.46,2025-02-22,808,N,VIIRS,n,2,298.32,3.47,D,0
26.57068,68.18263,331.07,0.45,0.47,2025-02-22,808,N,VIIRS,n,2,297.49,2.71,D,0
26.57165,68.02273,340.95,0.46,0.47,2025-02-22,808,N,VIIRS,n,2,299.09,7.71,D,0
26.59251,68.03665,333.29,0.46,0.47,2025-02-22,808,N,VIIRS,n,2,299.48,3.35,D,0
26.64552,68.92933,337.07,0.41,0.45,2025-02-22,808,N,VIIRS,n,2,303.57,2.67,D,0
26.72362,67.99075,343.97,0.46,0.47,2025-02-22,808,N,VIIRS,n,2,298.76,9.42,D,0
26.8078,68.04232,339.03,0.45,0.47,2025-02-22,808,N,VIIRS,n,2,297.35,3.89,D,0
26.82064,68.23528,344.58,0.44,0.46,2025-02-22,808,N,VIIRS,n,2,298.71,4.3,D,0
26.82142,68.23402,339.75,0.44,0.46,2025-02-22,808,N,VIIRS,n,2,298.61,3.2,D,0
26.85473,68.18523,339.27,0.44,0.46,2025-02-22,808,N,VIIRS,n,2,296.52,3.86,D,0
26.87911,68.26215,334.95,0.44,0.46,2025-02-22,808,N,VIIRS,n,2,298.6,3.1,D,0
26.88592,68.38326,339.18,0.43,0.46,2025-02-22,808,N,VIIRS,n,2,298.47,4.35,D,0
26.88679,68.38755,339.43,0.43,0.46,2025-02-22,808,N,VIIRS,n,2,298.17,6.09,D,0
27.23224,68.60541,339.95,0.41,0.45,2025-02-22,808,N,VIIRS,n,2,296.77,7.8,D,0
27.23307,68.60953,346.14,0.41,0.45,2025-02-22,808,N,VIIRS,n,2,297.39,7.8,D,0
27.34065,68.49208,330.34,0.42,0.45,2025-02-22,808,N,VIIRS,n,2,299.55,4.16,D,0
27.41372,68.51327,340.73,0.41,0.45,2025-02-22,808,N,VIIRS,n,2,298.38,5.61,D,0
27.9505,69.41302,332.07,0.54,0.42,2025-02-22,809,N,VIIRS,n,2,297.91,3.32,D,0
28.05552,69.18174,334.63,0.56,0.43,2025-02-22,809,N,VIIRS,n,2,302.61,5.09,D,0
28.05934,69.59949,331.65,0.53,0.42,2025-02-22,809,N,VIIRS,n,2,297.6,6.52,D,0
28.06153,69.59599,337.69,0.53,0.42,2025-02-22,809,N,VIIRS,n,2,298.6,8.69,D,0
28.06816,69.47909,333.94,0.54,0.42,2025-02-22,809,N,VIIRS,n,2,301.89,14.42,D,0
28.11306,69.7966,339.05,0.52,0.41,2025-02-22,809,N,VIIRS,n,2,298.28,10.21,D,0
28.15814,69.53085,334.55,0.53,0.42,2025-02-22,809,N,VIIRS,n,2,300.06,3.59,D,0
28.20751,69.55127,335.51,0.53,0.42,2025-02-22,809,N,VIIRS,n,2,299.94,5.31,D,0
28.21133,69.55035,339.01,0.53,0.42,2025-02-22,809,N,VIIRS,n,2,297.1,5.31,D,0
28.27743,69.68998,332.29,0.52,0.42,2025-02-22,809,N,VIIRS,n,2,298.65,3.71,D,0
28.2794,69.70051,334.6,0.52,0.42,2025-02-22,809,N,VIIRS,n,2,297.66,5.34,D,0
28.28914,69.92073,335.41,0.51,0.41,2025-02-22,809,N,VIIRS,n,2,304.04,16.99,D,0
28.34959,69.87125,332.54,0.51,0.41,2025-02-22,809,N,VIIRS,n,2,297.2,2.86,D,0
28.468,69.8565,332.72,0.51,0.41,2025-02-22,809,N,VIIRS,n,2,299.98,3.22,D,0
28.47992,69.9817,332.72,0.5,0.41,2025-02-22,809,N,VIIRS,n,2,300.81,3.64,D,0
28.55404,70.35822,332.55,0.48,0.4,2025-02-22,809,N,VIIRS,n,2,298.02,2.52,D,0
28.58207,67.432,330.21,0.45,0.47,2025-02-22,809,N,VIIRS,n,2,297.76,2.25,D,0
28.58217,70.02842,333.92,0.5,0.41,2025-02-22,809,N,VIIRS,n,2,300.15,3.33,D,0
28.64981,70.2049,331.53,0.49,0.4,2025-02-22,809,N,VIIRS,n,2,297.67,2.24,D,0
28.65544,67.74814,333.43,0.43,0.46,2025-02-22,809,N,VIIRS,n,2,302.1,3.28,D,0
28.74412,70.24734,330.83,0.48,0.4,2025-02-22,809,N,VIIRS,n,2,299.68,1.48,D,0
28.75594,70.29049,345.94,0.48,0.4,2025-02-22,809,N,VIIRS,n,2,301.73,9.34,D,0
28.75959,70.28963,330.17,0.48,0.4,2025-02-22,809,N,VIIRS,n,2,297.86,1.92,D,0
28.78064,70.25919,335.22,0.48,0.4,2025-02-22,809,N,VIIRS,n,2,298.43,4.93,D,0
28.85506,70.31989,344.29,0.48,0.4,2025-02-22,809,N,VIIRS,n,2,301.22,11.61,D,0
28.85596,70.31773,345.47,0.48,0.4,2025-02-22,809,N,VIIRS,n,2,300.75,14.07,D,0
28.86061,70.2678,331.82,0.48,0.4,2025-02-22,809,N,VIIRS,n,2,298.51,2.85,D,0
28.42727,69.69781,299.65,0.53,0.5,2025-02-22,2034,N,VIIRS,n,2,286.24,0.54,N,0
26.30016,69.00285,334.92,0.39,0.59,2025-02-23,749,N,VIIRS,n,2,300.71,3.05,D,0
26.32517,68.16255,335.45,0.44,0.62,2025-02-23,749,N,VIIRS,n,2,294.62,2.93,D,0
26.46138,68.0999,332.25,0.44,0.62,2025-02-23,749,N,VIIRS,n,2,294.82,1.7,D,0
26.60792,67.99987,343.87,0.44,0.62,2025-02-23,749,N,VIIRS,n,2,295.73,6.55,D,0
26.62307,67.96245,333.32,0.44,0.62,2025-02-23,749,N,VIIRS,n,2,295.36,2.45,D,0
26.64914,68.92061,331.49,0.39,0.59,2025-02-23,749,N,VIIRS,n,2,300.06,1.01,D,0
26.71686,68.15315,334.43,0.43,0.62,2025-02-23,749,N,VIIRS,n,2,295.12,2.51,D,0
26.76545,68.94862,367.0,0.38,0.59,2025-02-23,749,N,VIIRS,h,2,299.16,6.9,D,0
26.71356,68.15471,330.59,0.43,0.62,2025-02-23,750,N,VIIRS,n,2,294.32,2.88,D,0
26.72837,67.99327,338.36,0.44,0.62,2025-02-23,750,N,VIIRS,n,2,296.14,4.15,D,0
26.9309,68.43033,367.0,0.41,0.6,2025-02-23,750,N,VIIRS,h,2,299.15,7.97,D,0
27.28111,68.49337,338.16,0.4,0.6,2025-02-23,750,N,VIIRS,n,2,295.43,3.42,D,0
27.4178,68.38892,333.31,0.4,0.6,2025-02-23,750,N,VIIRS,n,2,296.4,2.17,D,0
27.5861,69.37299,337.07,0.35,0.56,2025-02-23,750,N,VIIRS,n,2,302.91,2.64,D,0
27.59121,69.37152,334.17,0.35,0.56,2025-02-23,750,N,VIIRS,n,2,303.05,2.44,D,0
27.6048,68.98167,331.84,0.37,0.58,2025-02-23,750,N,VIIRS,n,2,301.49,1.21,D,0
27.74725,69.05207,367.0,0.36,0.57,2025-02-23,750,N,VIIRS,h,2,298.95,7.08,D,0
27.76054,69.3205,348.91,0.35,0.56,2025-02-23,750,N,VIIRS,n,2,298.9,6.69,D,0
27.76067,69.32178,354.39,0.35,0.56,2025-02-23,750,N,VIIRS,n,2,299.31,5.43,D,0
27.94796,69.44326,334.87,0.34,0.56,2025-02-23,750,N,VIIRS,n,2,299.38,1.07,D,0
27.95733,69.22365,335.88,0.35,0.57,2025-02-23,750,N,VIIRS,n,2,297.23,2.12,D,0
28.05285,69.40071,351.93,0.34,0.56,2025-02-23,750,N,VIIRS,n,2,298.5,2.74,D,0
28.05638,69.43945,342.66,0.34,0.56,2025-02-23,750,N,VIIRS,n,2,299.58,2.67,D,0
28.07268,69.36954,330.89,0.34,0.56,2025-02-23,750,N,VIIRS,n,2,297.23,2.02,D,0
28.08077,69.47554,332.03,0.33,0.56,2025-02-23,750,N,VIIRS,n,2,298.27,1.23,D,0
28.10637,69.56429,348.17,0.33,0.55,2025-02-23,750,N,VIIRS,n,2,297.79,3.79,D,0
28.15267,69.58828,367.0,0.33,0.55,2025-02-23,750,N,VIIRS,h,2,298.46,6.92,D,0
28.15344,69.59158,367.0,0.33,0.55,2025-02-23,750,N,VIIRS,h,2,298.85,6.92,D,0
28.1546,69.58921,367.0,0.33,0.55,2025-02-23,750,N,VIIRS,h,2,301.39,12.69,D,0
28.15868,70.07454,332.11,0.61,0.54,2025-02-23,750,N,VIIRS,n,2,298.51,5.98,D,0
28.16042,70.07849,341.47,0.61,0.54,2025-02-23,750,N,VIIRS,n,2,300.7,6.95,D,0
28.17308,69.56134,336.8,0.33,0.55,2025-02-23,750,N,VIIRS,n,2,297.77,2.61,D,0
28.24831,69.79784,340.51,0.63,0.54,2025-02-23,750,N,VIIRS,n,2,298.85,11.84,D,0
28.2847,69.70854,342.68,0.32,0.55,2025-02-23,750,N,VIIRS,n,2,300.65,3.88,D,0
28.28555,69.70676,338.49,0.32,0.55,2025-02-23,750,N,VIIRS,n,2,297.52,2.2,D,0
28.29781,69.74252,338.57,0.32,0.54,2025-02-23,750,N,VIIRS,n,2,298.07,2.96,D,0
28.30502,70.04883,332.98,0.61,0.53,2025-02-23,750,N,VIIRS,n,2,301.47,5.1,D,0
28.41835,69.88219,341.25,0.62,0.54,2025-02-23,750,N,VIIRS,n,2,296.5,7.38,D,0
28.49447,69.847,342.91,0.62,0.54,2025-02-23,750,N,VIIRS,n,2,298.53,7.22,D,0
28.49935,69.8456,336.94,0.62,0.54,2025-02-23,750,N,VIIRS,n,2,296.79,6.53,D,0
28.67364,70.159,341.73,0.59,0.53,2025-02-23,750,N,VIIRS,n,2,296.97,5.96,D,0
28.85668,67.59907,335.59,0.41,0.61,2025-02-23,750,N,VIIRS,n,2,297.22,2.08,D,0
28.90868,70.38704,332.43,0.57,0.52,2025-02-23,750,N,VIIRS,n,2,295.81,3.99,D,0
26.32868,68.85401,334.25,0.69,0.74,2025-02-23,930,N,VIIRS,n,2,296.99,3.97,D,0
26.37188,68.51426,356.37,0.66,0.73,2025-02-23,930,N,VIIRS,n,2,296.15,8.52,D,0
26.37197,68.5114,330.56,0.66,0.73,2025-02-23,930,N,VIIRS,n,2,294.65,6.09,D,0
26.37234,68.51824,342.93,0.66,0.73,2025-02-23,930,N,VIIRS,n,2,295.96,6.09,D,0
26.37458,68.92372,331.66,0.69,0.75,2025-02-23,930,N,VIIRS,n,2,294.93,3.23,D,0
26.44153,68.90276,337.04,0.69,0.74,2025-02-23,930,N,VIIRS,n,2,297.31,4.92,D,0
26.57494,68.10307,356.16,0.62,0.71,2025-02-23,930,N,VIIRS,n,2,295.94,7.12,D,0
26.57755,68.10271,367.0,0.62,0.72,2025-02-23,930,N,VIIRS,h,2,296.79,10.11,D,0
26.58166,68.10265,330.34,0.62,0.71,2025-02-23,930,N,VIIRS,n,2,295.64,7.12,D,0
26.87474,68.24438,353.56,0.64,0.72,2025-02-23,930,N,VIIRS,n,2,292.88,12.3,D,0
26.87674,68.24226,349.17,0.64,0.72,2025-02-23,930,N,VIIRS,n,2,293.61,8.86,D,0
27.59839,68.98199,334.38,0.72,0.75,2025-02-23,930,N,VIIRS,n,2,293.94,2.98,D,0
27.96886,68.3854,337.26,0.66,0.73,2025-02-23,930,N,VIIRS,n,2,292.39,5.45,D,0
28.50728,70.14406,330.02,0.56,0.69,2025-02-24,731,N,VIIRS,n,2,289.45,6.04,D,0
28.76484,70.28797,331.7,0.55,0.68,2025-02-24,731,N,VIIRS,n,2,290.05,5.13,D,0
27.4007,68.41171,340.93,0.34,0.56,2025-02-24,911,N,VIIRS,n,2,294.59,4.52,D,0
27.76454,68.99887,357.04,0.37,0.58,2025-02-24,911,N,VIIRS,l,2,284.81,7.5,D,0
27.76484,69.0027,337.9,0.37,0.58,2025-02-24,911,N,VIIRS,n,2,286.1,7.5,D,0
27.77475,69.13091,337.33,0.38,0.59,2025-02-24,911,N,VIIRS,n,2,289.37,6.15,D,0
28.01433,69.22125,331.17,0.38,0.59,2025-02-24,911,N,VIIRS,n,2,295.03,2.78,D,0
28.08043,69.37383,341.83,0.39,0.6,2025-02-24,911,N,VIIRS,n,2,294.57,3.81,D,0
28.08196,69.37421,339.74,0.39,0.6,2025-02-24,911,N,VIIRS,n,2,294.1,2.83,D,0
28.46074,69.98292,332.69,0.43,0.62,2025-02-24,911,N,VIIRS,n,2,292.59,4.19,D,0
28.46653,69.98244,348.07,0.43,0.62,2025-02-24,911,N,VIIRS,n,2,293.46,4.19,D,0
28.46692,69.98328,333.01,0.43,0.62,2025-02-24,912,N,VIIRS,n,2,292.3,9.61,D,0
28.42618,69.70322,304.13,0.52,0.5,2025-02-24,2136,N,VIIRS,n,2,287.69,1.42,N,2
26.51877,68.33686,340.52,0.38,0.36,2025-02-26,833,N,VIIRS,n,2,295.34,3.9,D,0
26.54363,68.12626,330.98,0.39,0.36,2025-02-26,833,N,VIIRS,n,2,294.07,3.16,D,0
26.60561,68.13022,335.33,0.39,0.36,2025-02-26,833,N,VIIRS,n,2,302.91,27.46,D,0
26.6348,68.1048,332.41,0.39,0.36,2025-02-26,833,N,VIIRS,n,2,293.31,3.77,D,0
27.77018,69.12901,330.27,0.39,0.36,2025-02-26,834,N,VIIRS,n,2,278.13,4.05,D,0
28.48685,69.93626,340.89,0.41,0.37,2025-02-26,834,N,VIIRS,n,2,297.99,11.1,D,0
28.80158,70.33292,343.09,0.42,0.38,2025-02-26,834,N,VIIRS,n,2,289.56,4.46,D,0
26.27367,68.23067,333.54,0.35,0.57,2025-02-28,756,N,VIIRS,n,2,297.74,1.78,D,0
26.43086,68.22639,331.13,0.35,0.57,2025-02-28,756,N,VIIRS,n,2,297.52,5.1,D,0
26.57277,68.17535,336.36,0.35,0.56,2025-02-28,756,N,VIIRS,n,2,298.27,4.41,D,0
26.62209,68.03178,340.5,0.35,0.57,2025-02-28,756,N,VIIRS,n,2,296.81,3.21,D,0
26.62525,67.95088,337.73,0.36,0.57,2025-02-28,756,N,VIIRS,n,2,296.18,3.5,D,0
26.66314,68.31013,345.43,0.34,0.56,2025-02-28,756,N,VIIRS,n,2,297.71,2.38,D,0
26.82846,68.19285,353.49,0.34,0.56,2025-02-28,756,N,VIIRS,n,2,297.95,6.77,D,0
26.82924,68.19626,367.0,0.34,0.56,2025-02-28,756,N,VIIRS,h,2,298.51,6.77,D,0
26.91103,67.85696,330.77,0.36,0.57,2025-02-28,756,N,VIIRS,n,2,297.54,1.93,D,0
27.33689,68.33817,344.85,0.33,0.55,2025-02-28,756,N,VIIRS,n,2,296.11,3.7,D,0
27.33895,68.32365,339.68,0.33,0.55,2025-02-28,756,N,VIIRS,n,2,295.62,2.46,D,0
27.34203,68.3611,367.0,0.33,0.55,2025-02-28,756,N,VIIRS,h,2,296.91,5.65,D,0
27.3581,68.45651,332.55,0.32,0.55,2025-02-28,756,N,VIIRS,n,2,295.96,3.55,D,0
27.51534,69.39717,330.23,0.56,0.52,2025-02-28,756,N,VIIRS,n,2,299.27,1.36,D,0
27.59433,68.98154,346.34,0.59,0.53,2025-02-28,756,N,VIIRS,n,2,298.6,11.61,D,0
27.95484,69.49219,331.9,0.54,0.51,2025-02-28,756,N,VIIRS,n,2,294.86,5.87,D,0
27.99357,69.24071,338.4,0.56,0.52,2025-02-28,756,N,VIIRS,n,2,296.83,5.85,D,0
27.99395,69.23818,336.95,0.56,0.51,2025-02-28,756,N,VIIRS,n,2,296.62,5.55,D,0
28.02804,69.34735,338.31,0.55,0.51,2025-02-28,756,N,VIIRS,n,2,295.6,9.0,D,0
28.02926,69.35289,339.84,0.55,0.51,2025-02-28,756,N,VIIRS,n,2,296.18,9.0,D,0
28.03156,69.34889,353.33,0.55,0.51,2025-02-28,756,N,VIIRS,n,2,297.19,16.66,D,0
28.04587,69.2716,340.22,0.56,0.51,2025-02-28,756,N,VIIRS,n,2,297.73,15.77,D,0
28.05972,69.37974,339.2,0.55,0.51,2025-02-28,756,N,VIIRS,n,2,294.49,5.2,D,0
28.06093,69.38525,334.63,0.55,0.51,2025-02-28,756,N,VIIRS,n,2,295.15,7.26,D,0
28.10428,69.47206,335.87,0.54,0.51,2025-02-28,756,N,VIIRS,n,2,297.22,2.05,D,0
28.18121,69.59082,341.6,0.53,0.5,2025-02-28,756,N,VIIRS,n,2,298.92,6.53,D,0
28.18355,69.59312,343.21,0.53,0.5,2025-02-28,756,N,VIIRS,n,2,297.58,6.39,D,0
28.29162,70.19698,340.1,0.49,0.48,2025-02-28,756,N,VIIRS,n,2,296.87,7.17,D,0
28.34637,69.68994,341.0,0.52,0.5,2025-02-28,756,N,VIIRS,n,2,299.35,4.27,D,0
28.37161,69.96025,330.26,0.5,0.49,2025-02-28,756,N,VIIRS,n,2,296.83,2.77,D,0
28.39333,70.03922,334.13,0.49,0.49,2025-02-28,756,N,VIIRS,n,2,297.68,3.83,D,0
28.47233,69.85802,337.03,0.5,0.49,2025-02-28,756,N,VIIRS,n,2,296.73,4.0,D,0
28.47348,69.86015,334.67,0.5,0.49,2025-02-28,756,N,VIIRS,n,2,296.73,3.91,D,0
28.47659,69.87842,339.8,0.5,0.49,2025-02-28,756,N,VIIRS,n,2,298.53,2.8,D,0
28.47787,69.88048,340.16,0.5,0.49,2025-02-28,756,N,VIIRS,n,2,296.68,6.34,D,0
28.47988,70.24954,344.25,0.48,0.48,2025-02-28,756,N,VIIRS,n,2,298.46,11.18,D,0
28.48804,69.84007,340.88,0.5,0.49,2025-02-28,756,N,VIIRS,n,2,302.45,6.71,D,0
28.5465,70.24384,340.89,0.48,0.48,2025-02-28,756,N,VIIRS,n,2,299.74,10.47,D,0
28.5473,70.24174,348.63,0.48,0.48,2025-02-28,756,N,VIIRS,n,2,298.53,13.96,D,0
28.66138,70.35465,333.54,0.47,0.48,2025-02-28,756,N,VIIRS,n,2,298.52,3.04,D,0
28.78445,70.37495,330.0,0.46,0.47,2025-02-28,756,N,VIIRS,n,2,298.54,3.5,D,0
28.78971,68.09364,338.37,0.63,0.54,2025-02-28,756,N,VIIRS,n,2,301.97,6.14,D,0
28.79361,70.26749,346.2,0.47,0.48,2025-02-28,756,N,VIIRS,n,2,298.4,7.58,D,0
28.97627,70.31059,342.17,0.46,0.47,2025-02-28,756,N,VIIRS,n,2,299.24,4.25,D,0
29.03014,70.39278,332.79,0.46,0.47,2025-02-28,756,N,VIIRS,n,2,299.65,1.85,D,0
26.67625,68.00506,332.25,0.76,0.77,2025-02-28,936,N,VIIRS,n,2,294.86,5.81,D,0
26.67754,68.01084,338.99,0.76,0.77,2025-02-28,936,N,VIIRS,n,2,295.02,10.19,D,0
28.65923,67.49986,340.88,0.74,0.76,2025-02-28,937,N,VIIRS,n,2,292.29,10.33,D,0
28.66167,67.50558,337.41,0.74,0.76,2025-02-28,937,N,VIIRS,n,2,292.46,9.92,D,0
28.67322,67.49126,352.85,0.74,0.76,2025-02-28,937,N,VIIRS,n,2,292.84,9.93,D,0
28.6754,67.48901,345.53,0.74,0.76,2025-02-28,937,N,VIIRS,n,2,290.92,8.1,D,0
27.85795,69.03367,327.59,0.55,0.68,2025-03-01,737,N,VIIRS,n,2,292.25,2.62,D,0
27.95248,67.57359,334.82,0.66,0.73,2025-03-01,737,N,VIIRS,n,2,291.49,5.84,D,0
28.14053,69.47847,354.37,0.51,0.66,2025-03-01,737,N,VIIRS,n,2,292.73,7.87,D,0
28.14137,69.48051,355.92,0.51,0.66,2025-03-01,737,N,VIIRS,n,2,292.83,9.03,D,0
28.27751,70.02503,337.0,0.47,0.64,2025-03-01,737,N,VIIRS,n,2,293.18,3.49,D,0
28.35318,69.83585,329.47,0.48,0.65,2025-03-01,737,N,VIIRS,n,2,288.96,2.22,D,0
28.52356,70.08231,341.27,0.46,0.64,2025-03-01,737,N,VIIRS,n,2,290.04,4.83,D,0
28.5284,70.08218,350.89,0.46,0.64,2025-03-01,737,N,VIIRS,n,2,291.12,6.05,D,0
26.28041,68.06518,367.0,0.39,0.59,2025-03-01,917,N,VIIRS,h,2,299.6,8.36,D,0
26.41281,68.87183,344.74,0.44,0.62,2025-03-01,917,N,VIIRS,n,2,296.15,7.15,D,0
26.41301,68.87083,355.27,0.44,0.62,2025-03-01,917,N,VIIRS,n,2,296.3,6.23,D,0
26.44777,68.86874,337.99,0.44,0.62,2025-03-01,917,N,VIIRS,n,2,296.39,2.65,D,0
26.48926,68.87425,344.29,0.44,0.62,2025-03-01,917,N,VIIRS,n,2,296.73,3.71,D,0
26.49227,68.0812,330.85,0.39,0.6,2025-03-01,917,N,VIIRS,n,2,296.49,1.94,D,0
26.66578,68.186,349.78,0.4,0.6,2025-03-01,917,N,VIIRS,n,2,298.34,4.95,D,0
26.66796,68.18412,338.89,0.4,0.6,2025-03-01,917,N,VIIRS,n,2,297.01,4.88,D,0
26.67937,68.92344,332.07,0.45,0.63,2025-03-01,917,N,VIIRS,n,2,299.19,2.23,D,0
26.73271,68.94954,367.0,0.45,0.63,2025-03-01,917,N,VIIRS,h,2,299.47,12.7,D,0
26.73423,68.94656,338.78,0.45,0.63,2025-03-01,917,N,VIIRS,n,2,296.1,10.91,D,0
26.73459,68.95118,367.0,0.45,0.63,2025-03-01,917,N,VIIRS,h,2,299.71,12.57,D,0
26.73793,68.93977,350.42,0.45,0.63,2025-03-01,917,N,VIIRS,n,2,297.29,4.51,D,0
26.73939,68.93685,333.01,0.45,0.63,2025-03-01,917,N,VIIRS,n,2,297.31,3.32,D,0
26.75066,68.95263,347.15,0.45,0.63,2025-03-01,917,N,VIIRS,n,2,298.14,3.63,D,0
26.7522,68.94971,367.0,0.45,0.63,2025-03-01,917,N,VIIRS,h,2,298.11,8.37,D,0
26.75257,68.95431,355.69,0.45,0.63,2025-03-01,917,N,VIIRS,n,2,298.27,8.37,D,0
26.75653,68.95212,367.0,0.45,0.63,2025-03-01,917,N,VIIRS,h,2,298.79,14.03,D,0
26.76829,68.95112,342.94,0.45,0.63,2025-03-01,917,N,VIIRS,n,2,298.57,6.4,D,0
26.85001,68.95468,352.47,0.45,0.63,2025-03-01,917,N,VIIRS,n,2,296.96,6.9,D,0
26.88928,68.39028,340.66,0.41,0.61,2025-03-01,917,N,VIIRS,n,2,295.66,8.11,D,0
26.88962,68.39458,367.0,0.42,0.61,2025-03-01,917,N,VIIRS,h,2,299.07,14.31,D,0
26.891,68.38974,352.48,0.42,0.61,2025-03-01,917,N,VIIRS,n,2,296.57,8.54,D,0
26.89131,68.39403,367.0,0.42,0.61,2025-03-01,917,N,VIIRS,h,2,298.72,13.4,D,0
26.94623,68.51543,339.86,0.42,0.61,2025-03-01,917,N,VIIRS,n,2,300.12,3.66,D,0
27.06968,68.30105,330.15,0.41,0.61,2025-03-01,917,N,VIIRS,n,2,291.7,2.9,D,0
27.37229,68.44189,331.89,0.42,0.61,2025-03-01,917,N,VIIRS,n,2,298.06,4.03,D,0
27.416,68.6396,330.5,0.44,0.62,2025-03-01,917,N,VIIRS,n,2,294.66,3.27,D,0
27.46474,68.34671,338.1,0.42,0.61,2025-03-01,918,N,VIIRS,n,2,294.29,3.87,D,0
27.79204,69.03773,329.39,0.46,0.64,2025-03-01,918,N,VIIRS,n,2,294.55,1.49,D,0
27.85437,69.07184,342.07,0.47,0.64,2025-03-01,918,N,VIIRS,n,2,294.58,4.53,D,0
27.96207,68.37734,330.91,0.42,0.61,2025-03-01,918,N,VIIRS,n,2,295.66,3.5,D,0
27.96269,68.37714,336.9,0.42,0.61,2025-03-01,918,N,VIIRS,n,2,295.58,6.34,D,0
27.96782,68.37686,330.7,0.42,0.61,2025-03-01,918,N,VIIRS,n,2,295.92,3.5,D,0
28.15318,70.16585,330.09,0.55,0.68,2025-03-01,918,N,VIIRS,n,2,291.84,4.73,D,0
28.69009,67.49485,336.08,0.38,0.59,2025-03-01,918,N,VIIRS,n,2,300.45,6.73,D,0
28.69496,67.48634,337.85,0.38,0.59,2025-03-01,918,N,VIIRS,n,2,295.89,5.24,D,0
28.69527,67.49034,367.0,0.38,0.59,2025-03-01,918,N,VIIRS,h,2,299.65,5.24,D,0
28.70844,67.51743,349.99,0.38,0.59,2025-03-01,918,N,VIIRS,n,2,297.05,5.85,D,0
28.71362,67.51289,334.82,0.38,0.59,2025-03-01,918,N,VIIRS,n,2,296.5,2.55,D,0
28.71911,67.51237,338.74,0.38,0.59,2025-03-01,918,N,VIIRS,n,2,292.58,2.55,D,0
28.42539,69.70168,313.03,0.32,0.55,2025-03-01,2143,N,VIIRS,n,2,286.4,1.01,N,2
26.50521,68.36057,332.65,0.42,0.45,2025-03-02,858,N,VIIRS,n,2,300.35,2.83,D,0
26.51065,67.96107,341.61,0.4,0.44,2025-03-02,858,N,VIIRS,n,2,297.29,4.1,D,0
26.52562,68.09101,341.71,0.4,0.45,2025-03-02,858,N,VIIRS,n,2,299.44,2.97,D,0
26.53597,68.03571,342.38,0.4,0.44,2025-03-02,858,N,VIIRS,n,2,299.67,2.72,D,0
26.53791,68.03233,336.5,0.4,0.44,2025-03-02,858,N,VIIRS,n,2,299.23,2.48,D,0
26.53836,68.0364,337.78,0.4,0.44,2025-03-02,858,N,VIIRS,n,2,299.18,3.94,D,0
26.5764,68.34814,341.34,0.42,0.45,2025-03-02,858,N,VIIRS,n,2,299.31,2.55,D,0
26.62047,68.17146,331.86,0.41,0.45,2025-03-02,858,N,VIIRS,n,2,299.58,3.22,D,0
26.63214,68.23773,338.4,0.41,0.45,2025-03-02,858,N,VIIRS,n,2,299.48,3.88,D,0
26.69046,67.95409,337.42,0.4,0.44,2025-03-02,858,N,VIIRS,n,2,301.06,2.32,D,0
26.6936,68.28577,339.65,0.42,0.45,2025-03-02,858,N,VIIRS,n,2,298.8,6.89,D,0
26.69406,68.29001,340.3,0.42,0.45,2025-03-02,858,N,VIIRS,n,2,297.39,6.89,D,0
26.78572,68.19238,339.45,0.41,0.45,2025-03-02,858,N,VIIRS,n,2,295.43,3.92,D,0
26.78618,68.19658,332.98,0.41,0.45,2025-03-02,858,N,VIIRS,n,2,297.14,4.92,D,0
26.80424,68.13043,343.48,0.41,0.45,2025-03-02,858,N,VIIRS,n,2,299.67,5.45,D,0
26.84391,68.95061,349.43,0.46,0.47,2025-03-02,858,N,VIIRS,n,2,303.65,7.83,D,0
26.84407,68.95173,342.67,0.46,0.47,2025-03-02,858,N,VIIRS,n,2,303.41,6.57,D,0
26.88138,68.25233,330.91,0.42,0.45,2025-03-02,858,N,VIIRS,n,2,297.02,2.17,D,0
26.92235,68.97966,343.98,0.46,0.47,2025-03-02,858,N,VIIRS,n,2,302.9,3.87,D,0
27.34015,68.34413,351.3,0.43,0.46,2025-03-02,859,N,VIIRS,n,2,299.55,9.93,D,0
27.40861,68.41985,340.26,0.43,0.46,2025-03-02,859,N,VIIRS,n,2,299.1,5.8,D,0
27.41615,68.40988,333.16,0.43,0.46,2025-03-02,859,N,VIIRS,n,2,298.5,2.1,D,0
27.49922,68.27483,351.4,0.43,0.46,2025-03-02,859,N,VIIRS,n,2,301.1,9.34,D,0
27.5522,68.37235,341.75,0.43,0.46,2025-03-02,859,N,VIIRS,n,2,304.48,8.17,D,0
27.55645,68.3718,350.18,0.43,0.46,2025-03-02,859,N,VIIRS,n,2,296.65,8.17,D,0
27.72775,69.09252,332.97,0.48,0.48,2025-03-02,859,N,VIIRS,n,2,297.93,3.54,D,0
27.74262,69.06081,338.02,0.48,0.48,2025-03-02,859,N,VIIRS,n,2,298.88,4.65,D,0
27.74311,69.06571,333.23,0.48,0.48,2025-03-02,859,N,VIIRS,n,2,297.89,4.82,D,0
27.78104,68.52182,337.59,0.44,0.46,2025-03-02,859,N,VIIRS,n,2,294.45,2.15,D,0
27.89776,69.09338,330.24,0.48,0.48,2025-03-02,859,N,VIIRS,n,2,298.27,4.16,D,0
28.02429,69.52451,335.61,0.51,0.5,2025-03-02,859,N,VIIRS,n,2,298.01,3.21,D,0
28.02888,69.52396,341.09,0.51,0.5,2025-03-02,859,N,VIIRS,n,2,299.58,3.21,D,0
28.03015,69.21532,340.52,0.49,0.49,2025-03-02,859,N,VIIRS,n,2,301.52,7.99,D,0
28.03466,69.21476,342.04,0.49,0.49,2025-03-02,859,N,VIIRS,n,2,302.14,7.99,D,0
28.1489,69.51884,332.14,0.51,0.5,2025-03-02,859,N,VIIRS,n,2,296.71,3.15,D,0
28.1535,69.51829,333.73,0.51,0.5,2025-03-02,859,N,VIIRS,n,2,299.25,3.15,D,0
28.25905,70.11362,330.98,0.56,0.51,2025-03-02,859,N,VIIRS,n,2,298.79,3.78,D,0
28.26274,69.84328,332.93,0.54,0.51,2025-03-02,859,N,VIIRS,n,2,296.37,3.12,D,0
28.39001,70.01493,330.19,0.55,0.51,2025-03-02,859,N,VIIRS,n,2,300.05,3.51,D,0
28.42186,70.04617,337.11,0.56,0.51,2025-03-02,859,N,VIIRS,n,2,300.01,8.2,D,0
28.43379,70.12097,346.46,0.56,0.52,2025-03-02,859,N,VIIRS,n,2,300.13,8.2,D,0
28.66351,70.28103,340.16,0.58,0.52,2025-03-02,859,N,VIIRS,n,2,300.21,7.58,D,0
28.66598,70.28329,355.69,0.58,0.52,2025-03-02,859,N,VIIRS,n,2,303.78,22.03,D,0
28.66837,70.28049,341.72,0.58,0.52,2025-03-02,859,N,VIIRS,n,2,299.85,7.58,D,0
28.68599,67.52936,341.49,0.4,0.44,2025-03-02,859,N,VIIRS,n,2,298.59,4.03,D,0
28.68645,67.53349,347.33,0.4,0.44,2025-03-02,859,N,VIIRS,n,2,300.76,11.15,D,0
28.69009,67.52879,340.93,0.4,0.44,2025-03-02,859,N,VIIRS,n,2,298.55,4.03,D,0
28.69419,67.52821,347.65,0.4,0.44,2025-03-02,859,N,VIIRS,n,2,306.78,24.18,D,0
28.69783,67.52351,340.04,0.4,0.44,2025-03-02,859,N,VIIRS,n,2,299.0,24.18,D,0
28.70048,67.47298,336.61,0.4,0.44,2025-03-02,859,N,VIIRS,n,2,300.34,1.69,D,0
28.70476,67.58562,335.92,0.4,0.44,2025-03-02,859,N,VIIRS,n,2,301.0,2.92,D,0
28.70887,67.58504,335.66,0.4,0.44,2025-03-02,859,N,VIIRS,n,2,298.91,2.19,D,0
28.70934,67.58921,338.88,0.4,0.44,2025-03-02,859,N,VIIRS,n,2,300.85,5.04,D,0
28.71345,67.58864,342.47,0.4,0.44,2025-03-02,859,N,VIIRS,n,2,300.17,5.04,D,0
26.50324,68.05037,308.15,0.47,0.39,2025-03-02,2124,N,VIIRS,n,2,289.17,1.03,N,0
28.4244,69.69911,310.66,0.52,0.42,2025-03-02,2124,N,VIIRS,n,2,286.64,1.15,N,2
26.20159,68.28065,331.33,0.39,0.36,2025-03-03,839,N,VIIRS,n,2,302.74,1.9,D,0
26.2797,68.25072,333.69,0.39,0.36,2025-03-03,839,N,VIIRS,n,2,303.94,2.08,D,0
26.28104,68.2505,335.1,0.39,0.36,2025-03-03,839,N,VIIRS,n,2,305.54,3.91,D,0
26.28135,68.97113,333.15,0.41,0.37,2025-03-03,839,N,VIIRS,n,2,302.97,7.08,D,0
26.43041,67.91922,343.64,0.39,0.36,2025-03-03,839,N,VIIRS,n,2,309.34,17.7,D,0
26.43769,68.86961,335.67,0.41,0.37,2025-03-03,839,N,VIIRS,n,2,305.75,1.33,D,0
26.62471,68.88848,337.82,0.41,0.37,2025-03-03,839,N,VIIRS,n,2,307.08,2.59,D,0
26.71707,68.13401,333.4,0.39,0.36,2025-03-03,839,N,VIIRS,n,2,301.17,2.32,D,0
26.71763,68.13795,335.54,0.39,0.36,2025-03-03,839,N,VIIRS,n,2,303.41,3.14,D,0
26.71907,68.02871,337.57,0.39,0.36,2025-03-03,839,N,VIIRS,n,2,302.89,4.37,D,0
26.73551,68.14286,330.29,0.39,0.36,2025-03-03,839,N,VIIRS,n,2,299.54,1.25,D,0
26.77349,68.14419,333.98,0.39,0.36,2025-03-03,839,N,VIIRS,n,2,299.08,2.07,D,0
27.11403,68.37856,346.77,0.4,0.37,2025-03-03,840,N,VIIRS,n,2,300.55,5.74,D,0
27.27647,68.24413,332.04,0.4,0.37,2025-03-03,840,N,VIIRS,n,2,301.84,2.28,D,0
27.3858,69.08708,336.75,0.42,0.37,2025-03-03,840,N,VIIRS,n,2,305.68,2.69,D,0
27.58037,69.39221,334.92,0.43,0.38,2025-03-03,840,N,VIIRS,n,2,304.44,1.16,D,0
27.61398,68.41721,336.56,0.4,0.37,2025-03-03,840,N,VIIRS,n,2,300.32,2.62,D,0
27.72996,68.72549,333.34,0.41,0.37,2025-03-03,840,N,VIIRS,n,2,298.19,2.35,D,0
27.7599,69.36408,332.1,0.43,0.38,2025-03-03,840,N,VIIRS,n,2,295.34,3.57,D,0
27.8256,69.78399,336.52,0.44,0.39,2025-03-03,840,N,VIIRS,n,2,304.73,1.78,D,0
27.83795,69.24628,344.27,0.43,0.38,2025-03-03,840,N,VIIRS,n,2,300.85,11.41,D,0
27.93763,69.05418,346.28,0.42,0.38,2025-03-03,840,N,VIIRS,n,2,302.17,9.61,D,0
27.94284,68.32784,347.35,0.4,0.37,2025-03-03,840,N,VIIRS,n,2,297.98,6.55,D,0
28.08142,69.16277,347.94,0.42,0.38,2025-03-03,840,N,VIIRS,n,2,307.28,8.54,D,0
28.08432,69.15784,339.29,0.42,0.38,2025-03-03,840,N,VIIRS,n,2,306.52,7.78,D,0
28.0849,69.16217,347.74,0.42,0.38,2025-03-03,840,N,VIIRS,n,2,309.21,8.54,D,0
28.09941,69.19073,333.77,0.43,0.38,2025-03-03,840,N,VIIRS,n,2,301.23,3.39,D,0
28.09999,69.19507,335.85,0.43,0.38,2025-03-03,840,N,VIIRS,n,2,303.97,5.1,D,0
28.11587,69.6997,336.72,0.44,0.39,2025-03-03,840,N,VIIRS,n,2,298.48,3.6,D,0
28.26633,70.01049,334.75,0.46,0.39,2025-03-03,840,N,VIIRS,n,2,301.12,3.72,D,0
28.28578,69.84595,333.26,0.45,0.39,2025-03-03,840,N,VIIRS,n,2,298.3,2.25,D,0
28.36011,70.01709,334.19,0.46,0.39,2025-03-03,840,N,VIIRS,n,2,300.57,2.81,D,0
28.3905,69.70921,333.68,0.45,0.39,2025-03-03,840,N,VIIRS,l,2,305.14,2.65,D,0
28.45601,70.30888,334.7,0.47,0.4,2025-03-03,840,N,VIIRS,n,2,298.1,4.69,D,0
28.48539,69.14782,336.47,0.43,0.38,2025-03-03,840,N,VIIRS,n,2,306.36,2.28,D,0
28.49799,70.23476,347.05,0.47,0.4,2025-03-03,840,N,VIIRS,n,2,302.89,6.79,D,0
28.50983,70.12022,339.31,0.47,0.39,2025-03-03,840,N,VIIRS,n,2,300.57,4.41,D,0
28.51705,68.71167,336.15,0.41,0.37,2025-03-03,840,N,VIIRS,n,2,305.3,4.86,D,0
28.52508,68.66695,334.22,0.41,0.37,2025-03-03,840,N,VIIRS,n,2,301.4,2.92,D,0
28.61083,70.06706,332.61,0.46,0.39,2025-03-03,840,N,VIIRS,n,2,302.22,3.2,D,0
28.66183,68.44146,343.52,0.41,0.37,2025-03-03,840,N,VIIRS,n,2,305.27,7.5,D,0
28.66524,68.44085,338.75,0.41,0.37,2025-03-03,840,N,VIIRS,n,2,303.15,5.67,D,0
28.66717,70.27929,342.15,0.47,0.4,2025-03-03,840,N,VIIRS,n,2,305.28,5.35,D,0
28.71508,70.39182,334.55,0.48,0.4,2025-03-03,840,N,VIIRS,n,2,298.13,4.37,D,0
28.71696,70.39346,337.06,0.48,0.4,2025-03-03,840,N,VIIRS,n,2,298.83,3.95,D,0
28.75531,67.48083,338.79,0.39,0.36,2025-03-03,840,N,VIIRS,n,2,308.96,3.37,D,0
28.79763,70.31538,337.45,0.48,0.4,2025-03-03,840,N,VIIRS,n,2,300.16,3.02,D,0
29.00395,70.39909,345.77,0.48,0.4,2025-03-03,840,N,VIIRS,n,2,304.37,20.29,D,0
29.01676,67.4748,337.99,0.39,0.36,2025-03-03,840,N,VIIRS,n,2,304.32,3.02,D,0
27.16759,67.82709,296.92,0.4,0.37,2025-03-03,2105,N,VIIRS,n,2,285.66,0.5,N,0
27.9254,68.98579,309.13,0.39,0.36,2025-03-03,2105,N,VIIRS,n,2,283.51,1.12,N,0
28.42412,69.70125,319.74,0.38,0.36,2025-03-03,2105,N,VIIRS,n,2,285.82,2.0,N,2
28.6123,68.62814,297.18,0.39,0.36,2025-03-03,2105,N,VIIRS,n,2,285.49,0.43,N,2
26.24012,68.05848,333.42,0.48,0.4,2025-03-04,820,N,VIIRS,n,2,303.6,4.42,D,0
26.24718,69.03686,343.11,0.43,0.38,2025-03-04,820,N,VIIRS,n,2,307.52,4.16,D,0
26.25067,69.03613,339.43,0.43,0.38,2025-03-04,820,N,VIIRS,n,2,305.81,4.0,D,0
26.26355,68.23336,331.9,0.47,0.39,2025-03-04,820,N,VIIRS,n,2,302.25,1.96,D,0
26.39192,68.8865,330.6,0.44,0.38,2025-03-04,820,N,VIIRS,n,2,305.49,1.34,D,0
26.39161,68.88747,331.16,0.44,0.38,2025-03-04,821,N,VIIRS,n,2,305.16,1.51,D,0
26.56522,68.09434,339.51,0.47,0.4,2025-03-04,821,N,VIIRS,n,2,308.37,9.54,D,0
26.5666,67.91449,332.09,0.48,0.4,2025-03-04,821,N,VIIRS,l,2,306.08,3.63,D,0
26.5873,68.3247,333.96,0.46,0.39,2025-03-04,821,N,VIIRS,l,2,304.44,4.3,D,0
26.61468,68.29017,332.62,0.46,0.39,2025-03-04,821,N,VIIRS,n,2,303.0,4.14,D,0
26.61617,68.29144,336.32,0.46,0.39,2025-03-04,821,N,VIIRS,n,2,305.83,4.46,D,0
26.6214,67.96644,335.84,0.47,0.4,2025-03-04,821,N,VIIRS,n,2,305.25,3.72,D,0
26.62343,68.885,348.09,0.44,0.38,2025-03-04,821,N,VIIRS,n,2,311.5,9.79,D,0
26.62637,68.14068,332.83,0.47,0.39,2025-03-04,821,N,VIIRS,n,2,301.94,16.35,D,0
26.63691,68.15765,346.67,0.46,0.39,2025-03-04,821,N,VIIRS,n,2,302.76,7.99,D,0
26.6405,68.15686,346.57,0.46,0.39,2025-03-04,821,N,VIIRS,n,2,302.0,6.13,D,0
26.65573,68.15832,343.52,0.46,0.39,2025-03-04,821,N,VIIRS,n,2,299.5,4.09,D,0
26.65656,68.16295,330.23,0.46,0.39,2025-03-04,821,N,VIIRS,n,2,299.89,4.09,D,0
26.72527,68.16935,333.27,0.46,0.39,2025-03-04,821,N,VIIRS,n,2,301.09,2.56,D,0
26.72886,68.16856,333.36,0.46,0.39,2025-03-04,821,N,VIIRS,n,2,302.36,5.35,D,0
26.72962,68.93417,345.57,0.43,0.38,2025-03-04,821,N,VIIRS,n,2,309.82,9.12,D,0
26.73042,68.93508,349.2,0.43,0.38,2025-03-04,821,N,VIIRS,n,2,310.66,13.54,D,0
26.80329,68.95978,347.73,0.43,0.38,2025-03-04,821,N,VIIRS,n,2,309.05,7.05,D,0
26.88682,67.87888,336.65,0.47,0.4,2025-03-04,821,N,VIIRS,n,2,305.23,2.45,D,0
26.92555,68.32668,332.75,0.45,0.39,2025-03-04,821,N,VIIRS,l,2,303.82,4.13,D,0
26.959,68.21632,338.06,0.46,0.39,2025-03-04,821,N,VIIRS,n,2,301.03,2.74,D,0
27.37133,68.44943,334.97,0.44,0.39,2025-03-04,821,N,VIIRS,n,2,306.32,3.09,D,0
27.39951,68.44322,334.38,0.44,0.39,2025-03-04,821,N,VIIRS,n,2,304.62,2.44,D,0
27.44205,68.42107,330.36,0.44,0.39,2025-03-04,821,N,VIIRS,n,2,303.81,2.02,D,0
27.44206,68.50411,332.58,0.44,0.38,2025-03-04,821,N,VIIRS,n,2,302.6,2.53,D,0
27.46391,68.77549,344.24,0.43,0.38,2025-03-04,821,N,VIIRS,n,2,302.99,6.08,D,0
27.46442,68.77624,333.22,0.43,0.38,2025-03-04,821,N,VIIRS,n,2,302.97,6.69,D,0
27.55075,69.31103,339.42,0.41,0.37,2025-03-04,821,N,VIIRS,l,2,312.17,5.39,D,0
27.65597,68.44096,345.74,0.44,0.38,2025-03-04,821,N,VIIRS,n,2,305.91,3.73,D,0
27.78526,68.89581,341.33,0.42,0.38,2025-03-04,821,N,VIIRS,n,2,306.75,12.55,D,0
27.86941,69.25079,336.84,0.41,0.37,2025-03-04,821,N,VIIRS,l,2,307.39,4.31,D,0
27.86972,69.24921,338.34,0.41,0.37,2025-03-04,821,N,VIIRS,n,2,311.79,3.87,D,0
27.8778,68.98783,335.04,0.42,0.38,2025-03-04,821,N,VIIRS,n,2,304.19,2.66,D,0
27.93414,68.30998,338.71,0.44,0.39,2025-03-04,821,N,VIIRS,n,2,303.69,4.07,D,0
27.95148,69.12926,333.69,0.42,0.37,2025-03-04,821,N,VIIRS,n,2,304.73,2.7,D,0
27.95491,69.1286,343.18,0.42,0.37,2025-03-04,821,N,VIIRS,n,2,300.34,7.14,D,0
27.99596,69.43823,332.14,0.41,0.37,2025-03-04,821,N,VIIRS,n,2,301.91,6.24,D,0
28.09522,69.21673,340.5,0.41,0.37,2025-03-04,821,N,VIIRS,n,2,307.15,6.33,D,0
28.13928,69.60763,332.56,0.4,0.37,2025-03-04,821,N,VIIRS,n,2,301.6,1.51,D,0
28.20684,70.23712,340.18,0.39,0.36,2025-03-04,821,N,VIIRS,n,2,304.91,2.17,D,0
28.23533,69.82681,342.43,0.4,0.37,2025-03-04,821,N,VIIRS,n,2,305.24,2.96,D,0
28.24892,69.76137,333.97,0.4,0.37,2025-03-04,821,N,VIIRS,n,2,300.34,2.43,D,0
28.26143,69.83803,341.66,0.4,0.37,2025-03-04,821,N,VIIRS,n,2,306.26,3.66,D,0
28.28017,69.99597,331.42,0.39,0.37,2025-03-04,821,N,VIIRS,l,2,305.64,2.6,D,0
28.29584,70.26424,332.38,0.39,0.36,2025-03-04,821,N,VIIRS,n,2,300.41,24.52,D,0
28.31021,69.68615,338.19,0.4,0.37,2025-03-04,821,N,VIIRS,n,2,309.79,10.65,D,0
28.35414,69.84822,341.59,0.4,0.37,2025-03-04,821,N,VIIRS,n,2,309.48,5.72,D,0
28.39097,69.98985,351.67,0.39,0.36,2025-03-04,821,N,VIIRS,n,2,313.87,9.03,D,0
28.39156,70.12169,337.22,0.39,0.36,2025-03-04,821,N,VIIRS,l,2,310.51,38.12,D,0
28.39489,70.12099,339.63,0.39,0.36,2025-03-04,821,N,VIIRS,n,2,306.89,40.04,D,0
28.44034,69.9642,335.74,0.39,0.36,2025-03-04,821,N,VIIRS,l,2,309.49,2.49,D,0
28.46061,70.17429,347.65,0.39,0.36,2025-03-04,821,N,VIIRS,n,2,309.05,11.6,D,0
28.46394,70.1736,331.19,0.39,0.36,2025-03-04,821,N,VIIRS,n,2,302.07,1.38,D,0
28.48852,70.17677,330.59,0.39,0.36,2025-03-04,821,N,VIIRS,l,2,302.48,1.93,D,0
28.51607,68.69528,335.55,0.42,0.38,2025-03-04,821,N,VIIRS,n,2,306.18,2.6,D,0
28.53313,70.06884,331.78,0.39,0.36,2025-03-04,821,N,VIIRS,l,2,306.04,2.07,D,0
28.54732,70.1359,342.97,0.39,0.36,2025-03-04,821,N,VIIRS,n,2,307.57,8.83,D,0
28.56763,70.12366,335.26,0.39,0.36,2025-03-04,821,N,VIIRS,n,2,304.92,2.81,D,0
28.57926,70.06775,346.03,0.39,0.36,2025-03-04,821,N,VIIRS,n,2,307.81,10.9,D,0
28.5913,70.05701,333.55,0.39,0.36,2025-03-04,821,N,VIIRS,n,2,305.62,2.52,D,0
28.61489,70.11803,346.05,0.39,0.36,2025-03-04,821,N,VIIRS,n,2,304.96,7.4,D,0
28.64061,70.14973,338.87,0.39,0.36,2025-03-04,821,N,VIIRS,n,2,307.73,5.57,D,0
28.65994,70.14164,333.3,0.39,0.36,2025-03-04,821,N,VIIRS,n,2,304.61,2.39,D,0
28.66816,70.27941,339.32,0.39,0.36,2025-03-04,821,N,VIIRS,n,2,313.72,4.12,D,0
28.67887,70.11757,335.24,0.39,0.36,2025-03-04,821,N,VIIRS,l,2,306.14,1.97,D,0
28.76318,70.30121,336.55,0.39,0.36,2025-03-04,821,N,VIIRS,n,2,307.74,4.39,D,0
28.76381,70.30518,330.41,0.39,0.36,2025-03-04,821,N,VIIRS,n,2,303.6,3.64,D,0
28.76433,70.24368,346.01,0.39,0.36,2025-03-04,821,N,VIIRS,n,2,315.37,11.9,D,0
28.7898,68.32689,338.66,0.43,0.38,2025-03-04,821,N,VIIRS,n,2,312.59,1.8,D,0
29.00257,67.6531,339.11,0.46,0.39,2025-03-04,821,N,VIIRS,l,2,310.66,3.08,D,0
29.00339,67.65775,333.19,0.46,0.39,2025-03-04,821,N,VIIRS,l,2,306.24,1.6,D,0
29.00405,67.65508,347.88,0.46,0.39,2025-03-04,821,N,VIIRS,n,2,310.13,7.41,D,0
29.00463,67.49439,348.77,0.46,0.39,2025-03-04,821,N,VIIRS,n,2,312.14,4.39,D,0
29.00549,67.4991,347.64,0.46,0.39,2025-03-04,821,N,VIIRS,n,2,309.78,4.39,D,0
29.00887,67.6468,338.39,0.46,0.39,2025-03-04,821,N,VIIRS,l,2,308.94,4.48,D,0
29.00907,67.49827,338.9,0.46,0.39,2025-03-04,821,N,VIIRS,n,2,308.4,4.39,D,0
29.02045,69.31734,336.14,0.4,0.37,2025-03-04,821,N,VIIRS,n,2,305.82,2.74,D,0
29.15367,70.32925,332.21,0.39,0.36,2025-03-04,821,N,VIIRS,n,2,300.88,2.23,D,0
28.42492,69.69859,309.82,0.53,0.42,2025-03-04,2046,N,VIIRS,n,2,282.71,1.53,N,2
26.24135,68.55531,330.41,0.54,0.51,2025-03-05,802,N,VIIRS,n,2,301.02,4.31,D,0
26.24596,68.55411,337.43,0.54,0.51,2025-03-05,802,N,VIIRS,n,2,300.31,4.31,D,0
26.41642,67.91216,337.23,0.59,0.53,2025-03-05,802,N,VIIRS,n,2,304.55,6.4,D,0
26.54828,68.15402,332.33,0.56,0.52,2025-03-05,802,N,VIIRS,n,2,299.32,4.11,D,0
26.54852,68.15494,331.06,0.56,0.52,2025-03-05,802,N,VIIRS,n,2,299.24,2.17,D,0
26.55217,68.33524,342.08,0.55,0.51,2025-03-05,802,N,VIIRS,n,2,303.98,9.16,D,0
26.56705,68.1491,340.43,0.56,0.52,2025-03-05,802,N,VIIRS,n,2,299.54,4.66,D,0
26.70857,68.01994,333.04,0.57,0.52,2025-03-05,802,N,VIIRS,n,2,302.71,3.48,D,0
26.72913,68.13937,341.02,0.56,0.51,2025-03-05,802,N,VIIRS,n,2,301.75,4.36,D,0
26.75575,68.12376,338.89,0.56,0.51,2025-03-05,802,N,VIIRS,n,2,301.73,5.18,D,0
26.79716,68.20071,339.98,0.55,0.51,2025-03-05,802,N,VIIRS,n,2,301.36,6.22,D,0
26.91042,68.32946,341.12,0.54,0.51,2025-03-05,802,N,VIIRS,n,2,301.75,5.59,D,0
27.33659,68.49483,342.38,0.52,0.5,2025-03-05,802,N,VIIRS,n,2,303.65,10.94,D,0
27.35645,68.45399,331.19,0.52,0.5,2025-03-05,802,N,VIIRS,n,2,299.81,2.45,D,0
27.5387,68.32514,341.22,0.53,0.5,2025-03-05,802,N,VIIRS,n,2,315.9,77.96,D,0
27.63385,68.84673,340.56,0.49,0.48,2025-03-05,802,N,VIIRS,n,2,302.03,6.11,D,0
27.69526,69.01229,344.8,0.48,0.48,2025-03-05,802,N,VIIRS,n,2,305.79,6.45,D,0
27.69605,69.01398,338.97,0.48,0.48,2025-03-05,802,N,VIIRS,n,2,305.2,6.9,D,0
27.74777,69.55338,339.92,0.44,0.46,2025-03-05,802,N,VIIRS,n,2,303.32,3.76,D,0
27.75268,69.06753,340.19,0.47,0.48,2025-03-05,802,N,VIIRS,n,2,303.82,4.93,D,0
27.82421,69.04051,340.49,0.47,0.48,2025-03-05,802,N,VIIRS,n,2,305.42,5.23,D,0
27.82443,69.03884,332.12,0.47,0.48,2025-03-05,802,N,VIIRS,l,2,303.98,6.02,D,0
27.8617,69.2893,346.95,0.46,0.47,2025-03-05,802,N,VIIRS,n,2,321.94,65.94,D,0
27.86308,69.29021,342.44,0.45,0.47,2025-03-05,802,N,VIIRS,n,2,310.7,67.71,D,0
27.94188,69.38941,331.76,0.45,0.47,2025-03-05,802,N,VIIRS,n,2,305.33,2.58,D,0
27.95505,69.20509,337.57,0.46,0.47,2025-03-05,802,N,VIIRS,n,2,306.43,4.4,D,0
28.00385,68.38866,341.3,0.51,0.49,2025-03-05,802,N,VIIRS,n,2,302.07,12.29,D,0
28.00432,68.38712,367.0,0.51,0.49,2025-03-05,802,N,VIIRS,h,2,301.85,11.67,D,0
28.03003,69.45759,337.33,0.44,0.46,2025-03-05,802,N,VIIRS,n,2,307.99,2.18,D,0
28.0478,69.34924,331.7,0.45,0.47,2025-03-05,802,N,VIIRS,l,2,305.37,5.73,D,0
28.04873,69.35374,342.46,0.45,0.47,2025-03-05,802,N,VIIRS,n,2,310.63,14.97,D,0
28.09566,69.36531,337.25,0.45,0.47,2025-03-05,802,N,VIIRS,n,2,304.05,3.21,D,0
28.09791,69.36578,332.8,0.45,0.47,2025-03-05,802,N,VIIRS,n,2,303.96,3.04,D,0
28.11177,69.51118,333.69,0.44,0.46,2025-03-05,802,N,VIIRS,n,2,305.5,1.9,D,0
28.12925,69.40955,338.18,0.44,0.46,2025-03-05,802,N,VIIRS,n,2,308.1,7.19,D,0
28.29456,69.63694,342.79,0.43,0.46,2025-03-05,802,N,VIIRS,n,2,312.17,4.58,D,0
28.32141,69.66173,334.12,0.42,0.46,2025-03-05,802,N,VIIRS,l,2,305.7,1.23,D,0
28.33632,69.56245,341.05,0.43,0.46,2025-03-05,802,N,VIIRS,n,2,301.66,5.47,D,0
28.35011,70.03748,333.16,0.4,0.45,2025-03-05,802,N,VIIRS,n,2,302.88,0.97,D,0
28.35082,70.03568,341.47,0.4,0.45,2025-03-05,802,N,VIIRS,n,2,301.85,3.14,D,0
28.35642,69.6843,334.99,0.42,0.45,2025-03-05,802,N,VIIRS,n,2,307.51,3.07,D,0
28.44629,70.13683,345.35,0.4,0.44,2025-03-05,802,N,VIIRS,n,2,303.94,3.52,D,0
28.458,70.01037,333.78,0.4,0.45,2025-03-05,802,N,VIIRS,n,2,305.17,2.42,D,0
28.45958,69.9971,333.59,0.4,0.45,2025-03-05,802,N,VIIRS,l,2,308.01,3.05,D,0
28.69732,67.53323,339.07,0.55,0.51,2025-03-05,802,N,VIIRS,n,2,312.2,3.0,D,0
28.69823,67.53053,338.15,0.55,0.51,2025-03-05,802,N,VIIRS,l,2,311.5,4.29,D,0
28.69947,67.53613,342.39,0.55,0.51,2025-03-05,802,N,VIIRS,n,2,311.0,4.29,D,0
28.70197,67.53193,342.88,0.55,0.51,2025-03-05,802,N,VIIRS,n,2,309.0,3.0,D,0
28.7255,67.47541,339.66,0.56,0.51,2025-03-05,802,N,VIIRS,l,2,309.88,4.51,D,0
28.73819,70.34208,335.49,0.38,0.43,2025-03-05,802,N,VIIRS,n,2,305.77,2.97,D,0
28.73922,70.34177,335.82,0.38,0.43,2025-03-05,802,N,VIIRS,n,2,304.22,3.05,D,0
28.75687,67.46069,337.42,0.56,0.51,2025-03-05,802,N,VIIRS,l,2,310.84,2.73,D,0
28.8082,70.11763,333.44,0.39,0.44,2025-03-05,802,N,VIIRS,n,2,301.71,3.02,D,0
28.81828,67.76553,336.97,0.53,0.5,2025-03-05,802,N,VIIRS,n,2,311.3,2.25,D,0
28.9002,68.60117,337.8,0.48,0.48,2025-03-05,802,N,VIIRS,l,2,308.92,5.86,D,0
28.90122,68.60604,338.54,0.48,0.48,2025-03-05,802,N,VIIRS,n,2,306.93,6.78,D,0
28.99018,70.33743,333.15,0.57,0.43,2025-03-05,802,N,VIIRS,n,2,306.2,2.64,D,0
29.00994,70.37495,330.98,0.57,0.43,2025-03-05,802,N,VIIRS,l,2,301.17,5.83,D,0
29.01107,70.38071,340.53,0.57,0.43,2025-03-05,802,N,VIIRS,n,2,308.53,15.15,D,0
29.02454,69.63802,336.26,0.41,0.45,2025-03-05,802,N,VIIRS,n,2,309.6,2.04,D,0
29.02454,70.3652,334.41,0.57,0.43,2025-03-05,802,N,VIIRS,n,2,303.56,5.63,D,0
27.97824,69.13259,299.79,0.36,0.57,2025-03-05,2027,N,VIIRS,n,2,280.79,0.58,N,0
28.42213,69.69824,295.72,0.33,0.55,2025-03-05,2027,N,VIIRS,n,2,284.21,0.45,N,2
28.42591,69.69968,310.02,0.33,0.55,2025-03-05,2027,N,VIIRS,n,2,286.63,1.35,N,2
28.42728,69.69887,307.07,0.33,0.55,2025-03-05,2027,N,VIIRS,n,2,286.09,1.06,N,2
29.01706,70.34599,304.93,0.62,0.54,2025-03-05,2027,N,VIIRS,n,2,283.46,2.62,N,0
29.01735,70.34492,323.88,0.62,0.54,2025-03-05,2027,N,VIIRS,n,2,283.7,4.47,N,0
29.01761,70.33957,306.37,0.62,0.54,2025-03-05,2027,N,VIIRS,n,2,284.3,4.11,N,0
29.02204,70.3466,313.52,0.62,0.54,2025-03-05,2027,N,VIIRS,n,2,284.3,2.62,N,0
29.0226,70.34016,326.74,0.62,0.54,2025-03-05,2027,N,VIIRS,n,2,285.61,4.11,N,0
27.36836,68.10031,314.47,0.41,0.6,2025-03-05,2028,N,VIIRS,n,2,284.39,1.4,N,0
26.39841,67.9526,339.68,0.56,0.69,2025-03-06,743,N,VIIRS,n,2,302.09,3.33,D,0
26.52717,68.12894,346.82,0.54,0.68,2025-03-06,743,N,VIIRS,n,2,304.98,6.0,D,0
26.53021,68.13116,350.2,0.54,0.68,2025-03-06,743,N,VIIRS,n,2,306.51,8.02,D,0
26.54055,67.94756,332.49,0.56,0.68,2025-03-06,743,N,VIIRS,n,2,302.3,5.87,D,0
26.54197,67.95312,343.84,0.55,0.68,2025-03-06,743,N,VIIRS,n,2,301.62,8.76,D,0
26.56273,68.16455,344.88,0.54,0.68,2025-03-06,743,N,VIIRS,n,2,304.18,7.27,D,0
26.5641,68.16992,337.38,0.54,0.68,2025-03-06,743,N,VIIRS,n,2,303.3,8.41,D,0
27.19767,68.43076,339.6,0.5,0.66,2025-03-06,743,N,VIIRS,n,2,299.81,2.27,D,0
27.20362,68.42891,367.0,0.5,0.66,2025-03-06,743,N,VIIRS,h,2,305.89,10.55,D,0
27.39055,68.52724,335.79,0.49,0.65,2025-03-06,743,N,VIIRS,n,2,303.73,2.25,D,0
27.49463,69.58349,351.72,0.42,0.61,2025-03-06,743,N,VIIRS,n,2,310.95,20.79,D,0
27.5012,69.58603,367.0,0.42,0.61,2025-03-06,743,N,VIIRS,h,2,304.63,11.5,D,0
27.52231,69.39295,337.56,0.43,0.62,2025-03-06,743,N,VIIRS,l,2,309.25,1.27,D,0
27.52338,69.39733,346.06,0.43,0.62,2025-03-06,743,N,VIIRS,n,2,310.82,6.01,D,0
27.67192,68.496,367.0,0.49,0.65,2025-03-06,743,N,VIIRS,h,2,307.96,14.01,D,0
27.67779,68.49418,367.0,0.49,0.65,2025-03-06,743,N,VIIRS,h,2,311.19,14.01,D,0
27.68365,68.49232,367.0,0.49,0.65,2025-03-06,743,N,VIIRS,h,2,316.59,18.22,D,0
27.81584,68.83021,337.45,0.46,0.64,2025-03-06,743,N,VIIRS,n,2,300.85,4.96,D,0
27.81866,69.51184,331.52,0.42,0.61,2025-03-06,743,N,VIIRS,l,2,303.11,2.28,D,0
28.09028,69.35003,330.41,0.42,0.61,2025-03-06,743,N,VIIRS,n,2,304.16,2.48,D,0
28.12631,69.49807,354.57,0.42,0.61,2025-03-06,743,N,VIIRS,n,2,306.34,4.59,D,0
28.27649,69.80779,333.55,0.39,0.6,2025-03-06,743,N,VIIRS,n,2,302.06,1.76,D,0
28.35899,70.17397,336.72,0.37,0.58,2025-03-06,743,N,VIIRS,n,2,302.07,9.55,D,0
28.35989,70.17776,367.0,0.37,0.58,2025-03-06,743,N,VIIRS,h,2,306.19,9.55,D,0
28.56099,70.39874,344.8,0.36,0.57,2025-03-06,743,N,VIIRS,n,2,301.49,3.39,D,0
28.56175,70.19681,348.74,0.37,0.58,2025-03-06,743,N,VIIRS,n,2,305.57,4.51,D,0
28.56264,70.20052,331.04,0.37,0.58,2025-03-06,743,N,VIIRS,n,2,302.4,4.43,D,0
28.56389,70.19657,349.25,0.37,0.58,2025-03-06,743,N,VIIRS,n,2,303.35,5.06,D,0
28.63962,70.21738,331.23,0.37,0.58,2025-03-06,743,N,VIIRS,n,2,301.81,2.31,D,0
28.68564,68.33424,337.23,0.47,0.64,2025-03-06,744,N,VIIRS,n,2,307.75,3.6,D,0
28.71766,67.50446,338.69,0.52,0.67,2025-03-06,744,N,VIIRS,l,2,308.86,6.25,D,0
28.73492,67.47003,344.57,0.53,0.67,2025-03-06,744,N,VIIRS,n,2,311.06,2.94,D,0
28.88802,70.29268,330.13,0.36,0.57,2025-03-06,744,N,VIIRS,l,2,302.99,2.07,D,0
29.08156,67.68269,347.22,0.5,0.66,2025-03-06,744,N,VIIRS,n,2,306.16,4.33,D,0
26.38619,68.88653,331.32,0.55,0.68,2025-03-06,923,N,VIIRS,n,2,305.95,2.91,D,0
26.38657,68.89222,332.12,0.55,0.68,2025-03-06,923,N,VIIRS,n,2,304.02,3.87,D,0
26.38837,68.88998,345.79,0.55,0.68,2025-03-06,923,N,VIIRS,n,2,305.4,4.14,D,0
26.46631,68.1875,346.45,0.5,0.66,2025-03-06,923,N,VIIRS,n,2,302.17,4.46,D,0
26.52188,68.27682,355.99,0.5,0.66,2025-03-06,923,N,VIIRS,n,2,304.99,8.72,D,0
26.52225,68.28205,349.29,0.5,0.66,2025-03-06,923,N,VIIRS,n,2,304.43,8.72,D,0
26.53787,67.98294,334.33,0.48,0.65,2025-03-06,923,N,VIIRS,n,2,304.55,1.64,D,0
26.558,68.17512,354.44,0.5,0.66,2025-03-06,923,N,VIIRS,n,2,303.9,7.41,D,0
26.55816,68.17756,367.0,0.5,0.66,2025-03-06,923,N,VIIRS,h,2,305.26,9.5,D,0
26.69078,68.30334,343.15,0.51,0.66,2025-03-06,923,N,VIIRS,n,2,302.52,4.5,D,0
26.69519,68.29887,330.42,0.51,0.66,2025-03-06,924,N,VIIRS,n,2,301.65,3.4,D,0
26.69554,68.30415,337.6,0.51,0.66,2025-03-06,924,N,VIIRS,n,2,305.13,3.4,D,0
26.78369,68.14539,332.62,0.5,0.66,2025-03-06,924,N,VIIRS,n,2,302.86,2.29,D,0
26.80801,68.14042,345.84,0.5,0.66,2025-03-06,924,N,VIIRS,n,2,305.09,3.78,D,0
26.83391,68.24834,341.58,0.51,0.66,2025-03-06,924,N,VIIRS,n,2,304.16,4.16,D,0
27.08812,68.39741,347.59,0.52,0.67,2025-03-06,924,N,VIIRS,n,2,303.05,7.41,D,0
27.08845,68.40282,353.94,0.52,0.67,2025-03-06,924,N,VIIRS,n,2,304.31,7.41,D,0
27.0909,68.40108,367.0,0.52,0.67,2025-03-06,924,N,VIIRS,h,2,303.62,13.32,D,0
27.37632,68.55725,351.89,0.53,0.67,2025-03-06,924,N,VIIRS,n,2,300.19,6.86,D,0
27.42774,68.41502,336.36,0.52,0.67,2025-03-06,924,N,VIIRS,n,2,304.6,3.22,D,0
27.43016,68.41461,346.49,0.52,0.67,2025-03-06,924,N,VIIRS,n,2,304.42,4.99,D,0
27.43401,68.41453,332.42,0.52,0.67,2025-03-06,924,N,VIIRS,n,2,303.82,3.22,D,0
27.49869,69.58789,338.93,0.62,0.71,2025-03-06,924,N,VIIRS,l,2,309.33,4.43,D,0
27.5021,69.58947,341.46,0.62,0.71,2025-03-06,924,N,VIIRS,n,2,310.28,3.53,D,0
27.51044,69.37668,335.73,0.6,0.71,2025-03-06,924,N,VIIRS,l,2,308.29,1.49,D,0
27.67299,68.49655,354.81,0.53,0.67,2025-03-06,924,N,VIIRS,n,2,315.87,29.85,D,0
27.67333,68.50214,341.43,0.53,0.67,2025-03-06,924,N,VIIRS,n,2,303.68,27.25,D,0
27.68526,68.49007,367.0,0.53,0.67,2025-03-06,924,N,VIIRS,h,2,311.46,21.97,D,0
27.76223,69.13374,331.19,0.58,0.7,2025-03-06,924,N,VIIRS,n,2,301.1,2.12,D,0
27.9036,68.86471,330.08,0.56,0.69,2025-03-06,924,N,VIIRS,n,2,300.06,4.11,D,0
27.90395,68.87061,334.18,0.56,0.69,2025-03-06,924,N,VIIRS,n,2,300.64,4.11,D,0
28.19169,69.45875,334.52,0.61,0.71,2025-03-06,924,N,VIIRS,n,2,304.14,2.8,D,0
28.77309,67.63042,347.0,0.48,0.65,2025-03-06,924,N,VIIRS,n,2,310.84,24.76,D,0
28.77342,67.63554,367.0,0.48,0.65,2025-03-06,924,N,VIIRS,h,2,311.28,37.45,D,0
28.78394,70.23843,339.82,0.69,0.74,2025-03-06,924,N,VIIRS,n,2,301.09,3.74,D,0
28.78546,70.23939,335.78,0.69,0.74,2025-03-06,924,N,VIIRS,n,2,298.2,3.62,D,0
28.83295,70.28963,349.52,0.7,0.75,2025-03-06,924,N,VIIRS,n,2,302.4,9.11,D,0
28.83538,70.28812,351.26,0.7,0.75,2025-03-06,924,N,VIIRS,n,2,302.38,11.63,D,0
28.85354,67.73039,337.35,0.49,0.65,2025-03-06,924,N,VIIRS,n,2,308.37,1.35,D,0
28.87948,67.46707,345.42,0.47,0.64,2025-03-06,924,N,VIIRS,n,2,307.12,3.14,D,0
28.8855,67.46664,333.54,0.47,0.64,2025-03-06,924,N,VIIRS,n,2,301.88,3.14,D,0
28.92367,67.40597,367.0,0.47,0.64,2025-03-06,924,N,VIIRS,h,2,306.52,19.14,D,0
28.92552,67.40611,367.0,0.47,0.64,2025-03-06,924,N,VIIRS,h,2,305.13,33.07,D,0
28.92943,67.40232,367.0,0.47,0.64,2025-03-06,924,N,VIIRS,h,2,302.0,19.14,D,0
29.00136,67.4585,367.0,0.47,0.64,2025-03-06,924,N,VIIRS,h,2,308.85,7.25,D,0
29.0017,67.46353,337.2,0.47,0.64,2025-03-06,924,N,VIIRS,n,2,308.23,7.25,D,0
29.00315,67.45512,343.06,0.47,0.64,2025-03-06,924,N,VIIRS,n,2,307.08,7.38,D,0
29.00344,67.46014,367.0,0.48,0.64,2025-03-06,924,N,VIIRS,h,2,308.19,14.67,D,0
28.42728,69.69854,299.77,0.65,0.73,2025-03-06,2008,N,VIIRS,n,2,288.95,1.69,N,2
28.47015,70.39949,299.05,0.59,0.7,2025-03-06,2008,N,VIIRS,n,2,285.15,0.64,N,0
28.47105,70.39954,300.3,0.59,0.7,2025-03-06,2008,N,VIIRS,n,2,285.08,0.73,N,0
26.25698,68.1345,295.9,0.77,0.77,2025-03-06,2009,N,VIIRS,n,2,285.72,0.55,N,0
28.42422,69.70205,309.21,0.4,0.6,2025-03-06,2149,N,VIIRS,n,2,288.52,1.14,N,2
28.61386,68.62797,298.2,0.34,0.56,2025-03-06,2149,N,VIIRS,n,2,286.21,0.81,N,2
28.32001,70.0288,340.3,0.72,0.75,2025-03-07,725,N,VIIRS,n,2,298.52,4.0,D,0
28.32146,70.0298,341.02,0.72,0.75,2025-03-07,725,N,VIIRS,n,2,299.19,5.37,D,0
28.40034,70.10376,331.17,0.71,0.75,2025-03-07,725,N,VIIRS,n,2,296.95,2.74,D,0
28.46476,69.96854,333.06,0.72,0.75,2025-03-07,725,N,VIIRS,n,2,300.17,3.03,D,0
28.61617,70.14207,338.46,0.69,0.75,2025-03-07,725,N,VIIRS,n,2,297.78,11.58,D,0
26.5842,68.14942,346.13,0.5,0.49,2025-03-07,904,N,VIIRS,n,2,311.61,9.28,D,0
26.58424,68.15134,342.0,0.51,0.49,2025-03-07,905,N,VIIRS,n,2,307.53,6.8,D,0
26.59892,67.92935,340.17,0.49,0.49,2025-03-07,905,N,VIIRS,n,2,304.4,4.72,D,0
27.17806,68.36066,341.12,0.53,0.5,2025-03-07,905,N,VIIRS,n,2,305.28,6.63,D,0
27.26761,68.19112,348.44,0.52,0.5,2025-03-07,905,N,VIIRS,n,2,309.65,14.03,D,0
27.36806,68.397,342.25,0.53,0.5,2025-03-07,905,N,VIIRS,n,2,308.5,9.58,D,0
27.37054,68.39996,343.52,0.53,0.5,2025-03-07,905,N,VIIRS,n,2,308.8,6.26,D,0
27.7581,68.9993,332.77,0.59,0.53,2025-03-07,905,N,VIIRS,n,2,299.46,8.15,D,0
27.96017,69.01977,336.2,0.59,0.53,2025-03-07,905,N,VIIRS,n,2,304.0,3.18,D,0
27.9621,69.02333,338.29,0.59,0.53,2025-03-07,905,N,VIIRS,n,2,304.64,6.47,D,0
28.12606,69.39848,342.56,0.63,0.54,2025-03-07,905,N,VIIRS,n,2,305.0,7.83,D,0
28.1311,69.39794,342.66,0.63,0.54,2025-03-07,905,N,VIIRS,n,2,303.52,30.86,D,0
28.13223,69.41094,343.68,0.63,0.54,2025-03-07,905,N,VIIRS,n,2,298.98,16.33,D,0
28.5656,70.10542,334.21,0.35,0.57,2025-03-07,905,N,VIIRS,n,2,304.08,2.01,D,0
28.60164,70.37547,335.26,0.36,0.58,2025-03-07,905,N,VIIRS,l,2,305.47,2.54,D,0
28.6691,67.68274,343.53,0.5,0.49,2025-03-07,905,N,VIIRS,n,2,310.45,3.54,D,0
28.66915,67.68445,343.18,0.5,0.49,2025-03-07,905,N,VIIRS,n,2,311.23,4.54,D,0
28.69902,67.47151,344.4,0.49,0.48,2025-03-07,905,N,VIIRS,n,2,312.05,5.81,D,0
28.70351,67.47095,341.98,0.49,0.48,2025-03-07,905,N,VIIRS,l,2,312.33,6.14,D,0
28.76206,67.63714,337.78,0.5,0.49,2025-03-07,905,N,VIIRS,l,2,310.13,3.71,D,0
28.78982,67.63895,339.68,0.5,0.49,2025-03-07,905,N,VIIRS,n,2,309.0,5.79,D,0
28.99449,70.32184,350.06,0.36,0.58,2025-03-07,905,N,VIIRS,n,2,301.97,2.03,D,0
28.99706,70.32133,356.15,0.36,0.58,2025-03-07,905,N,VIIRS,n,2,303.77,3.66,D,0
28.42393,69.69902,304.47,0.42,0.45,2025-03-07,2130,N,VIIRS,n,2,281.82,1.62,N,2
26.20931,68.19166,339.55,0.43,0.38,2025-03-08,846,N,VIIRS,n,2,302.92,3.49,D,0
26.398,67.91358,336.69,0.42,0.38,2025-03-08,846,N,VIIRS,n,2,307.12,2.97,D,0
26.49806,68.14697,338.6,0.43,0.38,2025-03-08,846,N,VIIRS,n,2,305.34,3.14,D,0
26.51607,68.39379,336.59,0.44,0.38,2025-03-08,846,N,VIIRS,n,2,306.6,1.93,D,0
26.52665,68.14668,334.08,0.43,0.38,2025-03-08,846,N,VIIRS,l,2,305.17,2.91,D,0
26.57837,67.91611,335.06,0.42,0.38,2025-03-08,846,N,VIIRS,l,2,308.93,2.21,D,0
26.58094,68.1776,333.65,0.43,0.38,2025-03-08,846,N,VIIRS,n,2,306.27,2.08,D,0
26.64781,68.93247,341.62,0.46,0.39,2025-03-08,846,N,VIIRS,n,2,313.0,4.98,D,0
26.65476,68.16695,334.59,0.43,0.38,2025-03-08,846,N,VIIRS,n,2,304.05,4.38,D,0
26.73422,68.14175,344.92,0.43,0.38,2025-03-08,846,N,VIIRS,n,2,304.14,4.67,D,0
26.75821,68.10676,339.35,0.43,0.38,2025-03-08,846,N,VIIRS,n,2,306.21,2.25,D,0
26.76534,68.9543,341.88,0.46,0.39,2025-03-08,846,N,VIIRS,n,2,313.18,5.04,D,0
26.78534,68.96552,342.01,0.47,0.39,2025-03-08,846,N,VIIRS,n,2,311.89,3.7,D,0
26.79212,68.27976,333.52,0.44,0.38,2025-03-08,846,N,VIIRS,n,2,303.94,1.18,D,0
26.79563,68.17173,333.71,0.43,0.38,2025-03-08,846,N,VIIRS,l,2,305.37,3.03,D,0
26.92931,68.44913,343.52,0.44,0.39,2025-03-08,846,N,VIIRS,n,2,309.53,17.85,D,0
26.93287,68.44855,342.24,0.44,0.39,2025-03-08,846,N,VIIRS,n,2,308.84,17.85,D,0
27.32965,69.04508,345.48,0.48,0.4,2025-03-08,846,N,VIIRS,n,2,314.07,7.72,D,0
27.40565,68.44865,337.31,0.45,0.39,2025-03-08,846,N,VIIRS,n,2,308.28,3.13,D,0
27.43013,68.41221,338.32,0.45,0.39,2025-03-08,846,N,VIIRS,n,2,305.15,5.17,D,0
27.53588,68.51302,330.78,0.45,0.39,2025-03-08,846,N,VIIRS,n,2,303.09,1.57,D,0
27.55131,69.37106,350.02,0.49,0.41,2025-03-08,846,N,VIIRS,n,2,312.12,20.73,D,0
27.56123,68.97986,340.95,0.47,0.4,2025-03-08,846,N,VIIRS,n,2,313.96,5.17,D,0
27.59028,68.3247,309.68,0.45,0.39,2025-03-08,846,N,VIIRS,l,2,309.85,23.61,D,0
27.59086,68.32923,367.0,0.45,0.39,2025-03-08,846,N,VIIRS,l,2,327.97,48.22,D,0
27.59443,68.32865,349.53,0.45,0.39,2025-03-08,846,N,VIIRS,n,2,311.57,6.28,D,0
27.59862,68.5052,333.04,0.45,0.39,2025-03-08,846,N,VIIRS,n,2,304.68,4.57,D,0
27.60113,68.50722,334.66,0.45,0.39,2025-03-08,846,N,VIIRS,n,2,303.49,4.51,D,0
27.82829,69.25414,336.27,0.49,0.4,2025-03-08,846,N,VIIRS,n,2,309.19,4.91,D,0
27.92106,68.97978,336.06,0.48,0.4,2025-03-08,846,N,VIIRS,n,2,310.7,3.41,D,0
28.02218,69.42874,336.86,0.5,0.41,2025-03-08,846,N,VIIRS,n,2,308.58,3.57,D,0
28.19882,69.43407,345.09,0.51,0.41,2025-03-08,846,N,VIIRS,n,2,316.99,13.25,D,0
28.31822,69.97222,334.04,0.54,0.42,2025-03-08,846,N,VIIRS,n,2,307.43,2.85,D,0
28.32212,69.97165,331.59,0.54,0.42,2025-03-08,846,N,VIIRS,n,2,305.3,2.85,D,0
28.32212,69.97472,334.89,0.54,0.42,2025-03-08,846,N,VIIRS,n,2,304.31,3.55,D,0
28.44171,67.56789,342.46,0.43,0.38,2025-03-08,846,N,VIIRS,l,2,316.1,8.24,D,0
28.4424,67.56855,349.76,0.43,0.38,2025-03-08,846,N,VIIRS,n,2,316.8,10.46,D,0
28.46557,70.29795,334.79,0.56,0.43,2025-03-08,846,N,VIIRS,n,2,304.68,4.82,D,0
28.46792,70.29955,339.29,0.56,0.43,2025-03-08,846,N,VIIRS,n,2,305.65,5.85,D,0
28.58378,70.21984,332.56,0.56,0.43,2025-03-08,846,N,VIIRS,l,2,305.7,4.0,D,0
28.67155,67.6475,349.06,0.43,0.38,2025-03-08,846,N,VIIRS,n,2,317.27,9.96,D,0
28.67174,67.64843,367.0,0.43,0.38,2025-03-08,846,N,VIIRS,h,2,315.84,13.46,D,0
28.6871,67.46645,344.91,0.42,0.38,2025-03-08,846,N,VIIRS,l,2,315.75,5.54,D,0
28.72718,67.74335,349.2,0.43,0.38,2025-03-08,846,N,VIIRS,n,2,320.39,14.13,D,0
28.42439,69.69908,321.66,0.4,0.37,2025-03-08,2111,N,VIIRS,n,2,288.46,1.85,N,2
26.31801,68.08835,305.75,0.39,0.36,2025-03-08,2112,N,VIIRS,n,2,288.99,0.77,N,0
26.6943,70.06826,348.0,0.38,0.36,2025-03-09,827,N,VIIRS,l,2,319.87,7.95,D,0
26.9187,68.3746,334.94,0.4,0.37,2025-03-09,827,N,VIIRS,n,2,300.19,3.96,D,0
27.7498,69.14597,333.74,0.39,0.36,2025-03-09,827,N,VIIRS,n,2,299.49,4.42,D,0
28.13563,69.44511,341.86,0.38,0.36,2025-03-09,827,N,VIIRS,n,2,307.98,4.02,D,0
28.13894,69.44447,334.81,0.38,0.36,2025-03-09,827,N,VIIRS,l,2,305.88,4.02,D,0
28.30818,69.64526,337.52,0.38,0.36,2025-03-09,827,N,VIIRS,n,2,307.08,5.71,D,0
26.665,67.92649,341.94,0.47,0.48,2025-03-10,808,N,VIIRS,n,2,308.38,5.94,D,0
26.69852,68.06844,335.25,0.46,0.47,2025-03-10,808,N,VIIRS,n,2,307.08,4.47,D,0
26.74231,68.06221,349.85,0.46,0.47,2025-03-10,808,N,VIIRS,n,2,306.58,8.56,D,0
26.74333,68.06313,342.8,0.46,0.47,2025-03-10,808,N,VIIRS,n,2,307.08,12.54,D,0
27.68467,69.07761,349.89,0.39,0.44,2025-03-10,808,N,VIIRS,n,2,304.25,9.22,D,0
27.92493,68.99113,341.68,0.39,0.44,2025-03-10,808,N,VIIRS,n,2,290.52,6.14,D,0
27.92736,68.98236,339.9,0.39,0.44,2025-03-10,808,N,VIIRS,n,2,290.35,4.26,D,0
27.95144,69.17931,331.13,0.57,0.43,2025-03-10,808,N,VIIRS,n,2,296.94,1.84,D,0
27.95333,69.17671,332.99,0.57,0.43,2025-03-10,808,N,VIIRS,n,2,299.61,3.07,D,0
28.34046,70.30344,344.23,0.49,0.4,2025-03-10,808,N,VIIRS,n,2,300.27,16.12,D,0
28.6178,70.3979,336.14,0.48,0.4,2025-03-10,808,N,VIIRS,n,2,302.15,3.11,D,0
28.65657,70.20036,330.66,0.49,0.4,2025-03-10,808,N,VIIRS,n,2,301.05,2.91,D,0
28.66026,70.19949,331.89,0.49,0.4,2025-03-10,808,N,VIIRS,n,2,301.93,3.21,D,0
28.75732,70.3233,338.4,0.48,0.4,2025-03-10,808,N,VIIRS,n,2,301.13,3.95,D,0
26.24788,68.71857,340.39,0.41,0.61,2025-03-11,749,N,VIIRS,n,2,301.2,2.41,D,0
26.42575,67.93468,332.52,0.45,0.63,2025-03-11,749,N,VIIRS,n,2,301.89,4.93,D,0
26.86554,68.96593,334.02,0.39,0.59,2025-03-11,749,N,VIIRS,n,2,302.9,2.95,D,0
26.86644,68.9698,332.53,0.39,0.59,2025-03-11,749,N,VIIRS,n,2,303.67,3.61,D,0
26.95372,68.50998,346.27,0.41,0.61,2025-03-11,749,N,VIIRS,n,2,301.64,4.19,D,0
27.26878,68.19379,334.66,0.42,0.61,2025-03-11,749,N,VIIRS,n,2,294.91,6.68,D,0
27.27061,68.19025,343.28,0.42,0.61,2025-03-11,749,N,VIIRS,n,2,294.92,8.85,D,0
27.818,68.14825,338.93,0.41,0.61,2025-03-11,750,N,VIIRS,n,2,275.5,6.01,D,0
27.33903,68.39129,334.38,0.77,0.77,2025-03-12,731,N,VIIRS,n,2,288.91,5.85,D,0
26.36793,68.94138,335.47,0.35,0.57,2025-03-12,911,N,VIIRS,n,2,298.73,2.51,D,0
27.95557,69.89909,330.88,0.42,0.61,2025-03-12,911,N,VIIRS,n,2,285.98,3.19,D,0
27.95974,69.89879,335.64,0.42,0.61,2025-03-12,911,N,VIIRS,n,2,285.83,4.18,D,0
28.22621,69.34956,334.7,0.39,0.59,2025-03-12,911,N,VIIRS,n,2,302.05,4.61,D,0
28.22646,69.34937,335.53,0.39,0.59,2025-03-12,911,N,VIIRS,n,2,302.5,3.09,D,0
28.42306,69.70224,309.01,0.51,0.5,2025-03-12,2136,N,VIIRS,n,2,290.55,1.09,N,2
26.61344,67.86603,340.21,0.49,0.4,2025-03-13,852,N,VIIRS,n,2,307.11,5.71,D,0
27.68147,68.38798,339.88,0.53,0.42,2025-03-13,852,N,VIIRS,n,2,309.21,7.65,D,0
27.9122,67.58273,337.61,0.49,0.4,2025-03-13,852,N,VIIRS,n,2,304.64,2.84,D,0
27.95998,69.0039,340.56,0.38,0.43,2025-03-13,852,N,VIIRS,n,2,305.01,7.43,D,0
27.97616,69.07363,333.19,0.39,0.44,2025-03-13,852,N,VIIRS,l,2,306.14,2.33,D,0
28.04539,70.25835,345.76,0.45,0.47,2025-03-13,852,N,VIIRS,n,2,310.56,15.26,D,0
28.17153,69.54711,346.73,0.41,0.45,2025-03-13,852,N,VIIRS,n,2,309.98,8.63,D,0
28.47807,69.26468,344.36,0.4,0.44,2025-03-13,852,N,VIIRS,n,2,311.99,2.77,D,0
28.73261,67.77136,337.33,0.51,0.41,2025-03-13,852,N,VIIRS,l,2,311.97,3.23,D,0
28.74731,70.30817,343.58,0.46,0.47,2025-03-13,852,N,VIIRS,n,2,309.98,8.58,D,0
28.92096,67.61636,346.97,0.5,0.41,2025-03-13,852,N,VIIRS,n,2,313.01,4.04,D,0
29.00074,70.01118,346.16,0.45,0.47,2025-03-13,852,N,VIIRS,n,2,314.87,7.03,D,0
29.00506,70.01061,338.12,0.45,0.47,2025-03-13,852,N,VIIRS,l,2,310.53,7.03,D,0
26.37925,68.35441,335.93,0.38,0.36,2025-03-14,833,N,VIIRS,n,2,307.9,2.53,D,0
26.40093,68.85185,345.43,0.38,0.36,2025-03-14,833,N,VIIRS,n,2,309.46,13.26,D,0
26.55887,68.13759,332.79,0.39,0.36,2025-03-14,833,N,VIIRS,n,2,304.93,1.78,D,0
26.67092,68.29141,335.59,0.38,0.36,2025-03-14,833,N,VIIRS,n,2,304.06,2.02,D,0
26.97823,68.20051,333.51,0.38,0.36,2025-03-14,833,N,VIIRS,n,2,303.46,1.17,D,0
27.38873,68.78355,339.82,0.38,0.36,2025-03-14,833,N,VIIRS,l,2,312.23,3.88,D,0
27.39321,68.79068,339.63,0.38,0.36,2025-03-14,833,N,VIIRS,l,2,310.86,3.45,D,0
27.7698,68.52866,344.42,0.38,0.36,2025-03-14,833,N,VIIRS,n,2,309.26,6.4,D,0
27.8484,69.14393,334.82,0.39,0.36,2025-03-14,833,N,VIIRS,n,2,301.39,2.97,D,0
28.09786,69.51383,334.64,0.39,0.36,2025-03-14,833,N,VIIRS,n,2,299.66,2.71,D,0
28.49171,70.07997,342.68,0.41,0.37,2025-03-14,833,N,VIIRS,n,2,300.57,11.62,D,0
28.71558,67.50065,342.85,0.39,0.36,2025-03-14,834,N,VIIRS,l,2,316.23,5.61,D,0
28.97473,67.53068,346.45,0.39,0.36,2025-03-14,834,N,VIIRS,n,2,313.95,3.9,D,0
29.06668,68.24157,345.67,0.38,0.36,2025-03-14,834,N,VIIRS,n,2,311.82,3.23,D,0
29.13939,67.74111,342.84,0.38,0.36,2025-03-14,834,N,VIIRS,n,2,313.38,3.27,D,0
29.14269,67.74046,343.18,0.38,0.36,2025-03-14,834,N,VIIRS,n,2,314.68,3.7,D,0
29.18641,67.6955,338.65,0.38,0.36,2025-03-14,834,N,VIIRS,l,2,312.6,2.88,D,0
26.34346,68.85775,331.44,0.52,0.42,2025-03-15,814,N,VIIRS,l,2,303.88,3.1,D,0
26.62251,67.93907,333.91,0.38,0.43,2025-03-15,814,N,VIIRS,n,2,300.43,1.74,D,0
27.36035,68.57068,332.49,0.52,0.41,2025-03-15,814,N,VIIRS,n,2,303.35,3.05,D,0
27.87598,69.03912,330.08,0.48,0.4,2025-03-15,814,N,VIIRS,l,2,303.41,8.76,D,0
27.94835,69.14378,338.13,0.48,0.4,2025-03-15,814,N,VIIRS,n,2,301.89,6.52,D,0
27.97789,68.41547,337.19,0.52,0.41,2025-03-15,814,N,VIIRS,n,2,302.13,7.14,D,0
28.08698,69.16582,331.04,0.47,0.4,2025-03-15,814,N,VIIRS,l,2,305.08,5.61,D,0
28.86762,70.3268,333.83,0.42,0.38,2025-03-15,815,N,VIIRS,n,2,301.79,3.4,D,0
29.09079,68.77102,342.17,0.48,0.4,2025-03-15,815,N,VIIRS,n,2,305.69,4.64,D,0
26.21482,68.91874,324.45,0.45,0.47,2025-03-15,2040,N,VIIRS,n,2,288.22,1.91,N,0
26.21531,68.91415,302.11,0.45,0.47,2025-03-15,2040,N,VIIRS,n,2,287.52,1.91,N,0
26.28921,68.80913,340.95,0.33,0.55,2025-03-16,755,N,VIIRS,n,2,303.27,1.92,D,0
28.09337,67.97397,330.35,0.34,0.56,2025-03-16,756,N,VIIRS,l,2,303.12,3.15,D,0
28.09534,67.97223,343.36,0.34,0.56,2025-03-16,756,N,VIIRS,n,2,304.4,2.41,D,0
28.1501,69.4719,341.06,0.55,0.51,2025-03-16,756,N,VIIRS,n,2,298.78,7.87,D,0
28.1513,69.47742,341.03,0.55,0.51,2025-03-16,756,N,VIIRS,n,2,299.16,7.87,D,0
28.44765,67.50799,343.46,0.35,0.57,2025-03-16,756,N,VIIRS,n,2,310.16,1.57,D,0
28.65025,70.24934,332.03,0.48,0.48,2025-03-16,756,N,VIIRS,n,2,298.99,6.03,D,0
28.8037,70.32893,333.46,0.47,0.48,2025-03-16,756,N,VIIRS,n,2,303.31,6.03,D,0
29.05366,70.39105,344.92,0.46,0.47,2025-03-16,756,N,VIIRS,n,2,303.31,4.15,D,0
29.05481,70.39267,341.14,0.46,0.47,2025-03-16,756,N,VIIRS,n,2,303.05,5.09,D,0
28.42302,69.69971,306.97,0.42,0.61,2025-03-16,2021,N,VIIRS,n,2,287.92,0.97,N,2
28.42418,69.70057,298.62,0.42,0.61,2025-03-16,2021,N,VIIRS,n,2,288.27,0.91,N,2
26.53747,68.10882,331.32,0.68,0.74,2025-03-17,737,N,VIIRS,l,2,304.21,2.74,D,0
26.57,68.14974,333.76,0.67,0.74,2025-03-17,737,N,VIIRS,n,2,301.54,3.82,D,0
28.87558,70.29103,335.24,0.45,0.63,2025-03-17,737,N,VIIRS,l,2,305.78,3.72,D,0
28.87604,70.28996,342.21,0.45,0.63,2025-03-17,737,N,VIIRS,n,2,306.09,4.39,D,0
26.56397,68.15136,334.86,0.39,0.59,2025-03-17,917,N,VIIRS,n,2,298.96,1.2,D,0
26.56951,68.15085,330.56,0.39,0.59,2025-03-17,917,N,VIIRS,n,2,297.75,1.2,D,0
26.6304,68.08263,332.83,0.39,0.59,2025-03-17,917,N,VIIRS,l,2,307.51,3.73,D,0
27.52058,69.37843,341.08,0.48,0.64,2025-03-17,917,N,VIIRS,n,2,312.38,4.53,D,0
27.95549,69.17353,367.0,0.47,0.64,2025-03-17,917,N,VIIRS,h,2,312.11,12.74,D,0
28.63925,67.41485,347.76,0.37,0.58,2025-03-17,918,N,VIIRS,n,2,313.07,5.27,D,0
28.81999,67.75488,367.0,0.39,0.59,2025-03-17,918,N,VIIRS,h,2,316.73,7.66,D,0
28.8203,67.75897,351.21,0.39,0.59,2025-03-17,918,N,VIIRS,n,2,316.47,7.66,D,0
28.85197,67.5908,348.5,0.38,0.59,2025-03-17,918,N,VIIRS,n,2,312.29,15.4,D,0
28.85746,67.59029,367.0,0.38,0.59,2025-03-17,918,N,VIIRS,h,2,316.95,15.4,D,0
29.02902,67.51288,344.53,0.38,0.59,2025-03-17,918,N,VIIRS,l,2,316.56,2.52,D,0
29.03379,67.51255,347.41,0.38,0.59,2025-03-17,918,N,VIIRS,n,2,313.59,3.33,D,0
28.42622,69.70461,298.93,0.63,0.54,2025-03-17,2142,N,VIIRS,n,2,288.76,1.57,N,2
27.24088,69.09606,345.69,0.47,0.47,2025-03-18,858,N,VIIRS,n,2,314.43,9.34,D,0
29.03071,67.47975,353.54,0.39,0.44,2025-03-18,859,N,VIIRS,n,2,294.29,62.85,D,0
28.99096,67.52933,310.34,0.41,0.37,2025-03-18,2123,N,VIIRS,n,2,286.83,0.99,N,0
28.611,68.62801,301.68,0.46,0.39,2025-03-18,2124,N,VIIRS,n,2,288.43,0.85,N,0
26.53585,68.87607,339.35,0.4,0.37,2025-03-19,839,N,VIIRS,l,2,313.85,6.32,D,0
26.56641,68.114,341.02,0.39,0.36,2025-03-19,839,N,VIIRS,n,2,308.07,4.15,D,0
26.65933,68.14982,334.03,0.39,0.36,2025-03-19,839,N,VIIRS,l,2,304.45,3.26,D,0
26.79151,68.96276,341.44,0.41,0.37,2025-03-19,839,N,VIIRS,l,2,313.49,2.41,D,0
27.45833,68.33044,342.19,0.4,0.37,2025-03-19,839,N,VIIRS,l,2,316.23,9.21,D,0
27.62942,68.40849,350.36,0.4,0.37,2025-03-19,839,N,VIIRS,n,2,316.78,7.31,D,0
27.6328,68.40789,351.88,0.4,0.37,2025-03-19,839,N,VIIRS,n,2,319.67,7.31,D,0
27.63617,68.40729,350.63,0.4,0.37,2025-03-19,839,N,VIIRS,n,2,317.75,8.63,D,0
27.72069,68.46322,344.9,0.4,0.37,2025-03-19,839,N,VIIRS,n,2,312.25,2.36,D,0
27.87245,69.87674,342.86,0.44,0.39,2025-03-19,839,N,VIIRS,l,2,316.1,9.83,D,0
28.01554,69.73049,338.72,0.44,0.38,2025-03-19,839,N,VIIRS,n,2,306.36,1.85,D,0
28.02461,68.36892,333.3,0.4,0.37,2025-03-19,839,N,VIIRS,l,2,306.23,2.29,D,0
28.18167,70.12454,335.71,0.46,0.39,2025-03-19,839,N,VIIRS,l,2,307.3,2.03,D,0
28.31193,67.40733,341.14,0.39,0.36,2025-03-19,840,N,VIIRS,n,2,310.74,2.5,D,0
28.75418,68.4589,341.04,0.41,0.37,2025-03-19,840,N,VIIRS,l,2,315.67,3.45,D,0
29.00794,70.35963,335.79,0.48,0.4,2025-03-19,840,N,VIIRS,n,2,306.26,3.09,D,0
27.45366,67.94358,297.28,0.4,0.37,2025-03-19,2105,N,VIIRS,n,2,282.59,0.21,N,0
27.67031,68.88981,302.2,0.39,0.36,2025-03-19,2105,N,VIIRS,n,2,291.46,0.65,N,0
27.74452,68.78304,298.95,0.39,0.36,2025-03-19,2105,N,VIIRS,n,2,287.67,0.42,N,0
28.42627,69.70128,308.87,0.38,0.36,2025-03-19,2105,N,VIIRS,n,2,290.02,1.07,N,2
26.55512,68.15053,333.57,0.47,0.4,2025-03-20,820,N,VIIRS,n,2,303.33,1.49,D,0
26.5668,68.88256,339.08,0.44,0.38,2025-03-20,820,N,VIIRS,l,2,310.52,24.25,D,0
26.58153,68.8851,338.19,0.44,0.38,2025-03-20,820,N,VIIRS,n,2,311.45,4.34,D,0
26.58162,68.88393,337.87,0.44,0.38,2025-03-20,820,N,VIIRS,n,2,312.79,3.56,D,0
26.59371,68.1591,336.08,0.47,0.4,2025-03-20,820,N,VIIRS,n,2,307.18,3.57,D,0
26.59433,68.32837,347.89,0.46,0.39,2025-03-20,820,N,VIIRS,n,2,306.94,7.1,D,0
26.59446,68.33086,336.8,0.46,0.39,2025-03-20,820,N,VIIRS,l,2,308.1,6.52,D,0
27.10786,68.36892,331.56,0.45,0.39,2025-03-20,820,N,VIIRS,l,2,303.08,3.48,D,0
27.53961,68.32693,333.84,0.45,0.39,2025-03-20,820,N,VIIRS,n,2,307.62,2.85,D,0
27.63776,68.41059,346.54,0.45,0.39,2025-03-20,821,N,VIIRS,n,2,310.9,8.22,D,0
28.25657,69.47729,333.83,0.41,0.37,2025-03-20,821,N,VIIRS,n,2,303.63,1.7,D,0
28.71343,67.47479,344.39,0.47,0.4,2025-03-20,821,N,VIIRS,l,2,317.05,8.7,D,0
28.74896,70.22133,333.1,0.39,0.36,2025-03-20,821,N,VIIRS,l,2,306.27,2.12,D,0
28.75002,67.76232,349.13,0.46,0.39,2025-03-20,821,N,VIIRS,n,2,316.09,6.36,D,0
28.78802,67.5541,338.95,0.47,0.4,2025-03-20,821,N,VIIRS,l,2,310.9,4.62,D,0
27.03445,69.71568,303.49,0.52,0.41,2025-03-20,2046,N,VIIRS,n,2,289.74,0.7,N,0
27.78839,68.77081,315.01,0.39,0.44,2025-03-20,2046,N,VIIRS,n,2,287.46,1.44,N,0
28.42348,69.70092,300.88,0.54,0.42,2025-03-20,2046,N,VIIRS,n,2,289.98,1.32,N,2
26.91242,68.48227,346.5,0.54,0.51,2025-03-21,802,N,VIIRS,n,2,311.17,12.49,D,0
27.61983,68.43576,340.21,0.52,0.5,2025-03-21,802,N,VIIRS,n,2,313.05,4.89,D,0
28.48113,69.27496,342.23,0.45,0.47,2025-03-21,802,N,VIIRS,n,2,316.95,3.15,D,0
28.48538,69.27384,345.25,0.45,0.47,2025-03-21,802,N,VIIRS,n,2,316.4,5.04,D,0
29.1998,67.70348,343.37,0.54,0.51,2025-03-21,802,N,VIIRS,n,2,317.17,5.82,D,0
27.7871,68.76871,304.43,0.38,0.59,2025-03-21,2027,N,VIIRS,n,2,286.47,0.85,N,0
28.42617,69.70029,302.01,0.34,0.56,2025-03-21,2027,N,VIIRS,n,2,291.26,1.09,N,2
26.63132,68.30685,340.7,0.54,0.68,2025-03-22,743,N,VIIRS,n,2,305.56,2.16,D,0
26.6572,68.15941,346.95,0.55,0.68,2025-03-22,743,N,VIIRS,n,2,306.45,4.52,D,0
26.65962,68.15828,349.39,0.55,0.68,2025-03-22,743,N,VIIRS,n,2,306.16,4.31,D,0
27.58962,68.31678,337.97,0.51,0.66,2025-03-22,743,N,VIIRS,l,2,308.6,3.89,D,0
26.65806,68.15729,338.53,0.49,0.65,2025-03-22,923,N,VIIRS,n,2,307.33,1.41,D,0
28.08699,69.64928,330.14,0.62,0.71,2025-03-22,923,N,VIIRS,n,2,304.75,7.86,D,0
28.08736,69.65582,367.0,0.62,0.71,2025-03-22,923,N,VIIRS,h,2,305.2,7.86,D,0
28.08377,69.6545,367.0,0.62,0.71,2025-03-22,924,N,VIIRS,h,2,307.74,16.92,D,0
28.22801,67.4499,346.78,0.46,0.63,2025-03-22,924,N,VIIRS,n,2,316.45,9.19,D,0
29.05158,68.37314,344.27,0.53,0.67,2025-03-22,924,N,VIIRS,n,2,316.76,3.39,D,0
26.39756,67.90976,337.11,0.48,0.48,2025-03-23,904,N,VIIRS,l,2,311.11,2.89,D,0
26.56901,68.09445,338.51,0.49,0.49,2025-03-23,904,N,VIIRS,l,2,309.83,4.01,D,0
27.73525,68.73051,335.46,0.55,0.51,2025-03-23,904,N,VIIRS,n,2,307.03,3.35,D,0
28.12455,69.18542,353.49,0.6,0.53,2025-03-23,905,N,VIIRS,n,2,310.96,77.72,D,0
28.21038,69.35709,337.76,0.61,0.54,2025-03-23,905,N,VIIRS,n,2,312.38,3.82,D,0
28.48466,69.85557,338.79,0.33,0.55,2025-03-23,905,N,VIIRS,n,2,308.34,1.03,D,0
28.48769,67.43914,351.2,0.47,0.48,2025-03-23,905,N,VIIRS,n,2,312.68,6.68,D,0
28.89694,70.33327,344.93,0.36,0.57,2025-03-23,905,N,VIIRS,n,2,307.42,3.06,D,0
28.89722,70.33703,339.85,0.36,0.57,2025-03-23,905,N,VIIRS,n,2,307.84,3.95,D,0
28.89923,70.33231,338.78,0.36,0.57,2025-03-23,905,N,VIIRS,n,2,308.18,3.72,D,0
28.89954,70.33607,349.07,0.36,0.57,2025-03-23,905,N,VIIRS,n,2,307.99,5.82,D,0
28.96225,67.51915,346.83,0.48,0.48,2025-03-23,905,N,VIIRS,l,2,318.0,7.25,D,0
28.96418,67.51607,347.85,0.49,0.48,2025-03-23,905,N,VIIRS,n,2,318.05,6.91,D,0
28.42368,69.703,303.54,0.41,0.45,2025-03-23,2130,N,VIIRS,n,2,292.06,0.95,N,2
28.42454,69.69884,302.8,0.41,0.45,2025-03-23,2130,N,VIIRS,n,2,292.39,0.95,N,2
29.00796,67.5248,305.05,0.47,0.4,2025-03-23,2130,N,VIIRS,n,2,290.6,0.46,N,0
26.28689,68.35675,346.4,0.43,0.38,2025-03-24,845,N,VIIRS,n,2,315.88,8.58,D,0
26.73694,70.13074,367.0,0.52,0.41,2025-03-24,845,N,VIIRS,l,2,325.33,6.46,D,0
26.74077,70.13018,367.0,0.52,0.41,2025-03-24,845,N,VIIRS,h,2,334.0,12.35,D,0
26.7446,70.12961,350.92,0.52,0.41,2025-03-24,845,N,VIIRS,n,2,323.44,12.35,D,0
27.06223,68.29945,336.46,0.44,0.38,2025-03-24,845,N,VIIRS,n,2,309.4,2.25,D,0
27.94549,68.46366,335.32,0.45,0.39,2025-03-24,846,N,VIIRS,l,2,310.09,2.11,D,0
27.94652,68.46008,335.26,0.45,0.39,2025-03-24,846,N,VIIRS,l,2,309.23,3.07,D,0
27.97402,68.41825,337.46,0.45,0.39,2025-03-24,846,N,VIIRS,l,2,311.58,4.35,D,0
29.03071,67.68455,342.02,0.43,0.38,2025-03-24,846,N,VIIRS,n,2,315.36,5.11,D,0
28.4229,69.70033,303.82,0.4,0.37,2025-03-24,2111,N,VIIRS,n,2,291.68,0.72,N,2
28.42623,69.70103,306.16,0.4,0.37,2025-03-24,2111,N,VIIRS,n,2,293.53,0.72,N,2
26.73643,68.94941,367.0,0.4,0.37,2025-03-25,826,N,VIIRS,l,2,329.78,57.42,D,0
26.73707,68.95336,343.98,0.4,0.37,2025-03-25,826,N,VIIRS,l,2,316.68,57.42,D,0
27.33488,68.48865,336.83,0.4,0.37,2025-03-25,827,N,VIIRS,n,2,309.8,1.48,D,0
27.8743,69.87458,349.24,0.38,0.36,2025-03-25,827,N,VIIRS,n,2,318.05,13.17,D,0
26.52546,68.37514,305.84,0.5,0.41,2025-03-25,2052,N,VIIRS,n,2,290.99,0.76,N,0
26.63156,68.18468,333.97,0.46,0.47,2025-03-26,808,N,VIIRS,l,2,307.84,0.64,D,0
26.63507,68.90045,367.0,0.42,0.45,2025-03-26,808,N,VIIRS,h,2,312.25,5.67,D,0
26.79772,68.17114,342.72,0.46,0.47,2025-03-26,808,N,VIIRS,n,2,309.86,5.64,D,0
26.79866,68.17571,334.61,0.46,0.47,2025-03-26,808,N,VIIRS,n,2,308.63,5.64,D,0
27.54193,68.32065,345.66,0.44,0.46,2025-03-26,808,N,VIIRS,n,2,312.45,4.65,D,0
27.6784,68.86629,347.19,0.4,0.45,2025-03-26,808,N,VIIRS,n,2,316.04,35.21,D,0
27.67983,68.86572,352.41,0.4,0.45,2025-03-26,808,N,VIIRS,n,2,318.72,32.72,D,0
28.43613,70.04078,335.56,0.51,0.41,2025-03-26,808,N,VIIRS,n,2,304.27,4.7,D,0
28.79665,67.63348,345.23,0.45,0.47,2025-03-26,808,N,VIIRS,n,2,311.26,6.67,D,0
28.91664,67.61779,344.65,0.45,0.47,2025-03-26,808,N,VIIRS,n,2,309.17,2.74,D,0
29.07483,68.22683,339.46,0.41,0.45,2025-03-26,808,N,VIIRS,l,2,309.77,2.18,D,0
29.07583,68.22382,339.75,0.41,0.45,2025-03-26,808,N,VIIRS,n,2,309.64,2.93,D,0
26.39327,68.18813,335.69,0.45,0.63,2025-03-27,749,N,VIIRS,n,2,302.01,4.11,D,0
26.39369,68.1873,352.72,0.45,0.63,2025-03-27,749,N,VIIRS,n,2,302.78,3.79,D,0
26.39896,68.18645,350.35,0.45,0.63,2025-03-27,749,N,VIIRS,n,2,305.06,4.11,D,0
26.39937,68.1856,334.81,0.45,0.63,2025-03-27,749,N,VIIRS,n,2,304.86,3.79,D,0
26.56006,68.12093,332.61,0.45,0.63,2025-03-27,749,N,VIIRS,n,2,304.89,2.28,D,0
26.56114,68.12539,331.58,0.45,0.63,2025-03-27,749,N,VIIRS,n,2,303.2,2.28,D,0
26.661,68.16297,367.0,0.44,0.63,2025-03-27,749,N,VIIRS,h,2,303.89,12.39,D,0
26.83713,68.94968,339.84,0.39,0.6,2025-03-27,749,N,VIIRS,n,2,304.83,2.06,D,0
27.50808,67.42561,351.03,0.47,0.64,2025-03-27,749,N,VIIRS,n,2,312.69,9.02,D,0
27.51037,67.42377,347.74,0.47,0.64,2025-03-27,749,N,VIIRS,n,2,311.59,7.22,D,0
27.93931,69.92086,345.94,0.33,0.55,2025-03-27,749,N,VIIRS,n,2,311.05,2.79,D,0
27.96687,69.0201,344.08,0.37,0.58,2025-03-27,749,N,VIIRS,n,2,304.4,2.7,D,0
28.06914,69.03471,336.51,0.37,0.58,2025-03-27,749,N,VIIRS,n,2,305.73,3.15,D,0
28.2814,69.66269,367.0,0.33,0.55,2025-03-27,749,N,VIIRS,h,2,306.47,3.81,D,0
28.28218,69.66603,345.28,0.33,0.55,2025-03-27,749,N,VIIRS,n,2,303.88,3.81,D,0
28.28643,69.66124,347.7,0.33,0.55,2025-03-27,749,N,VIIRS,n,2,303.56,3.81,D,0
28.2872,69.66459,333.05,0.33,0.55,2025-03-27,749,N,VIIRS,n,2,303.34,3.81,D,0
28.30078,70.13147,336.08,0.62,0.54,2025-03-27,749,N,VIIRS,l,2,308.28,54.56,D,0
28.30567,70.13007,347.31,0.62,0.54,2025-03-27,749,N,VIIRS,n,2,319.91,54.56,D,0
28.69193,68.03915,339.33,0.41,0.6,2025-03-27,749,N,VIIRS,l,2,312.12,2.56,D,0
28.87838,68.06952,348.48,0.4,0.6,2025-03-27,749,N,VIIRS,n,2,314.4,3.76,D,0
28.87868,68.06928,348.3,0.4,0.6,2025-03-27,749,N,VIIRS,n,2,313.88,3.95,D,0
28.97289,68.86726,353.84,0.36,0.57,2025-03-27,749,N,VIIRS,n,2,310.08,4.62,D,0
29.00667,67.45905,342.58,0.43,0.62,2025-03-27,750,N,VIIRS,l,2,315.61,5.42,D,0
27.46639,68.40314,331.36,0.64,0.72,2025-03-27,930,N,VIIRS,n,2,303.2,3.28,D,0
27.79345,68.98972,340.47,0.7,0.75,2025-03-27,930,N,VIIRS,n,2,303.48,5.67,D,0
28.0632,69.03732,330.63,0.7,0.75,2025-03-27,930,N,VIIRS,n,2,301.23,2.63,D,0
28.84725,68.20841,341.83,0.64,0.72,2025-03-27,930,N,VIIRS,n,2,310.04,3.93,D,0
28.85283,68.21065,335.61,0.64,0.72,2025-03-27,930,N,VIIRS,l,2,308.96,3.15,D,0
28.87164,68.44437,337.35,0.66,0.73,2025-03-27,930,N,VIIRS,l,2,307.77,3.75,D,0
28.8718,68.44891,337.18,0.66,0.73,2025-03-27,930,N,VIIRS,l,2,308.07,5.13,D,0
27.51448,67.44382,302.42,0.71,0.75,2025-03-27,2014,N,VIIRS,n,2,288.05,1.4,N,0
26.33616,68.03178,297.77,0.64,0.72,2025-03-27,2015,N,VIIRS,n,2,283.91,1.03,N,0
26.98568,68.90358,297.02,0.58,0.69,2025-03-27,2015,N,VIIRS,n,2,285.31,0.56,N,0
26.98622,68.90488,296.96,0.58,0.69,2025-03-27,2015,N,VIIRS,n,2,284.83,0.47,N,0
27.51772,67.45335,305.03,0.37,0.58,2025-03-27,2155,N,VIIRS,n,2,290.12,0.68,N,0
27.51861,67.44957,303.24,0.37,0.58,2025-03-27,2155,N,VIIRS,n,2,290.23,0.87,N,0
28.61183,68.62805,300.48,0.41,0.61,2025-03-27,2155,N,VIIRS,n,2,288.47,0.46,N,2
28.20041,70.23235,352.69,0.58,0.7,2025-03-28,730,N,VIIRS,n,2,302.6,4.99,D,0
26.45988,68.89156,338.09,0.34,0.56,2025-03-28,910,N,VIIRS,l,2,312.48,1.99,D,0
26.93976,67.95466,343.42,0.61,0.53,2025-03-28,910,N,VIIRS,n,2,311.86,23.13,D,0
26.94014,67.95396,346.83,0.61,0.53,2025-03-28,910,N,VIIRS,n,2,311.48,16.41,D,0
27.21791,68.36665,332.04,0.32,0.55,2025-03-28,911,N,VIIRS,n,2,305.6,1.63,D,0
27.3889,68.40169,336.84,0.33,0.55,2025-03-28,911,N,VIIRS,l,2,309.38,2.47,D,0
27.52126,67.43253,348.05,0.57,0.52,2025-03-28,911,N,VIIRS,n,2,314.76,11.14,D,0
27.53672,68.32365,367.0,0.32,0.55,2025-03-28,911,N,VIIRS,h,2,312.39,6.75,D,0
27.96954,68.2602,334.94,0.32,0.55,2025-03-28,911,N,VIIRS,l,2,305.46,3.15,D,0
28.08609,69.21708,351.16,0.37,0.58,2025-03-28,911,N,VIIRS,n,2,312.78,5.58,D,0
28.39701,67.62215,340.22,0.6,0.53,2025-03-28,911,N,VIIRS,l,2,314.09,9.56,D,0
28.39764,67.61985,345.64,0.6,0.53,2025-03-28,911,N,VIIRS,n,2,315.24,7.8,D,0
28.71624,67.57291,345.05,0.6,0.53,2025-03-28,911,N,VIIRS,n,2,317.66,8.12,D,0
28.72011,67.57416,349.3,0.6,0.53,2025-03-28,911,N,VIIRS,n,2,316.64,11.73,D,0
28.72118,67.57236,344.7,0.6,0.53,2025-03-28,911,N,VIIRS,n,2,314.67,8.76,D,0
28.92486,67.6068,346.55,0.61,0.53,2025-03-28,911,N,VIIRS,n,2,313.52,7.98,D,0
28.92547,67.60525,343.25,0.61,0.53,2025-03-28,911,N,VIIRS,n,2,313.03,4.31,D,0
29.02729,67.51105,343.3,0.6,0.53,2025-03-28,911,N,VIIRS,l,2,315.84,7.15,D,0
26.89802,68.38033,335.79,0.51,0.41,2025-03-29,852,N,VIIRS,n,2,309.22,4.17,D,0
26.89865,68.3855,336.32,0.51,0.41,2025-03-29,852,N,VIIRS,n,2,310.03,4.17,D,0
27.51311,68.30582,338.34,0.52,0.41,2025-03-29,852,N,VIIRS,l,2,312.73,8.23,D,0
27.54033,69.06847,347.99,0.56,0.43,2025-03-29,852,N,VIIRS,n,2,312.45,15.4,D,0
28.69762,67.51929,347.33,0.49,0.4,2025-03-29,852,N,VIIRS,l,2,320.37,13.43,D,0
28.4263,69.70225,301.33,0.44,0.38,2025-03-29,2117,N,VIIRS,n,2,289.5,1.16,N,2
26.76518,68.13824,340.26,0.39,0.36,2025-03-30,833,N,VIIRS,l,2,311.24,2.87,D,0
27.11407,68.37807,336.87,0.38,0.36,2025-03-30,833,N,VIIRS,n,2,311.68,1.77,D,0
28.97001,67.48064,349.72,0.39,0.36,2025-03-30,833,N,VIIRS,n,2,323.82,9.2,D,0
28.42515,69.70193,313.11,0.4,0.37,2025-03-30,2058,N,VIIRS,n,2,291.42,1.0,N,2
28.05251,69.36795,330.17,0.45,0.47,2025-03-31,2040,N,VIIRS,n,2,292.08,2.57,N,2
28.24625,69.93758,299.49,0.42,0.45,2025-03-31,2040,N,VIIRS,n,2,287.02,0.3,N,0
28.24656,69.93513,300.5,0.42,0.45,2025-03-31,2040,N,VIIRS,n,2,287.34,0.47,N,0
28.27607,68.92767,299.1,0.48,0.48,2025-03-31,2040,N,VIIRS,n,2,286.44,0.51,N,0
28.42622,69.69901,303.3,0.44,0.46,2025-03-31,2040,N,VIIRS,n,2,291.73,1.32,N,2
28.46571,69.7828,338.52,0.52,0.5,2025-04-01,756,N,VIIRS,l,2,309.39,4.57,D,0
28.47651,67.56355,342.09,0.72,0.76,2025-04-01,936,N,VIIRS,l,2,316.52,9.22,D,0
28.4239,69.70016,302.26,0.42,0.61,2025-04-01,2021,N,VIIRS,n,2,291.72,1.04,N,2
26.52213,68.36189,345.72,0.66,0.73,2025-04-02,737,N,VIIRS,n,2,308.43,4.81,D,0
26.61845,68.15631,335.38,0.68,0.74,2025-04-02,737,N,VIIRS,n,2,305.23,2.36,D,0
26.75034,68.12805,332.77,0.67,0.74,2025-04-02,737,N,VIIRS,n,2,304.8,4.11,D,0
27.5109,69.39805,341.74,0.55,0.68,2025-04-02,737,N,VIIRS,l,2,316.14,8.72,D,0
27.52799,68.28367,343.05,0.63,0.72,2025-04-02,737,N,VIIRS,n,2,306.49,8.43,D,0
27.52967,68.29004,342.16,0.63,0.72,2025-04-02,737,N,VIIRS,n,2,307.9,9.42,D,0
28.46935,69.78462,331.33,0.49,0.65,2025-04-02,737,N,VIIRS,l,2,305.69,4.53,D,0
28.80153,68.35384,348.78,0.58,0.7,2025-04-02,737,N,VIIRS,n,2,309.75,6.87,D,0
26.79356,67.72233,340.11,0.37,0.58,2025-04-02,917,N,VIIRS,n,2,310.42,2.91,D,0
27.3975,67.43645,345.55,0.36,0.57,2025-04-02,917,N,VIIRS,n,2,314.9,6.02,D,0
27.51653,67.4019,341.05,0.36,0.57,2025-04-02,917,N,VIIRS,l,2,313.12,3.4,D,0
27.99448,68.39565,333.97,0.42,0.61,2025-04-02,917,N,VIIRS,l,2,306.66,2.8,D,0
27.99628,68.39167,336.93,0.42,0.61,2025-04-02,917,N,VIIRS,n,2,306.12,4.01,D,0
28.05062,69.3717,338.05,0.48,0.65,2025-04-02,917,N,VIIRS,l,2,311.14,1.75,D,2
28.60924,69.93221,337.54,0.52,0.67,2025-04-02,917,N,VIIRS,n,2,308.58,3.98,D,0
28.83753,67.56665,344.28,0.38,0.59,2025-04-02,918,N,VIIRS,n,2,313.36,3.29,D,0
28.83784,67.57062,339.22,0.38,0.59,2025-04-02,918,N,VIIRS,l,2,313.15,3.29,D,0
26.5769,68.48624,347.49,0.42,0.45,2025-04-03,858,N,VIIRS,l,2,322.19,2.19,D,0
26.57886,68.86166,347.65,0.44,0.46,2025-04-03,858,N,VIIRS,n,2,319.71,8.77,D,0
26.63888,68.15757,339.33,0.4,0.44,2025-04-03,858,N,VIIRS,l,2,313.6,2.61,D,0
27.52645,67.46287,347.73,0.57,0.43,2025-04-03,858,N,VIIRS,l,2,321.33,25.59,D,0
28.20218,70.33511,339.2,0.56,0.52,2025-04-03,858,N,VIIRS,l,2,313.33,4.93,D,0
28.2034,70.33765,338.97,0.56,0.52,2025-04-03,858,N,VIIRS,l,2,313.95,8.14,D,0
28.26387,67.72996,345.89,0.4,0.44,2025-04-03,858,N,VIIRS,n,2,320.28,7.87,D,0
28.78631,67.50975,345.14,0.39,0.44,2025-04-03,859,N,VIIRS,l,2,317.25,8.47,D,0
28.84601,67.56345,345.53,0.4,0.44,2025-04-03,859,N,VIIRS,l,2,318.81,8.53,D,0
28.02419,68.96091,303.52,0.48,0.4,2025-04-03,2124,N,VIIRS,n,2,293.16,0.42,N,0
28.42428,69.69914,315.16,0.51,0.41,2025-04-03,2124,N,VIIRS,n,2,293.81,1.85,N,2
26.20217,68.26057,335.49,0.39,0.36,2025-04-04,839,N,VIIRS,n,2,308.46,2.83,D,0
26.20274,68.26447,335.87,0.39,0.36,2025-04-04,839,N,VIIRS,n,2,307.99,2.83,D,0
26.40057,68.89289,338.87,0.4,0.37,2025-04-04,839,N,VIIRS,l,2,313.83,5.63,D,0
26.57066,68.40148,349.24,0.39,0.36,2025-04-04,839,N,VIIRS,n,2,320.71,5.9,D,0
26.60863,68.15291,338.97,0.39,0.36,2025-04-04,839,N,VIIRS,l,2,311.67,2.41,D,0
28.73811,69.8744,341.75,0.45,0.39,2025-04-04,840,N,VIIRS,l,2,314.77,7.35,D,0
28.78642,67.61237,348.77,0.39,0.36,2025-04-04,840,N,VIIRS,n,2,316.24,5.36,D,0
28.78976,67.61175,349.14,0.39,0.36,2025-04-04,840,N,VIIRS,n,2,316.05,7.48,D,0
28.81962,69.53072,340.19,0.44,0.38,2025-04-04,840,N,VIIRS,l,2,314.65,2.86,D,0
28.42546,69.70204,324.36,0.38,0.36,2025-04-04,2105,N,VIIRS,n,2,294.14,1.3,N,2
26.25109,69.04546,347.25,0.51,0.5,2025-04-06,802,N,VIIRS,n,2,317.14,8.29,D,0
27.52673,67.46122,346.08,0.6,0.53,2025-04-06,802,N,VIIRS,l,2,317.68,16.79,D,0
27.5281,67.46743,342.38,0.6,0.53,2025-04-06,802,N,VIIRS,l,2,316.16,16.3,D,0
28.15369,67.72881,356.14,0.56,0.52,2025-04-06,802,N,VIIRS,n,2,321.85,23.82,D,0
28.62056,69.94556,343.19,0.41,0.45,2025-04-06,802,N,VIIRS,n,2,312.63,3.63,D,0
28.62463,69.94452,344.81,0.41,0.45,2025-04-06,802,N,VIIRS,n,2,314.05,3.63,D,0
28.03658,69.40309,304.02,0.35,0.57,2025-04-06,2027,N,VIIRS,n,2,292.39,0.41,N,0
28.42325,69.69994,310.76,0.34,0.56,2025-04-06,2027,N,VIIRS,n,2,295.36,1.1,N,2
28.22513,69.09072,301.59,0.68,0.74,2025-04-06,2207,N,VIIRS,n,2,290.98,0.55,N,0
28.23176,69.09312,304.54,0.68,0.74,2025-04-06,2207,N,VIIRS,n,2,291.1,0.55,N,0
26.72867,68.12976,347.04,0.54,0.68,2025-04-07,743,N,VIIRS,n,2,308.11,3.87,D,0
27.17568,68.3688,351.5,0.51,0.66,2025-04-07,743,N,VIIRS,n,2,311.93,8.19,D,0
28.30718,69.63118,356.11,0.41,0.61,2025-04-07,743,N,VIIRS,n,2,313.43,5.54,D,0
28.32457,69.63024,345.6,0.41,0.61,2025-04-07,743,N,VIIRS,n,2,311.45,7.33,D,0
28.62419,69.94193,345.21,0.39,0.59,2025-04-07,743,N,VIIRS,n,2,311.88,4.82,D,0
28.62465,69.94124,349.5,0.39,0.59,2025-04-07,743,N,VIIRS,n,2,312.46,7.21,D,0
28.62512,69.94584,354.24,0.39,0.59,2025-04-07,743,N,VIIRS,n,2,311.03,8.03,D,0
28.62561,69.94514,367.0,0.39,0.59,2025-04-07,743,N,VIIRS,h,2,311.71,9.62,D,0
28.73355,70.06165,335.33,0.38,0.59,2025-04-07,743,N,VIIRS,l,2,310.28,2.29,D,0
28.79218,70.19017,352.83,0.37,0.58,2025-04-07,743,N,VIIRS,n,2,310.75,4.4,D,0
29.15929,69.21693,347.1,0.41,0.61,2025-04-07,744,N,VIIRS,n,2,312.08,4.06,D,0
26.84955,67.87457,367.0,0.47,0.64,2025-04-07,923,N,VIIRS,h,2,312.17,12.46,D,0
26.85556,67.87408,353.47,0.47,0.64,2025-04-07,923,N,VIIRS,n,2,312.31,12.46,D,0
27.96428,68.92843,339.17,0.56,0.69,2025-04-07,924,N,VIIRS,n,2,310.23,2.57,D,0
27.96468,68.93053,334.87,0.56,0.69,2025-04-07,924,N,VIIRS,l,2,309.71,5.42,D,0
28.25035,69.94971,337.6,0.65,0.73,2025-04-07,924,N,VIIRS,n,2,307.52,3.99,D,0
28.36714,70.0734,339.49,0.66,0.73,2025-04-07,924,N,VIIRS,n,2,305.92,5.35,D,0
28.36751,70.08042,337.95,0.66,0.73,2025-04-07,924,N,VIIRS,n,2,306.33,5.35,D,0
28.36761,70.07573,356.99,0.66,0.73,2025-04-07,924,N,VIIRS,n,2,307.11,8.46,D,0
29.15854,69.22465,337.73,0.6,0.71,2025-04-07,924,N,VIIRS,l,2,307.93,3.46,D,0
26.63098,68.16227,348.52,0.5,0.49,2025-04-08,904,N,VIIRS,n,2,314.47,11.12,D,0
26.63094,68.15902,344.42,0.5,0.49,2025-04-08,905,N,VIIRS,n,2,312.34,6.91,D,0
26.63144,68.16412,341.18,0.5,0.49,2025-04-08,905,N,VIIRS,n,2,313.81,6.91,D,0
28.32048,69.64825,335.1,0.32,0.55,2025-04-08,905,N,VIIRS,l,2,307.46,3.6,D,0
28.32442,69.63435,335.18,0.32,0.55,2025-04-08,905,N,VIIRS,l,2,308.12,4.76,D,0
28.40005,70.21416,339.03,0.35,0.57,2025-04-08,905,N,VIIRS,l,2,311.36,1.96,D,0
28.44824,67.83437,338.46,0.5,0.49,2025-04-08,905,N,VIIRS,l,2,308.92,5.78,D,0
28.50869,69.80405,338.38,0.33,0.55,2025-04-08,905,N,VIIRS,n,2,310.3,2.73,D,0
28.5825,69.93716,347.07,0.34,0.56,2025-04-08,905,N,VIIRS,n,2,310.75,3.91,D,0
28.6395,69.91798,337.44,0.34,0.56,2025-04-08,905,N,VIIRS,l,2,309.8,1.72,D,0
28.67791,70.06496,355.7,0.34,0.56,2025-04-08,905,N,VIIRS,n,2,313.4,37.06,D,0
28.67821,70.06856,367.0,0.35,0.56,2025-04-08,905,N,VIIRS,h,2,318.45,37.06,D,0
28.68346,70.06804,367.0,0.35,0.56,2025-04-08,905,N,VIIRS,h,2,314.38,37.06,D,0
28.68841,70.06392,336.6,0.34,0.56,2025-04-08,905,N,VIIRS,n,2,309.65,3.9,D,0
28.8771,70.18268,346.31,0.35,0.57,2025-04-08,905,N,VIIRS,n,2,311.05,4.56,D,0
29.1639,70.32473,334.19,0.36,0.58,2025-04-08,905,N,VIIRS,l,2,308.95,2.12,D,0
28.42443,69.69984,308.64,0.41,0.45,2025-04-08,2130,N,VIIRS,n,2,295.24,1.65,N,2
28.55371,68.40753,338.43,0.46,0.39,2025-04-09,846,N,VIIRS,l,2,309.07,3.2,D,0
28.21156,70.28978,315.2,0.41,0.37,2025-04-09,2111,N,VIIRS,n,2,294.69,1.41,N,0
28.36483,67.91823,305.96,0.38,0.36,2025-04-09,2111,N,VIIRS,n,2,292.37,0.54,N,0
28.4239,69.70055,315.31,0.4,0.37,2025-04-09,2111,N,VIIRS,n,2,296.97,1.8,N,2
28.6076,68.63538,307.54,0.38,0.36,2025-04-09,2111,N,VIIRS,n,2,293.28,0.38,N,2
28.61215,68.62825,304.85,0.38,0.36,2025-04-09,2111,N,VIIRS,n,2,294.04,0.54,N,2
28.8667,70.31866,339.58,0.41,0.37,2025-04-09,2111,N,VIIRS,n,2,294.78,5.15,N,0
28.86741,70.31737,338.38,0.41,0.37,2025-04-09,2111,N,VIIRS,n,2,294.4,2.98,N,0
27.70823,68.45686,344.81,0.4,0.37,2025-04-10,827,N,VIIRS,n,2,316.19,6.36,D,0
28.27933,70.08517,344.34,0.38,0.36,2025-04-10,827,N,VIIRS,n,2,316.24,6.22,D,0
28.49128,69.85153,340.39,0.38,0.36,2025-04-10,827,N,VIIRS,l,2,314.64,5.64,D,0
28.52678,69.68771,341.28,0.38,0.36,2025-04-10,827,N,VIIRS,l,2,315.87,5.79,D,0
28.52738,69.69162,343.66,0.38,0.36,2025-04-10,827,N,VIIRS,l,2,316.88,6.71,D,0
28.53789,69.69359,349.78,0.38,0.36,2025-04-10,827,N,VIIRS,n,2,319.59,19.1,D,0
28.59949,69.98764,350.61,0.38,0.36,2025-04-10,827,N,VIIRS,n,2,317.08,6.33,D,0
28.60221,69.98309,341.68,0.38,0.36,2025-04-10,827,N,VIIRS,l,2,315.31,6.33,D,0
28.68446,70.01245,344.04,0.38,0.36,2025-04-10,827,N,VIIRS,n,2,312.14,4.6,D,0
28.69305,70.04711,341.65,0.38,0.36,2025-04-10,827,N,VIIRS,l,2,313.42,2.74,D,0
28.77078,70.08871,341.41,0.39,0.36,2025-04-10,827,N,VIIRS,l,2,312.81,3.65,D,0
29.18947,70.33076,317.12,0.43,0.38,2025-04-10,2052,N,VIIRS,n,2,294.1,1.19,N,0
29.19008,70.3263,309.09,0.43,0.38,2025-04-10,2052,N,VIIRS,n,2,292.84,1.34,N,0
28.04072,68.93279,308.45,0.48,0.4,2025-04-10,2053,N,VIIRS,n,2,295.21,1.04,N,0
27.57292,69.06155,347.07,0.39,0.44,2025-04-11,808,N,VIIRS,l,2,319.44,10.14,D,0
28.65439,67.75161,353.96,0.44,0.46,2025-04-11,809,N,VIIRS,n,2,322.89,9.35,D,0
29.01505,67.84669,347.59,0.43,0.46,2025-04-11,809,N,VIIRS,n,2,320.75,3.62,D,0
27.68005,69.23093,318.4,0.56,0.52,2025-04-11,2034,N,VIIRS,n,2,295.12,3.7,N,0
27.94413,68.99545,334.23,0.37,0.58,2025-04-12,750,N,VIIRS,l,2,308.98,2.83,D,0
27.94696,68.99371,338.4,0.37,0.58,2025-04-12,750,N,VIIRS,n,2,308.89,1.64,D,0
27.96359,67.53358,338.77,0.44,0.63,2025-04-12,750,N,VIIRS,n,2,306.32,3.2,D,0
28.25156,69.54614,341.04,0.33,0.56,2025-04-12,750,N,VIIRS,n,2,309.0,1.96,D,0
28.36567,69.49699,338.33,0.33,0.56,2025-04-12,750,N,VIIRS,n,2,308.78,1.69,D,0
28.50427,69.76224,351.93,0.32,0.55,2025-04-12,750,N,VIIRS,n,2,308.73,4.42,D,0
28.51635,69.76907,353.17,0.32,0.55,2025-04-12,750,N,VIIRS,n,2,308.09,4.14,D,0
28.5306,69.78555,337.31,0.32,0.54,2025-04-12,750,N,VIIRS,n,2,305.76,2.3,D,0
28.53133,69.78877,338.6,0.32,0.54,2025-04-12,750,N,VIIRS,n,2,307.55,2.3,D,0
28.53187,69.81436,336.13,0.64,0.54,2025-04-12,750,N,VIIRS,n,2,305.8,6.18,D,0
28.53554,69.78415,338.7,0.32,0.54,2025-04-12,750,N,VIIRS,n,2,306.7,2.3,D,0
28.55604,69.57992,347.04,0.33,0.55,2025-04-12,750,N,VIIRS,n,2,314.01,4.68,D,0
28.63274,69.96075,335.26,0.62,0.54,2025-04-12,750,N,VIIRS,l,2,308.77,5.8,D,0
28.64368,69.91747,339.21,0.62,0.54,2025-04-12,750,N,VIIRS,n,2,306.2,2.47,D,0
28.72195,70.24223,339.44,0.59,0.53,2025-04-12,750,N,VIIRS,n,2,307.4,8.73,D,0
28.74412,70.12447,342.9,0.6,0.53,2025-04-12,750,N,VIIRS,n,2,306.65,8.23,D,0
28.75652,70.1339,342.6,0.6,0.53,2025-04-12,750,N,VIIRS,n,2,309.36,7.27,D,0
28.75934,70.1349,343.72,0.6,0.53,2025-04-12,750,N,VIIRS,n,2,309.32,7.3,D,0
28.76264,70.09318,334.47,0.6,0.53,2025-04-12,750,N,VIIRS,l,2,307.02,5.7,D,0
28.76329,70.07342,354.31,0.61,0.53,2025-04-12,750,N,VIIRS,n,2,308.2,20.36,D,0
28.76621,70.22129,335.42,0.59,0.53,2025-04-12,750,N,VIIRS,n,2,305.61,5.04,D,0
28.81208,70.17614,343.83,0.6,0.53,2025-04-12,750,N,VIIRS,n,2,310.9,13.48,D,0
27.2648,68.20358,331.76,0.63,0.72,2025-04-12,930,N,VIIRS,l,2,302.7,2.47,D,0
27.65879,68.46226,331.06,0.66,0.73,2025-04-12,930,N,VIIRS,l,2,302.14,1.16,D,0
27.69701,67.57019,340.81,0.58,0.7,2025-04-12,930,N,VIIRS,n,2,306.84,3.54,D,0
27.6976,67.57175,348.17,0.58,0.7,2025-04-12,930,N,VIIRS,n,2,307.04,6.23,D,0
27.78621,68.94818,333.52,0.7,0.75,2025-04-13,731,N,VIIRS,n,2,303.83,3.59,D,0
27.96299,68.37213,330.55,0.74,0.76,2025-04-13,731,N,VIIRS,l,2,302.09,2.4,D,0
28.14747,69.46236,334.79,0.64,0.72,2025-04-13,731,N,VIIRS,l,2,304.99,3.14,D,0
28.20448,69.44827,331.71,0.64,0.72,2025-04-13,731,N,VIIRS,l,2,304.2,3.42,D,0
28.41878,69.74711,341.39,0.61,0.71,2025-04-13,731,N,VIIRS,n,2,305.02,8.75,D,0
28.42194,69.73971,367.0,0.61,0.71,2025-04-13,731,N,VIIRS,h,2,303.91,19.26,D,0
28.42352,69.73878,344.62,0.61,0.71,2025-04-13,731,N,VIIRS,n,2,301.96,8.75,D,0
28.4236,69.74585,349.4,0.61,0.71,2025-04-13,731,N,VIIRS,n,2,304.11,19.25,D,0
28.42515,69.74494,353.23,0.61,0.71,2025-04-13,731,N,VIIRS,n,2,303.61,8.75,D,0
28.53716,69.80738,335.35,0.6,0.71,2025-04-13,731,N,VIIRS,n,2,304.22,4.53,D,0
28.53971,69.81728,331.3,0.6,0.7,2025-04-13,731,N,VIIRS,l,2,303.47,4.46,D,0
28.54038,69.81952,330.19,0.6,0.7,2025-04-13,731,N,VIIRS,l,2,303.67,6.34,D,0
28.57061,69.95969,342.25,0.59,0.7,2025-04-13,731,N,VIIRS,n,2,304.32,5.55,D,0
28.57218,69.96564,336.78,0.59,0.7,2025-04-13,731,N,VIIRS,n,2,304.1,5.55,D,0
28.57236,69.96304,354.18,0.59,0.7,2025-04-13,731,N,VIIRS,n,2,305.74,8.99,D,0
28.57971,69.86304,331.1,0.59,0.7,2025-04-13,731,N,VIIRS,l,2,303.82,2.29,D,0
28.58003,69.86528,331.08,0.59,0.7,2025-04-13,731,N,VIIRS,l,2,304.47,3.18,D,0
28.58161,69.94949,340.29,0.59,0.7,2025-04-13,731,N,VIIRS,n,2,306.06,6.01,D,0
28.58174,69.94698,333.36,0.59,0.7,2025-04-13,731,N,VIIRS,l,2,305.57,4.39,D,0
28.58334,69.95291,339.56,0.59,0.7,2025-04-13,731,N,VIIRS,n,2,305.04,4.39,D,0
28.58602,69.86092,334.66,0.59,0.7,2025-04-13,731,N,VIIRS,n,2,302.9,8.46,D,0
28.58764,69.86694,353.06,0.59,0.7,2025-04-13,731,N,VIIRS,n,2,304.87,14.58,D,0
28.59105,69.93331,333.32,0.59,0.7,2025-04-13,731,N,VIIRS,l,2,305.54,4.24,D,0
28.59112,69.93088,333.62,0.59,0.7,2025-04-13,731,N,VIIRS,n,2,305.08,7.21,D,0
28.59421,69.91924,340.93,0.59,0.7,2025-04-13,731,N,VIIRS,n,2,303.93,6.18,D,0
28.59577,69.92518,335.84,0.59,0.7,2025-04-13,731,N,VIIRS,n,2,303.87,4.24,D,0
28.59581,69.92283,367.0,0.59,0.7,2025-04-13,731,N,VIIRS,h,2,305.33,11.79,D,0
28.77391,70.12763,330.05,0.57,0.69,2025-04-13,731,N,VIIRS,l,2,304.02,2.74,D,0
26.96844,68.42812,340.77,0.33,0.55,2025-04-13,911,N,VIIRS,n,2,312.31,2.27,D,0
26.96873,68.4315,337.72,0.33,0.55,2025-04-13,911,N,VIIRS,l,2,312.4,2.48,D,0
27.56293,68.97977,338.73,0.36,0.58,2025-04-13,911,N,VIIRS,l,2,313.27,4.08,D,0
28.11713,69.78612,349.08,0.41,0.61,2025-04-13,911,N,VIIRS,n,2,307.87,5.44,D,0
28.11999,69.78565,367.0,0.41,0.61,2025-04-13,911,N,VIIRS,h,2,308.04,13.52,D,0
28.12065,69.79421,367.0,0.41,0.61,2025-04-13,911,N,VIIRS,h,2,311.34,18.37,D,0
28.1228,69.78561,340.98,0.41,0.61,2025-04-13,911,N,VIIRS,n,2,306.76,5.44,D,0
28.1231,69.78989,334.23,0.41,0.61,2025-04-13,911,N,VIIRS,n,2,307.5,5.44,D,0
28.12341,69.79418,367.0,0.41,0.61,2025-04-13,911,N,VIIRS,h,2,310.2,19.01,D,0
28.22431,69.43089,343.38,0.39,0.59,2025-04-13,911,N,VIIRS,n,2,309.75,4.75,D,0
28.24068,69.9856,340.42,0.42,0.61,2025-04-13,911,N,VIIRS,n,2,309.2,2.35,D,0
28.24155,69.9858,339.77,0.42,0.61,2025-04-13,911,N,VIIRS,n,2,309.27,2.39,D,0
28.25085,69.4863,344.19,0.4,0.6,2025-04-13,911,N,VIIRS,n,2,310.92,4.18,D,0
28.38237,69.60892,339.22,0.4,0.6,2025-04-13,911,N,VIIRS,l,2,309.8,3.33,D,0
28.52775,69.76981,338.36,0.41,0.61,2025-04-13,911,N,VIIRS,l,2,308.63,2.32,D,0
28.53737,69.82149,333.1,0.42,0.61,2025-04-13,911,N,VIIRS,l,2,307.69,1.57,D,0
28.53024,69.77052,336.9,0.41,0.61,2025-04-13,912,N,VIIRS,l,2,308.53,2.15,D,0
28.58854,69.86652,345.5,0.42,0.61,2025-04-13,912,N,VIIRS,n,2,308.85,3.5,D,0
28.61175,69.94921,334.57,0.42,0.61,2025-04-13,912,N,VIIRS,l,2,307.67,2.48,D,0
28.62581,69.98396,336.92,0.43,0.62,2025-04-13,912,N,VIIRS,n,2,306.77,2.83,D,0
28.63027,69.96561,349.46,0.43,0.62,2025-04-13,912,N,VIIRS,n,2,308.54,6.9,D,0
28.64752,69.96413,347.38,0.43,0.62,2025-04-13,912,N,VIIRS,n,2,308.13,4.4,D,0
28.64808,69.96393,348.01,0.43,0.62,2025-04-13,912,N,VIIRS,n,2,307.95,4.93,D,0
28.70727,70.15068,342.36,0.44,0.62,2025-04-13,912,N,VIIRS,n,2,307.97,4.37,D,0
28.76214,70.09998,367.0,0.44,0.62,2025-04-13,912,N,VIIRS,h,2,310.63,13.91,D,0
28.76229,70.10117,367.0,0.44,0.62,2025-04-13,912,N,VIIRS,h,2,309.87,12.88,D,0
28.83178,70.26334,346.13,0.45,0.63,2025-04-13,912,N,VIIRS,n,2,305.59,6.01,D,0
26.24285,68.98801,339.32,0.55,0.42,2025-04-14,852,N,VIIRS,l,2,313.63,10.25,D,0
26.55311,68.14559,348.65,0.5,0.41,2025-04-14,852,N,VIIRS,n,2,315.09,19.0,D,0
26.55687,68.14502,345.08,0.5,0.41,2025-04-14,852,N,VIIRS,l,2,319.69,19.0,D,0
27.51907,67.46167,348.79,0.48,0.4,2025-04-14,852,N,VIIRS,n,2,322.53,4.9,D,0
27.58857,68.05667,345.35,0.51,0.41,2025-04-14,852,N,VIIRS,n,2,318.32,8.1,D,0
27.60271,68.33794,345.85,0.52,0.42,2025-04-14,852,N,VIIRS,n,2,314.86,7.02,D,0
28.16665,70.18138,367.0,0.45,0.47,2025-04-14,852,N,VIIRS,h,2,318.01,12.69,D,0
28.18291,69.53929,349.35,0.41,0.45,2025-04-14,852,N,VIIRS,n,2,319.62,35.25,D,0
28.38043,69.7902,338.53,0.43,0.46,2025-04-14,853,N,VIIRS,l,2,313.49,5.6,D,0
28.38114,69.78952,343.4,0.43,0.46,2025-04-14,853,N,VIIRS,n,2,313.55,3.94,D,0
28.48845,69.88535,337.47,0.44,0.46,2025-04-14,853,N,VIIRS,l,2,312.11,2.46,D,0
28.51374,69.75562,353.95,0.43,0.46,2025-04-14,853,N,VIIRS,n,2,314.97,9.47,D,0
28.51522,69.6487,355.45,0.42,0.45,2025-04-14,853,N,VIIRS,n,2,322.04,13.85,D,0
28.51793,69.79545,345.76,0.43,0.46,2025-04-14,853,N,VIIRS,n,2,312.39,6.94,D,0
28.51886,69.80433,346.96,0.43,0.46,2025-04-14,853,N,VIIRS,n,2,313.24,7.69,D,0
28.51933,69.80878,350.9,0.43,0.46,2025-04-14,853,N,VIIRS,n,2,315.26,15.43,D,0
28.5231,69.80376,339.39,0.43,0.46,2025-04-14,853,N,VIIRS,l,2,313.95,7.18,D,0
28.58375,69.92754,346.38,0.44,0.46,2025-04-14,853,N,VIIRS,n,2,315.64,6.01,D,0
28.58599,69.86785,344.83,0.43,0.46,2025-04-14,853,N,VIIRS,n,2,313.87,6.21,D,0
28.5889,69.89482,341.7,0.44,0.46,2025-04-14,853,N,VIIRS,l,2,314.91,4.4,D,0
28.64464,70.03261,356.32,0.45,0.47,2025-04-14,853,N,VIIRS,n,2,318.91,16.39,D,0
28.67624,70.04248,347.13,0.45,0.47,2025-04-14,853,N,VIIRS,n,2,312.84,6.27,D,0
28.681,70.00455,342.65,0.44,0.46,2025-04-14,853,N,VIIRS,n,2,313.91,6.51,D,0
28.68863,69.99425,350.32,0.44,0.46,2025-04-14,853,N,VIIRS,n,2,317.73,10.23,D,0
28.70456,70.06219,346.09,0.45,0.47,2025-04-14,853,N,VIIRS,n,2,316.93,7.94,D,0
28.83004,70.11349,344.48,0.45,0.47,2025-04-14,853,N,VIIRS,l,2,316.02,7.19,D,0
28.86164,70.20142,349.4,0.46,0.47,2025-04-14,853,N,VIIRS,n,2,313.94,6.67,D,0
29.11403,70.37415,345.44,0.47,0.48,2025-04-14,853,N,VIIRS,l,2,317.89,11.35,D,0
29.1175,70.31919,355.09,0.47,0.48,2025-04-14,853,N,VIIRS,n,2,315.04,11.36,D,0
28.42347,69.70076,310.29,0.44,0.38,2025-04-14,2118,N,VIIRS,n,2,298.1,1.88,N,2
28.33007,70.00618,337.46,0.4,0.37,2025-04-15,834,N,VIIRS,l,2,312.24,1.87,D,0
28.40915,69.62829,347.35,0.4,0.37,2025-04-15,834,N,VIIRS,l,2,319.13,12.94,D,0
28.53267,69.78592,345.83,0.4,0.37,2025-04-15,834,N,VIIRS,n,2,317.34,7.03,D,0
28.60979,69.91527,348.52,0.4,0.37,2025-04-15,834,N,VIIRS,n,2,316.62,10.48,D,0
28.61144,69.90229,348.47,0.4,0.37,2025-04-15,834,N,VIIRS,n,2,317.39,17.33,D,0
28.61161,69.90329,348.11,0.4,0.37,2025-04-15,834,N,VIIRS,n,2,317.34,16.58,D,0
28.62124,69.92271,348.86,0.4,0.37,2025-04-15,834,N,VIIRS,n,2,318.02,8.25,D,0
28.66838,70.03752,345.46,0.41,0.37,2025-04-15,834,N,VIIRS,l,2,316.02,65.74,D,0
28.70473,70.04814,342.15,0.41,0.37,2025-04-15,834,N,VIIRS,l,2,316.59,8.91,D,0
28.71811,70.19588,342.95,0.41,0.37,2025-04-15,834,N,VIIRS,l,2,317.33,3.63,D,0
28.77352,70.1181,347.33,0.41,0.37,2025-04-15,834,N,VIIRS,n,2,316.07,20.53,D,0
28.77637,70.1133,339.72,0.41,0.37,2025-04-15,834,N,VIIRS,l,2,313.91,5.18,D,0
28.77923,70.13429,343.77,0.41,0.37,2025-04-15,834,N,VIIRS,l,2,317.53,11.21,D,0
28.79637,70.18296,350.53,0.41,0.37,2025-04-15,834,N,VIIRS,n,2,315.97,7.79,D,0
28.79979,70.18236,347.49,0.41,0.37,2025-04-15,834,N,VIIRS,n,2,317.27,26.21,D,0
27.52315,69.01966,343.66,0.41,0.37,2025-04-15,2059,N,VIIRS,n,2,296.59,6.02,N,0
28.05253,69.36745,321.99,0.41,0.37,2025-04-15,2059,N,VIIRS,n,2,299.69,1.48,N,2
26.83416,67.89158,340.36,0.57,0.43,2025-04-16,815,N,VIIRS,l,2,313.9,5.56,D,0
27.74291,68.86064,367.0,0.49,0.41,2025-04-16,815,N,VIIRS,l,2,325.25,34.73,D,0
27.74384,68.86562,340.96,0.49,0.41,2025-04-16,815,N,VIIRS,l,2,313.56,34.73,D,0
28.15562,67.73783,345.08,0.55,0.43,2025-04-16,815,N,VIIRS,l,2,318.34,13.63,D,0
28.3446,69.60229,345.08,0.45,0.39,2025-04-16,815,N,VIIRS,n,2,315.46,6.75,D,0
28.38568,67.7562,346.03,0.55,0.43,2025-04-16,815,N,VIIRS,l,2,316.84,11.56,D,0
28.38594,67.75842,354.47,0.55,0.43,2025-04-16,815,N,VIIRS,n,2,315.95,9.12,D,0
28.43232,69.80827,339.7,0.44,0.39,2025-04-16,815,N,VIIRS,n,2,314.15,3.01,D,0
28.50795,69.80724,347.51,0.44,0.38,2025-04-16,815,N,VIIRS,l,2,318.13,11.76,D,0
28.5481,69.84928,349.97,0.44,0.38,2025-04-16,815,N,VIIRS,n,2,317.09,6.83,D,0
28.55278,69.83431,344.98,0.44,0.38,2025-04-16,815,N,VIIRS,l,2,315.43,5.16,D,0
28.63185,69.97444,342.37,0.43,0.38,2025-04-16,815,N,VIIRS,l,2,314.86,7.24,D,0
28.66735,70.01219,350.09,0.43,0.38,2025-04-16,815,N,VIIRS,l,2,316.16,13.62,D,0
28.82223,70.2182,346.99,0.42,0.38,2025-04-16,815,N,VIIRS,n,2,316.88,8.6,D,0
28.77079,70.13973,304.56,0.41,0.45,2025-04-16,2040,N,VIIRS,n,2,294.48,0.62,N,0
28.77275,70.12269,307.03,0.41,0.45,2025-04-16,2040,N,VIIRS,n,2,294.64,0.45,N,0
28.77427,70.12218,309.26,0.41,0.45,2025-04-16,2040,N,VIIRS,n,2,294.44,0.41,N,0
28.77794,70.16602,318.92,0.41,0.45,2025-04-16,2040,N,VIIRS,n,2,294.7,1.56,N,0
26.70049,68.27147,311.53,0.5,0.49,2025-04-16,2041,N,VIIRS,n,2,296.19,1.8,N,0
26.47077,68.4942,350.55,0.34,0.56,2025-04-17,756,N,VIIRS,n,2,314.08,7.15,D,0
27.76291,69.16054,343.57,0.58,0.52,2025-04-17,756,N,VIIRS,n,2,309.79,3.35,D,0
27.76469,69.16255,341.5,0.58,0.52,2025-04-17,756,N,VIIRS,n,2,309.27,4.44,D,0
27.86449,68.98705,343.03,0.59,0.53,2025-04-17,756,N,VIIRS,n,2,307.28,6.01,D,0
28.17813,70.16845,342.33,0.5,0.49,2025-04-17,756,N,VIIRS,n,2,307.76,2.84,D,0
28.18985,70.20221,336.02,0.49,0.49,2025-04-17,756,N,VIIRS,l,2,307.43,2.48,D,0
28.38402,69.77003,339.71,0.52,0.5,2025-04-17,756,N,VIIRS,n,2,305.09,16.61,D,0
28.38515,69.77526,356.5,0.52,0.5,2025-04-17,756,N,VIIRS,n,2,310.71,16.61,D,0
28.38627,69.78049,367.0,0.52,0.5,2025-04-17,756,N,VIIRS,h,2,308.21,12.3,D,0
28.38739,69.78571,339.96,0.52,0.5,2025-04-17,756,N,VIIRS,n,2,306.81,12.3,D,0
28.38853,69.76881,333.45,0.52,0.5,2025-04-17,756,N,VIIRS,l,2,305.3,7.61,D,0
28.38966,69.77403,356.81,0.52,0.5,2025-04-17,756,N,VIIRS,n,2,305.93,7.61,D,0
28.39078,69.77925,367.0,0.52,0.5,2025-04-17,756,N,VIIRS,h,2,308.08,10.88,D,0
28.39189,69.78447,346.98,0.52,0.5,2025-04-17,756,N,VIIRS,n,2,306.98,10.88,D,0
28.41326,69.79522,347.59,0.52,0.5,2025-04-17,756,N,VIIRS,n,2,314.57,35.75,D,0
28.41437,69.80042,347.28,0.52,0.5,2025-04-17,756,N,VIIRS,n,2,307.25,35.75,D,0
28.41665,69.78877,331.65,0.52,0.5,2025-04-17,756,N,VIIRS,l,2,305.87,6.55,D,0
28.41776,69.79399,355.28,0.52,0.5,2025-04-17,756,N,VIIRS,n,2,310.86,35.75,D,0
28.41887,69.7992,338.89,0.52,0.5,2025-04-17,756,N,VIIRS,n,2,306.69,35.75,D,0
28.49637,69.75906,334.61,0.52,0.5,2025-04-17,756,N,VIIRS,l,2,306.75,3.16,D,0
28.5207,70.34866,335.61,0.48,0.48,2025-04-17,756,N,VIIRS,l,2,307.2,5.87,D,0
28.52171,70.35348,344.58,0.48,0.48,2025-04-17,756,N,VIIRS,n,2,308.5,5.87,D,0
28.55878,69.84994,339.53,0.51,0.49,2025-04-17,756,N,VIIRS,n,2,306.26,3.99,D,0
28.55881,69.85165,337.09,0.51,0.49,2025-04-17,756,N,VIIRS,n,2,306.87,5.18,D,0
28.57226,69.78089,348.45,0.51,0.5,2025-04-17,756,N,VIIRS,n,2,309.67,8.5,D,0
28.62183,69.98885,332.13,0.5,0.49,2025-04-17,756,N,VIIRS,l,2,306.02,2.03,D,0
28.64293,69.97782,343.07,0.5,0.49,2025-04-17,756,N,VIIRS,n,2,306.25,4.58,D,0
28.66687,70.02441,333.23,0.49,0.49,2025-04-17,756,N,VIIRS,l,2,306.09,2.87,D,0
28.67553,70.04321,338.09,0.49,0.49,2025-04-17,756,N,VIIRS,n,2,307.86,2.79,D,0
28.68139,70.00458,334.37,0.5,0.49,2025-04-17,756,N,VIIRS,l,2,306.06,3.51,D,0
28.68561,70.02463,331.29,0.49,0.49,2025-04-17,756,N,VIIRS,l,2,306.14,1.38,D,0
28.7906,70.04598,337.75,0.49,0.49,2025-04-17,756,N,VIIRS,n,2,307.7,2.26,D,0
28.79287,69.92361,344.89,0.5,0.49,2025-04-17,756,N,VIIRS,n,2,310.33,6.75,D,0
28.79393,69.92866,335.37,0.5,0.49,2025-04-17,756,N,VIIRS,l,2,308.38,5.85,D,0
28.82236,70.21892,342.65,0.48,0.48,2025-04-17,756,N,VIIRS,n,2,307.56,3.51,D,0
28.82672,70.21776,345.56,0.48,0.48,2025-04-17,756,N,VIIRS,n,2,306.19,3.51,D,0
28.89585,70.39639,335.31,0.47,0.47,2025-04-17,756,N,VIIRS,l,2,307.97,2.64,D,0
28.89627,70.39786,331.32,0.47,0.47,2025-04-17,756,N,VIIRS,l,2,306.23,2.33,D,0
28.90071,70.31146,349.12,0.47,0.48,2025-04-17,756,N,VIIRS,n,2,307.3,5.73,D,0
28.90503,70.3103,336.58,0.47,0.48,2025-04-17,756,N,VIIRS,n,2,306.03,4.0,D,0
27.25777,67.69099,335.38,0.73,0.76,2025-04-17,937,N,VIIRS,n,2,305.37,3.09,D,0
27.26114,67.69064,335.35,0.73,0.76,2025-04-17,937,N,VIIRS,n,2,305.12,5.03,D,0
28.79257,70.04054,308.7,0.4,0.6,2025-04-17,2021,N,VIIRS,n,2,295.1,1.97,N,0
26.49373,68.8679,349.66,0.61,0.71,2025-04-18,737,N,VIIRS,n,2,306.08,10.25,D,0
26.49633,68.86989,355.88,0.61,0.71,2025-04-18,737,N,VIIRS,n,2,305.53,11.96,D,0
26.51744,68.05878,332.86,0.68,0.74,2025-04-18,737,N,VIIRS,l,2,307.55,2.88,D,0
26.83474,67.87983,343.14,0.69,0.74,2025-04-18,737,N,VIIRS,n,2,311.07,7.09,D,0
27.77039,67.44963,342.16,0.69,0.74,2025-04-18,737,N,VIIRS,n,2,309.37,11.91,D,0
27.771,67.44888,354.15,0.69,0.74,2025-04-18,737,N,VIIRS,n,2,310.25,11.96,D,0
27.77161,67.45409,353.51,0.69,0.74,2025-04-18,737,N,VIIRS,n,2,310.94,11.91,D,0
27.77223,67.45332,367.0,0.69,0.74,2025-04-18,737,N,VIIRS,h,2,311.18,13.28,D,0
27.77287,67.45872,337.58,0.69,0.74,2025-04-18,737,N,VIIRS,l,2,309.88,11.08,D,0
27.77351,67.45792,344.53,0.69,0.74,2025-04-18,737,N,VIIRS,n,2,310.12,13.28,D,0
27.77764,67.44946,367.0,0.69,0.74,2025-04-18,737,N,VIIRS,h,2,308.92,11.91,D,0
27.77827,67.44874,350.39,0.69,0.74,2025-04-18,737,N,VIIRS,n,2,306.76,6.64,D,0
27.91559,69.08315,339.74,0.55,0.68,2025-04-18,737,N,VIIRS,l,2,311.7,5.4,D,0
28.15371,70.0591,340.6,0.48,0.65,2025-04-18,737,N,VIIRS,l,2,311.42,2.81,D,0
28.21158,69.65197,340.93,0.5,0.66,2025-04-18,737,N,VIIRS,n,2,311.16,3.46,D,0
28.30194,70.20894,338.22,0.47,0.64,2025-04-18,737,N,VIIRS,l,2,311.58,3.3,D,0
28.3483,69.58248,337.03,0.51,0.66,2025-04-18,737,N,VIIRS,l,2,308.78,4.73,D,0
28.34857,69.57935,342.65,0.5,0.66,2025-04-18,737,N,VIIRS,n,2,308.1,3.18,D,0
28.43843,69.80531,334.14,0.49,0.65,2025-04-18,737,N,VIIRS,l,2,306.59,2.64,D,0
28.55028,69.83945,336.32,0.48,0.65,2025-04-18,738,N,VIIRS,l,2,307.67,3.58,D,0
28.55153,69.84433,332.95,0.48,0.65,2025-04-18,738,N,VIIRS,l,2,307.64,4.66,D,0
28.55239,69.82294,334.0,0.48,0.65,2025-04-18,738,N,VIIRS,l,2,307.77,2.01,D,0
28.58342,69.96995,342.8,0.47,0.64,2025-04-18,738,N,VIIRS,n,2,307.59,3.79,D,0
28.58463,69.97473,341.09,0.47,0.64,2025-04-18,738,N,VIIRS,n,2,307.62,3.79,D,0
28.59295,69.88356,331.86,0.48,0.65,2025-04-18,738,N,VIIRS,l,2,306.66,3.15,D,0
28.59352,69.93558,342.9,0.48,0.64,2025-04-18,738,N,VIIRS,n,2,307.55,3.82,D,0
28.59863,69.98059,336.72,0.47,0.64,2025-04-18,738,N,VIIRS,l,2,309.0,3.81,D,0
28.60728,69.91553,339.68,0.48,0.64,2025-04-18,738,N,VIIRS,n,2,307.49,2.88,D,0
28.62555,70.01314,338.21,0.47,0.64,2025-04-18,738,N,VIIRS,n,2,307.72,3.38,D,0
28.62674,70.01787,341.32,0.47,0.64,2025-04-18,738,N,VIIRS,n,2,309.14,7.06,D,0
28.63132,70.01128,337.68,0.47,0.64,2025-04-18,738,N,VIIRS,n,2,305.96,3.15,D,0
28.63709,70.00943,335.53,0.47,0.64,2025-04-18,738,N,VIIRS,l,2,307.41,3.15,D,0
28.65635,70.16081,332.9,0.46,0.64,2025-04-18,738,N,VIIRS,l,2,306.81,3.52,D,0
28.71737,70.01375,338.14,0.47,0.64,2025-04-18,738,N,VIIRS,n,2,307.63,2.68,D,0
28.71856,70.01848,333.44,0.47,0.64,2025-04-18,738,N,VIIRS,l,2,308.27,2.68,D,0
28.73245,70.02424,341.39,0.47,0.64,2025-04-18,738,N,VIIRS,n,2,308.69,3.37,D,0
28.75726,70.14777,333.03,0.46,0.63,2025-04-18,738,N,VIIRS,l,2,306.16,4.08,D,0
28.82352,70.21624,335.11,0.45,0.63,2025-04-18,738,N,VIIRS,l,2,306.98,2.9,D,0
28.83603,70.21722,337.39,0.45,0.63,2025-04-18,738,N,VIIRS,n,2,306.55,2.05,D,0
28.83996,70.21195,338.52,0.45,0.63,2025-04-18,738,N,VIIRS,n,2,306.42,3.56,D,0
28.84112,70.21651,340.29,0.45,0.63,2025-04-18,738,N,VIIRS,n,2,307.35,4.9,D,0
29.1132,70.35043,341.33,0.44,0.62,2025-04-18,738,N,VIIRS,n,2,308.8,3.6,D,0
26.56583,68.14848,348.79,0.39,0.6,2025-04-18,917,N,VIIRS,n,2,310.91,4.06,D,0
26.65954,68.14717,367.0,0.4,0.6,2025-04-18,917,N,VIIRS,h,2,311.79,8.74,D,0
26.83768,67.87785,352.23,0.38,0.59,2025-04-18,918,N,VIIRS,n,2,316.77,9.54,D,0
26.83799,67.88177,367.0,0.38,0.59,2025-04-18,918,N,VIIRS,h,2,323.78,9.54,D,0
27.47833,69.02554,348.26,0.46,0.63,2025-04-18,918,N,VIIRS,n,2,313.01,3.91,D,0
27.73788,67.63419,350.0,0.38,0.59,2025-04-18,918,N,VIIRS,n,2,313.99,5.2,D,0
27.73901,67.63363,343.76,0.38,0.59,2025-04-18,918,N,VIIRS,n,2,312.74,3.79,D,0
27.77344,67.44515,343.46,0.37,0.58,2025-04-18,918,N,VIIRS,n,2,311.3,2.89,D,0
27.77394,67.45138,342.26,0.37,0.58,2025-04-18,918,N,VIIRS,n,2,314.15,7.6,D,0
27.7787,67.44305,367.0,0.37,0.58,2025-04-18,918,N,VIIRS,h,2,320.12,21.08,D,0
27.77918,67.44897,354.71,0.37,0.58,2025-04-18,918,N,VIIRS,n,2,318.4,21.07,D,0
27.77968,67.45513,367.0,0.37,0.58,2025-04-18,918,N,VIIRS,h,2,318.13,21.07,D,0
27.78401,67.44151,367.0,0.37,0.58,2025-04-18,918,N,VIIRS,h,2,320.26,21.08,D,0
27.78448,67.44723,367.0,0.37,0.58,2025-04-18,918,N,VIIRS,h,2,314.56,21.07,D,0
27.78494,67.45296,350.98,0.37,0.58,2025-04-18,918,N,VIIRS,n,2,311.35,21.07,D,0
27.78933,67.44011,367.0,0.37,0.58,2025-04-18,918,N,VIIRS,h,2,314.03,10.13,D,0
27.87941,68.19118,341.77,0.41,0.61,2025-04-18,918,N,VIIRS,n,2,311.15,2.52,D,0
27.88262,68.19122,343.18,0.41,0.61,2025-04-18,918,N,VIIRS,n,2,310.43,2.42,D,0
27.91314,69.07851,341.71,0.46,0.64,2025-04-18,918,N,VIIRS,n,2,311.13,4.59,D,0
28.04015,69.89198,341.24,0.52,0.67,2025-04-18,918,N,VIIRS,n,2,309.94,2.89,D,0
28.15511,67.71827,344.91,0.39,0.59,2025-04-18,918,N,VIIRS,l,2,318.86,4.0,D,0
28.15528,67.71856,346.19,0.39,0.59,2025-04-18,918,N,VIIRS,n,2,319.19,4.1,D,0
28.16061,67.71775,351.61,0.39,0.59,2025-04-18,918,N,VIIRS,n,2,317.58,6.5,D,0
28.16078,67.71803,351.22,0.39,0.59,2025-04-18,918,N,VIIRS,n,2,317.27,4.1,D,0
28.16093,67.72176,344.05,0.39,0.59,2025-04-18,918,N,VIIRS,l,2,318.05,7.66,D,0
28.16108,67.72205,345.13,0.39,0.59,2025-04-18,918,N,VIIRS,l,2,317.51,9.57,D,0
28.24824,69.58151,349.43,0.5,0.66,2025-04-18,918,N,VIIRS,n,2,311.8,5.0,D,0
28.39979,69.76257,336.84,0.52,0.67,2025-04-18,918,N,VIIRS,l,2,311.19,5.14,D,0
28.41543,69.81622,345.02,0.52,0.67,2025-04-18,918,N,VIIRS,n,2,309.44,5.14,D,0
28.46539,69.81261,340.39,0.52,0.67,2025-04-18,918,N,VIIRS,n,2,309.41,3.09,D,0
28.58071,69.88526,350.76,0.53,0.67,2025-04-18,918,N,VIIRS,n,2,309.9,6.37,D,0
27.74825,67.44337,313.63,0.48,0.48,2025-04-18,2143,N,VIIRS,n,2,301.81,8.26,N,0
27.74968,67.43656,312.6,0.48,0.48,2025-04-18,2143,N,VIIRS,n,2,300.37,25.86,N,0
27.75133,67.45064,315.39,0.48,0.48,2025-04-18,2143,N,VIIRS,n,2,303.69,8.26,N,0
27.75265,67.44439,331.66,0.48,0.48,2025-04-18,2143,N,VIIRS,n,2,307.06,8.26,N,0
27.75344,67.46254,316.82,0.49,0.48,2025-04-18,2143,N,VIIRS,n,2,303.74,17.44,N,0
27.75409,67.43755,349.32,0.48,0.48,2025-04-18,2143,N,VIIRS,n,2,312.71,25.86,N,0
27.75458,67.45716,347.35,0.48,0.48,2025-04-18,2143,N,VIIRS,n,2,305.07,17.44,N,0
27.75577,67.4515,349.22,0.48,0.48,2025-04-18,2143,N,VIIRS,n,2,304.49,23.86,N,0
27.75709,67.44526,333.8,0.48,0.48,2025-04-18,2143,N,VIIRS,n,2,304.36,23.86,N,0
27.75782,67.46372,321.23,0.49,0.48,2025-04-18,2143,N,VIIRS,n,2,304.34,17.44,N,0
27.7585,67.43856,353.11,0.48,0.48,2025-04-18,2143,N,VIIRS,n,2,309.85,17.38,N,0
27.75896,67.45831,339.97,0.48,0.48,2025-04-18,2143,N,VIIRS,n,2,320.49,17.44,N,0
27.75974,67.43262,353.7,0.48,0.48,2025-04-18,2143,N,VIIRS,n,2,309.29,17.38,N,0
27.76018,67.45252,355.29,0.48,0.48,2025-04-18,2143,N,VIIRS,n,2,317.32,23.86,N,0
27.76085,67.42739,367.0,0.48,0.48,2025-04-18,2143,N,VIIRS,h,2,302.12,29.07,N,0
27.76153,67.44606,339.71,0.48,0.48,2025-04-18,2143,N,VIIRS,n,2,303.96,23.86,N,0
27.76291,67.43953,324.88,0.48,0.48,2025-04-18,2143,N,VIIRS,n,2,302.04,17.38,N,0
27.76332,67.45955,341.57,0.48,0.48,2025-04-18,2143,N,VIIRS,n,2,304.7,7.58,N,0
27.76415,67.43361,338.52,0.48,0.48,2025-04-18,2143,N,VIIRS,n,2,304.34,17.38,N,0
27.76456,67.45364,355.56,0.48,0.48,2025-04-18,2143,N,VIIRS,n,2,306.38,7.85,N,0
27.76524,67.42843,367.0,0.48,0.48,2025-04-18,2143,N,VIIRS,h,2,311.58,29.07,N,0
27.76595,67.44704,319.54,0.48,0.48,2025-04-18,2143,N,VIIRS,n,2,301.43,7.85,N,0
27.77399,67.4307,327.9,0.48,0.48,2025-04-18,2143,N,VIIRS,n,2,300.47,4.04,N,0
27.77835,67.43187,335.64,0.48,0.48,2025-04-18,2143,N,VIIRS,n,2,301.88,2.33,N,0
27.7793,67.42735,324.57,0.48,0.48,2025-04-18,2143,N,VIIRS,n,2,300.02,2.33,N,0
27.7837,67.42835,310.29,0.48,0.48,2025-04-18,2143,N,VIIRS,n,2,299.4,2.33,N,0
27.78611,67.43171,319.43,0.48,0.48,2025-04-18,2143,N,VIIRS,n,2,299.34,3.49,N,0
27.78709,67.42719,324.32,0.48,0.48,2025-04-18,2143,N,VIIRS,n,2,299.9,3.49,N,0
27.78811,67.42931,346.9,0.48,0.48,2025-04-18,2143,N,VIIRS,n,2,301.1,5.27,N,0
27.79054,67.4326,314.23,0.48,0.48,2025-04-18,2143,N,VIIRS,n,2,299.12,3.49,N,0
27.79151,67.42807,340.41,0.48,0.48,2025-04-18,2143,N,VIIRS,n,2,301.27,3.49,N,0
27.79254,67.43015,341.19,0.48,0.48,2025-04-18,2143,N,VIIRS,n,2,301.18,5.27,N,0
27.79595,67.4289,347.02,0.48,0.48,2025-04-18,2143,N,VIIRS,n,2,301.09,6.17,N,0
27.79697,67.43102,341.5,0.48,0.48,2025-04-18,2143,N,VIIRS,n,2,301.7,3.48,N,0
27.79794,67.42635,313.41,0.48,0.48,2025-04-18,2143,N,VIIRS,n,2,298.88,5.04,N,0
27.80038,67.42977,326.1,0.48,0.48,2025-04-18,2143,N,VIIRS,n,2,299.32,6.17,N,0
27.80139,67.43191,331.07,0.48,0.48,2025-04-18,2143,N,VIIRS,n,2,299.15,3.48,N,0
27.8048,67.43064,339.89,0.48,0.48,2025-04-18,2143,N,VIIRS,n,2,300.33,6.0,N,0
27.80924,67.43147,340.56,0.48,0.48,2025-04-18,2143,N,VIIRS,n,2,300.08,6.0,N,0
27.81026,67.42673,333.62,0.48,0.48,2025-04-18,2143,N,VIIRS,n,2,298.96,8.78,N,0
27.81368,67.43227,313.4,0.48,0.48,2025-04-18,2143,N,VIIRS,n,2,297.49,3.94,N,0
27.8147,67.42751,338.67,0.48,0.48,2025-04-18,2143,N,VIIRS,n,2,298.84,6.5,N,0
27.8236,67.42904,335.97,0.48,0.48,2025-04-18,2143,N,VIIRS,n,2,298.61,4.64,N,0
27.82467,67.46722,319.61,0.48,0.48,2025-04-18,2143,N,VIIRS,n,2,302.88,4.5,N,0
27.82804,67.42979,339.76,0.48,0.48,2025-04-18,2143,N,VIIRS,n,2,298.64,4.64,N,0
27.82902,67.46848,337.06,0.48,0.48,2025-04-18,2143,N,VIIRS,n,2,304.91,4.5,N,0
27.82907,67.425,315.77,0.48,0.48,2025-04-18,2143,N,VIIRS,n,2,296.27,4.64,N,0
27.83042,67.46192,334.21,0.48,0.48,2025-04-18,2143,N,VIIRS,n,2,303.81,4.5,N,0
27.83186,67.45516,314.49,0.48,0.48,2025-04-18,2143,N,VIIRS,n,2,300.86,5.85,N,0
27.83249,67.43053,336.34,0.48,0.48,2025-04-18,2143,N,VIIRS,n,2,297.78,4.41,N,0
27.83352,67.42574,330.46,0.48,0.48,2025-04-18,2143,N,VIIRS,n,2,296.62,4.41,N,0
27.83474,67.4633,315.29,0.48,0.48,2025-04-18,2143,N,VIIRS,n,2,302.95,5.62,N,0
27.83615,67.45667,350.18,0.48,0.48,2025-04-18,2143,N,VIIRS,n,2,304.81,13.94,N,0
27.83693,67.43134,314.54,0.48,0.48,2025-04-18,2143,N,VIIRS,n,2,296.27,4.41,N,0
27.8375,67.45033,367.0,0.48,0.48,2025-04-18,2143,N,VIIRS,h,2,306.24,13.94,N,0
27.83797,67.42649,339.49,0.48,0.48,2025-04-18,2143,N,VIIRS,n,2,297.28,4.41,N,0
27.83883,67.44407,349.95,0.48,0.48,2025-04-18,2143,N,VIIRS,n,2,301.25,8.28,N,0
27.8402,67.43764,311.99,0.48,0.48,2025-04-18,2143,N,VIIRS,n,2,296.11,8.28,N,0
27.84132,67.43235,322.33,0.48,0.48,2025-04-18,2143,N,VIIRS,n,2,296.83,3.54,N,0
27.84239,67.42735,321.96,0.48,0.48,2025-04-18,2143,N,VIIRS,n,2,295.78,3.54,N,0
28.50035,67.8519,304.51,0.49,0.49,2025-04-18,2143,N,VIIRS,n,2,294.37,1.39,N,0
28.50475,67.85313,307.25,0.49,0.49,2025-04-18,2143,N,VIIRS,n,2,294.17,1.39,N,0
26.34641,68.60509,340.92,0.43,0.46,2025-04-19,858,N,VIIRS,l,2,315.27,5.39,D,0
26.34689,68.60943,339.05,0.43,0.46,2025-04-19,858,N,VIIRS,l,2,313.72,5.42,D,0
26.55589,68.30276,338.06,0.41,0.45,2025-04-19,858,N,VIIRS,l,2,312.61,2.24,D,0
27.004,68.33156,344.39,0.42,0.45,2025-04-19,859,N,VIIRS,n,2,313.51,4.43,D,0
27.49221,67.79103,346.25,0.4,0.44,2025-04-19,859,N,VIIRS,l,2,318.73,8.8,D,0
27.55389,69.04607,347.44,0.47,0.48,2025-04-19,859,N,VIIRS,l,2,317.55,10.39,D,0
27.74005,67.43777,344.52,0.38,0.43,2025-04-19,859,N,VIIRS,l,2,318.38,4.83,D,0
27.74593,67.44657,345.05,0.38,0.43,2025-04-19,859,N,VIIRS,l,2,320.04,5.32,D,0
27.74959,67.44957,350.38,0.38,0.43,2025-04-19,859,N,VIIRS,l,2,320.65,10.14,D,0
27.75039,67.45012,344.89,0.38,0.43,2025-04-19,859,N,VIIRS,l,2,319.79,5.32,D,0
27.76136,68.69749,344.75,0.45,0.47,2025-04-19,859,N,VIIRS,n,2,313.56,7.28,D,0
27.76336,67.42003,350.9,0.57,0.43,2025-04-19,859,N,VIIRS,l,2,321.13,15.75,D,0
27.77139,67.41905,345.61,0.57,0.43,2025-04-19,859,N,VIIRS,l,2,317.95,11.56,D,0
27.81622,67.41947,345.33,0.38,0.43,2025-04-19,859,N,VIIRS,l,2,317.22,6.54,D,0
27.81666,67.42326,346.68,0.38,0.43,2025-04-19,859,N,VIIRS,l,2,321.01,6.72,D,0
27.82063,67.42244,344.0,0.38,0.43,2025-04-19,859,N,VIIRS,l,2,318.74,6.72,D,0
27.82461,67.42163,345.46,0.38,0.43,2025-04-19,859,N,VIIRS,l,2,317.56,10.49,D,0
27.89044,68.90626,344.63,0.47,0.47,2025-04-19,859,N,VIIRS,n,2,314.39,6.54,D,0
27.9341,68.68822,345.94,0.45,0.47,2025-04-19,859,N,VIIRS,l,2,318.49,6.88,D,0
28.03557,69.89331,345.08,0.54,0.5,2025-04-19,859,N,VIIRS,n,2,315.79,5.78,D,0
28.06889,69.89497,340.77,0.54,0.51,2025-04-19,859,N,VIIRS,l,2,314.57,5.33,D,0
28.07091,69.86685,354.37,0.53,0.5,2025-04-19,859,N,VIIRS,n,2,317.57,11.94,D,0
28.22442,69.59658,345.4,0.52,0.5,2025-04-19,859,N,VIIRS,l,2,319.29,13.43,D,0
28.22595,69.56413,356.18,0.51,0.5,2025-04-19,859,N,VIIRS,n,2,323.1,16.89,D,0
28.23975,69.56248,367.0,0.51,0.5,2025-04-19,859,N,VIIRS,h,2,323.07,13.96,D,0
28.24027,69.56778,346.32,0.51,0.5,2025-04-19,859,N,VIIRS,n,2,317.89,13.96,D,0
28.2498,69.15953,342.25,0.49,0.48,2025-04-19,859,N,VIIRS,l,2,316.94,6.15,D,0
28.26682,70.3656,345.3,0.58,0.52,2025-04-19,859,N,VIIRS,n,2,312.21,8.82,D,0
28.26735,70.37154,342.59,0.58,0.52,2025-04-19,859,N,VIIRS,l,2,313.85,8.82,D,0
28.26883,70.36797,367.0,0.58,0.52,2025-04-19,859,N,VIIRS,h,2,314.25,14.05,D,0
28.39215,69.79329,367.0,0.53,0.5,2025-04-19,859,N,VIIRS,h,2,320.29,23.93,D,0
28.39249,69.94529,334.96,0.54,0.51,2025-04-19,859,N,VIIRS,l,2,309.29,1.54,D,0
28.42435,69.56287,345.71,0.52,0.5,2025-04-19,859,N,VIIRS,l,2,319.56,12.7,D,0
28.43742,67.68082,346.89,0.4,0.44,2025-04-19,859,N,VIIRS,l,2,321.48,6.82,D,0
28.45849,67.9168,350.43,0.41,0.45,2025-04-19,859,N,VIIRS,n,2,315.68,4.44,D,0
28.45894,67.92107,348.0,0.42,0.45,2025-04-19,859,N,VIIRS,n,2,315.34,4.44,D,0
28.46266,67.91623,352.18,0.41,0.45,2025-04-19,859,N,VIIRS,n,2,319.94,9.5,D,0
28.46311,67.92051,346.41,0.42,0.45,2025-04-19,859,N,VIIRS,l,2,318.85,9.5,D,0
28.57904,69.97745,342.67,0.55,0.51,2025-04-19,859,N,VIIRS,n,2,310.6,6.64,D,0
28.5949,68.03471,344.96,0.42,0.45,2025-04-19,859,N,VIIRS,l,2,318.25,5.8,D,0
28.63556,70.01718,338.23,0.55,0.51,2025-04-19,859,N,VIIRS,l,2,310.88,6.99,D,0
28.74253,70.13125,334.94,0.56,0.52,2025-04-19,859,N,VIIRS,n,2,304.86,1.76,D,0
28.83269,70.22024,339.41,0.57,0.52,2025-04-19,859,N,VIIRS,n,2,308.89,4.5,D,0
29.16735,70.35452,339.14,0.59,0.53,2025-04-19,859,N,VIIRS,l,2,309.21,1.75,D,0
28.04985,68.35741,303.5,0.46,0.39,2025-04-19,2124,N,VIIRS,n,2,290.15,0.68,N,0
28.05199,68.35566,307.46,0.46,0.39,2025-04-19,2124,N,VIIRS,n,2,289.74,0.52,N,0
28.12959,68.89814,309.8,0.48,0.4,2025-04-19,2124,N,VIIRS,n,2,289.85,0.95,N,0
28.13687,69.56521,303.8,0.51,0.41,2025-04-19,2124,N,VIIRS,n,2,292.64,0.62,N,0
28.90172,70.22154,300.42,0.54,0.42,2025-04-19,2124,N,VIIRS,n,2,289.21,0.46,N,0
27.02752,68.06805,348.37,0.39,0.36,2025-04-20,840,N,VIIRS,l,2,322.03,18.82,D,0
27.31728,67.7579,355.24,0.39,0.36,2025-04-20,840,N,VIIRS,l,2,326.3,29.12,D,0
27.32003,67.75337,367.0,0.39,0.36,2025-04-20,840,N,VIIRS,l,2,335.01,29.12,D,0
27.32061,67.75729,354.31,0.39,0.36,2025-04-20,840,N,VIIRS,n,2,327.28,29.12,D,0
27.32118,67.76122,349.15,0.39,0.36,2025-04-20,840,N,VIIRS,n,2,322.29,11.35,D,0
27.32394,67.75668,367.0,0.39,0.36,2025-04-20,840,N,VIIRS,h,2,322.18,47.32,D,0
27.58325,67.85188,350.3,0.39,0.36,2025-04-20,840,N,VIIRS,l,2,321.51,10.48,D,0
27.78311,68.90636,349.36,0.41,0.37,2025-04-20,840,N,VIIRS,n,2,316.36,9.38,D,0
28.39107,69.75159,348.86,0.45,0.39,2025-04-20,840,N,VIIRS,n,2,319.56,10.48,D,0
28.53914,69.84189,351.5,0.45,0.39,2025-04-20,840,N,VIIRS,l,2,323.02,22.31,D,0
28.56119,69.92839,346.59,0.46,0.39,2025-04-20,840,N,VIIRS,l,2,321.46,24.88,D,0
28.58217,69.94883,350.39,0.46,0.39,2025-04-20,840,N,VIIRS,n,2,324.65,6.9,D,0
28.58577,69.94823,367.0,0.46,0.39,2025-04-20,840,N,VIIRS,l,2,326.12,6.9,D,0
28.60434,69.92139,348.7,0.46,0.39,2025-04-20,840,N,VIIRS,l,2,323.32,15.17,D,0
28.61496,69.87862,367.0,0.45,0.39,2025-04-20,840,N,VIIRS,l,2,325.56,13.81,D,0
28.61554,69.88328,349.72,0.45,0.39,2025-04-20,840,N,VIIRS,l,2,322.87,17.33,D,0
28.61644,69.98634,344.72,0.46,0.39,2025-04-20,840,N,VIIRS,n,2,317.44,9.85,D,0
28.7835,70.16177,345.49,0.47,0.4,2025-04-20,840,N,VIIRS,n,2,316.99,9.77,D,0
28.79319,70.17986,348.98,0.47,0.4,2025-04-20,840,N,VIIRS,n,2,317.5,8.76,D,0
28.82359,70.21443,349.93,0.47,0.4,2025-04-20,840,N,VIIRS,n,2,317.41,15.01,D,0
28.83089,70.21326,344.89,0.47,0.4,2025-04-20,840,N,VIIRS,l,2,318.25,9.34,D,0
28.04009,69.89989,317.22,0.38,0.36,2025-04-20,2105,N,VIIRS,n,2,287.68,0.89,N,0
28.04071,69.89601,309.38,0.38,0.36,2025-04-20,2105,N,VIIRS,n,2,288.19,1.23,N,0
28.04896,69.92975,301.93,0.38,0.36,2025-04-20,2105,N,VIIRS,n,2,287.79,0.62,N,0
28.36549,70.34496,299.72,0.39,0.36,2025-04-20,2105,N,VIIRS,n,2,289.43,0.99,N,0
28.36612,70.34106,315.8,0.39,0.36,2025-04-20,2105,N,VIIRS,n,2,288.89,0.99,N,0
28.36879,70.34565,302.7,0.39,0.36,2025-04-20,2105,N,VIIRS,n,2,288.52,0.59,N,0
28.36943,70.34174,312.81,0.39,0.36,2025-04-20,2105,N,VIIRS,n,2,288.49,0.59,N,0
28.42395,69.70164,315.43,0.38,0.36,2025-04-20,2105,N,VIIRS,n,2,293.55,1.5,N,2
28.78583,70.15816,306.96,0.38,0.36,2025-04-20,2105,N,VIIRS,n,2,288.75,0.43,N,0
27.3102,67.92135,301.12,0.4,0.37,2025-04-20,2106,N,VIIRS,n,2,290.17,0.64,N,0
27.75157,68.69637,347.71,0.43,0.38,2025-04-21,821,N,VIIRS,l,2,314.92,7.56,D,0
28.20146,70.1113,350.32,0.39,0.36,2025-04-21,821,N,VIIRS,n,2,318.78,7.68,D,0
28.30022,68.03303,349.31,0.45,0.39,2025-04-21,821,N,VIIRS,l,2,323.34,8.11,D,0
28.30551,67.84704,354.17,0.46,0.39,2025-04-21,821,N,VIIRS,l,2,323.08,32.43,D,0
28.57166,69.9705,344.95,0.39,0.36,2025-04-21,821,N,VIIRS,l,2,317.29,4.03,D,0
28.59128,69.9001,347.54,0.4,0.37,2025-04-21,821,N,VIIRS,l,2,318.87,7.89,D,0
28.59397,69.89538,367.0,0.4,0.37,2025-04-21,821,N,VIIRS,l,2,325.76,7.89,D,0
28.42491,69.69979,307.25,0.53,0.42,2025-04-21,2046,N,VIIRS,n,2,292.87,1.22,N,2
28.80789,70.17951,310.25,0.51,0.41,2025-04-21,2046,N,VIIRS,n,2,288.1,1.07,N,0
27.71078,68.93247,300.85,0.57,0.43,2025-04-21,2047,N,VIIRS,n,2,286.57,0.38,N,0
27.94977,69.8082,317.46,0.52,0.41,2025-04-21,2047,N,VIIRS,n,2,291.02,2.05,N,0
28.06254,69.88721,299.47,0.51,0.41,2025-04-21,2047,N,VIIRS,n,2,288.75,0.37,N,0
28.123,70.01563,314.53,0.51,0.41,2025-04-21,2047,N,VIIRS,n,2,291.39,1.09,N,0
26.5677,68.21113,341.65,0.56,0.52,2025-04-22,802,N,VIIRS,n,2,316.14,3.86,D,0
26.62371,68.28168,343.55,0.55,0.51,2025-04-22,802,N,VIIRS,l,2,317.32,11.13,D,0
27.31584,67.94286,345.76,0.56,0.52,2025-04-22,802,N,VIIRS,l,2,320.55,11.73,D,0
27.31586,67.94179,347.42,0.56,0.52,2025-04-22,802,N,VIIRS,n,2,320.37,10.37,D,0
27.43914,67.91218,367.0,0.56,0.52,2025-04-22,802,N,VIIRS,l,2,334.26,42.71,D,0
27.44037,67.91778,347.81,0.56,0.52,2025-04-22,802,N,VIIRS,n,2,319.3,42.71,D,0
27.44382,67.91091,355.65,0.56,0.52,2025-04-22,802,N,VIIRS,n,2,322.46,24.16,D,0
27.44504,67.91652,367.0,0.56,0.52,2025-04-22,802,N,VIIRS,h,2,321.71,24.16,D,0
27.70898,68.9301,347.21,0.48,0.48,2025-04-22,802,N,VIIRS,l,2,322.11,14.47,D,0
27.88443,69.02959,346.06,0.47,0.48,2025-04-22,802,N,VIIRS,n,2,318.86,7.72,D,0
27.88877,69.02846,343.95,0.47,0.48,2025-04-22,802,N,VIIRS,n,2,314.87,7.72,D,0
28.18966,69.52482,353.87,0.44,0.46,2025-04-22,802,N,VIIRS,n,2,322.22,10.61,D,0
28.24418,70.29031,367.0,0.4,0.44,2025-04-22,802,N,VIIRS,h,2,322.67,10.59,D,0
28.25223,70.2463,345.39,0.4,0.44,2025-04-22,802,N,VIIRS,l,2,320.33,7.77,D,0
28.31621,70.29317,343.09,0.39,0.44,2025-04-22,802,N,VIIRS,n,2,316.32,5.21,D,0
28.14507,68.72173,354.64,0.49,0.48,2025-04-22,803,N,VIIRS,n,2,323.21,10.82,D,0
28.17333,69.19021,344.84,0.46,0.47,2025-04-22,803,N,VIIRS,l,2,319.73,5.44,D,0
28.34349,69.89815,348.76,0.41,0.45,2025-04-22,803,N,VIIRS,n,2,318.14,4.81,D,0
28.42667,69.83322,350.81,0.42,0.45,2025-04-22,803,N,VIIRS,n,2,319.41,8.49,D,0
28.49806,69.77151,349.01,0.42,0.45,2025-04-22,803,N,VIIRS,n,2,322.46,8.71,D,0
28.56176,69.89607,345.22,0.41,0.45,2025-04-22,803,N,VIIRS,l,2,319.64,8.0,D,0
28.56312,68.03841,367.0,0.52,0.5,2025-04-22,803,N,VIIRS,h,2,320.9,17.78,D,0
28.57249,69.97145,367.0,0.41,0.45,2025-04-22,803,N,VIIRS,l,2,325.82,3.72,D,0
28.57331,69.97556,367.0,0.41,0.45,2025-04-22,803,N,VIIRS,l,2,325.33,3.72,D,0
28.57655,69.97041,367.0,0.41,0.45,2025-04-22,803,N,VIIRS,h,2,327.28,16.74,D,0
28.58455,69.88149,355.05,0.41,0.45,2025-04-22,803,N,VIIRS,n,2,321.77,11.21,D,0
28.58952,69.97142,350.61,0.41,0.45,2025-04-22,803,N,VIIRS,n,2,322.07,8.83,D,0
28.59276,69.96629,367.0,0.41,0.45,2025-04-22,803,N,VIIRS,l,2,325.28,3.72,D,0
28.59357,69.97039,367.0,0.41,0.45,2025-04-22,803,N,VIIRS,l,2,325.16,3.72,D,0
28.65483,70.15518,343.65,0.4,0.44,2025-04-22,803,N,VIIRS,l,2,316.98,5.66,D,0
28.66039,70.09889,352.38,0.4,0.44,2025-04-22,803,N,VIIRS,n,2,320.02,9.72,D,0
28.75815,70.27493,343.72,0.39,0.44,2025-04-22,803,N,VIIRS,n,2,316.42,2.18,D,0
28.77151,70.16888,349.03,0.39,0.44,2025-04-22,803,N,VIIRS,l,2,320.79,9.53,D,0
28.84744,70.29888,348.84,0.39,0.44,2025-04-22,803,N,VIIRS,n,2,319.34,15.19,D,0
28.85382,70.28906,342.6,0.39,0.44,2025-04-22,803,N,VIIRS,l,2,317.54,17.89,D,0
28.85459,70.29298,346.83,0.39,0.44,2025-04-22,803,N,VIIRS,n,2,321.76,17.89,D,0
28.97708,70.31932,343.14,0.38,0.43,2025-04-22,803,N,VIIRS,l,2,317.46,3.73,D,0
29.11083,69.67667,306.5,0.34,0.56,2025-04-22,2027,N,VIIRS,n,2,293.18,0.84,N,0
27.94724,69.8035,301.96,0.33,0.55,2025-04-22,2028,N,VIIRS,n,2,288.56,0.6,N,0
28.34034,70.19141,300.19,0.62,0.54,2025-04-22,2028,N,VIIRS,n,2,289.14,2.47,N,0
28.34513,70.19209,311.33,0.62,0.54,2025-04-22,2028,N,VIIRS,n,2,289.72,1.61,N,0
28.34535,70.19201,315.02,0.62,0.54,2025-04-22,2028,N,VIIRS,n,2,290.02,2.47,N,0
28.34568,70.18562,304.87,0.62,0.54,2025-04-22,2028,N,VIIRS,n,2,289.04,1.79,N,0
28.42277,69.6992,305.87,0.33,0.56,2025-04-22,2028,N,VIIRS,n,2,293.86,0.86,N,2
28.55478,69.8144,310.48,0.33,0.55,2025-04-22,2028,N,VIIRS,n,2,292.88,1.05,N,0
28.60701,68.63362,303.05,0.39,0.59,2025-04-22,2028,N,VIIRS,n,2,291.29,0.49,N,2
28.60732,68.62952,304.17,0.39,0.59,2025-04-22,2028,N,VIIRS,n,2,292.18,1.27,N,0
28.608,68.63203,311.39,0.39,0.59,2025-04-22,2028,N,VIIRS,n,2,292.98,0.96,N,2
28.60622,68.63683,307.17,0.64,0.72,2025-04-22,2208,N,VIIRS,n,2,289.59,1.09,N,0
28.60967,68.63678,301.87,0.64,0.72,2025-04-22,2208,N,VIIRS,n,2,289.39,1.09,N,0
26.86668,67.43591,350.05,0.59,0.7,2025-04-23,744,N,VIIRS,n,2,320.1,8.01,D,0
27.26836,68.63731,342.94,0.49,0.65,2025-04-23,744,N,VIIRS,n,2,316.46,4.57,D,0
27.37887,67.97765,351.04,0.53,0.67,2025-04-23,744,N,VIIRS,n,2,318.06,7.09,D,0
27.3802,67.97771,349.51,0.53,0.67,2025-04-23,744,N,VIIRS,n,2,318.83,7.97,D,0
27.53094,69.00293,367.0,0.46,0.64,2025-04-23,744,N,VIIRS,h,2,318.52,8.18,D,0
27.53541,69.00285,367.0,0.46,0.64,2025-04-23,744,N,VIIRS,h,2,320.69,11.72,D,0
27.5642,68.34988,352.0,0.5,0.66,2025-04-23,744,N,VIIRS,n,2,315.53,7.22,D,0
27.56506,68.35123,339.87,0.5,0.66,2025-04-23,744,N,VIIRS,l,2,314.22,6.66,D,0
27.70209,68.49039,367.0,0.49,0.65,2025-04-23,744,N,VIIRS,h,2,317.26,10.76,D,3
27.70362,68.48628,348.05,0.49,0.65,2025-04-23,744,N,VIIRS,l,2,318.86,4.85,D,0
28.17265,67.74915,344.34,0.53,0.67,2025-04-23,744,N,VIIRS,n,2,317.61,3.73,D,0
28.17332,67.74902,345.91,0.53,0.67,2025-04-23,744,N,VIIRS,n,2,318.28,4.44,D,0
28.18835,67.78415,353.24,0.52,0.67,2025-04-23,744,N,VIIRS,n,2,315.54,55.14,D,0
28.18878,67.78406,354.06,0.52,0.67,2025-04-23,744,N,VIIRS,n,2,315.98,35.7,D,0
28.18972,67.78939,367.0,0.52,0.67,2025-04-23,744,N,VIIRS,h,2,331.08,55.14,D,0
28.19012,67.78933,367.0,0.52,0.67,2025-04-23,744,N,VIIRS,h,2,330.8,110.38,D,0
28.38591,69.66054,353.02,0.4,0.6,2025-04-23,744,N,VIIRS,n,2,321.39,9.71,D,0
28.38963,69.77182,354.64,0.4,0.6,2025-04-23,744,N,VIIRS,n,2,321.34,17.1,D,0
28.39059,69.77582,367.0,0.4,0.6,2025-04-23,744,N,VIIRS,h,2,322.16,19.53,D,0
28.39558,69.74855,354.72,0.4,0.6,2025-04-23,744,N,VIIRS,n,2,319.84,7.42,D,0
28.39655,69.75256,344.33,0.4,0.6,2025-04-23,744,N,VIIRS,n,2,318.58,7.42,D,0
28.39752,69.75656,367.0,0.4,0.6,2025-04-23,744,N,VIIRS,h,2,320.01,15.37,D,0
28.40291,69.75491,348.66,0.4,0.6,2025-04-23,744,N,VIIRS,n,2,321.07,8.37,D,0
28.40928,69.75729,367.0,0.4,0.6,2025-04-23,744,N,VIIRS,h,2,320.75,8.37,D,0
28.41024,69.76129,367.0,0.4,0.6,2025-04-23,744,N,VIIRS,h,2,322.12,11.24,D,0
28.4112,69.76528,367.0,0.4,0.6,2025-04-23,744,N,VIIRS,h,2,319.91,11.24,D,0
28.41216,69.76928,367.0,0.4,0.6,2025-04-23,744,N,VIIRS,h,2,317.76,13.47,D,0
28.4412,68.03886,351.36,0.5,0.66,2025-04-23,744,N,VIIRS,n,2,317.25,9.08,D,0
28.56848,69.93727,346.13,0.38,0.59,2025-04-23,744,N,VIIRS,l,2,318.5,7.8,D,0
28.61088,69.89938,367.0,0.39,0.59,2025-04-23,744,N,VIIRS,h,2,320.66,13.01,D,0
28.61144,69.89832,367.0,0.39,0.59,2025-04-23,744,N,VIIRS,h,2,318.61,11.26,D,0
28.66264,70.13304,367.0,0.37,0.58,2025-04-23,744,N,VIIRS,h,2,321.57,9.78,D,0
28.66586,70.13316,350.86,0.37,0.58,2025-04-23,744,N,VIIRS,n,2,320.76,9.48,D,0
28.70994,70.11881,348.82,0.37,0.58,2025-04-23,744,N,VIIRS,n,2,323.64,8.62,D,0
28.78624,70.00012,355.3,0.38,0.58,2025-04-23,744,N,VIIRS,n,2,321.18,7.22,D,0
28.80936,70.30339,345.27,0.36,0.57,2025-04-23,744,N,VIIRS,n,2,318.83,3.62,D,0
28.92696,70.35903,347.85,0.36,0.57,2025-04-23,744,N,VIIRS,n,2,314.97,5.07,D,0
26.36997,68.84078,351.46,0.54,0.68,2025-04-23,924,N,VIIRS,n,2,315.91,7.89,D,0
26.37226,68.83825,367.0,0.54,0.68,2025-04-23,924,N,VIIRS,h,2,317.92,8.76,D,0
26.51257,68.32648,345.94,0.51,0.66,2025-04-23,924,N,VIIRS,n,2,314.56,7.06,D,0
27.29856,67.67147,347.25,0.47,0.64,2025-04-23,924,N,VIIRS,l,2,317.98,12.48,D,0
27.3574,70.39832,367.0,0.69,0.74,2025-04-23,924,N,VIIRS,h,2,318.91,15.13,D,0
27.49775,67.69758,351.0,0.48,0.64,2025-04-23,924,N,VIIRS,n,2,316.81,16.75,D,0
27.66184,67.76404,367.0,0.48,0.65,2025-04-23,924,N,VIIRS,h,2,318.14,11.69,D,0
27.66299,67.76508,367.0,0.48,0.65,2025-04-23,924,N,VIIRS,h,2,318.47,10.41,D,0
27.9705,68.89356,346.11,0.57,0.69,2025-04-23,924,N,VIIRS,n,2,314.72,7.77,D,0
27.97065,68.89717,351.36,0.57,0.69,2025-04-23,924,N,VIIRS,n,2,314.69,7.4,D,0
28.23509,67.7668,346.71,0.49,0.65,2025-04-23,924,N,VIIRS,n,2,316.23,5.81,D,0
28.23602,68.87301,348.08,0.57,0.69,2025-04-23,924,N,VIIRS,n,2,318.21,11.83,D,0
28.25699,67.82184,348.92,0.49,0.65,2025-04-23,924,N,VIIRS,n,2,316.26,7.84,D,0
28.33647,68.80473,344.17,0.56,0.69,2025-04-23,924,N,VIIRS,l,2,318.0,6.91,D,0
28.359,69.57178,367.0,0.63,0.72,2025-04-23,924,N,VIIRS,h,2,313.77,16.2,D,0
28.35934,69.57843,367.0,0.63,0.72,2025-04-23,924,N,VIIRS,h,2,315.01,22.78,D,0
28.40944,69.75803,345.15,0.64,0.72,2025-04-23,924,N,VIIRS,l,2,316.28,8.85,D,0
28.41047,69.75501,340.2,0.64,0.72,2025-04-23,924,N,VIIRS,l,2,313.66,14.8,D,0
28.41143,69.77556,339.56,0.65,0.73,2025-04-23,924,N,VIIRS,l,2,314.49,8.24,D,0
28.41661,69.76451,341.38,0.64,0.72,2025-04-23,924,N,VIIRS,l,2,315.47,10.39,D,0
28.41697,69.77135,350.22,0.65,0.73,2025-04-23,924,N,VIIRS,n,2,315.6,10.39,D,0
28.41733,69.7782,348.97,0.65,0.73,2025-04-23,924,N,VIIRS,n,2,317.51,13.07,D,0
28.41791,69.76833,348.9,0.65,0.73,2025-04-23,924,N,VIIRS,n,2,315.17,8.24,D,0
28.41806,69.7919,367.0,0.65,0.73,2025-04-23,924,N,VIIRS,h,2,312.28,12.6,D,0
28.41824,69.77516,344.61,0.65,0.73,2025-04-23,924,N,VIIRS,l,2,316.15,8.24,D,0
28.41888,69.78888,367.0,0.65,0.73,2025-04-23,924,N,VIIRS,h,2,312.43,21.66,D,0
28.42414,69.77782,350.25,0.65,0.73,2025-04-23,924,N,VIIRS,n,2,314.2,13.07,D,0
28.42504,69.77477,346.64,0.65,0.73,2025-04-23,924,N,VIIRS,n,2,313.46,8.15,D,0
28.47189,70.03834,345.04,0.67,0.74,2025-04-23,924,N,VIIRS,n,2,309.67,5.15,D,0
28.96092,67.5784,347.4,0.48,0.65,2025-04-23,925,N,VIIRS,l,2,318.55,7.5,D,0
29.04662,69.20447,348.11,0.61,0.71,2025-04-23,925,N,VIIRS,n,2,314.84,7.73,D,0
26.49372,68.26522,300.84,0.76,0.77,2025-04-23,2009,N,VIIRS,n,2,290.61,1.23,N,0
28.10303,70.19865,299.79,0.6,0.71,2025-04-23,2009,N,VIIRS,n,2,288.66,1.43,N,0
28.10341,70.19234,309.3,0.6,0.71,2025-04-23,2009,N,VIIRS,n,2,288.79,2.6,N,0
28.10769,70.19877,308.49,0.6,0.71,2025-04-23,2009,N,VIIRS,n,2,289.24,2.96,N,0
28.10802,70.19241,324.81,0.6,0.71,2025-04-23,2009,N,VIIRS,n,2,290.03,2.96,N,0
28.10965,70.19919,300.84,0.6,0.71,2025-04-23,2009,N,VIIRS,n,2,288.92,1.43,N,0
28.11002,70.19285,316.48,0.6,0.71,2025-04-23,2009,N,VIIRS,n,2,289.36,2.6,N,0
27.7454,68.78027,301.65,0.36,0.57,2025-04-23,2149,N,VIIRS,n,2,290.89,0.7,N,0
27.81499,68.74047,335.17,0.36,0.57,2025-04-23,2149,N,VIIRS,n,2,289.62,3.35,N,0
27.94681,69.80616,310.19,0.41,0.61,2025-04-23,2149,N,VIIRS,n,2,290.08,0.76,N,0
27.95147,69.80562,313.26,0.41,0.61,2025-04-23,2149,N,VIIRS,n,2,290.2,1.07,N,0
27.95227,69.80788,305.24,0.41,0.61,2025-04-23,2149,N,VIIRS,n,2,289.91,0.76,N,0
28.10419,70.1959,299.06,0.43,0.62,2025-04-23,2149,N,VIIRS,n,2,287.97,0.44,N,0
28.14613,70.0031,310.43,0.42,0.61,2025-04-23,2149,N,VIIRS,n,2,288.37,0.8,N,0
28.16712,70.18343,309.65,0.43,0.62,2025-04-23,2149,N,VIIRS,n,2,288.84,1.4,N,0
28.42274,69.70118,304.66,0.39,0.6,2025-04-23,2149,N,VIIRS,n,2,293.62,1.55,N,2
28.84821,70.21539,300.92,0.41,0.61,2025-04-23,2149,N,VIIRS,n,2,288.88,0.46,N,0
28.44319,69.79143,339.79,0.74,0.76,2025-04-24,725,N,VIIRS,l,2,312.85,5.24,D,0
28.48548,69.70982,349.48,0.74,0.76,2025-04-24,725,N,VIIRS,n,2,312.61,11.43,D,0
28.48786,69.70961,343.26,0.74,0.76,2025-04-24,725,N,VIIRS,n,2,312.44,8.31,D,0
28.77341,69.97206,367.0,0.71,0.75,2025-04-24,725,N,VIIRS,h,2,315.36,10.33,D,0
28.77401,69.97324,367.0,0.71,0.75,2025-04-24,725,N,VIIRS,h,2,315.38,18.64,D,0
28.77545,69.97922,338.07,0.71,0.75,2025-04-24,725,N,VIIRS,n,2,311.71,10.33,D,0
26.67257,68.07679,348.05,0.5,0.49,2025-04-24,905,N,VIIRS,n,2,313.53,6.09,D,0
27.21238,67.70203,354.45,0.48,0.48,2025-04-24,905,N,VIIRS,n,2,324.97,15.3,D,0
27.22965,67.71757,356.29,0.48,0.48,2025-04-24,905,N,VIIRS,n,2,325.0,14.5,D,0
27.37839,68.57814,349.88,0.55,0.51,2025-04-24,905,N,VIIRS,n,2,319.48,12.51,D,0
27.51278,67.96784,367.0,0.51,0.49,2025-04-24,905,N,VIIRS,l,2,327.62,12.77,D,0
27.51735,67.96727,353.2,0.51,0.49,2025-04-24,905,N,VIIRS,l,2,328.1,12.77,D,0
27.52191,67.96673,352.45,0.51,0.49,2025-04-24,905,N,VIIRS,l,2,323.18,19.72,D,0
27.56245,69.30428,356.12,0.61,0.53,2025-04-24,905,N,VIIRS,n,2,320.67,11.01,D,0
27.57409,67.78706,356.39,0.49,0.49,2025-04-24,905,N,VIIRS,n,2,324.09,18.83,D,0
27.79412,69.46829,343.93,0.63,0.54,2025-04-24,905,N,VIIRS,l,2,318.66,5.76,D,0
27.7947,69.47475,345.41,0.63,0.54,2025-04-24,905,N,VIIRS,l,2,317.93,5.76,D,0
27.87938,69.70531,367.0,0.33,0.55,2025-04-24,905,N,VIIRS,h,2,315.42,9.34,D,0
27.91288,67.89883,345.95,0.51,0.49,2025-04-24,905,N,VIIRS,l,2,320.12,16.32,D,0
28.02107,69.82154,367.0,0.33,0.55,2025-04-24,905,N,VIIRS,h,2,320.82,9.17,D,0
28.2321,69.57798,353.36,0.32,0.55,2025-04-24,905,N,VIIRS,n,2,319.0,5.97,D,0
28.3131,70.34294,343.36,0.36,0.57,2025-04-24,905,N,VIIRS,n,2,312.88,3.51,D,0
28.31341,70.34669,342.7,0.36,0.57,2025-04-24,905,N,VIIRS,l,2,315.52,3.51,D,0
28.32473,69.26094,346.14,0.62,0.54,2025-04-24,905,N,VIIRS,n,2,320.69,12.84,D,0
28.32487,69.26112,346.72,0.62,0.54,2025-04-24,905,N,VIIRS,n,2,320.96,16.21,D,0
28.34493,70.36901,351.52,0.36,0.57,2025-04-24,905,N,VIIRS,n,2,315.55,6.29,D,0
28.36364,70.26553,352.86,0.36,0.57,2025-04-24,905,N,VIIRS,n,2,313.0,3.93,D,0
28.37991,69.76641,367.0,0.33,0.55,2025-04-24,905,N,VIIRS,h,2,316.87,5.04,D,0
28.38176,69.76695,367.0,0.33,0.55,2025-04-24,905,N,VIIRS,h,2,318.95,7.17,D,0
28.38433,67.80465,367.0,0.51,0.49,2025-04-24,905,N,VIIRS,l,2,327.85,21.28,D,0
28.38485,67.80988,367.0,0.51,0.49,2025-04-24,905,N,VIIRS,l,2,329.68,30.36,D,0
28.38889,67.80408,346.08,0.51,0.49,2025-04-24,905,N,VIIRS,n,2,319.92,21.28,D,0
28.38941,67.8093,349.85,0.51,0.49,2025-04-24,905,N,VIIRS,n,2,320.65,30.36,D,0
28.39282,70.03835,336.26,0.35,0.56,2025-04-24,905,N,VIIRS,l,2,310.43,0.96,D,0
28.39784,70.0353,345.28,0.35,0.56,2025-04-24,905,N,VIIRS,n,2,311.01,1.8,D,0
28.39807,70.03783,341.47,0.35,0.56,2025-04-24,905,N,VIIRS,l,2,311.66,3.69,D,0
28.40901,69.59541,348.2,0.32,0.55,2025-04-24,905,N,VIIRS,n,2,319.27,6.41,D,0
28.4093,69.59877,367.0,0.32,0.55,2025-04-24,905,N,VIIRS,h,2,320.14,6.41,D,0
28.48076,69.70811,348.94,0.33,0.55,2025-04-24,905,N,VIIRS,n,2,318.14,7.56,D,0
28.4822,69.70628,351.84,0.33,0.55,2025-04-24,905,N,VIIRS,n,2,318.62,7.78,D,0
28.48248,69.70972,347.97,0.33,0.55,2025-04-24,905,N,VIIRS,n,2,319.42,8.37,D,0
28.50587,70.3853,343.29,0.36,0.58,2025-04-24,905,N,VIIRS,n,2,311.7,2.17,D,0
28.57537,69.88654,346.52,0.34,0.56,2025-04-24,905,N,VIIRS,n,2,319.81,6.39,D,0
28.64722,70.05168,344.72,0.35,0.57,2025-04-24,906,N,VIIRS,n,2,314.23,7.44,D,0
28.72732,70.18436,344.1,0.36,0.57,2025-04-24,906,N,VIIRS,n,2,315.18,3.65,D,0
28.76181,69.96977,348.39,0.35,0.56,2025-04-24,906,N,VIIRS,l,2,320.38,5.07,D,0
28.7621,69.97337,349.21,0.35,0.56,2025-04-24,906,N,VIIRS,l,2,320.21,5.07,D,0
29.16342,69.05572,345.33,0.61,0.54,2025-04-24,906,N,VIIRS,n,2,316.53,5.34,D,0
29.16381,69.05419,348.63,0.62,0.54,2025-04-24,906,N,VIIRS,n,2,317.18,7.43,D,0
29.16841,69.05537,352.04,0.61,0.54,2025-04-24,906,N,VIIRS,n,2,319.24,9.09,D,0
29.1688,69.05386,345.12,0.62,0.54,2025-04-24,906,N,VIIRS,n,2,318.56,7.43,D,0
29.17341,69.05512,356.63,0.61,0.54,2025-04-24,906,N,VIIRS,n,2,317.67,9.09,D,0
29.17381,69.05362,349.15,0.62,0.54,2025-04-24,906,N,VIIRS,n,2,317.47,11.3,D,0
28.42224,69.70144,304.36,0.42,0.45,2025-04-24,2130,N,VIIRS,n,2,293.17,0.95,N,2
28.42433,69.70004,307.51,0.42,0.45,2025-04-24,2130,N,VIIRS,n,2,294.85,1.65,N,2
28.60833,68.63534,305.48,0.55,0.42,2025-04-24,2130,N,VIIRS,n,2,293.29,1.51,N,2
27.96404,68.88092,317.22,0.38,0.44,2025-04-24,2131,N,VIIRS,n,2,293.22,1.6,N,0
28.3655,68.99989,302.89,0.38,0.43,2025-04-24,2131,N,VIIRS,n,2,292.41,0.58,N,0
26.22937,68.19511,354.34,0.43,0.38,2025-04-25,846,N,VIIRS,n,2,317.82,35.04,D,0
26.6557,68.16006,340.85,0.43,0.38,2025-04-25,846,N,VIIRS,l,2,315.11,3.45,D,0
26.81887,67.74558,348.76,0.42,0.38,2025-04-25,846,N,VIIRS,l,2,321.05,3.45,D,0
26.98427,68.36627,350.4,0.44,0.39,2025-04-25,846,N,VIIRS,n,2,321.21,9.27,D,0
26.98781,68.36569,346.12,0.44,0.39,2025-04-25,846,N,VIIRS,n,2,319.31,7.25,D,0
27.28727,67.75742,367.0,0.42,0.38,2025-04-25,846,N,VIIRS,l,2,325.95,17.11,D,0
27.28744,67.7501,367.0,0.42,0.38,2025-04-25,846,N,VIIRS,l,2,326.89,1.66,D,0
27.28785,67.76169,367.0,0.42,0.38,2025-04-25,846,N,VIIRS,l,2,325.62,17.11,D,0
27.28858,67.75867,367.0,0.42,0.38,2025-04-25,846,N,VIIRS,l,2,325.68,86.5,D,0
27.29132,67.76111,367.0,0.42,0.38,2025-04-25,846,N,VIIRS,h,2,340.57,17.11,D,0
27.29191,67.76539,367.0,0.42,0.38,2025-04-25,846,N,VIIRS,l,2,327.85,23.87,D,0
27.37323,69.12033,351.87,0.48,0.4,2025-04-25,846,N,VIIRS,n,2,326.29,4.56,D,0
27.37631,69.11488,367.0,0.48,0.4,2025-04-25,846,N,VIIRS,l,2,327.52,1.17,D,0
27.37691,69.11975,367.0,0.48,0.4,2025-04-25,846,N,VIIRS,l,2,326.38,1.17,D,0
27.69359,68.16371,367.0,0.44,0.38,2025-04-25,846,N,VIIRS,l,2,327.83,23.14,D,0
27.69712,68.16313,350.36,0.44,0.38,2025-04-25,846,N,VIIRS,l,2,322.12,23.14,D,0
27.75081,68.64037,347.5,0.46,0.39,2025-04-25,846,N,VIIRS,l,2,320.79,9.3,D,0
27.75487,67.89223,346.82,0.43,0.38,2025-04-25,846,N,VIIRS,l,2,321.61,2.24,D,0
28.77687,70.08413,348.11,0.56,0.43,2025-04-25,847,N,VIIRS,n,2,319.17,15.42,D,0
28.96863,67.62105,367.0,0.43,0.38,2025-04-25,847,N,VIIRS,l,2,327.99,0.71,D,0
28.96921,67.62548,367.0,0.43,0.38,2025-04-25,847,N,VIIRS,l,2,328.14,0.37,D,0
28.9698,67.62992,367.0,0.43,0.38,2025-04-25,847,N,VIIRS,l,2,328.11,0.37,D,0
28.97213,67.62045,367.0,0.43,0.38,2025-04-25,847,N,VIIRS,l,2,328.1,0.42,D,0
28.97272,67.62489,356.47,0.43,0.38,2025-04-25,847,N,VIIRS,l,2,328.7,1.43,D,0
28.97331,67.62933,367.0,0.43,0.38,2025-04-25,847,N,VIIRS,l,2,329.25,1.43,D,0
28.97563,67.61987,367.0,0.43,0.38,2025-04-25,847,N,VIIRS,l,2,328.48,0.42,D,0
28.97622,67.6243,367.0,0.43,0.38,2025-04-25,847,N,VIIRS,l,2,328.46,1.43,D,0
28.97681,67.62874,367.0,0.43,0.38,2025-04-25,847,N,VIIRS,l,2,328.48,1.43,D,0
27.32411,67.73398,311.22,0.38,0.36,2025-04-25,2112,N,VIIRS,n,2,290.26,0.67,N,0
27.32741,67.73462,303.83,0.38,0.36,2025-04-25,2112,N,VIIRS,n,2,291.35,0.67,N,0
27.33402,67.73592,311.89,0.38,0.36,2025-04-25,2112,N,VIIRS,n,2,291.86,1.53,N,0
27.60203,67.86186,308.18,0.38,0.36,2025-04-25,2112,N,VIIRS,n,2,289.83,0.66,N,0
27.81474,67.63095,315.37,0.38,0.36,2025-04-25,2112,N,VIIRS,n,2,291.96,1.27,N,0
27.94925,69.8075,313.56,0.4,0.37,2025-04-25,2112,N,VIIRS,n,2,293.17,0.59,N,0
28.15659,67.80676,307.04,0.38,0.36,2025-04-25,2112,N,VIIRS,n,2,290.78,0.48,N,0
28.15989,67.80741,308.26,0.38,0.36,2025-04-25,2112,N,VIIRS,n,2,292.45,0.53,N,0
28.16049,67.80352,301.53,0.38,0.36,2025-04-25,2112,N,VIIRS,n,2,291.46,0.53,N,0
28.17437,67.66962,309.36,0.39,0.36,2025-04-25,2112,N,VIIRS,n,2,291.09,0.98,N,0
28.22076,70.02786,329.64,0.41,0.37,2025-04-25,2112,N,VIIRS,n,2,292.09,2.64,N,0
28.22413,70.02859,329.74,0.41,0.37,2025-04-25,2112,N,VIIRS,n,2,293.67,2.28,N,0
28.42364,69.69965,314.73,0.4,0.37,2025-04-25,2112,N,VIIRS,n,2,294.61,1.12,N,2
28.42698,69.70037,306.39,0.4,0.37,2025-04-25,2112,N,VIIRS,n,2,295.6,1.12,N,2
28.6093,68.63334,305.5,0.38,0.36,2025-04-25,2112,N,VIIRS,n,2,294.44,0.79,N,2
27.43128,67.8989,367.0,0.41,0.37,2025-04-26,828,N,VIIRS,l,2,328.61,11.4,D,0
27.43197,67.90302,352.52,0.41,0.37,2025-04-26,828,N,VIIRS,l,2,332.25,24.58,D,0
27.43398,67.89407,357.15,0.41,0.37,2025-04-26,828,N,VIIRS,l,2,333.71,11.4,D,0
27.43467,67.89819,367.0,0.41,0.37,2025-04-26,828,N,VIIRS,h,2,332.95,11.4,D,0
27.43537,67.90231,350.56,0.41,0.37,2025-04-26,828,N,VIIRS,l,2,332.94,24.58,D,0
27.43807,67.89747,355.11,0.41,0.37,2025-04-26,828,N,VIIRS,l,2,330.89,13.3,D,0
27.43877,67.90159,350.34,0.41,0.37,2025-04-26,828,N,VIIRS,l,2,332.51,7.89,D,0
27.44147,67.89676,367.0,0.41,0.37,2025-04-26,828,N,VIIRS,h,2,328.52,13.3,D,0
27.44216,67.90088,367.0,0.41,0.37,2025-04-26,828,N,VIIRS,l,2,329.29,7.89,D,0
27.52162,67.87131,367.0,0.41,0.37,2025-04-26,828,N,VIIRS,h,2,346.55,91.18,D,0
27.5223,67.87544,356.17,0.41,0.37,2025-04-26,828,N,VIIRS,l,2,336.16,46.21,D,0
27.52501,67.87059,367.0,0.41,0.37,2025-04-26,828,N,VIIRS,l,2,335.59,42.32,D,0
27.5257,67.87472,356.39,0.41,0.37,2025-04-26,828,N,VIIRS,l,2,334.17,47.61,D,0
27.60723,67.69545,349.66,0.41,0.37,2025-04-26,828,N,VIIRS,l,2,321.79,12.05,D,0
28.37801,69.6021,349.48,0.38,0.36,2025-04-26,828,N,VIIRS,l,2,323.43,11.97,D,0
28.4124,67.74433,348.51,0.41,0.37,2025-04-26,828,N,VIIRS,l,2,320.3,5.21,D,0
28.96577,70.33768,367.0,0.39,0.36,2025-04-26,828,N,VIIRS,l,2,325.17,22.56,D,0
28.96967,70.34101,351.63,0.39,0.36,2025-04-26,828,N,VIIRS,l,2,323.15,27.44,D,0
28.99389,70.32012,351.12,0.39,0.36,2025-04-26,828,N,VIIRS,n,2,320.55,10.63,D,0
29.1781,70.21685,350.76,0.39,0.36,2025-04-26,828,N,VIIRS,l,2,323.99,4.8,D,0
29.18142,70.21622,351.23,0.39,0.36,2025-04-26,828,N,VIIRS,l,2,322.2,20.56,D,0
27.94845,69.80405,325.56,0.44,0.38,2025-04-26,2053,N,VIIRS,n,2,293.63,1.62,N,0
28.42592,69.70101,314.7,0.45,0.39,2025-04-26,2053,N,VIIRS,n,2,297.41,2.04,N,2
28.54348,68.02811,338.74,0.54,0.42,2025-04-26,2053,N,VIIRS,n,2,299.44,11.76,N,0
28.54737,68.02872,310.62,0.54,0.42,2025-04-26,2053,N,VIIRS,n,2,296.9,2.0,N,0
28.81429,70.22915,302.77,0.43,0.38,2025-04-26,2053,N,VIIRS,n,2,292.01,0.49,N,0
28.84658,67.53469,307.44,0.38,0.43,2025-04-26,2053,N,VIIRS,n,2,295.22,1.52,N,0
28.8506,67.5353,326.61,0.38,0.43,2025-04-26,2053,N,VIIRS,n,2,296.25,1.52,N,0
28.85104,67.53135,320.77,0.38,0.43,2025-04-26,2053,N,VIIRS,n,2,296.06,1.52,N,0
28.85505,67.53197,309.91,0.38,0.43,2025-04-26,2053,N,VIIRS,n,2,296.9,0.92,N,0
27.25703,67.77489,351.54,0.46,0.47,2025-04-27,809,N,VIIRS,l,2,322.97,21.03,D,0
27.57743,67.78055,350.01,0.46,0.47,2025-04-27,809,N,VIIRS,n,2,323.4,16.01,D,0
27.60448,67.6716,344.39,0.46,0.47,2025-04-27,809,N,VIIRS,l,2,318.21,7.7,D,0
27.64926,67.71368,354.66,0.46,0.47,2025-04-27,809,N,VIIRS,n,2,322.84,19.84,D,0
27.65354,67.71257,347.54,0.46,0.47,2025-04-27,809,N,VIIRS,l,2,322.15,10.54,D,0
27.68922,68.30054,349.43,0.43,0.46,2025-04-27,809,N,VIIRS,n,2,323.66,11.6,D,0
27.70472,67.82137,348.26,0.45,0.47,2025-04-27,809,N,VIIRS,n,2,321.9,13.65,D,0
27.75018,69.18131,367.0,0.57,0.43,2025-04-27,809,N,VIIRS,l,2,326.8,26.87,D,0
27.75412,69.18036,349.09,0.57,0.43,2025-04-27,809,N,VIIRS,n,2,320.08,26.87,D,0
27.83097,67.62105,352.36,0.46,0.47,2025-04-27,809,N,VIIRS,n,2,322.97,10.37,D,0
27.94235,68.99303,354.74,0.39,0.44,2025-04-27,809,N,VIIRS,n,2,325.06,11.49,D,0
28.31181,68.71709,349.01,0.39,0.44,2025-04-27,809,N,VIIRS,n,2,323.61,12.32,D,0
28.31241,68.7173,351.98,0.39,0.44,2025-04-27,809,N,VIIRS,n,2,323.94,11.5,D,0
28.47282,68.46597,351.76,0.4,0.44,2025-04-27,809,N,VIIRS,l,2,324.13,13.04,D,0
28.47686,68.46495,351.66,0.4,0.44,2025-04-27,809,N,VIIRS,l,2,324.0,14.92,D,0
28.95002,70.33463,344.49,0.48,0.4,2025-04-27,809,N,VIIRS,l,2,318.99,7.08,D,0
27.42182,67.90377,313.94,0.33,0.56,2025-04-27,2034,N,VIIRS,n,2,294.49,1.26,N,0
27.42211,67.90032,318.52,0.33,0.56,2025-04-27,2034,N,VIIRS,n,2,293.87,1.26,N,0
27.94789,69.80768,320.89,0.52,0.5,2025-04-27,2034,N,VIIRS,n,2,294.61,1.68,N,0
27.95251,69.80827,304.96,0.52,0.5,2025-04-27,2034,N,VIIRS,n,2,294.59,0.65,N,0
28.21366,70.19013,322.68,0.5,0.49,2025-04-27,2034,N,VIIRS,n,2,294.76,2.17,N,0
28.42387,69.69929,309.0,0.53,0.5,2025-04-27,2034,N,VIIRS,n,2,297.27,2.07,N,2
28.45911,67.99473,304.28,0.34,0.56,2025-04-27,2034,N,VIIRS,n,2,292.75,0.65,N,0
28.45978,67.99611,311.3,0.34,0.56,2025-04-27,2034,N,VIIRS,n,2,293.3,0.88,N,0
28.46498,67.99671,325.47,0.34,0.56,2025-04-27,2034,N,VIIRS,n,2,293.79,1.48,N,0
28.46556,67.98964,321.1,0.34,0.56,2025-04-27,2034,N,VIIRS,n,2,294.03,1.63,N,0
28.47077,67.99024,308.34,0.34,0.56,2025-04-27,2034,N,VIIRS,n,2,294.06,1.63,N,0
28.48768,69.72428,310.05,0.53,0.5,2025-04-27,2034,N,VIIRS,n,2,294.09,1.53,N,0
28.56881,68.01448,319.19,0.34,0.56,2025-04-27,2034,N,VIIRS,n,2,293.81,1.6,N,0
28.5691,68.01096,333.81,0.34,0.56,2025-04-27,2034,N,VIIRS,n,2,294.0,2.34,N,0
28.56939,68.00742,338.89,0.34,0.56,2025-04-27,2034,N,VIIRS,n,2,294.52,2.34,N,0
28.57459,68.00802,305.51,0.34,0.56,2025-04-27,2034,N,VIIRS,n,2,294.74,2.34,N,0
28.75907,69.96664,313.66,0.52,0.5,2025-04-27,2034,N,VIIRS,n,2,294.72,0.98,N,0
28.4579,67.99594,304.0,0.73,0.76,2025-04-27,2214,N,VIIRS,n,2,292.24,2.18,N,0
28.45998,67.9886,313.82,0.72,0.76,2025-04-27,2214,N,VIIRS,n,2,292.53,3.28,N,0
28.46675,67.9911,307.13,0.72,0.76,2025-04-27,2214,N,VIIRS,n,2,292.24,1.64,N,0
28.57146,68.01189,307.45,0.72,0.76,2025-04-27,2214,N,VIIRS,n,2,292.28,1.54,N,0
28.93363,68.88326,311.85,0.79,0.78,2025-04-27,2214,N,VIIRS,n,2,292.95,2.21,N,0
28.93405,68.88976,304.6,0.79,0.78,2025-04-27,2214,N,VIIRS,n,2,292.64,1.7,N,0
28.93637,68.88187,303.11,0.79,0.78,2025-04-27,2214,N,VIIRS,n,2,292.51,2.03,N,0
26.77504,67.4238,347.68,0.48,0.64,2025-04-28,750,N,VIIRS,n,2,316.99,4.65,D,0
26.83258,67.88423,345.99,0.45,0.63,2025-04-28,750,N,VIIRS,n,2,315.99,8.67,D,0
26.83327,67.88476,349.54,0.45,0.63,2025-04-28,750,N,VIIRS,n,2,316.29,9.3,D,0
26.90707,67.54152,345.41,0.47,0.64,2025-04-28,750,N,VIIRS,l,2,319.03,11.98,D,0
27.43386,67.94978,351.43,0.43,0.62,2025-04-28,750,N,VIIRS,n,2,316.15,4.83,D,0
27.43944,67.9481,346.67,0.43,0.62,2025-04-28,750,N,VIIRS,l,2,317.47,4.35,D,0
27.49002,67.90975,342.6,0.43,0.62,2025-04-28,750,N,VIIRS,l,2,316.91,2.58,D,0
27.56833,69.29718,351.69,0.36,0.57,2025-04-28,750,N,VIIRS,l,2,325.1,2.25,D,0
27.57267,69.29214,367.0,0.36,0.57,2025-04-28,750,N,VIIRS,l,2,325.43,2.4,D,0
27.57501,68.90037,353.23,0.37,0.58,2025-04-28,750,N,VIIRS,n,2,316.14,8.42,D,0
27.69598,69.11665,344.65,0.36,0.57,2025-04-28,750,N,VIIRS,n,2,317.17,4.53,D,0
27.7752,68.09481,344.36,0.41,0.61,2025-04-28,750,N,VIIRS,l,2,318.14,5.18,D,0
27.78683,69.34122,367.0,0.35,0.57,2025-04-28,750,N,VIIRS,h,2,320.27,11.13,D,0
27.86694,68.02235,343.73,0.42,0.61,2025-04-28,750,N,VIIRS,n,2,318.02,5.82,D,0
27.95027,69.80611,351.43,0.32,0.55,2025-04-28,750,N,VIIRS,n,2,317.5,5.11,D,0
27.97673,68.90932,344.07,0.37,0.58,2025-04-28,750,N,VIIRS,n,2,313.86,4.48,D,0
27.9776,68.91299,354.96,0.37,0.58,2025-04-28,750,N,VIIRS,n,2,316.4,4.48,D,0
27.97847,68.91667,341.84,0.37,0.58,2025-04-28,750,N,VIIRS,n,2,316.35,5.95,D,0
28.09528,67.58506,367.0,0.44,0.62,2025-04-28,750,N,VIIRS,h,2,318.83,12.42,D,0
28.10089,67.58334,367.0,0.44,0.62,2025-04-28,750,N,VIIRS,h,2,315.07,12.42,D,0
28.10699,68.34254,342.91,0.39,0.6,2025-04-28,750,N,VIIRS,l,2,316.1,6.63,D,0
28.14965,70.1544,351.79,0.61,0.54,2025-04-28,750,N,VIIRS,n,2,318.59,15.3,D,0
28.16533,67.6989,343.87,0.43,0.62,2025-04-28,750,N,VIIRS,l,2,318.02,8.09,D,0
28.16639,67.70321,351.9,0.43,0.62,2025-04-28,750,N,VIIRS,n,2,316.2,7.29,D,0
28.18445,67.82598,351.41,0.42,0.61,2025-04-28,750,N,VIIRS,n,2,315.41,8.33,D,0
28.20986,69.77383,349.9,0.32,0.55,2025-04-28,750,N,VIIRS,n,2,314.49,2.9,D,0
28.25201,69.54961,367.0,0.33,0.55,2025-04-28,750,N,VIIRS,h,2,317.51,13.6,D,0
28.32596,68.78202,350.4,0.37,0.58,2025-04-28,750,N,VIIRS,n,2,318.92,7.6,D,0
28.33187,69.57262,367.0,0.33,0.55,2025-04-28,750,N,VIIRS,h,2,313.61,8.94,D,0
28.33498,69.5705,367.0,0.33,0.55,2025-04-28,750,N,VIIRS,h,2,316.45,15.19,D,0
28.41612,69.66972,341.01,0.32,0.55,2025-04-28,750,N,VIIRS,l,2,315.88,5.38,D,0
28.42339,69.77113,346.6,0.32,0.54,2025-04-28,750,N,VIIRS,l,2,317.83,5.97,D,0
28.45851,68.00138,355.61,0.4,0.6,2025-04-28,750,N,VIIRS,n,2,320.26,7.62,D,0
28.48487,69.65362,367.0,0.32,0.55,2025-04-28,750,N,VIIRS,h,2,319.82,10.73,D,0
28.67559,67.70996,347.82,0.42,0.61,2025-04-28,750,N,VIIRS,l,2,321.39,2.04,D,0
28.74193,70.05032,346.2,0.6,0.53,2025-04-28,750,N,VIIRS,l,2,319.26,17.77,D,0
28.78241,70.18687,352.81,0.59,0.53,2025-04-28,750,N,VIIRS,n,2,315.42,19.37,D,0
28.78448,70.18387,367.0,0.59,0.53,2025-04-28,750,N,VIIRS,h,2,316.58,15.09,D,0
28.78746,70.14066,344.48,0.6,0.53,2025-04-28,750,N,VIIRS,l,2,316.64,8.56,D,0
28.78926,70.1378,344.73,0.6,0.53,2025-04-28,750,N,VIIRS,l,2,315.55,8.09,D,0
27.00781,67.51972,367.0,0.57,0.69,2025-04-28,930,N,VIIRS,h,2,316.41,16.43,D,0
27.00808,67.52553,367.0,0.57,0.69,2025-04-28,930,N,VIIRS,h,2,316.92,20.84,D,0
27.00816,67.52571,348.79,0.57,0.69,2025-04-28,930,N,VIIRS,n,2,314.93,17.04,D,0
27.03519,68.06711,337.14,0.62,0.71,2025-04-28,930,N,VIIRS,l,2,310.66,5.04,D,0
27.43072,67.95116,339.27,0.61,0.71,2025-04-28,931,N,VIIRS,l,2,313.21,4.38,D,0
27.43458,67.95268,354.19,0.62,0.71,2025-04-28,931,N,VIIRS,n,2,315.39,7.68,D,0
27.43739,67.95074,353.03,0.61,0.71,2025-04-28,931,N,VIIRS,n,2,315.24,9.9,D,0
27.44126,67.95222,340.23,0.62,0.71,2025-04-28,931,N,VIIRS,l,2,314.38,7.68,D,0
27.97304,68.91135,367.0,0.71,0.75,2025-04-28,931,N,VIIRS,h,2,313.19,17.73,D,0
27.9734,68.91885,337.03,0.71,0.75,2025-04-28,931,N,VIIRS,n,2,310.66,16.12,D,0
28.12488,67.59166,343.81,0.59,0.7,2025-04-28,931,N,VIIRS,n,2,316.28,6.6,D,0
28.12967,67.59473,341.67,0.59,0.7,2025-04-28,931,N,VIIRS,l,2,314.02,5.52,D,0
28.31588,67.7665,367.0,0.61,0.71,2025-04-28,931,N,VIIRS,h,2,318.72,16.35,D,0
28.15234,67.75871,311.77,0.67,0.74,2025-04-28,2015,N,VIIRS,n,2,294.2,2.46,N,0
28.42523,69.69812,307.4,0.52,0.67,2025-04-28,2015,N,VIIRS,n,2,297.3,1.93,N,2
28.67469,68.20753,318.61,0.64,0.72,2025-04-28,2015,N,VIIRS,n,2,294.19,2.04,N,0
28.6758,68.20871,314.8,0.64,0.72,2025-04-28,2015,N,VIIRS,n,2,294.24,2.8,N,0
28.14256,68.97464,325.92,0.45,0.63,2025-04-28,2156,N,VIIRS,n,2,293.8,2.9,N,0
28.67492,68.21184,317.14,0.39,0.6,2025-04-28,2156,N,VIIRS,n,2,295.39,1.19,N,0
28.6759,68.20786,312.93,0.39,0.6,2025-04-28,2156,N,VIIRS,n,2,295.56,1.19,N,0
27.59546,67.97756,334.36,0.8,0.78,2025-04-29,731,N,VIIRS,l,2,307.43,8.56,D,0
28.13272,69.44051,333.82,0.64,0.72,2025-04-29,731,N,VIIRS,l,2,306.16,4.24,D,0
28.25865,69.57589,344.0,0.62,0.72,2025-04-29,731,N,VIIRS,n,2,308.59,17.6,D,0
28.08766,67.89186,343.24,0.78,0.78,2025-04-29,732,N,VIIRS,n,2,301.51,10.48,D,0
28.08913,67.89046,344.6,0.78,0.78,2025-04-29,732,N,VIIRS,n,2,302.24,8.56,D,0
26.87478,68.21905,353.99,0.32,0.55,2025-04-29,911,N,VIIRS,n,2,316.15,7.24,D,0
27.28647,67.81242,342.89,0.62,0.54,2025-04-29,912,N,VIIRS,n,2,307.81,7.39,D,0
27.56455,67.42488,352.94,0.59,0.53,2025-04-29,912,N,VIIRS,n,2,320.69,20.78,D,0
27.86434,68.76933,355.46,0.36,0.57,2025-04-29,912,N,VIIRS,n,2,316.5,9.64,D,0
27.86465,68.77304,350.06,0.36,0.57,2025-04-29,912,N,VIIRS,n,2,316.5,11.58,D,0
28.07768,68.35911,348.8,0.34,0.56,2025-04-29,912,N,VIIRS,n,2,315.66,6.08,D,0
28.12444,67.77325,343.6,0.63,0.54,2025-04-29,912,N,VIIRS,l,2,317.75,14.58,D,0
28.15388,70.06307,367.0,0.43,0.62,2025-04-29,912,N,VIIRS,h,2,315.67,12.97,D,0
28.384,69.22659,343.14,0.39,0.59,2025-04-29,912,N,VIIRS,l,2,316.28,11.95,D,0
28.89384,70.22888,346.31,0.45,0.63,2025-04-29,912,N,VIIRS,n,2,313.37,7.34,D,0
27.79799,68.2416,315.85,0.44,0.46,2025-04-29,2137,N,VIIRS,n,2,296.54,1.77,N,0
28.14549,70.26097,299.41,0.56,0.52,2025-04-29,2137,N,VIIRS,n,2,284.95,1.16,N,0
26.68028,68.06963,342.07,0.5,0.41,2025-04-30,853,N,VIIRS,n,2,314.16,4.41,D,0
27.03523,68.0863,341.46,0.51,0.41,2025-04-30,853,N,VIIRS,l,2,316.4,8.11,D,0
28.0438,69.90646,349.31,0.43,0.46,2025-04-30,853,N,VIIRS,l,2,321.58,12.5,D,0
28.04688,69.90381,343.88,0.43,0.46,2025-04-30,853,N,VIIRS,l,2,318.08,7.78,D,0
28.04733,69.90827,346.46,0.43,0.46,2025-04-30,853,N,VIIRS,l,2,317.19,7.78,D,0
28.04805,69.90591,345.39,0.43,0.46,2025-04-30,853,N,VIIRS,l,2,318.09,11.48,D,0
28.08466,69.65402,343.17,0.42,0.45,2025-04-30,853,N,VIIRS,l,2,315.94,6.22,D,0
28.24214,68.08456,347.01,0.52,0.42,2025-04-30,853,N,VIIRS,n,2,318.26,10.77,D,0
28.36173,69.11146,347.09,0.4,0.44,2025-04-30,853,N,VIIRS,l,2,320.88,15.08,D,0
28.41593,69.75777,345.5,0.43,0.46,2025-04-30,853,N,VIIRS,l,2,318.4,9.92,D,0
28.45522,69.72682,346.19,0.43,0.46,2025-04-30,853,N,VIIRS,l,2,318.07,10.4,D,0
28.45587,69.73003,344.84,0.43,0.46,2025-04-30,853,N,VIIRS,l,2,317.62,11.97,D,0
28.56771,69.89351,343.84,0.44,0.46,2025-04-30,853,N,VIIRS,n,2,312.63,10.17,D,0
28.7718,70.2686,337.33,0.47,0.47,2025-04-30,853,N,VIIRS,l,2,311.48,4.0,D,0
28.87881,70.27596,345.91,0.47,0.48,2025-04-30,853,N,VIIRS,n,2,313.45,4.57,D,0
28.07491,69.87823,310.84,0.45,0.39,2025-04-30,2118,N,VIIRS,n,2,294.83,0.88,N,0
28.40762,67.80082,319.23,0.39,0.36,2025-04-30,2118,N,VIIRS,n,2,295.82,1.86,N,0
29.03741,69.29567,308.46,0.42,0.38,2025-04-30,2118,N,VIIRS,n,2,297.03,2.31,N,0
29.03849,69.29836,313.47,0.42,0.38,2025-04-30,2118,N,VIIRS,n,2,297.7,2.59,N,0
27.30894,67.76203,367.0,0.39,0.36,2025-05-01,834,N,VIIRS,h,2,320.07,19.26,D,0
27.48582,67.92017,355.34,0.39,0.36,2025-05-01,834,N,VIIRS,l,2,326.14,37.09,D,0
27.53695,69.1505,346.55,0.39,0.36,2025-05-01,834,N,VIIRS,n,2,311.91,7.53,D,0
27.86232,69.46095,354.39,0.39,0.36,2025-05-01,834,N,VIIRS,n,2,319.89,15.86,D,0
28.05966,69.8714,345.78,0.4,0.37,2025-05-01,834,N,VIIRS,l,2,320.61,14.46,D,0
28.06749,69.85332,344.66,0.4,0.37,2025-05-01,834,N,VIIRS,l,2,319.51,10.56,D,0
28.20711,69.655,367.0,0.4,0.37,2025-05-01,834,N,VIIRS,h,2,319.21,17.91,D,0
28.24718,70.33967,346.83,0.41,0.37,2025-05-01,834,N,VIIRS,l,2,321.13,11.71,D,0
28.25724,69.71651,350.58,0.4,0.37,2025-05-01,834,N,VIIRS,n,2,316.99,11.77,D,0
28.33276,67.83169,349.73,0.38,0.36,2025-05-01,834,N,VIIRS,n,2,316.16,42.22,D,0
28.47279,69.73703,351.25,0.4,0.37,2025-05-01,834,N,VIIRS,l,2,322.36,9.34,D,0
28.47558,69.73235,344.97,0.4,0.37,2025-05-01,834,N,VIIRS,l,2,319.22,14.64,D,0
28.47616,69.73642,350.05,0.4,0.37,2025-05-01,834,N,VIIRS,n,2,319.53,9.34,D,0
28.48277,70.36565,346.25,0.42,0.37,2025-05-01,834,N,VIIRS,n,2,317.8,6.87,D,0
28.73919,70.07267,348.48,0.41,0.37,2025-05-01,834,N,VIIRS,l,2,321.2,20.62,D,0
28.92073,70.3636,346.55,0.42,0.38,2025-05-01,834,N,VIIRS,n,2,316.9,6.38,D,0
29.02877,69.30524,351.52,0.4,0.37,2025-05-01,834,N,VIIRS,n,2,318.67,16.6,D,0
29.03154,69.30058,350.26,0.4,0.37,2025-05-01,834,N,VIIRS,l,2,321.26,20.87,D,0
29.03836,69.32433,346.87,0.4,0.37,2025-05-01,834,N,VIIRS,n,2,321.38,14.48,D,0
29.03895,69.32842,367.0,0.4,0.37,2025-05-01,834,N,VIIRS,h,2,324.24,31.17,D,0
29.04229,69.32778,355.01,0.4,0.37,2025-05-01,834,N,VIIRS,n,2,320.3,37.97,D,0
28.05067,69.36843,308.07,0.41,0.37,2025-05-01,2059,N,VIIRS,n,2,297.35,1.3,N,2
28.05407,69.36905,326.79,0.41,0.37,2025-05-01,2059,N,VIIRS,n,2,300.73,1.3,N,2
28.307,68.41464,321.53,0.44,0.38,2025-05-01,2059,N,VIIRS,n,2,298.43,3.53,N,0
28.34682,70.13449,320.44,0.39,0.36,2025-05-01,2059,N,VIIRS,n,2,292.2,3.32,N,0
28.42432,69.70144,309.54,0.4,0.37,2025-05-01,2059,N,VIIRS,n,2,297.94,1.08,N,2
28.60766,68.63393,312.78,0.43,0.38,2025-05-01,2059,N,VIIRS,n,2,289.79,1.47,N,2
28.60811,68.63171,313.46,0.43,0.38,2025-05-01,2059,N,VIIRS,n,2,288.16,1.08,N,2
27.29564,68.10883,313.39,0.44,0.38,2025-05-01,2100,N,VIIRS,n,2,298.31,2.36,N,0
27.40213,68.53543,313.36,0.42,0.38,2025-05-01,2100,N,VIIRS,n,2,298.28,0.5,N,0
28.86547,68.82065,297.25,0.49,0.49,2025-05-02,2040,N,VIIRS,n,2,277.54,0.11,N,0
28.86994,68.82144,297.28,0.49,0.49,2025-05-02,2040,N,VIIRS,n,2,278.06,0.11,N,0
27.9096,67.41305,303.03,0.58,0.52,2025-05-02,2041,N,VIIRS,n,2,289.43,1.03,N,0
26.26207,68.81164,335.0,0.32,0.55,2025-05-03,756,N,VIIRS,n,2,302.72,1.44,D,0
26.38752,68.90472,333.29,0.32,0.54,2025-05-03,756,N,VIIRS,n,2,301.29,0.98,D,0
27.01288,67.99426,337.77,0.35,0.57,2025-05-03,756,N,VIIRS,n,2,301.98,2.57,D,0
27.01684,68.0117,338.85,0.35,0.57,2025-05-03,756,N,VIIRS,n,2,302.57,3.68,D,0
27.36783,68.29877,335.83,0.33,0.55,2025-05-03,756,N,VIIRS,n,2,301.57,1.6,D,0
27.36859,68.30209,332.61,0.33,0.55,2025-05-03,756,N,VIIRS,l,2,302.92,2.51,D,0
27.52092,67.46426,347.97,0.37,0.58,2025-05-03,756,N,VIIRS,n,2,305.44,3.9,D,0
27.54094,68.32876,367.0,0.33,0.55,2025-05-03,756,N,VIIRS,h,2,303.0,5.72,D,0
27.54175,68.32681,335.83,0.33,0.55,2025-05-03,756,N,VIIRS,n,2,301.11,3.44,D,0
27.54248,68.33006,347.29,0.33,0.55,2025-05-03,756,N,VIIRS,n,2,301.9,4.45,D,0
27.73705,67.78153,334.44,0.35,0.57,2025-05-03,756,N,VIIRS,l,2,305.37,1.48,D,0
27.80819,68.96903,335.67,0.59,0.53,2025-05-03,756,N,VIIRS,n,2,305.11,4.5,D,0
27.81052,68.96638,336.27,0.59,0.53,2025-05-03,756,N,VIIRS,n,2,305.38,3.88,D,0
27.92688,68.99468,355.26,0.58,0.52,2025-05-03,756,N,VIIRS,n,2,305.86,19.16,D,0
28.03494,69.83443,349.06,0.52,0.5,2025-05-03,756,N,VIIRS,n,2,310.24,16.09,D,0
27.77371,67.63239,337.68,0.35,0.57,2025-05-03,757,N,VIIRS,n,2,305.15,4.45,D,0
27.77453,67.63596,367.0,0.35,0.57,2025-05-03,757,N,VIIRS,h,2,306.26,5.5,D,0
27.77536,67.63951,344.21,0.35,0.57,2025-05-03,757,N,VIIRS,n,2,305.32,5.5,D,0
27.77969,67.63446,344.77,0.35,0.57,2025-05-03,757,N,VIIRS,n,2,306.11,6.39,D,0
27.89891,67.41831,340.19,0.36,0.58,2025-05-03,757,N,VIIRS,n,2,303.25,2.52,D,0
27.90392,67.41598,336.07,0.36,0.58,2025-05-03,757,N,VIIRS,n,2,301.65,2.54,D,0
28.2174,69.61894,337.86,0.53,0.5,2025-05-03,757,N,VIIRS,l,2,309.62,3.7,D,0
28.22195,69.61771,338.51,0.53,0.5,2025-05-03,757,N,VIIRS,l,2,308.8,4.58,D,0
28.22367,67.58608,338.09,0.35,0.57,2025-05-03,757,N,VIIRS,n,2,305.37,2.9,D,0
28.2915,67.83498,367.0,0.34,0.56,2025-05-03,757,N,VIIRS,h,2,308.3,7.88,D,0
28.43174,68.03822,332.62,0.32,0.55,2025-05-03,757,N,VIIRS,l,2,305.87,1.64,D,0
28.4348,67.7143,355.57,0.34,0.56,2025-05-03,757,N,VIIRS,n,2,311.18,9.13,D,0
28.43559,67.71772,353.32,0.34,0.56,2025-05-03,757,N,VIIRS,n,2,306.08,9.13,D,0
28.43985,67.71283,341.1,0.34,0.56,2025-05-03,757,N,VIIRS,n,2,303.62,9.13,D,0
28.52253,68.00307,336.32,0.32,0.55,2025-05-03,757,N,VIIRS,l,2,306.58,2.78,D,0
28.52675,67.99835,344.01,0.32,0.55,2025-05-03,757,N,VIIRS,n,2,308.76,3.93,D,0
28.52749,68.00163,343.08,0.32,0.55,2025-05-03,757,N,VIIRS,n,2,306.3,2.78,D,0
28.61913,67.56243,336.73,0.34,0.56,2025-05-03,757,N,VIIRS,n,2,303.91,2.1,D,0
28.76974,70.28611,331.23,0.47,0.48,2025-05-03,757,N,VIIRS,l,2,303.55,1.33,D,0
28.81948,70.39304,331.36,0.47,0.47,2025-05-03,757,N,VIIRS,l,2,306.04,1.58,D,0
28.86736,70.35715,333.7,0.47,0.47,2025-05-03,757,N,VIIRS,l,2,307.21,3.44,D,0
28.94422,70.31163,330.23,0.47,0.48,2025-05-03,757,N,VIIRS,l,2,304.66,2.38,D,0
29.15565,70.2532,333.64,0.47,0.47,2025-05-03,757,N,VIIRS,l,2,306.75,2.38,D,0
29.15663,70.25794,336.67,0.47,0.47,2025-05-03,757,N,VIIRS,n,2,306.55,3.39,D,0
29.17081,70.34856,334.11,0.46,0.47,2025-05-03,757,N,VIIRS,n,2,303.4,0.92,D,0
27.89729,67.41766,307.1,0.46,0.63,2025-05-03,2202,N,VIIRS,n,2,291.17,1.67,N,0
28.06385,69.8497,354.74,0.49,0.65,2025-05-04,738,N,VIIRS,n,2,300.72,6.54,D,0
28.06507,69.84532,335.5,0.49,0.65,2025-05-04,738,N,VIIRS,n,2,300.14,3.94,D,0
28.06634,69.85027,344.98,0.49,0.65,2025-05-04,738,N,VIIRS,n,2,300.66,3.94,D,0
28.07807,69.85585,330.67,0.49,0.65,2025-05-04,738,N,VIIRS,n,2,299.66,1.57,D,0
28.41743,69.73581,330.58,0.49,0.65,2025-05-04,738,N,VIIRS,n,2,297.81,3.51,D,0
28.58749,69.84704,354.31,0.48,0.65,2025-05-04,738,N,VIIRS,n,2,299.31,9.58,D,0
28.75056,70.30573,336.87,0.45,0.63,2025-05-04,738,N,VIIRS,n,2,296.61,3.4,D,0
26.56218,68.88659,334.7,0.44,0.62,2025-05-04,918,N,VIIRS,n,2,297.07,3.47,D,0
26.56715,68.88643,354.34,0.44,0.63,2025-05-04,918,N,VIIRS,n,2,297.58,6.47,D,0
26.568,68.88611,344.52,0.44,0.62,2025-05-04,918,N,VIIRS,n,2,297.12,3.47,D,0
26.59562,68.87478,334.72,0.44,0.62,2025-05-04,918,N,VIIRS,n,2,298.36,3.32,D,0
28.00671,69.40186,367.0,0.49,0.65,2025-05-04,918,N,VIIRS,h,2,299.55,10.05,D,0
28.01559,69.83743,336.79,0.52,0.67,2025-05-04,918,N,VIIRS,n,2,301.58,4.54,D,0
27.48534,67.82306,336.37,0.4,0.44,2025-05-05,859,N,VIIRS,n,2,301.24,2.64,D,0
27.48799,67.82384,342.7,0.4,0.44,2025-05-05,859,N,VIIRS,n,2,301.2,3.91,D,0
27.54405,67.76637,352.31,0.4,0.44,2025-05-05,859,N,VIIRS,n,2,303.8,7.65,D,0
27.58352,67.93227,343.99,0.41,0.45,2025-05-05,859,N,VIIRS,n,2,294.96,5.54,D,0
27.59577,67.83048,350.93,0.4,0.44,2025-05-05,859,N,VIIRS,n,2,303.56,11.4,D,0
27.597,67.82966,344.83,0.4,0.44,2025-05-05,859,N,VIIRS,n,2,303.86,12.06,D,0
27.76699,68.36279,346.19,0.43,0.46,2025-05-05,859,N,VIIRS,n,2,287.7,7.91,D,0
27.76827,68.36208,340.58,0.43,0.46,2025-05-05,859,N,VIIRS,n,2,286.76,8.26,D,0
28.07186,69.90464,339.08,0.54,0.51,2025-05-05,859,N,VIIRS,n,2,299.36,8.29,D,0
28.07239,69.91019,342.89,0.54,0.51,2025-05-05,859,N,VIIRS,n,2,300.01,8.29,D,0
28.42394,69.70283,300.92,0.52,0.41,2025-05-05,2124,N,VIIRS,n,2,285.51,1.24,N,2
28.11815,67.68365,305.51,0.43,0.38,2025-05-05,2125,N,VIIRS,n,2,291.39,0.72,N,0
26.23487,68.99223,342.13,0.41,0.37,2025-05-06,840,N,VIIRS,n,2,310.01,4.67,D,0
26.27424,68.24216,337.53,0.39,0.36,2025-05-06,840,N,VIIRS,l,2,309.48,4.23,D,0
26.27587,68.2419,338.94,0.39,0.36,2025-05-06,840,N,VIIRS,n,2,308.2,3.82,D,0
26.68494,67.96122,335.96,0.39,0.36,2025-05-06,840,N,VIIRS,l,2,308.69,3.71,D,0
26.95432,68.95728,340.83,0.41,0.37,2025-05-06,840,N,VIIRS,n,2,308.55,4.0,D,0
27.06151,67.94275,337.79,0.39,0.36,2025-05-06,840,N,VIIRS,l,2,309.73,4.34,D,0
27.19312,68.17877,349.84,0.4,0.37,2025-05-06,840,N,VIIRS,n,2,312.39,14.19,D,0
27.23861,67.81423,343.65,0.39,0.36,2025-05-06,840,N,VIIRS,n,2,311.61,5.69,D,0
27.30817,67.78548,346.65,0.39,0.36,2025-05-06,840,N,VIIRS,n,2,314.0,15.39,D,0
27.31747,67.92116,337.63,0.39,0.36,2025-05-06,840,N,VIIRS,n,2,307.26,2.24,D,0
27.35468,67.75282,352.29,0.39,0.36,2025-05-06,840,N,VIIRS,n,2,311.44,19.83,D,0
27.3576,67.93822,334.64,0.39,0.36,2025-05-06,840,N,VIIRS,l,2,306.63,1.28,D,0
27.37901,68.01559,339.15,0.39,0.36,2025-05-06,840,N,VIIRS,n,2,307.55,4.28,D,0
27.38579,67.75522,340.48,0.39,0.36,2025-05-06,840,N,VIIRS,n,2,308.77,3.12,D,0
27.40062,67.9751,340.4,0.39,0.36,2025-05-06,840,N,VIIRS,l,2,310.52,10.15,D,0
27.45621,67.82349,339.54,0.39,0.36,2025-05-06,840,N,VIIRS,n,2,306.61,2.73,D,0
27.46362,67.73326,339.07,0.39,0.36,2025-05-06,840,N,VIIRS,l,2,309.72,1.7,D,0
27.46892,67.95908,344.41,0.39,0.36,2025-05-06,840,N,VIIRS,n,2,310.04,19.29,D,0
27.47307,67.86902,347.63,0.39,0.36,2025-05-06,840,N,VIIRS,n,2,308.62,7.36,D,0
27.57279,68.27643,337.66,0.4,0.37,2025-05-06,840,N,VIIRS,n,2,305.83,3.23,D,0
27.57616,68.27583,336.37,0.4,0.37,2025-05-06,840,N,VIIRS,n,2,304.59,3.23,D,0
27.57766,67.82243,349.59,0.39,0.36,2025-05-06,840,N,VIIRS,n,2,310.31,12.76,D,0
27.58438,68.90876,335.88,0.41,0.37,2025-05-06,840,N,VIIRS,l,2,310.2,4.03,D,0
27.6098,67.92629,336.29,0.39,0.36,2025-05-06,840,N,VIIRS,l,2,307.51,2.11,D,0
27.61872,68.08401,335.65,0.4,0.37,2025-05-06,840,N,VIIRS,l,2,307.47,3.46,D,0
27.62207,68.0834,342.59,0.4,0.37,2025-05-06,840,N,VIIRS,n,2,306.61,3.46,D,0
27.62458,67.86261,333.62,0.39,0.36,2025-05-06,840,N,VIIRS,l,2,306.54,1.03,D,0
27.63348,67.71941,349.82,0.39,0.36,2025-05-06,840,N,VIIRS,n,2,308.36,16.3,D,0
27.63681,67.7188,349.6,0.39,0.36,2025-05-06,840,N,VIIRS,n,2,310.98,16.3,D,0
27.66458,67.86381,347.83,0.39,0.36,2025-05-06,840,N,VIIRS,n,2,305.71,6.69,D,0
27.66792,67.8632,331.42,0.39,0.36,2025-05-06,840,N,VIIRS,l,2,303.98,1.22,D,0
27.67639,67.89829,343.17,0.39,0.36,2025-05-06,840,N,VIIRS,n,2,306.73,6.34,D,0
27.70685,67.84799,337.81,0.39,0.36,2025-05-06,840,N,VIIRS,n,2,304.95,1.47,D,0
27.71848,67.83368,343.56,0.39,0.36,2025-05-06,840,N,VIIRS,n,2,307.14,4.39,D,0
27.73232,67.79877,338.8,0.39,0.36,2025-05-06,840,N,VIIRS,n,2,307.56,2.36,D,0
27.73444,68.28225,341.49,0.4,0.37,2025-05-06,840,N,VIIRS,n,2,308.73,2.46,D,0
27.7355,67.90388,348.88,0.39,0.36,2025-05-06,840,N,VIIRS,n,2,308.65,7.29,D,0
27.74809,67.86099,333.19,0.39,0.36,2025-05-06,840,N,VIIRS,l,2,306.25,1.1,D,0
27.88467,67.96313,338.57,0.39,0.37,2025-05-06,840,N,VIIRS,n,2,308.43,2.98,D,0
27.90692,68.3727,343.39,0.4,0.37,2025-05-06,840,N,VIIRS,n,2,310.9,5.26,D,0
27.9103,68.37209,343.37,0.4,0.37,2025-05-06,840,N,VIIRS,n,2,312.79,6.53,D,0
28.04098,69.86714,340.84,0.45,0.39,2025-05-06,840,N,VIIRS,n,2,308.42,4.71,D,0
28.04802,69.92224,342.32,0.45,0.39,2025-05-06,840,N,VIIRS,n,2,310.28,7.7,D,0
28.09373,69.41451,337.09,0.43,0.38,2025-05-06,840,N,VIIRS,l,2,309.61,4.1,D,0
28.09991,69.84351,343.99,0.45,0.39,2025-05-06,840,N,VIIRS,n,2,307.1,3.59,D,0
28.11008,69.89339,337.31,0.45,0.39,2025-05-06,840,N,VIIRS,l,2,308.52,4.5,D,0
28.11242,69.78218,335.37,0.45,0.39,2025-05-06,840,N,VIIRS,l,2,308.73,3.18,D,0
28.18056,69.58174,341.21,0.44,0.38,2025-05-06,840,N,VIIRS,n,2,309.2,5.17,D,0
28.18352,69.58312,340.74,0.44,0.38,2025-05-06,840,N,VIIRS,n,2,310.3,7.89,D,0
28.18401,69.3651,338.57,0.43,0.38,2025-05-06,840,N,VIIRS,l,2,309.43,6.3,D,0
28.24536,69.58663,348.99,0.44,0.38,2025-05-06,840,N,VIIRS,n,2,309.36,12.21,D,0
28.37412,69.52531,339.98,0.44,0.38,2025-05-06,840,N,VIIRS,n,2,309.17,9.47,D,0
28.37471,69.52979,337.9,0.44,0.38,2025-05-06,840,N,VIIRS,l,2,308.09,8.9,D,0
28.18042,67.66934,345.42,0.39,0.36,2025-05-06,841,N,VIIRS,n,2,312.28,5.11,D,0
28.19569,67.72779,338.2,0.39,0.36,2025-05-06,841,N,VIIRS,l,2,311.11,3.24,D,0
28.40791,67.96557,345.15,0.4,0.37,2025-05-06,841,N,VIIRS,n,2,311.53,7.9,D,0
28.43171,68.086,339.62,0.4,0.37,2025-05-06,841,N,VIIRS,l,2,311.24,2.82,D,0
28.44995,69.25946,343.59,0.43,0.38,2025-05-06,841,N,VIIRS,n,2,312.81,11.51,D,0
28.63188,70.08053,340.82,0.47,0.39,2025-05-06,841,N,VIIRS,n,2,309.43,7.23,D,0
28.74483,68.16131,341.61,0.4,0.37,2025-05-06,841,N,VIIRS,l,2,311.91,4.35,D,0
28.79999,70.29693,337.24,0.48,0.4,2025-05-06,841,N,VIIRS,n,2,305.54,2.11,D,0
28.92308,67.73802,340.62,0.4,0.37,2025-05-06,841,N,VIIRS,l,2,313.26,1.82,D,0
28.92365,67.74207,341.17,0.4,0.37,2025-05-06,841,N,VIIRS,l,2,313.01,2.74,D,0
28.05116,69.36884,306.84,0.38,0.36,2025-05-06,2106,N,VIIRS,n,2,292.85,1.81,N,2
28.18924,67.83719,305.87,0.41,0.37,2025-05-06,2106,N,VIIRS,n,2,294.23,1.92,N,0
28.19086,67.85017,339.68,0.4,0.37,2025-05-06,2106,N,VIIRS,n,2,295.14,3.28,N,0
28.19145,67.84605,333.96,0.4,0.37,2025-05-06,2106,N,VIIRS,n,2,295.27,3.28,N,0
28.19204,67.84193,313.72,0.4,0.37,2025-05-06,2106,N,VIIRS,n,2,294.48,1.92,N,0
28.19263,67.83781,338.42,0.41,0.37,2025-05-06,2106,N,VIIRS,n,2,296.4,1.92,N,0
28.19279,67.81245,330.86,0.41,0.37,2025-05-06,2106,N,VIIRS,n,2,295.2,2.7,N,0
28.19484,67.84666,321.32,0.4,0.37,2025-05-06,2106,N,VIIRS,n,2,295.75,1.78,N,0
28.19543,67.84255,308.3,0.4,0.37,2025-05-06,2106,N,VIIRS,n,2,295.85,1.02,N,0
28.19603,67.83843,306.48,0.41,0.37,2025-05-06,2106,N,VIIRS,n,2,295.8,1.02,N,0
28.19619,67.81308,321.23,0.41,0.37,2025-05-06,2106,N,VIIRS,n,2,295.59,2.7,N,0
28.42614,69.70105,309.07,0.38,0.36,2025-05-06,2106,N,VIIRS,n,2,295.16,1.45,N,2
27.63116,67.90114,340.3,0.46,0.39,2025-05-07,822,N,VIIRS,l,2,310.33,6.76,D,0
28.19251,67.84557,339.41,0.46,0.39,2025-05-07,822,N,VIIRS,l,2,312.92,3.73,D,0
28.2186,69.54648,367.0,0.4,0.37,2025-05-07,822,N,VIIRS,h,2,312.67,37.27,D,0
28.21957,69.54697,367.0,0.4,0.37,2025-05-07,822,N,VIIRS,h,2,310.72,69.89,D,0
27.62706,67.71851,309.43,0.44,0.46,2025-05-07,2047,N,VIIRS,n,2,292.62,4.88,N,0
27.67991,68.57568,326.75,0.4,0.44,2025-05-07,2047,N,VIIRS,n,2,294.09,3.31,N,0
27.68038,68.57164,322.15,0.4,0.44,2025-05-07,2047,N,VIIRS,n,2,294.25,3.37,N,0
28.02041,69.80318,329.67,0.52,0.41,2025-05-07,2047,N,VIIRS,n,2,294.23,4.32,N,0
28.02423,69.80378,312.31,0.52,0.41,2025-05-07,2047,N,VIIRS,n,2,293.8,1.64,N,0
28.05312,69.36667,307.0,0.54,0.42,2025-05-07,2047,N,VIIRS,n,2,295.11,3.09,N,2
26.63522,68.18559,342.67,0.56,0.51,2025-05-08,803,N,VIIRS,n,2,300.73,4.96,D,0
27.14319,68.0272,337.19,0.56,0.51,2025-05-08,803,N,VIIRS,n,2,303.01,5.5,D,0
27.34848,68.00843,335.56,0.55,0.51,2025-05-08,803,N,VIIRS,n,2,303.67,2.67,D,0
27.35313,68.00723,334.77,0.55,0.51,2025-05-08,803,N,VIIRS,n,2,302.53,2.67,D,0
27.407,67.86873,350.39,0.56,0.52,2025-05-08,803,N,VIIRS,n,2,303.57,8.24,D,0
27.40746,67.86637,340.08,0.56,0.52,2025-05-08,803,N,VIIRS,n,2,302.53,4.48,D,0
27.4087,67.87198,339.12,0.56,0.52,2025-05-08,803,N,VIIRS,n,2,302.29,4.91,D,0
27.41022,67.90122,338.83,0.56,0.51,2025-05-08,803,N,VIIRS,n,2,302.83,3.33,D,0
27.41274,67.84927,335.0,0.56,0.52,2025-05-08,803,N,VIIRS,n,2,302.27,2.31,D,0
27.41308,67.84698,333.68,0.56,0.52,2025-05-08,803,N,VIIRS,n,2,301.79,2.5,D,0
27.4142,67.90243,339.14,0.56,0.51,2025-05-08,803,N,VIIRS,n,2,302.73,3.66,D,0
27.42369,67.85011,333.72,0.56,0.52,2025-05-08,803,N,VIIRS,n,2,301.38,3.06,D,0
27.4473,67.75372,338.45,0.57,0.52,2025-05-08,803,N,VIIRS,n,2,301.52,3.18,D,0
27.45708,67.91227,334.03,0.56,0.51,2025-05-08,803,N,VIIRS,n,2,303.14,4.01,D,0
27.47247,68.11752,335.56,0.54,0.51,2025-05-08,803,N,VIIRS,n,2,304.23,3.18,D,0
27.47493,68.11929,332.92,0.54,0.51,2025-05-08,803,N,VIIRS,l,2,303.19,3.21,D,0
27.47848,67.73849,341.96,0.57,0.52,2025-05-08,803,N,VIIRS,n,2,301.41,5.5,D,0
27.47898,67.73905,342.68,0.57,0.52,2025-05-08,803,N,VIIRS,n,2,301.39,4.51,D,0
27.54037,68.13934,344.74,0.54,0.51,2025-05-08,803,N,VIIRS,n,2,302.47,6.19,D,0
27.55939,67.81256,343.79,0.56,0.52,2025-05-08,803,N,VIIRS,n,2,302.42,7.32,D,0
27.57567,68.28227,345.53,0.53,0.5,2025-05-08,803,N,VIIRS,n,2,302.1,8.37,D,0
27.63594,67.70502,335.48,0.57,0.52,2025-05-08,803,N,VIIRS,n,2,301.37,3.08,D,0
27.66946,68.03757,332.11,0.54,0.51,2025-05-08,803,N,VIIRS,l,2,303.89,1.92,D,0
27.67201,68.03983,334.63,0.54,0.51,2025-05-08,803,N,VIIRS,n,2,303.7,3.25,D,0
27.76738,67.62412,353.36,0.57,0.52,2025-05-08,803,N,VIIRS,n,2,301.25,9.13,D,0
27.77209,67.62283,345.24,0.57,0.52,2025-05-08,803,N,VIIRS,n,2,301.98,6.99,D,0
27.77333,67.62856,332.34,0.57,0.52,2025-05-08,803,N,VIIRS,l,2,302.68,8.14,D,0
27.78204,67.5994,340.71,0.57,0.52,2025-05-08,803,N,VIIRS,n,2,302.51,3.13,D,0
27.78248,67.60172,347.6,0.57,0.52,2025-05-08,803,N,VIIRS,n,2,302.77,10.74,D,0
27.78332,67.60514,336.67,0.57,0.52,2025-05-08,803,N,VIIRS,n,2,303.58,8.23,D,0
27.78556,67.79906,332.15,0.56,0.51,2025-05-08,803,N,VIIRS,l,2,304.28,1.64,D,0
27.8581,69.50145,335.35,0.44,0.46,2025-05-08,803,N,VIIRS,n,2,303.26,3.73,D,0
27.87865,68.36491,336.17,0.51,0.5,2025-05-08,803,N,VIIRS,n,2,304.7,3.73,D,0
28.02607,69.83261,344.74,0.42,0.45,2025-05-08,803,N,VIIRS,n,2,307.1,8.71,D,0
28.02622,69.37454,334.83,0.45,0.47,2025-05-08,803,N,VIIRS,n,2,302.55,1.41,D,0
28.02798,69.90742,343.54,0.42,0.45,2025-05-08,803,N,VIIRS,n,2,305.1,9.52,D,0
28.03045,69.37345,332.79,0.45,0.47,2025-05-08,803,N,VIIRS,n,2,302.38,1.77,D,0
28.05159,69.368,331.05,0.45,0.47,2025-05-08,803,N,VIIRS,l,2,302.05,1.39,D,2
28.05406,69.3684,333.53,0.45,0.47,2025-05-08,803,N,VIIRS,n,2,301.98,2.73,D,2
28.18151,68.24328,348.41,0.52,0.5,2025-05-08,803,N,VIIRS,n,2,304.0,11.22,D,0
28.32018,70.25874,342.51,0.39,0.44,2025-05-08,803,N,VIIRS,n,2,303.32,3.94,D,0
28.46927,69.72363,344.83,0.42,0.45,2025-05-08,803,N,VIIRS,n,2,306.5,8.18,D,0
27.51685,67.79213,332.9,0.54,0.68,2025-05-09,744,N,VIIRS,n,2,294.16,2.6,D,0
27.51824,67.79753,330.77,0.54,0.68,2025-05-09,744,N,VIIRS,n,2,294.36,2.6,D,0
27.72034,68.93456,354.14,0.46,0.63,2025-05-09,744,N,VIIRS,n,2,299.11,7.24,D,0
27.73347,67.9831,338.93,0.52,0.67,2025-05-09,744,N,VIIRS,n,2,296.4,4.24,D,0
27.73391,67.98083,337.34,0.52,0.67,2025-05-09,744,N,VIIRS,n,2,295.79,5.36,D,0
27.94221,68.91949,337.78,0.45,0.63,2025-05-09,744,N,VIIRS,n,2,297.78,3.85,D,0
27.94333,68.92403,338.69,0.45,0.63,2025-05-09,744,N,VIIRS,n,2,297.55,4.48,D,0
28.44787,67.76666,335.25,0.51,0.66,2025-05-09,744,N,VIIRS,n,2,297.88,2.21,D,0
28.47313,67.76414,340.2,0.51,0.66,2025-05-09,744,N,VIIRS,n,2,299.25,5.25,D,0
27.53475,69.3806,330.29,0.61,0.71,2025-05-09,924,N,VIIRS,n,2,294.89,2.51,D,0
27.58985,67.62505,330.23,0.47,0.64,2025-05-09,925,N,VIIRS,n,2,295.65,2.21,D,0
27.60695,67.8658,330.08,0.49,0.65,2025-05-09,925,N,VIIRS,n,2,296.45,0.95,D,0
27.87495,68.00464,339.65,0.5,0.66,2025-05-09,925,N,VIIRS,n,2,299.21,3.96,D,0
27.91849,69.14061,336.17,0.59,0.7,2025-05-09,925,N,VIIRS,n,2,295.42,3.52,D,0
28.53835,67.99205,343.38,0.51,0.66,2025-05-09,925,N,VIIRS,n,2,300.89,5.63,D,0
28.54314,67.99318,337.06,0.51,0.66,2025-05-09,925,N,VIIRS,n,2,299.87,4.77,D,0
28.49026,68.15521,307.11,0.32,0.55,2025-05-09,2150,N,VIIRS,n,2,292.25,0.52,N,0
27.36826,67.9972,337.82,0.51,0.49,2025-05-10,906,N,VIIRS,n,2,304.84,3.06,D,0
27.3762,67.75851,337.91,0.49,0.49,2025-05-10,906,N,VIIRS,n,2,307.55,7.13,D,0
27.53746,67.88308,338.27,0.5,0.49,2025-05-10,906,N,VIIRS,n,2,308.18,6.91,D,0
27.53796,67.88822,344.83,0.5,0.49,2025-05-10,906,N,VIIRS,n,2,306.65,6.73,D,0
27.54201,67.88251,346.14,0.5,0.49,2025-05-10,906,N,VIIRS,n,2,305.22,6.91,D,0
27.54251,67.88765,337.21,0.5,0.49,2025-05-10,906,N,VIIRS,n,2,304.1,6.73,D,0
27.55365,67.95434,339.65,0.51,0.49,2025-05-10,906,N,VIIRS,n,2,306.53,7.05,D,0
27.61251,67.94191,345.97,0.51,0.49,2025-05-10,906,N,VIIRS,n,2,305.47,6.93,D,0
27.6144,67.69363,332.29,0.49,0.49,2025-05-10,906,N,VIIRS,l,2,306.34,4.9,D,0
27.61612,67.69071,333.28,0.49,0.49,2025-05-10,906,N,VIIRS,l,2,306.71,3.42,D,0
27.61711,67.70077,346.88,0.49,0.49,2025-05-10,906,N,VIIRS,n,2,306.62,8.45,D,0
27.67612,68.0699,344.39,0.52,0.5,2025-05-10,906,N,VIIRS,n,2,306.31,3.27,D,0
27.75037,68.07924,341.25,0.52,0.5,2025-05-10,906,N,VIIRS,n,2,304.87,3.85,D,0
27.7515,68.07703,341.24,0.52,0.5,2025-05-10,906,N,VIIRS,n,2,305.02,3.43,D,0
27.79607,68.11703,342.29,0.52,0.5,2025-05-10,906,N,VIIRS,n,2,305.93,4.65,D,0
27.85658,68.81159,335.58,0.58,0.52,2025-05-10,906,N,VIIRS,n,2,303.7,2.72,D,0
27.86622,68.03063,348.26,0.52,0.5,2025-05-10,906,N,VIIRS,n,2,305.75,11.61,D,0
28.20145,69.46398,340.35,0.32,0.55,2025-05-10,906,N,VIIRS,n,2,303.42,2.56,D,0
28.20269,69.46344,338.85,0.32,0.54,2025-05-10,906,N,VIIRS,n,2,303.19,1.4,D,0
28.20299,69.46674,332.33,0.32,0.54,2025-05-10,906,N,VIIRS,n,2,302.03,1.4,D,0
29.18591,70.34986,334.36,0.37,0.58,2025-05-10,906,N,VIIRS,n,2,301.79,1.81,D,0
27.5969,67.78616,310.01,0.52,0.41,2025-05-10,2131,N,VIIRS,n,2,297.87,1.85,N,0
27.0739,68.00257,347.62,0.43,0.38,2025-05-11,847,N,VIIRS,l,2,320.9,26.34,D,0
27.07474,68.00356,350.56,0.43,0.38,2025-05-11,847,N,VIIRS,n,2,320.97,22.58,D,0
27.32576,67.70867,352.6,0.42,0.38,2025-05-11,847,N,VIIRS,l,2,327.41,31.6,D,0
27.3298,67.71236,367.0,0.42,0.38,2025-05-11,847,N,VIIRS,l,2,325.13,15.17,D,0
27.38223,68.02241,342.28,0.43,0.38,2025-05-11,847,N,VIIRS,l,2,317.23,2.22,D,0
27.47757,67.87798,349.2,0.43,0.38,2025-05-11,847,N,VIIRS,l,2,321.54,5.28,D,0
27.5064,67.90103,348.2,0.43,0.38,2025-05-11,847,N,VIIRS,l,2,321.03,14.96,D,0
27.57863,67.80007,350.32,0.43,0.38,2025-05-11,847,N,VIIRS,l,2,322.3,13.68,D,0
27.66197,67.77881,348.62,0.43,0.38,2025-05-11,847,N,VIIRS,l,2,320.48,14.21,D,0
27.66891,67.72454,354.41,0.43,0.38,2025-05-11,847,N,VIIRS,n,2,316.61,17.97,D,0
27.6718,67.71964,342.46,0.43,0.38,2025-05-11,847,N,VIIRS,n,2,316.97,27.15,D,0
27.67239,67.72395,367.0,0.43,0.38,2025-05-11,847,N,VIIRS,h,2,312.65,17.97,D,0
27.73186,68.00575,347.78,0.44,0.38,2025-05-11,847,N,VIIRS,l,2,321.84,3.74,D,0
27.7412,69.59969,350.35,0.51,0.41,2025-05-11,847,N,VIIRS,n,2,319.58,5.52,D,0
27.78971,67.60018,345.81,0.42,0.38,2025-05-11,847,N,VIIRS,l,2,320.73,50.16,D,0
27.86965,69.42551,341.86,0.5,0.41,2025-05-11,847,N,VIIRS,l,2,316.58,2.19,D,0
28.06908,69.8607,345.28,0.53,0.42,2025-05-11,847,N,VIIRS,l,2,319.63,13.87,D,0
28.08401,69.1749,342.97,0.49,0.4,2025-05-11,847,N,VIIRS,l,2,316.42,5.93,D,0
28.23961,67.44868,350.28,0.42,0.38,2025-05-11,847,N,VIIRS,l,2,324.07,3.49,D,0
28.24307,67.4481,367.0,0.42,0.38,2025-05-11,847,N,VIIRS,l,2,325.53,3.21,D,0
28.27273,68.2407,351.65,0.45,0.39,2025-05-11,847,N,VIIRS,n,2,320.57,4.63,D,0
28.27661,67.83531,367.0,0.44,0.38,2025-05-11,847,N,VIIRS,l,2,325.91,1.24,D,0
28.28012,67.83472,353.19,0.44,0.38,2025-05-11,847,N,VIIRS,n,2,326.51,13.31,D,0
28.36212,69.54011,342.24,0.52,0.41,2025-05-11,847,N,VIIRS,l,2,316.44,14.85,D,0
28.485,69.6769,342.89,0.53,0.42,2025-05-11,847,N,VIIRS,l,2,315.98,15.28,D,0
29.07532,69.84077,343.15,0.55,0.42,2025-05-11,847,N,VIIRS,l,2,315.38,9.16,D,0
27.4708,67.93333,336.05,0.38,0.36,2025-05-11,2112,N,VIIRS,n,2,301.5,4.7,N,0
27.66581,67.83422,316.48,0.38,0.36,2025-05-11,2112,N,VIIRS,n,2,297.97,1.31,N,0
27.76708,67.9651,331.12,0.38,0.36,2025-05-11,2112,N,VIIRS,n,2,299.64,2.57,N,0
27.78161,68.76662,309.39,0.39,0.36,2025-05-11,2112,N,VIIRS,n,2,298.95,0.85,N,0
27.78331,68.76979,314.16,0.39,0.36,2025-05-11,2112,N,VIIRS,n,2,298.74,0.89,N,0
27.78395,68.76588,310.37,0.39,0.36,2025-05-11,2112,N,VIIRS,n,2,298.6,0.89,N,0
28.05134,69.37023,312.88,0.39,0.37,2025-05-11,2112,N,VIIRS,n,2,299.08,1.05,N,2
28.18312,67.66279,304.96,0.39,0.36,2025-05-11,2112,N,VIIRS,n,2,293.62,0.38,N,0
28.19124,67.67648,307.0,0.39,0.36,2025-05-11,2112,N,VIIRS,n,2,294.96,1.0,N,0
29.15697,69.74352,317.9,0.4,0.37,2025-05-11,2112,N,VIIRS,n,2,297.17,2.28,N,0
27.55495,67.66152,367.0,0.42,0.37,2025-05-12,828,N,VIIRS,h,2,322.25,11.98,D,0
27.57,67.66695,350.57,0.41,0.37,2025-05-12,828,N,VIIRS,n,2,320.92,11.46,D,0
27.60014,67.69934,349.5,0.41,0.37,2025-05-12,828,N,VIIRS,l,2,323.91,14.38,D,0
27.94953,69.90164,308.78,0.44,0.38,2025-05-12,2053,N,VIIRS,n,2,297.89,0.81,N,0
27.95013,69.89722,316.87,0.44,0.38,2025-05-12,2053,N,VIIRS,n,2,297.58,1.23,N,0
28.14226,67.73238,314.77,0.55,0.43,2025-05-12,2053,N,VIIRS,n,2,297.04,3.37,N,0
28.27227,67.7419,309.6,0.55,0.43,2025-05-12,2053,N,VIIRS,n,2,296.68,2.05,N,0
28.42581,69.69858,309.24,0.45,0.39,2025-05-12,2053,N,VIIRS,n,2,297.63,1.1,N,2
26.41032,68.39954,314.07,0.49,0.4,2025-05-12,2054,N,VIIRS,n,2,298.04,1.36,N,0
27.38914,67.84743,315.95,0.53,0.42,2025-05-12,2054,N,VIIRS,n,2,298.15,1.35,N,0
27.67328,67.70019,310.32,0.54,0.42,2025-05-12,2054,N,VIIRS,n,2,296.59,0.87,N,0
27.6811,67.70139,310.55,0.54,0.42,2025-05-12,2054,N,VIIRS,n,2,296.8,0.88,N,0
27.06979,67.95218,343.38,0.46,0.47,2025-05-13,809,N,VIIRS,l,2,314.61,7.61,D,0
27.08526,68.02909,338.78,0.45,0.47,2025-05-13,809,N,VIIRS,l,2,311.85,5.27,D,0
27.32722,67.8056,343.83,0.46,0.47,2025-05-13,809,N,VIIRS,l,2,315.04,8.04,D,0
27.34808,67.8196,344.5,0.46,0.47,2025-05-13,809,N,VIIRS,n,2,314.15,7.02,D,0
27.40792,67.75239,339.31,0.46,0.47,2025-05-13,809,N,VIIRS,l,2,311.49,12.53,D,0
27.51218,67.97854,346.01,0.45,0.47,2025-05-13,809,N,VIIRS,n,2,312.77,2.14,D,0
27.51308,67.98299,346.09,0.45,0.47,2025-05-13,809,N,VIIRS,n,2,314.85,4.59,D,0
27.51397,67.98745,350.0,0.44,0.46,2025-05-13,809,N,VIIRS,n,2,315.35,4.59,D,0
27.55192,67.65842,350.47,0.46,0.47,2025-05-13,809,N,VIIRS,n,2,313.82,12.78,D,0
27.6249,67.65579,337.74,0.46,0.47,2025-05-13,809,N,VIIRS,n,2,306.52,16.51,D,0
27.62824,67.65005,345.8,0.46,0.47,2025-05-13,809,N,VIIRS,n,2,306.27,16.51,D,0
27.62919,67.65467,356.53,0.46,0.47,2025-05-13,809,N,VIIRS,n,2,310.97,16.51,D,0
27.71782,67.64299,349.59,0.46,0.47,2025-05-13,809,N,VIIRS,n,2,311.89,12.26,D,0
27.72195,67.97866,337.37,0.44,0.46,2025-05-13,809,N,VIIRS,l,2,312.05,6.77,D,0
27.7264,68.00076,343.46,0.44,0.46,2025-05-13,809,N,VIIRS,l,2,315.08,6.67,D,0
27.72971,67.99528,345.85,0.44,0.46,2025-05-13,809,N,VIIRS,l,2,315.99,9.7,D,0
27.85335,68.11192,341.19,0.43,0.46,2025-05-13,809,N,VIIRS,l,2,315.91,7.76,D,0
27.85764,68.0238,346.08,0.44,0.46,2025-05-13,809,N,VIIRS,n,2,315.09,6.37,D,0
27.85779,68.02596,344.38,0.44,0.46,2025-05-13,809,N,VIIRS,l,2,316.7,8.57,D,0
27.86457,68.46915,337.81,0.41,0.45,2025-05-13,809,N,VIIRS,l,2,312.18,7.34,D,0
28.15873,67.76562,347.2,0.44,0.46,2025-05-13,809,N,VIIRS,l,2,319.89,3.43,D,0
28.17323,67.7713,345.17,0.44,0.46,2025-05-13,809,N,VIIRS,l,2,317.18,5.07,D,0
28.36088,68.67843,338.99,0.39,0.44,2025-05-13,809,N,VIIRS,l,2,313.78,1.13,D,0
28.45341,69.21275,340.23,0.55,0.43,2025-05-13,809,N,VIIRS,l,2,311.09,14.12,D,0
28.52691,68.11321,348.87,0.42,0.45,2025-05-13,809,N,VIIRS,n,2,317.01,3.83,D,0
28.52776,68.11745,344.0,0.42,0.45,2025-05-13,809,N,VIIRS,l,2,317.57,3.95,D,0
29.0264,67.68132,344.07,0.43,0.46,2025-05-13,810,N,VIIRS,l,2,316.97,2.27,D,0
29.02692,68.32441,345.95,0.4,0.44,2025-05-13,810,N,VIIRS,l,2,319.15,3.36,D,0
27.38244,67.94955,305.59,0.33,0.55,2025-05-13,2035,N,VIIRS,n,2,290.69,0.73,N,0
27.50545,68.06873,314.49,0.33,0.55,2025-05-13,2035,N,VIIRS,n,2,287.03,0.72,N,0
27.50574,68.06537,306.37,0.33,0.55,2025-05-13,2035,N,VIIRS,n,2,286.99,0.92,N,0
27.69913,68.92139,311.99,0.58,0.52,2025-05-13,2035,N,VIIRS,n,2,294.33,2.1,N,0
27.02827,68.00866,347.81,0.43,0.62,2025-05-14,750,N,VIIRS,n,2,310.84,7.85,D,0
27.21468,67.98061,347.73,0.43,0.62,2025-05-14,750,N,VIIRS,n,2,309.4,2.83,D,0
27.21572,67.98492,335.48,0.43,0.62,2025-05-14,750,N,VIIRS,l,2,308.99,2.83,D,0
27.21708,67.98087,353.92,0.43,0.62,2025-05-14,750,N,VIIRS,n,2,309.31,5.82,D,0
27.23904,68.90734,338.82,0.38,0.59,2025-05-14,750,N,VIIRS,l,2,312.71,5.72,D,0
27.2417,67.88533,337.35,0.44,0.62,2025-05-14,750,N,VIIRS,l,2,310.13,5.43,D,0
27.26452,67.92968,340.79,0.43,0.62,2025-05-14,750,N,VIIRS,l,2,313.01,6.33,D,0
27.36502,67.84401,345.08,0.44,0.62,2025-05-14,750,N,VIIRS,n,2,312.81,7.39,D,0
27.40778,67.83895,343.2,0.43,0.62,2025-05-14,750,N,VIIRS,l,2,315.79,7.66,D,0
27.54624,67.94054,349.31,0.43,0.62,2025-05-14,750,N,VIIRS,n,2,316.05,12.63,D,0
27.54824,67.94048,343.57,0.43,0.62,2025-05-14,750,N,VIIRS,l,2,315.06,13.56,D,0
27.68539,67.65746,344.48,0.44,0.62,2025-05-14,750,N,VIIRS,n,2,311.54,4.73,D,0
27.74113,67.63612,344.94,0.44,0.62,2025-05-14,750,N,VIIRS,n,2,314.31,6.73,D,0
27.74221,67.64053,353.55,0.44,0.62,2025-05-14,750,N,VIIRS,n,2,317.26,9.81,D,0
27.74675,67.63441,339.78,0.44,0.62,2025-05-14,750,N,VIIRS,n,2,312.99,9.0,D,0
27.74783,67.63881,367.0,0.44,0.62,2025-05-14,750,N,VIIRS,h,2,318.09,18.34,D,0
27.74891,67.64323,367.0,0.44,0.62,2025-05-14,750,N,VIIRS,h,2,314.68,18.34,D,0
27.75124,69.00384,347.33,0.36,0.58,2025-05-14,750,N,VIIRS,n,2,315.09,9.28,D,0
27.94572,68.99213,345.86,0.36,0.58,2025-05-14,750,N,VIIRS,n,2,313.77,7.21,D,0
28.21515,69.65958,337.91,0.33,0.55,2025-05-14,750,N,VIIRS,n,2,310.44,5.8,D,0
28.2159,69.66286,367.0,0.33,0.55,2025-05-14,750,N,VIIRS,h,2,311.6,7.56,D,0
28.28689,70.39481,348.95,0.59,0.53,2025-05-14,750,N,VIIRS,n,2,313.03,18.08,D,0
28.29165,70.39347,350.82,0.59,0.53,2025-05-14,750,N,VIIRS,n,2,314.89,67.62,D,0
28.01028,68.38737,338.35,0.39,0.59,2025-05-14,751,N,VIIRS,l,2,312.64,2.54,D,0
28.01122,68.3913,341.0,0.39,0.59,2025-05-14,751,N,VIIRS,l,2,314.83,5.24,D,0
28.12152,67.76973,344.26,0.42,0.61,2025-05-14,751,N,VIIRS,l,2,318.62,11.48,D,0
28.21712,67.56538,347.04,0.43,0.62,2025-05-14,751,N,VIIRS,l,2,317.82,9.46,D,0
28.2193,67.56554,343.31,0.43,0.62,2025-05-14,751,N,VIIRS,l,2,316.19,7.84,D,0
28.31662,68.41546,345.82,0.38,0.59,2025-05-14,751,N,VIIRS,n,2,313.2,6.12,D,0
28.31764,68.41504,344.74,0.38,0.59,2025-05-14,751,N,VIIRS,n,2,313.21,6.1,D,0
28.45773,67.7748,348.13,0.42,0.61,2025-05-14,751,N,VIIRS,n,2,316.17,5.4,D,0
28.46872,67.77141,367.0,0.42,0.61,2025-05-14,751,N,VIIRS,h,2,320.97,8.17,D,0
28.51023,69.36926,341.58,0.33,0.56,2025-05-14,751,N,VIIRS,l,2,314.12,2.38,D,0
28.74286,70.27542,336.65,0.58,0.52,2025-05-14,751,N,VIIRS,l,2,310.82,4.87,D,0
28.77016,69.96642,349.44,0.61,0.53,2025-05-14,751,N,VIIRS,n,2,313.6,9.72,D,0
28.77187,69.96417,345.06,0.61,0.53,2025-05-14,751,N,VIIRS,l,2,315.28,18.16,D,0
28.77498,69.96502,343.12,0.61,0.53,2025-05-14,751,N,VIIRS,n,2,312.59,9.02,D,0
28.99165,68.33252,347.28,0.37,0.58,2025-05-14,751,N,VIIRS,n,2,318.76,1.45,D,0
26.89492,69.01532,347.47,0.71,0.75,2025-05-14,931,N,VIIRS,n,2,306.87,12.95,D,0
26.89751,69.01065,355.01,0.71,0.75,2025-05-14,931,N,VIIRS,n,2,307.49,14.45,D,0
26.8979,69.01811,352.24,0.71,0.75,2025-05-14,931,N,VIIRS,n,2,306.76,14.45,D,0
26.90163,69.00764,342.44,0.71,0.75,2025-05-14,931,N,VIIRS,n,2,303.35,12.54,D,0
26.90198,69.01503,354.55,0.71,0.75,2025-05-14,931,N,VIIRS,n,2,306.62,19.21,D,0
27.33479,67.68437,338.32,0.59,0.7,2025-05-14,931,N,VIIRS,l,2,312.34,14.58,D,0
27.41561,67.85089,342.09,0.61,0.71,2025-05-14,931,N,VIIRS,l,2,313.41,8.49,D,0
27.68311,67.65436,342.32,0.6,0.7,2025-05-14,931,N,VIIRS,n,2,310.63,5.14,D,0
27.685,67.65124,334.68,0.6,0.7,2025-05-14,931,N,VIIRS,l,2,309.64,6.64,D,0
27.68538,67.65749,338.37,0.6,0.7,2025-05-14,931,N,VIIRS,n,2,310.05,5.91,D,0
27.70921,68.29938,339.84,0.65,0.73,2025-05-14,931,N,VIIRS,l,2,311.59,7.57,D,0
27.74134,67.63182,340.53,0.6,0.7,2025-05-14,931,N,VIIRS,n,2,308.9,7.27,D,0
27.7417,67.63807,350.25,0.6,0.7,2025-05-14,931,N,VIIRS,n,2,312.69,7.27,D,0
27.74865,67.64387,337.78,0.6,0.7,2025-05-14,931,N,VIIRS,l,2,310.44,9.6,D,0
27.83041,68.64503,341.0,0.69,0.74,2025-05-14,931,N,VIIRS,n,2,312.13,10.89,D,0
27.83113,68.64299,349.56,0.69,0.74,2025-05-14,931,N,VIIRS,n,2,311.4,7.78,D,0
27.83151,68.65022,339.99,0.69,0.74,2025-05-14,931,N,VIIRS,l,2,311.46,11.03,D,0
27.83737,68.64466,367.0,0.69,0.74,2025-05-14,931,N,VIIRS,h,2,310.03,10.89,D,0
27.83809,68.64266,339.56,0.69,0.74,2025-05-14,931,N,VIIRS,n,2,309.24,4.56,D,0
27.85065,67.95982,340.62,0.62,0.72,2025-05-14,931,N,VIIRS,l,2,311.86,5.59,D,0
27.86131,68.0319,339.15,0.63,0.72,2025-05-14,931,N,VIIRS,l,2,313.08,13.21,D,0
28.43615,68.06456,342.46,0.64,0.72,2025-05-14,931,N,VIIRS,l,2,315.89,11.12,D,0
28.4382,68.06298,367.0,0.64,0.72,2025-05-14,931,N,VIIRS,h,2,317.27,18.73,D,0
28.44255,68.0574,344.56,0.64,0.72,2025-05-14,931,N,VIIRS,l,2,316.83,10.9,D,0
28.44293,68.06416,342.11,0.64,0.72,2025-05-14,931,N,VIIRS,l,2,314.85,10.59,D,0
28.49767,67.99553,339.31,0.64,0.72,2025-05-14,931,N,VIIRS,l,2,313.84,4.56,D,0
28.50278,67.99825,343.2,0.63,0.72,2025-05-14,931,N,VIIRS,l,2,315.36,5.43,D,0
28.50462,68.73722,340.96,0.7,0.75,2025-05-14,931,N,VIIRS,l,2,312.25,9.08,D,0
27.25039,68.2793,330.89,0.78,0.78,2025-05-15,732,N,VIIRS,l,2,302.78,3.3,D,0
27.25172,68.27632,331.08,0.78,0.78,2025-05-15,732,N,VIIRS,l,2,302.5,2.57,D,0
28.0382,68.03822,338.53,0.77,0.77,2025-05-15,732,N,VIIRS,n,2,307.35,3.53,D,0
28.0404,68.03613,339.16,0.77,0.77,2025-05-15,732,N,VIIRS,n,2,306.71,7.51,D,0
28.04513,68.03574,334.6,0.77,0.77,2025-05-15,732,N,VIIRS,l,2,306.48,3.53,D,0
28.30983,68.12763,367.0,0.75,0.77,2025-05-15,732,N,VIIRS,h,2,309.35,11.57,D,0
28.31198,68.13517,343.43,0.75,0.77,2025-05-15,732,N,VIIRS,n,2,308.21,11.57,D,0
28.31244,68.1239,344.09,0.75,0.77,2025-05-15,732,N,VIIRS,n,2,308.42,14.6,D,0
28.31455,68.13147,367.0,0.75,0.77,2025-05-15,732,N,VIIRS,h,2,310.41,27.31,D,0
28.31669,68.12523,339.12,0.75,0.77,2025-05-15,732,N,VIIRS,n,2,308.64,7.8,D,0
28.47179,69.66609,336.29,0.61,0.71,2025-05-15,732,N,VIIRS,l,2,309.45,4.41,D,0
28.53248,68.02973,343.08,0.75,0.77,2025-05-15,732,N,VIIRS,n,2,310.32,5.21,D,0
28.53616,68.02972,339.69,0.75,0.77,2025-05-15,732,N,VIIRS,l,2,311.18,6.16,D,0
27.43482,67.7972,345.54,0.62,0.54,2025-05-15,912,N,VIIRS,l,2,318.13,3.93,D,0
27.4349,67.79564,343.23,0.62,0.54,2025-05-15,912,N,VIIRS,l,2,317.62,22.15,D,0
27.48711,68.04669,349.07,0.32,0.55,2025-05-15,912,N,VIIRS,n,2,315.62,1.7,D,0
27.50696,67.924,349.03,0.63,0.54,2025-05-15,912,N,VIIRS,n,2,318.4,20.41,D,0
27.59894,67.66079,348.39,0.61,0.53,2025-05-15,912,N,VIIRS,n,2,316.54,22.45,D,0
27.60448,67.66652,357.12,0.61,0.53,2025-05-15,912,N,VIIRS,n,2,320.81,43.2,D,0
27.63068,67.72753,345.1,0.62,0.54,2025-05-15,912,N,VIIRS,l,2,318.17,12.13,D,0
27.64404,68.10538,347.93,0.32,0.55,2025-05-15,912,N,VIIRS,n,2,319.3,4.96,D,0
27.64433,68.10872,347.28,0.33,0.55,2025-05-15,912,N,VIIRS,l,2,317.3,4.96,D,0
27.73888,67.64561,356.59,0.61,0.53,2025-05-15,912,N,VIIRS,n,2,319.27,13.6,D,0
27.73904,67.64305,349.44,0.61,0.53,2025-05-15,912,N,VIIRS,l,2,320.09,22.12,D,0
27.74385,67.64506,349.56,0.61,0.53,2025-05-15,912,N,VIIRS,n,2,316.24,13.6,D,0
27.74401,67.64249,346.46,0.61,0.53,2025-05-15,912,N,VIIRS,l,2,318.16,10.4,D,0
27.76872,68.08276,367.0,0.32,0.55,2025-05-15,912,N,VIIRS,h,2,319.94,11.08,D,0
27.771,68.08037,367.0,0.33,0.55,2025-05-15,912,N,VIIRS,h,2,318.53,13.22,D,0
27.77128,68.08372,351.68,0.33,0.55,2025-05-15,912,N,VIIRS,n,2,317.4,13.08,D,0
27.77273,69.22651,337.6,0.38,0.59,2025-05-15,912,N,VIIRS,l,2,309.32,2.76,D,0
27.77672,68.99467,339.14,0.37,0.58,2025-05-15,912,N,VIIRS,l,2,313.16,4.31,D,0
27.93728,68.74587,350.18,0.36,0.57,2025-05-15,912,N,VIIRS,n,2,313.43,4.03,D,0
27.94091,68.74506,350.13,0.36,0.57,2025-05-15,912,N,VIIRS,n,2,312.55,4.04,D,0
27.98635,69.1216,340.76,0.38,0.59,2025-05-15,912,N,VIIRS,n,2,313.4,11.17,D,0
27.98665,69.12553,367.0,0.38,0.59,2025-05-15,912,N,VIIRS,h,2,315.84,11.17,D,0
28.04557,68.03488,350.4,0.33,0.55,2025-05-15,912,N,VIIRS,n,2,316.09,7.67,D,0
28.04973,69.36955,340.59,0.39,0.6,2025-05-15,912,N,VIIRS,l,2,311.7,3.21,D,0
28.22074,67.79237,350.48,0.63,0.54,2025-05-15,912,N,VIIRS,l,2,324.22,7.47,D,0
28.55371,68.03481,367.0,0.33,0.55,2025-05-15,912,N,VIIRS,h,2,323.05,3.22,D,0
28.55399,68.03824,367.0,0.33,0.55,2025-05-15,912,N,VIIRS,l,2,326.23,3.22,D,0
28.73065,69.97157,338.81,0.43,0.62,2025-05-15,912,N,VIIRS,l,2,312.28,4.67,D,0
28.051,69.36932,323.55,0.5,0.49,2025-05-15,2137,N,VIIRS,n,2,298.65,4.38,N,2
27.15226,68.02287,310.12,0.44,0.46,2025-05-15,2138,N,VIIRS,n,2,297.55,1.52,N,0
27.45734,67.92337,310.96,0.43,0.46,2025-05-15,2138,N,VIIRS,n,2,298.48,0.93,N,0
26.64694,68.16669,348.76,0.51,0.41,2025-05-16,853,N,VIIRS,n,2,316.28,7.78,D,0
26.64738,68.16435,345.56,0.51,0.41,2025-05-16,853,N,VIIRS,n,2,315.13,5.29,D,0
26.70873,68.13663,337.74,0.51,0.41,2025-05-16,853,N,VIIRS,l,2,310.79,3.86,D,0
27.06759,67.96855,347.88,0.5,0.41,2025-05-16,853,N,VIIRS,n,2,318.76,13.02,D,0
27.11711,67.96622,344.48,0.5,0.41,2025-05-16,853,N,VIIRS,l,2,318.6,9.96,D,0
27.33975,68.4562,342.61,0.53,0.42,2025-05-16,853,N,VIIRS,l,2,317.53,9.11,D,0
27.38895,67.83517,350.99,0.5,0.41,2025-05-16,853,N,VIIRS,l,2,321.75,5.27,D,0
27.3927,67.83459,347.75,0.5,0.41,2025-05-16,853,N,VIIRS,l,2,322.2,5.27,D,0
27.50983,68.62003,339.89,0.55,0.42,2025-05-16,853,N,VIIRS,n,2,314.46,6.17,D,0
27.64279,68.98629,345.98,0.38,0.43,2025-05-16,853,N,VIIRS,l,2,317.6,7.26,D,0
27.68367,68.4774,343.18,0.54,0.42,2025-05-16,853,N,VIIRS,l,2,314.16,7.95,D,0
27.73397,67.65068,349.2,0.49,0.4,2025-05-16,853,N,VIIRS,l,2,321.21,15.68,D,0
27.76392,68.11728,350.56,0.52,0.41,2025-05-16,853,N,VIIRS,n,2,319.89,30.75,D,0
27.79299,69.00491,348.53,0.39,0.44,2025-05-16,853,N,VIIRS,l,2,319.41,5.97,D,0
27.83784,67.934,351.01,0.51,0.41,2025-05-16,853,N,VIIRS,l,2,323.81,11.51,D,0
27.85422,69.2606,346.54,0.4,0.44,2025-05-16,853,N,VIIRS,n,2,316.14,7.37,D,0
28.12414,67.73502,350.07,0.5,0.41,2025-05-16,853,N,VIIRS,l,2,322.78,8.32,D,0
28.13239,67.67654,348.46,0.5,0.41,2025-05-16,853,N,VIIRS,l,2,321.55,5.23,D,0
28.15893,68.92585,351.22,0.39,0.44,2025-05-16,853,N,VIIRS,n,2,320.38,9.66,D,0
28.17089,69.22266,346.28,0.4,0.44,2025-05-16,853,N,VIIRS,l,2,319.82,11.63,D,0
28.20712,67.84853,352.97,0.51,0.41,2025-05-16,853,N,VIIRS,l,2,324.0,13.35,D,0
28.45759,69.7938,351.31,0.43,0.46,2025-05-16,853,N,VIIRS,n,2,318.85,18.43,D,0
28.42445,69.70251,312.33,0.44,0.39,2025-05-16,2118,N,VIIRS,n,2,300.11,1.48,N,2
26.38632,69.0376,309.11,0.44,0.38,2025-05-16,2119,N,VIIRS,n,2,297.69,0.71,N,0
26.70424,67.89015,309.01,0.4,0.37,2025-05-16,2119,N,VIIRS,n,2,296.51,0.72,N,0
27.82767,69.38297,320.81,0.44,0.38,2025-05-16,2119,N,VIIRS,n,2,298.91,1.56,N,0
28.0514,69.37067,322.53,0.44,0.38,2025-05-16,2119,N,VIIRS,n,2,300.18,0.81,N,2
27.89891,69.0554,349.93,0.39,0.36,2025-05-17,834,N,VIIRS,l,2,321.98,9.43,D,0
27.90281,69.05871,367.0,0.39,0.36,2025-05-17,834,N,VIIRS,l,2,325.39,8.23,D,0
27.93931,69.14491,349.63,0.39,0.36,2025-05-17,834,N,VIIRS,n,2,319.04,7.14,D,0
28.00584,67.59309,346.33,0.39,0.36,2025-05-17,834,N,VIIRS,n,2,318.2,6.17,D,0
28.05277,69.36913,350.52,0.39,0.36,2025-05-17,834,N,VIIRS,n,2,322.87,8.75,D,2
27.46217,68.1132,319.16,0.44,0.38,2025-05-17,2100,N,VIIRS,n,2,299.44,1.47,N,0
27.75693,67.87819,320.75,0.45,0.39,2025-05-17,2100,N,VIIRS,n,2,300.23,2.14,N,0
27.75756,67.87361,330.48,0.45,0.39,2025-05-17,2100,N,VIIRS,n,2,300.42,3.63,N,0
27.75898,67.87614,332.57,0.45,0.39,2025-05-17,2100,N,VIIRS,n,2,301.28,4.65,N,0
28.05224,69.36868,331.19,0.41,0.37,2025-05-17,2100,N,VIIRS,n,2,301.65,2.13,N,2
28.42585,69.70161,312.64,0.4,0.37,2025-05-17,2100,N,VIIRS,n,2,299.92,2.12,N,2
28.44802,67.73897,311.7,0.46,0.39,2025-05-17,2100,N,VIIRS,n,2,298.78,0.37,N,0
28.44986,67.72472,312.31,0.46,0.39,2025-05-17,2100,N,VIIRS,n,2,299.19,0.73,N,0
26.25866,68.2281,338.44,0.56,0.43,2025-05-18,815,N,VIIRS,l,2,312.52,8.24,D,0
26.53082,68.08876,343.38,0.56,0.43,2025-05-18,815,N,VIIRS,n,2,315.16,11.4,D,0
26.72037,68.17298,338.23,0.55,0.43,2025-05-18,815,N,VIIRS,l,2,311.19,11.02,D,0
27.69384,67.66315,348.15,0.56,0.43,2025-05-18,816,N,VIIRS,n,2,317.25,26.21,D,0
27.70215,67.68478,347.49,0.56,0.43,2025-05-18,816,N,VIIRS,l,2,320.59,10.83,D,0
27.75508,67.85302,346.55,0.55,0.43,2025-05-18,816,N,VIIRS,l,2,317.8,3.52,D,0
27.81701,67.6488,348.62,0.56,0.43,2025-05-18,816,N,VIIRS,l,2,321.49,12.28,D,0
27.82202,67.65349,350.34,0.56,0.43,2025-05-18,816,N,VIIRS,l,2,321.44,16.89,D,0
26.89246,68.59626,307.68,0.48,0.48,2025-05-18,2041,N,VIIRS,n,2,297.47,0.44,N,0
28.05007,69.36798,311.41,0.44,0.46,2025-05-18,2041,N,VIIRS,n,2,297.62,1.35,N,0
28.05222,69.37106,312.69,0.44,0.46,2025-05-18,2041,N,VIIRS,n,2,297.73,1.48,N,2
28.05273,69.36651,330.12,0.44,0.46,2025-05-18,2041,N,VIIRS,n,2,298.88,2.69,N,2
28.05437,69.36859,325.26,0.44,0.46,2025-05-18,2041,N,VIIRS,n,2,298.92,1.35,N,2
28.36062,70.1571,339.55,0.4,0.44,2025-05-18,2041,N,VIIRS,n,2,300.06,4.16,N,0
27.03955,67.98195,340.04,0.35,0.57,2025-05-19,757,N,VIIRS,l,2,314.76,6.29,D,0
27.18019,68.18932,347.33,0.34,0.56,2025-05-19,757,N,VIIRS,n,2,312.9,2.52,D,0
27.2498,67.77458,344.42,0.36,0.57,2025-05-19,757,N,VIIRS,l,2,319.01,2.87,D,0
27.25497,67.7731,351.95,0.36,0.57,2025-05-19,757,N,VIIRS,n,2,318.35,4.35,D,0
27.60344,69.10635,340.51,0.58,0.52,2025-05-19,757,N,VIIRS,l,2,311.24,10.29,D,0
27.60472,69.1122,343.44,0.58,0.52,2025-05-19,757,N,VIIRS,n,2,311.62,13.57,D,0
27.61275,67.70898,367.0,0.35,0.57,2025-05-19,757,N,VIIRS,h,2,315.53,11.54,D,0
27.63817,67.72421,347.68,0.35,0.57,2025-05-19,757,N,VIIRS,n,2,316.67,10.15,D,0
27.71166,67.66069,367.0,0.35,0.57,2025-05-19,757,N,VIIRS,h,2,320.26,15.24,D,0
27.77172,69.51353,345.11,0.55,0.51,2025-05-19,757,N,VIIRS,n,2,308.8,12.53,D,0
27.90411,68.25552,339.5,0.32,0.55,2025-05-19,757,N,VIIRS,l,2,313.26,2.65,D,0
28.01173,68.3815,347.04,0.63,0.54,2025-05-19,757,N,VIIRS,l,2,317.23,12.71,D,0
28.01175,68.38352,343.25,0.63,0.54,2025-05-19,757,N,VIIRS,l,2,316.09,10.74,D,0
28.01664,68.38012,353.09,0.63,0.54,2025-05-19,757,N,VIIRS,n,2,313.81,12.71,D,0
28.01665,68.38213,353.92,0.63,0.54,2025-05-19,757,N,VIIRS,n,2,315.76,18.92,D,0
28.04414,68.01439,345.44,0.33,0.55,2025-05-19,757,N,VIIRS,n,2,315.16,3.58,D,0
28.04626,68.01215,349.98,0.33,0.55,2025-05-19,757,N,VIIRS,n,2,314.93,3.13,D,0
28.09405,69.09662,339.64,0.57,0.52,2025-05-19,757,N,VIIRS,l,2,313.17,8.54,D,0
28.09848,67.62471,367.0,0.35,0.57,2025-05-19,757,N,VIIRS,h,2,317.27,7.18,D,0
28.41539,67.74138,346.13,0.34,0.56,2025-05-19,757,N,VIIRS,l,2,320.86,3.37,D,0
27.61403,67.71064,341.16,0.75,0.77,2025-05-19,937,N,VIIRS,n,2,306.2,9.53,D,0
27.64318,67.71716,334.59,0.75,0.77,2025-05-19,937,N,VIIRS,l,2,305.0,4.19,D,0
27.72128,67.97042,338.82,0.78,0.78,2025-05-19,937,N,VIIRS,l,2,310.87,7.19,D,0
27.54176,68.10813,312.76,0.51,0.66,2025-05-19,2022,N,VIIRS,n,2,298.05,1.64,N,0
27.65559,67.71833,307.78,0.54,0.68,2025-05-19,2022,N,VIIRS,n,2,297.48,0.38,N,0
27.65844,67.71938,309.83,0.54,0.68,2025-05-19,2022,N,VIIRS,n,2,297.64,0.88,N,0
27.66191,67.71886,312.62,0.54,0.68,2025-05-19,2022,N,VIIRS,n,2,297.3,1.07,N,0
27.66476,67.71994,308.4,0.54,0.68,2025-05-19,2022,N,VIIRS,n,2,297.41,0.68,N,0
28.04882,69.3681,320.5,0.43,0.62,2025-05-19,2022,N,VIIRS,n,2,298.84,1.67,N,0
28.04911,69.36884,323.22,0.43,0.62,2025-05-19,2022,N,VIIRS,n,2,299.11,1.82,N,0
28.05459,69.36868,325.63,0.43,0.62,2025-05-19,2022,N,VIIRS,n,2,299.23,1.89,N,2
28.05488,69.36943,320.43,0.43,0.62,2025-05-19,2022,N,VIIRS,n,2,299.47,1.63,N,2
28.07873,67.43211,312.76,0.56,0.69,2025-05-19,2022,N,VIIRS,n,2,301.6,2.33,N,0
28.07898,67.42811,319.61,0.56,0.69,2025-05-19,2022,N,VIIRS,n,2,301.52,2.33,N,0
28.07963,67.43192,323.54,0.56,0.69,2025-05-19,2022,N,VIIRS,n,2,301.93,4.75,N,0
28.07986,67.42792,321.86,0.56,0.69,2025-05-19,2022,N,VIIRS,n,2,301.6,5.89,N,0
28.08518,67.43241,356.53,0.56,0.69,2025-05-19,2022,N,VIIRS,n,2,304.87,6.83,N,0
28.08541,67.42886,318.68,0.56,0.69,2025-05-19,2022,N,VIIRS,n,2,301.8,6.83,N,0
28.08609,67.43232,351.67,0.56,0.69,2025-05-19,2022,N,VIIRS,n,2,304.28,8.91,N,0
28.08629,67.42876,318.17,0.56,0.69,2025-05-19,2022,N,VIIRS,n,2,301.79,8.04,N,0
28.46956,67.75259,310.17,0.54,0.68,2025-05-19,2022,N,VIIRS,n,2,298.37,1.23,N,0
28.05192,69.37077,314.18,0.59,0.7,2025-05-19,2202,N,VIIRS,n,2,296.47,1.27,N,2
28.07458,67.42854,310.92,0.46,0.63,2025-05-19,2202,N,VIIRS,n,2,300.78,1.13,N,0
28.07871,67.41185,314.62,0.45,0.63,2025-05-19,2202,N,VIIRS,n,2,301.48,3.13,N,0
28.07985,67.43219,311.03,0.46,0.63,2025-05-19,2202,N,VIIRS,n,2,300.39,1.13,N,0
28.08309,67.41404,311.53,0.45,0.63,2025-05-19,2202,N,VIIRS,n,2,301.48,2.47,N,0
28.08968,67.41234,312.25,0.45,0.63,2025-05-19,2202,N,VIIRS,n,2,301.88,3.48,N,0
28.09452,67.41752,313.64,0.45,0.63,2025-05-19,2202,N,VIIRS,n,2,302.32,3.18,N,0
28.09816,67.42747,318.78,0.45,0.63,2025-05-19,2202,N,VIIRS,n,2,301.15,1.43,N,0
28.10343,67.431,315.34,0.45,0.63,2025-05-19,2202,N,VIIRS,n,2,301.38,1.43,N,0
28.46748,67.75484,322.93,0.47,0.64,2025-05-19,2202,N,VIIRS,n,2,296.18,1.42,N,0
28.47322,67.75672,311.11,0.47,0.64,2025-05-19,2202,N,VIIRS,n,2,296.83,1.42,N,0
27.40039,67.86438,340.97,0.66,0.73,2025-05-20,738,N,VIIRS,l,2,311.24,10.87,D,0
27.40245,67.86205,350.01,0.66,0.73,2025-05-20,738,N,VIIRS,n,2,311.29,12.54,D,0
27.69502,67.86732,346.68,0.65,0.73,2025-05-20,738,N,VIIRS,n,2,311.24,9.72,D,0
27.6975,67.86735,346.72,0.65,0.73,2025-05-20,738,N,VIIRS,n,2,311.28,8.79,D,0
27.74257,68.1244,336.28,0.63,0.72,2025-05-20,738,N,VIIRS,l,2,309.8,2.24,D,0
27.81252,67.59534,351.79,0.67,0.74,2025-05-20,738,N,VIIRS,n,2,310.0,11.11,D,0
27.84827,68.29305,333.88,0.61,0.71,2025-05-20,738,N,VIIRS,l,2,307.48,3.69,D,0
27.84973,68.29204,334.62,0.61,0.71,2025-05-20,738,N,VIIRS,l,2,307.34,3.33,D,0
27.87477,68.08585,336.45,0.63,0.72,2025-05-20,738,N,VIIRS,l,2,310.55,6.96,D,0
27.9297,67.59771,338.76,0.67,0.73,2025-05-20,738,N,VIIRS,l,2,312.0,6.23,D,0
28.01227,69.78661,343.22,0.5,0.66,2025-05-20,738,N,VIIRS,n,2,310.59,5.17,D,0
28.0546,69.36646,334.33,0.52,0.67,2025-05-20,738,N,VIIRS,l,2,306.36,2.79,D,0
28.20732,69.58527,352.98,0.5,0.66,2025-05-20,738,N,VIIRS,n,2,310.19,6.01,D,0
28.20863,69.59035,334.33,0.5,0.66,2025-05-20,738,N,VIIRS,l,2,307.53,6.01,D,0
28.40272,69.7946,334.6,0.49,0.65,2025-05-20,738,N,VIIRS,l,2,308.3,6.69,D,0
28.90451,69.94319,346.97,0.46,0.64,2025-05-20,738,N,VIIRS,n,2,312.59,8.29,D,0
28.9075,69.9384,344.57,0.46,0.64,2025-05-20,738,N,VIIRS,n,2,311.06,3.21,D,0
28.9087,69.94308,341.12,0.46,0.64,2025-05-20,738,N,VIIRS,l,2,311.84,4.62,D,0
26.43275,68.40053,346.1,0.41,0.61,2025-05-20,918,N,VIIRS,n,2,309.9,3.79,D,0
27.27709,67.9382,342.81,0.39,0.6,2025-05-20,918,N,VIIRS,l,2,317.3,9.3,D,0
27.40353,67.86263,344.79,0.39,0.59,2025-05-20,918,N,VIIRS,l,2,315.47,1.37,D,0
27.54025,67.83379,347.3,0.39,0.59,2025-05-20,918,N,VIIRS,n,2,314.65,4.14,D,0
27.58296,69.61431,343.46,0.5,0.66,2025-05-20,918,N,VIIRS,l,2,314.99,10.84,D,0
27.60759,67.97569,342.45,0.4,0.6,2025-05-20,918,N,VIIRS,l,2,315.59,10.02,D,0
27.61131,67.97475,342.54,0.4,0.6,2025-05-20,918,N,VIIRS,l,2,317.2,11.14,D,0
27.65997,69.1226,339.75,0.47,0.64,2025-05-20,918,N,VIIRS,l,2,312.92,9.14,D,0
27.68111,68.14983,348.54,0.41,0.61,2025-05-20,918,N,VIIRS,n,2,314.45,7.86,D,0
27.69472,68.17865,343.69,0.41,0.61,2025-05-20,918,N,VIIRS,l,2,315.91,8.55,D,0
27.71584,68.19463,338.74,0.41,0.61,2025-05-20,918,N,VIIRS,l,2,313.65,3.24,D,0
27.71869,68.19374,346.52,0.41,0.61,2025-05-20,918,N,VIIRS,n,2,313.93,9.3,D,0
27.85784,68.15758,348.48,0.41,0.61,2025-05-20,918,N,VIIRS,l,2,319.31,6.01,D,0
27.85816,68.16185,342.22,0.41,0.61,2025-05-20,918,N,VIIRS,l,2,316.9,6.75,D,0
28.01362,68.86761,339.8,0.46,0.63,2025-05-20,918,N,VIIRS,l,2,310.54,5.31,D,0
28.02028,68.38569,339.61,0.43,0.62,2025-05-20,918,N,VIIRS,l,2,311.87,6.96,D,0
28.10115,67.41782,367.0,0.37,0.58,2025-05-20,919,N,VIIRS,h,2,319.77,11.18,D,0
28.1014,67.42097,367.0,0.37,0.58,2025-05-20,919,N,VIIRS,h,2,321.05,14.09,D,0
28.47885,67.50793,355.01,0.38,0.59,2025-05-20,919,N,VIIRS,n,2,325.06,2.75,D,0
28.47916,67.51192,367.0,0.38,0.59,2025-05-20,919,N,VIIRS,l,2,325.32,2.75,D,0
27.09977,67.80881,347.45,0.4,0.44,2025-05-21,859,N,VIIRS,l,2,321.3,6.6,D,0
27.11411,67.68457,351.44,0.39,0.44,2025-05-21,859,N,VIIRS,n,2,318.18,1.58,D,0
27.1144,67.68485,351.16,0.39,0.44,2025-05-21,859,N,VIIRS,n,2,318.64,1.54,D,0
27.25499,67.84136,350.68,0.4,0.44,2025-05-21,859,N,VIIRS,n,2,318.97,2.73,D,0
27.79485,67.5913,367.0,0.39,0.44,2025-05-21,900,N,VIIRS,l,2,328.07,9.83,D,0
27.79846,67.58671,367.0,0.39,0.44,2025-05-21,900,N,VIIRS,h,2,324.08,9.83,D,0
27.79891,67.59073,367.0,0.39,0.44,2025-05-21,900,N,VIIRS,l,2,326.02,9.83,D,0
27.82734,69.62938,346.2,0.52,0.5,2025-05-21,900,N,VIIRS,l,2,320.11,8.78,D,0
27.87868,68.99617,346.24,0.48,0.48,2025-05-21,900,N,VIIRS,l,2,317.6,15.95,D,0
27.87919,69.00105,346.1,0.48,0.48,2025-05-21,900,N,VIIRS,l,2,318.4,23.69,D,0
27.96652,68.18192,346.52,0.43,0.46,2025-05-21,900,N,VIIRS,l,2,319.25,2.98,D,0
28.81339,70.36179,355.78,0.59,0.53,2025-05-21,900,N,VIIRS,n,2,319.37,11.62,D,0
26.82151,69.27902,330.14,0.52,0.42,2025-05-21,2125,N,VIIRS,n,2,299.15,2.5,N,0
27.39729,67.87653,310.97,0.45,0.39,2025-05-21,2125,N,VIIRS,n,2,299.97,0.71,N,0
27.78801,67.58684,325.61,0.43,0.38,2025-05-21,2125,N,VIIRS,n,2,303.95,1.38,N,0
27.79466,67.75212,314.2,0.44,0.38,2025-05-21,2125,N,VIIRS,n,2,303.35,0.96,N,0
28.39024,69.48251,332.07,0.51,0.41,2025-05-21,2125,N,VIIRS,n,2,300.5,3.2,N,0
28.3903,69.4787,330.4,0.51,0.41,2025-05-21,2125,N,VIIRS,n,2,300.54,4.46,N,0
28.43561,67.76371,315.2,0.43,0.38,2025-05-21,2125,N,VIIRS,n,2,302.99,0.76,N,0
26.76018,68.14438,341.68,0.39,0.36,2025-05-22,840,N,VIIRS,l,2,314.03,2.94,D,0
27.01909,67.97721,348.89,0.39,0.36,2025-05-22,840,N,VIIRS,l,2,321.22,37.64,D,0
27.09432,68.00909,349.11,0.39,0.36,2025-05-22,840,N,VIIRS,l,2,321.3,14.71,D,0
27.12883,67.70473,355.03,0.39,0.36,2025-05-22,840,N,VIIRS,l,2,328.64,26.24,D,0
27.13215,67.70412,367.0,0.39,0.36,2025-05-22,840,N,VIIRS,l,2,326.0,1.56,D,0
27.7094,68.46966,349.78,0.4,0.37,2025-05-22,841,N,VIIRS,n,2,317.97,14.14,D,0
27.92451,68.91808,350.2,0.42,0.37,2025-05-22,841,N,VIIRS,l,2,321.51,16.6,D,0
27.95807,69.57321,350.59,0.44,0.38,2025-05-22,841,N,VIIRS,n,2,323.09,3.58,D,0
28.00725,68.38087,367.0,0.4,0.37,2025-05-22,841,N,VIIRS,l,2,326.64,8.81,D,0
28.00781,68.38497,351.35,0.4,0.37,2025-05-22,841,N,VIIRS,l,2,322.69,11.43,D,0
28.01063,68.38028,367.0,0.4,0.37,2025-05-22,841,N,VIIRS,l,2,325.65,9.41,D,0
26.81988,69.27721,329.58,0.38,0.36,2025-05-22,2106,N,VIIRS,n,2,298.64,3.22,N,0
28.07872,67.68385,314.21,0.41,0.37,2025-05-22,2106,N,VIIRS,n,2,302.81,0.99,N,0
28.07874,67.68235,316.06,0.41,0.37,2025-05-22,2106,N,VIIRS,n,2,302.58,1.4,N,0
28.23853,69.60527,311.14,0.38,0.36,2025-05-22,2106,N,VIIRS,n,2,299.54,0.74,N,0
28.42366,69.70161,316.79,0.38,0.36,2025-05-22,2106,N,VIIRS,n,2,301.11,1.08,N,2
28.43056,67.75506,315.63,0.41,0.37,2025-05-22,2106,N,VIIRS,n,2,301.1,1.22,N,0
28.43944,67.69248,317.65,0.41,0.37,2025-05-22,2106,N,VIIRS,n,2,300.57,0.89,N,0
28.47801,68.48356,317.58,0.39,0.36,2025-05-22,2106,N,VIIRS,n,2,304.02,1.23,N,0
28.49413,67.77524,312.55,0.41,0.37,2025-05-22,2106,N,VIIRS,n,2,301.15,0.96,N,0
28.54078,68.03265,319.05,0.4,0.37,2025-05-22,2106,N,VIIRS,n,2,302.46,1.04,N,0
27.55707,67.67442,348.85,0.47,0.4,2025-05-23,822,N,VIIRS,l,2,322.84,16.69,D,0
27.9514,67.61982,310.91,0.45,0.47,2025-05-23,2047,N,VIIRS,n,2,298.51,0.76,N,0
28.12288,68.50681,333.95,0.4,0.44,2025-05-23,2047,N,VIIRS,n,2,300.98,3.33,N,0
26.8209,69.28036,325.35,0.53,0.42,2025-05-23,2048,N,VIIRS,n,2,298.81,1.81,N,0
26.36963,68.24999,348.05,0.56,0.51,2025-05-24,803,N,VIIRS,n,2,307.57,6.55,D,0
26.54554,68.38073,340.86,0.55,0.51,2025-05-24,803,N,VIIRS,l,2,312.8,7.16,D,0
26.94769,68.26014,335.43,0.54,0.51,2025-05-24,803,N,VIIRS,l,2,309.33,3.4,D,0
27.20489,67.78844,338.98,0.57,0.52,2025-05-24,803,N,VIIRS,l,2,310.13,4.78,D,0
27.65639,67.71212,345.74,0.57,0.52,2025-05-24,803,N,VIIRS,n,2,312.13,9.76,D,0
27.65763,67.71779,345.49,0.57,0.52,2025-05-24,803,N,VIIRS,n,2,311.73,9.76,D,0
27.65984,67.70516,340.36,0.57,0.52,2025-05-24,803,N,VIIRS,l,2,310.97,15.57,D,0
27.66108,67.71084,356.25,0.57,0.52,2025-05-24,803,N,VIIRS,n,2,313.89,9.76,D,0
27.66232,67.71651,340.75,0.57,0.52,2025-05-24,803,N,VIIRS,l,2,311.15,9.76,D,0
27.66577,67.70956,342.41,0.57,0.52,2025-05-24,803,N,VIIRS,n,2,311.52,9.03,D,0
27.67045,67.70828,345.13,0.57,0.52,2025-05-24,803,N,VIIRS,n,2,310.05,9.03,D,0
27.67514,67.707,338.33,0.57,0.52,2025-05-24,803,N,VIIRS,l,2,310.88,13.16,D,0
27.87906,68.12056,343.86,0.53,0.5,2025-05-24,803,N,VIIRS,n,2,312.64,10.68,D,0
27.9072,67.58218,343.54,0.57,0.52,2025-05-24,803,N,VIIRS,l,2,314.92,9.87,D,0
27.90733,67.58445,340.43,0.57,0.52,2025-05-24,803,N,VIIRS,l,2,314.23,8.94,D,0
27.9119,67.58089,353.2,0.57,0.52,2025-05-24,803,N,VIIRS,n,2,314.73,9.87,D,0
27.91203,67.58315,348.08,0.57,0.52,2025-05-24,803,N,VIIRS,n,2,314.27,8.94,D,0
27.91533,67.5739,350.49,0.57,0.52,2025-05-24,803,N,VIIRS,n,2,311.61,6.49,D,0
27.91549,67.57613,344.86,0.57,0.52,2025-05-24,803,N,VIIRS,n,2,313.25,11.33,D,0
27.92301,69.53157,339.61,0.44,0.46,2025-05-24,803,N,VIIRS,l,2,311.26,5.72,D,0
27.94763,67.60736,339.33,0.57,0.52,2025-05-24,803,N,VIIRS,l,2,311.68,6.55,D,0
27.94888,67.61305,339.3,0.57,0.52,2025-05-24,803,N,VIIRS,l,2,314.19,6.55,D,0
27.95013,67.61873,343.61,0.57,0.52,2025-05-24,803,N,VIIRS,n,2,311.68,12.7,D,0
27.95357,67.61177,344.67,0.57,0.52,2025-05-24,803,N,VIIRS,n,2,310.41,16.83,D,0
27.96043,68.98602,344.25,0.47,0.48,2025-05-24,803,N,VIIRS,n,2,310.95,7.33,D,0
27.9614,68.99076,345.53,0.47,0.48,2025-05-24,803,N,VIIRS,n,2,311.2,7.33,D,0
27.97449,68.63741,350.8,0.49,0.49,2025-05-24,803,N,VIIRS,n,2,310.5,10.56,D,0
27.99802,69.3219,344.5,0.45,0.47,2025-05-24,803,N,VIIRS,n,2,310.79,7.71,D,0
28.09567,69.11024,338.59,0.46,0.47,2025-05-24,803,N,VIIRS,l,2,311.31,7.62,D,0
28.19983,69.60151,352.98,0.43,0.46,2025-05-24,803,N,VIIRS,n,2,319.0,19.38,D,0
28.21634,69.36238,345.03,0.44,0.46,2025-05-24,803,N,VIIRS,n,2,313.73,9.19,D,0
28.44764,69.5506,346.51,0.43,0.46,2025-05-24,803,N,VIIRS,n,2,314.68,9.04,D,0
28.46828,67.84881,347.66,0.54,0.5,2025-05-24,803,N,VIIRS,n,2,316.57,3.43,D,0
28.47285,67.84756,353.13,0.54,0.5,2025-05-24,803,N,VIIRS,n,2,314.07,4.33,D,0
28.78821,70.17132,341.64,0.39,0.44,2025-05-24,803,N,VIIRS,l,2,316.02,10.0,D,0
28.19028,67.67978,317.55,0.44,0.62,2025-05-24,2028,N,VIIRS,n,2,293.87,1.62,N,0
28.47205,67.81758,324.8,0.43,0.62,2025-05-24,2028,N,VIIRS,n,2,295.96,3.07,N,0
28.47783,67.81816,316.5,0.43,0.62,2025-05-24,2028,N,VIIRS,n,2,295.24,1.52,N,0
28.49076,69.12,337.34,0.43,0.62,2025-05-25,744,N,VIIRS,n,2,301.46,5.12,D,0
28.05279,69.37003,309.57,0.39,0.59,2025-05-25,2150,N,VIIRS,n,2,292.68,0.64,N,2
27.06223,67.56163,335.69,0.48,0.48,2025-05-26,906,N,VIIRS,n,2,301.0,2.63,D,0
27.06667,67.56107,342.85,0.48,0.48,2025-05-26,906,N,VIIRS,n,2,301.41,2.63,D,0
27.96702,67.63083,339.11,0.49,0.49,2025-05-26,906,N,VIIRS,n,2,303.0,3.85,D,0
27.96853,67.62796,341.55,0.49,0.49,2025-05-26,906,N,VIIRS,n,2,302.33,5.18,D,0
27.9959,69.90569,333.24,0.34,0.56,2025-05-26,906,N,VIIRS,n,2,301.08,1.24,D,0
28.43383,69.77671,331.19,0.34,0.56,2025-05-26,906,N,VIIRS,n,2,299.83,0.68,D,0
28.05174,69.36843,316.84,0.41,0.45,2025-05-26,2131,N,VIIRS,n,2,297.29,1.15,N,2
28.2421,68.54752,311.04,0.55,0.43,2025-05-26,2131,N,VIIRS,n,2,297.07,1.72,N,0
28.28847,67.75179,318.29,0.5,0.41,2025-05-26,2131,N,VIIRS,n,2,298.62,1.99,N,0
28.46848,69.44964,320.66,0.41,0.45,2025-05-26,2131,N,VIIRS,n,2,295.97,1.35,N,0
28.5268,67.85155,310.62,0.5,0.41,2025-05-26,2131,N,VIIRS,n,2,297.99,1.78,N,0
26.78521,67.77938,342.45,0.42,0.38,2025-05-27,847,N,VIIRS,l,2,314.02,9.02,D,0
27.06188,67.94511,345.62,0.43,0.38,2025-05-27,847,N,VIIRS,n,2,313.76,10.51,D,0
27.07327,68.1125,342.24,0.44,0.38,2025-05-27,847,N,VIIRS,n,2,310.99,8.11,D,0
27.31546,67.85611,344.97,0.43,0.38,2025-05-27,847,N,VIIRS,n,2,312.95,3.08,D,0
27.52427,67.72663,344.53,0.43,0.38,2025-05-27,847,N,VIIRS,n,2,312.12,10.56,D,0
27.59999,68.40297,345.33,0.45,0.39,2025-05-27,847,N,VIIRS,n,2,311.08,7.77,D,0
27.71497,68.46071,339.62,0.46,0.39,2025-05-27,847,N,VIIRS,l,2,310.71,6.5,D,0
27.76739,68.5154,340.01,0.46,0.39,2025-05-27,847,N,VIIRS,n,2,309.73,7.33,D,0
27.89996,68.42519,341.04,0.46,0.39,2025-05-27,847,N,VIIRS,n,2,308.83,6.35,D,0
27.98401,69.12198,344.83,0.49,0.4,2025-05-27,847,N,VIIRS,n,2,308.07,9.57,D,0
28.16064,69.53023,334.37,0.51,0.41,2025-05-27,847,N,VIIRS,l,2,304.73,6.96,D,0
27.91117,69.48479,311.55,0.4,0.37,2025-05-27,2112,N,VIIRS,n,2,293.12,3.2,N,0
28.22723,67.82127,313.34,0.38,0.36,2025-05-27,2112,N,VIIRS,n,2,297.54,5.21,N,0
28.27856,68.01649,312.11,0.38,0.36,2025-05-27,2112,N,VIIRS,n,2,298.09,2.39,N,0
28.28186,68.01715,315.01,0.38,0.36,2025-05-27,2112,N,VIIRS,n,2,298.55,2.39,N,0
28.42332,69.50586,330.71,0.4,0.37,2025-05-27,2112,N,VIIRS,n,2,297.15,5.59,N,0
26.76439,67.8401,329.87,0.38,0.36,2025-05-27,2113,N,VIIRS,n,2,297.53,5.42,N,0
27.25893,68.06905,308.23,0.51,0.41,2025-05-28,2054,N,VIIRS,n,2,297.75,0.73,N,0
27.40067,67.88226,312.01,0.53,0.42,2025-05-28,2054,N,VIIRS,n,2,299.55,1.01,N,0
27.96677,69.6227,310.54,0.45,0.39,2025-05-28,2054,N,VIIRS,n,2,297.45,3.71,N,0
28.05276,69.37122,310.95,0.46,0.39,2025-05-28,2054,N,VIIRS,n,2,295.46,4.25,N,2
28.05337,69.36655,316.47,0.46,0.39,2025-05-28,2054,N,VIIRS,n,2,296.53,4.69,N,2
28.07492,67.65802,314.7,0.55,0.43,2025-05-28,2054,N,VIIRS,n,2,298.53,2.69,N,0
28.0756,67.65237,329.91,0.55,0.43,2025-05-28,2054,N,VIIRS,n,2,298.94,2.69,N,0
28.18654,68.53214,315.65,0.5,0.41,2025-05-28,2054,N,VIIRS,n,2,298.61,1.54,N,0
28.38106,69.0972,308.51,0.47,0.4,2025-05-28,2054,N,VIIRS,n,2,298.18,0.69,N,0
27.18133,68.09937,346.13,0.44,0.46,2025-05-29,809,N,VIIRS,l,2,317.97,12.43,D,0
27.18726,67.72153,350.15,0.47,0.47,2025-05-29,809,N,VIIRS,n,2,321.61,2.87,D,0
27.43637,68.001,347.71,0.44,0.46,2025-05-29,809,N,VIIRS,l,2,319.38,4.07,D,0
27.47963,68.08305,345.96,0.44,0.46,2025-05-29,809,N,VIIRS,n,2,314.69,2.31,D,0
27.57706,68.30595,336.86,0.42,0.46,2025-05-29,809,N,VIIRS,l,2,311.14,4.17,D,0
27.62451,68.10834,343.59,0.44,0.46,2025-05-29,809,N,VIIRS,n,2,317.8,6.71,D,0
27.62539,68.1127,367.0,0.43,0.46,2025-05-29,809,N,VIIRS,h,2,319.39,22.59,D,0
27.62869,68.10727,347.73,0.44,0.46,2025-05-29,809,N,VIIRS,n,2,316.97,6.71,D,0
27.88681,68.39304,345.11,0.41,0.45,2025-05-29,809,N,VIIRS,n,2,309.22,7.44,D,0
28.06251,68.34968,354.48,0.41,0.45,2025-05-29,809,N,VIIRS,n,2,314.76,6.53,D,0
28.05699,67.69535,353.61,0.45,0.47,2025-05-29,810,N,VIIRS,l,2,323.65,5.73,D,0
28.05791,67.69988,367.0,0.45,0.47,2025-05-29,810,N,VIIRS,l,2,326.33,1.78,D,0
28.09169,67.62401,348.17,0.45,0.47,2025-05-29,810,N,VIIRS,l,2,322.8,14.25,D,0
28.09224,67.60458,354.81,0.46,0.47,2025-05-29,810,N,VIIRS,n,2,325.53,13.26,D,0
28.09336,67.62469,367.0,0.45,0.47,2025-05-29,810,N,VIIRS,h,2,322.48,4.9,D,0
28.22275,67.92983,367.0,0.43,0.46,2025-05-29,810,N,VIIRS,h,2,324.21,8.55,D,0
28.22604,67.92438,354.74,0.43,0.46,2025-05-29,810,N,VIIRS,n,2,324.68,14.58,D,0
28.22692,67.92876,354.82,0.43,0.46,2025-05-29,810,N,VIIRS,n,2,322.04,37.75,D,0
29.11309,67.80492,347.57,0.42,0.45,2025-05-29,810,N,VIIRS,l,2,322.51,2.53,D,0
29.11602,67.80335,349.55,0.42,0.46,2025-05-29,810,N,VIIRS,l,2,323.62,6.24,D,0
27.96614,69.62184,317.26,0.53,0.5,2025-05-29,2035,N,VIIRS,n,2,297.97,1.98,N,0
28.38932,69.29258,308.81,0.56,0.52,2025-05-29,2035,N,VIIRS,n,2,297.19,0.86,N,0
28.53967,68.45435,305.8,0.77,0.77,2025-05-29,2215,N,VIIRS,n,2,291.37,2.53,N,0
27.33637,68.1383,367.0,0.42,0.61,2025-05-30,751,N,VIIRS,h,2,310.64,10.19,D,0
27.58634,67.66298,349.26,0.44,0.62,2025-05-30,751,N,VIIRS,n,2,312.49,10.4,D,0
27.58711,67.6612,341.6,0.44,0.62,2025-05-30,751,N,VIIRS,l,2,312.56,9.43,D,0
27.66998,69.68315,353.51,0.33,0.56,2025-05-30,751,N,VIIRS,n,2,310.42,3.43,D,0
27.70717,67.65777,350.08,0.44,0.62,2025-05-30,751,N,VIIRS,n,2,313.79,11.41,D,0
27.70787,67.65794,348.02,0.44,0.62,2025-05-30,751,N,VIIRS,n,2,313.39,3.93,D,0
27.72019,67.65892,338.25,0.44,0.62,2025-05-30,751,N,VIIRS,l,2,311.42,2.14,D,0
27.75948,69.38407,337.95,0.35,0.56,2025-05-30,751,N,VIIRS,l,2,310.1,3.18,D,0
27.76325,67.61273,342.83,0.44,0.62,2025-05-30,751,N,VIIRS,l,2,315.28,4.28,D,0
27.90357,67.58497,345.51,0.44,0.62,2025-05-30,751,N,VIIRS,n,2,314.57,13.72,D,0
27.90389,67.58919,367.0,0.44,0.62,2025-05-30,751,N,VIIRS,h,2,321.32,14.08,D,0
27.90466,67.58936,367.0,0.44,0.62,2025-05-30,751,N,VIIRS,h,2,320.87,21.07,D,0
27.92169,67.56051,343.55,0.44,0.62,2025-05-30,751,N,VIIRS,l,2,313.79,6.01,D,0
28.00388,67.64133,353.13,0.43,0.62,2025-05-30,751,N,VIIRS,n,2,316.75,10.82,D,0
28.00796,67.64224,352.41,0.43,0.62,2025-05-30,751,N,VIIRS,n,2,316.42,10.04,D,0
28.02258,67.66823,342.78,0.43,0.62,2025-05-30,751,N,VIIRS,l,2,316.78,12.24,D,0
28.02646,67.66917,367.0,0.43,0.62,2025-05-30,751,N,VIIRS,h,2,316.35,11.3,D,0
28.08469,67.67712,367.0,0.43,0.62,2025-05-30,751,N,VIIRS,l,2,325.36,4.21,D,0
28.08574,67.68142,367.0,0.43,0.62,2025-05-30,751,N,VIIRS,h,2,322.96,4.21,D,0
28.11808,67.66689,367.0,0.43,0.62,2025-05-30,751,N,VIIRS,h,2,324.84,7.54,D,0
28.11912,67.67117,352.36,0.43,0.62,2025-05-30,751,N,VIIRS,n,2,325.2,7.54,D,0
28.11986,67.66682,367.0,0.43,0.62,2025-05-30,751,N,VIIRS,h,2,324.4,7.12,D,0
28.12017,67.67548,355.97,0.43,0.62,2025-05-30,751,N,VIIRS,n,2,328.64,14.49,D,0
28.12093,67.67112,354.02,0.43,0.62,2025-05-30,751,N,VIIRS,n,2,325.24,7.12,D,0
28.12121,67.67979,354.94,0.43,0.62,2025-05-30,751,N,VIIRS,n,2,322.16,14.49,D,0
28.122,67.6754,367.0,0.43,0.62,2025-05-30,751,N,VIIRS,h,2,325.03,21.8,D,0
28.21164,67.82159,353.42,0.42,0.61,2025-05-30,751,N,VIIRS,n,2,321.74,6.6,D,0
28.24274,69.2178,347.31,0.35,0.56,2025-05-30,751,N,VIIRS,n,2,310.6,4.33,D,0
28.29968,68.16003,344.91,0.4,0.6,2025-05-30,751,N,VIIRS,n,2,309.87,2.57,D,0
28.49244,68.75786,346.87,0.36,0.58,2025-05-30,751,N,VIIRS,n,2,309.9,5.62,D,0
28.5013,67.53503,352.97,0.43,0.62,2025-05-30,751,N,VIIRS,n,2,322.98,2.13,D,0
28.62815,68.44829,339.35,0.38,0.58,2025-05-30,751,N,VIIRS,l,2,312.42,1.92,D,0
27.40796,67.87887,337.74,0.61,0.71,2025-05-30,931,N,VIIRS,l,2,308.62,9.13,D,0
27.66375,68.13815,367.0,0.64,0.72,2025-05-30,931,N,VIIRS,h,2,314.04,25.31,D,0
27.70657,68.14637,338.21,0.64,0.72,2025-05-30,931,N,VIIRS,n,2,307.65,6.23,D,0
27.70731,67.65804,345.05,0.6,0.7,2025-05-30,931,N,VIIRS,n,2,313.94,8.26,D,0
27.89801,67.58402,344.22,0.59,0.7,2025-05-30,931,N,VIIRS,n,2,314.78,8.69,D,0
27.89968,67.58075,347.09,0.59,0.7,2025-05-30,931,N,VIIRS,n,2,314.23,10.53,D,0
27.9039,67.57114,339.43,0.59,0.7,2025-05-30,931,N,VIIRS,n,2,311.4,12.31,D,0
27.90424,67.57737,367.0,0.59,0.7,2025-05-30,931,N,VIIRS,h,2,315.29,20.57,D,0
27.90978,67.55828,338.81,0.59,0.7,2025-05-30,931,N,VIIRS,l,2,312.52,5.59,D,0
27.94247,67.66943,345.61,0.6,0.71,2025-05-30,931,N,VIIRS,n,2,315.01,12.41,D,0
27.94282,67.67576,343.34,0.6,0.71,2025-05-30,931,N,VIIRS,l,2,315.81,14.07,D,0
27.94908,67.66903,350.49,0.6,0.71,2025-05-30,931,N,VIIRS,n,2,316.77,16.67,D,0
27.94944,67.67535,351.83,0.6,0.71,2025-05-30,931,N,VIIRS,n,2,315.38,19.25,D,0
27.96871,67.70094,367.0,0.6,0.71,2025-05-30,931,N,VIIRS,h,2,317.37,17.69,D,0
27.97075,67.69953,367.0,0.6,0.71,2025-05-30,931,N,VIIRS,h,2,318.23,18.53,D,0
28.00472,67.62877,353.31,0.6,0.7,2025-05-30,931,N,VIIRS,n,2,316.61,8.6,D,0
28.00506,67.63507,339.2,0.6,0.7,2025-05-30,931,N,VIIRS,l,2,313.27,8.6,D,0
28.0054,67.64138,354.04,0.6,0.71,2025-05-30,931,N,VIIRS,n,2,314.84,14.07,D,0
28.00631,67.62755,352.29,0.6,0.7,2025-05-30,931,N,VIIRS,n,2,315.87,11.12,D,0
28.00707,67.64015,351.66,0.6,0.7,2025-05-30,931,N,VIIRS,n,2,313.48,17.49,D,0
28.07825,67.87522,345.2,0.62,0.71,2025-05-30,931,N,VIIRS,l,2,318.7,3.68,D,0
28.08088,67.87204,344.82,0.62,0.71,2025-05-30,931,N,VIIRS,l,2,317.47,4.08,D,0
28.31032,67.83041,356.07,0.62,0.71,2025-05-30,931,N,VIIRS,n,2,316.65,18.01,D,0
28.31069,67.83694,367.0,0.62,0.71,2025-05-30,931,N,VIIRS,h,2,320.05,34.54,D,0
28.31339,67.834,355.96,0.62,0.71,2025-05-30,931,N,VIIRS,n,2,320.68,33.18,D,0
28.31371,67.84055,347.09,0.62,0.71,2025-05-30,931,N,VIIRS,l,2,318.43,26.29,D,0
28.35197,67.93079,367.0,0.63,0.72,2025-05-30,931,N,VIIRS,h,2,318.78,11.24,D,0
28.35232,67.9374,343.72,0.63,0.72,2025-05-30,931,N,VIIRS,n,2,316.47,11.24,D,0
28.42749,67.76678,344.08,0.61,0.71,2025-05-30,931,N,VIIRS,l,2,316.72,4.79,D,0
28.4388,67.72707,367.0,0.61,0.71,2025-05-30,931,N,VIIRS,h,2,319.83,22.49,D,0
28.43914,67.73354,355.16,0.61,0.71,2025-05-30,931,N,VIIRS,n,2,321.89,30.15,D,0
28.43948,67.74002,352.0,0.61,0.71,2025-05-30,931,N,VIIRS,n,2,315.89,30.15,D,0
28.529,68.28946,337.72,0.66,0.73,2025-05-30,931,N,VIIRS,n,2,304.16,3.58,D,0
28.52908,68.29006,339.06,0.66,0.73,2025-05-30,931,N,VIIRS,n,2,303.92,4.93,D,0
28.86351,67.52098,343.84,0.6,0.71,2025-05-30,932,N,VIIRS,l,2,316.12,6.36,D,0
28.86385,67.52737,353.26,0.6,0.71,2025-05-30,932,N,VIIRS,n,2,316.06,6.36,D,0
28.44646,69.42221,314.11,0.54,0.67,2025-05-30,2016,N,VIIRS,n,2,292.61,1.86,N,0
27.84652,68.70732,304.32,0.44,0.62,2025-05-30,2156,N,VIIRS,n,2,293.88,0.56,N,0
28.41752,68.01691,310.65,0.39,0.59,2025-05-30,2156,N,VIIRS,n,2,294.8,0.7,N,0
28.43833,67.97899,318.73,0.39,0.59,2025-05-30,2156,N,VIIRS,n,2,294.29,1.95,N,0
28.43863,67.97694,322.27,0.39,0.59,2025-05-30,2156,N,VIIRS,n,2,294.88,2.05,N,0
28.43929,67.97509,305.57,0.39,0.59,2025-05-30,2156,N,VIIRS,n,2,294.03,1.82,N,0
28.90076,67.54042,348.1,0.78,0.78,2025-05-31,732,N,VIIRS,n,2,317.7,39.58,D,0
28.90303,67.54832,367.0,0.78,0.78,2025-05-31,732,N,VIIRS,h,2,329.81,39.58,D,0
28.90358,67.53888,344.52,0.78,0.78,2025-05-31,732,N,VIIRS,l,2,318.2,32.61,D,0
28.90589,67.54675,355.62,0.78,0.78,2025-05-31,732,N,VIIRS,n,2,326.77,46.14,D,0
28.90819,67.55462,349.68,0.77,0.78,2025-05-31,732,N,VIIRS,n,2,319.03,46.14,D,0
26.45681,68.52152,347.79,0.33,0.56,2025-05-31,912,N,VIIRS,n,2,320.01,4.66,D,0
26.45847,68.52207,348.54,0.33,0.56,2025-05-31,912,N,VIIRS,n,2,317.81,4.64,D,0
26.53773,68.15871,344.24,0.32,0.54,2025-05-31,912,N,VIIRS,l,2,316.38,3.89,D,0
27.37039,67.60426,354.73,0.6,0.53,2025-05-31,912,N,VIIRS,n,2,324.54,24.91,D,0
27.56893,67.67928,367.0,0.61,0.54,2025-05-31,912,N,VIIRS,l,2,325.7,16.12,D,0
27.5739,67.67873,367.0,0.61,0.54,2025-05-31,912,N,VIIRS,h,2,327.4,16.12,D,0
27.57446,67.68502,367.0,0.61,0.54,2025-05-31,912,N,VIIRS,l,2,325.15,15.56,D,0
27.57887,67.67818,367.0,0.61,0.54,2025-05-31,912,N,VIIRS,l,2,326.56,14.27,D,0
27.66698,68.98127,335.79,0.37,0.58,2025-05-31,912,N,VIIRS,l,2,309.66,4.19,D,0
27.67727,67.70422,367.0,0.62,0.54,2025-05-31,912,N,VIIRS,l,2,325.19,26.6,D,0
27.67837,68.10834,350.38,0.33,0.55,2025-05-31,912,N,VIIRS,l,2,324.72,3.82,D,0
27.68141,68.11041,367.0,0.33,0.55,2025-05-31,912,N,VIIRS,h,2,327.24,5.94,D,0
27.68226,67.70367,367.0,0.62,0.54,2025-05-31,912,N,VIIRS,l,2,325.96,26.6,D,0
27.68282,67.71001,367.0,0.62,0.54,2025-05-31,912,N,VIIRS,h,2,331.38,26.6,D,0
27.68337,67.71636,355.55,0.62,0.54,2025-05-31,912,N,VIIRS,l,2,341.36,141.81,D,0
27.68378,68.11117,367.0,0.33,0.55,2025-05-31,912,N,VIIRS,l,2,325.01,4.89,D,0
27.6878,67.70947,367.0,0.62,0.54,2025-05-31,912,N,VIIRS,l,2,327.4,5.32,D,0
27.72078,67.62945,347.9,0.61,0.53,2025-05-31,912,N,VIIRS,l,2,322.11,6.9,D,0
27.8349,68.63992,343.9,0.35,0.57,2025-05-31,912,N,VIIRS,l,2,314.54,5.08,D,0
27.90219,67.56915,349.9,0.61,0.53,2025-05-31,912,N,VIIRS,l,2,324.74,15.97,D,0
27.90275,67.57542,367.0,0.61,0.53,2025-05-31,912,N,VIIRS,l,2,327.39,16.25,D,0
28.03971,69.73923,338.08,0.41,0.61,2025-05-31,912,N,VIIRS,l,2,310.38,3.43,D,0
28.04286,69.74043,338.72,0.41,0.61,2025-05-31,912,N,VIIRS,l,2,309.87,4.07,D,0
28.33462,68.0293,355.91,0.33,0.55,2025-05-31,912,N,VIIRS,n,2,322.48,4.08,D,0
28.33491,68.03271,367.0,0.33,0.55,2025-05-31,912,N,VIIRS,h,2,323.83,4.08,D,0
28.3494,67.95942,367.0,0.32,0.55,2025-05-31,912,N,VIIRS,h,2,321.71,6.04,D,0
28.36865,69.16894,342.11,0.38,0.59,2025-05-31,912,N,VIIRS,n,2,311.53,8.34,D,0
28.56851,68.49842,367.0,0.35,0.57,2025-05-31,912,N,VIIRS,h,2,322.96,18.5,D,0
28.56882,68.50208,351.65,0.35,0.57,2025-05-31,912,N,VIIRS,n,2,319.42,18.32,D,0
28.55812,67.98927,367.0,0.33,0.55,2025-05-31,913,N,VIIRS,l,2,326.32,2.88,D,0
28.56325,67.98874,351.81,0.33,0.55,2025-05-31,913,N,VIIRS,l,2,322.1,2.88,D,0
28.56762,68.49785,356.69,0.35,0.57,2025-05-31,913,N,VIIRS,n,2,322.24,9.87,D,0
28.5679,68.50153,367.0,0.35,0.57,2025-05-31,913,N,VIIRS,h,2,320.15,11.92,D,0
28.57405,68.31112,348.8,0.34,0.56,2025-05-31,913,N,VIIRS,l,2,322.81,4.14,D,0
28.66142,67.43542,367.0,0.61,0.53,2025-05-31,913,N,VIIRS,l,2,328.81,1.43,D,0
28.66199,67.44173,367.0,0.61,0.53,2025-05-31,913,N,VIIRS,l,2,327.09,1.43,D,0
28.66256,67.44804,367.0,0.61,0.53,2025-05-31,913,N,VIIRS,l,2,326.98,2.41,D,0
28.66411,68.31873,367.0,0.34,0.56,2025-05-31,913,N,VIIRS,h,2,323.61,1.91,D,0
28.66447,68.31999,350.54,0.34,0.56,2025-05-31,913,N,VIIRS,l,2,322.66,2.66,D,0
28.66638,67.43487,367.0,0.61,0.53,2025-05-31,913,N,VIIRS,l,2,327.24,2.85,D,0
28.66695,67.44118,367.0,0.61,0.53,2025-05-31,913,N,VIIRS,h,2,327.81,2.85,D,0
28.66752,67.44751,367.0,0.61,0.53,2025-05-31,913,N,VIIRS,l,2,327.03,1.47,D,0
28.67133,67.43431,367.0,0.61,0.53,2025-05-31,913,N,VIIRS,l,2,326.19,2.85,D,0
28.67191,67.44064,367.0,0.61,0.53,2025-05-31,913,N,VIIRS,l,2,325.54,2.85,D,0
28.67248,67.44697,367.0,0.61,0.53,2025-05-31,913,N,VIIRS,l,2,327.15,1.47,D,0
29.06457,68.24686,367.0,0.34,0.56,2025-05-31,913,N,VIIRS,l,2,326.3,0.93,D,0
29.06485,68.25043,367.0,0.34,0.56,2025-05-31,913,N,VIIRS,l,2,325.6,1.74,D,0
29.06496,68.24807,367.0,0.34,0.56,2025-05-31,913,N,VIIRS,l,2,326.17,1.23,D,0
29.06512,68.25403,367.0,0.34,0.56,2025-05-31,913,N,VIIRS,l,2,325.92,1.74,D,0
29.06527,68.25163,367.0,0.34,0.56,2025-05-31,913,N,VIIRS,l,2,326.21,1.2,D,0
29.06557,68.25522,367.0,0.34,0.56,2025-05-31,913,N,VIIRS,l,2,325.21,1.2,D,0
29.06981,68.24633,367.0,0.34,0.56,2025-05-31,913,N,VIIRS,l,2,325.36,0.93,D,0
29.07008,68.24993,367.0,0.34,0.56,2025-05-31,913,N,VIIRS,h,2,326.3,1.74,D,0
29.0702,68.24755,367.0,0.34,0.56,2025-05-31,913,N,VIIRS,l,2,325.15,1.23,D,0
29.07051,68.25114,367.0,0.34,0.56,2025-05-31,913,N,VIIRS,h,2,326.49,1.2,D,0
29.0708,68.25471,367.0,0.34,0.56,2025-05-31,913,N,VIIRS,l,2,325.0,1.2,D,0
29.07504,68.24582,367.0,0.34,0.56,2025-05-31,913,N,VIIRS,l,2,326.73,1.06,D,0
29.07532,68.2494,367.0,0.34,0.56,2025-05-31,913,N,VIIRS,l,2,326.42,0.48,D,0
29.07544,68.24704,367.0,0.34,0.56,2025-05-31,913,N,VIIRS,l,2,326.61,0.97,D,0
29.0756,68.25299,367.0,0.34,0.56,2025-05-31,913,N,VIIRS,l,2,325.95,0.48,D,0
29.07574,68.25062,367.0,0.34,0.56,2025-05-31,913,N,VIIRS,l,2,326.29,0.46,D,0
29.07605,68.25422,367.0,0.34,0.56,2025-05-31,913,N,VIIRS,l,2,325.67,0.46,D,0
28.41309,68.16973,307.89,0.42,0.45,2025-05-31,2137,N,VIIRS,n,2,293.97,0.8,N,0
28.41317,68.02246,322.72,0.42,0.45,2025-05-31,2137,N,VIIRS,n,2,295.28,2.01,N,0
28.41577,68.0099,314.85,0.41,0.45,2025-05-31,2137,N,VIIRS,n,2,293.83,1.07,N,0
28.41726,68.02354,309.72,0.42,0.45,2025-05-31,2137,N,VIIRS,n,2,293.83,1.65,N,0
28.41813,68.01934,321.28,0.41,0.45,2025-05-31,2137,N,VIIRS,n,2,293.69,1.65,N,0
28.42223,68.02042,332.15,0.41,0.45,2025-05-31,2137,N,VIIRS,n,2,295.84,1.65,N,0
28.45119,67.77594,308.22,0.4,0.44,2025-05-31,2137,N,VIIRS,n,2,293.68,0.97,N,0
28.45523,67.77699,308.17,0.4,0.44,2025-05-31,2137,N,VIIRS,n,2,294.16,0.97,N,0
28.45602,68.79364,322.04,0.46,0.47,2025-05-31,2137,N,VIIRS,n,2,298.86,1.62,N,0
28.45613,68.79681,320.28,0.46,0.47,2025-05-31,2137,N,VIIRS,n,2,298.75,1.12,N,0
28.4672,68.22476,319.72,0.43,0.46,2025-05-31,2137,N,VIIRS,n,2,294.59,1.45,N,0
28.46741,68.2273,327.33,0.42,0.46,2025-05-31,2137,N,VIIRS,n,2,295.08,1.57,N,0
28.5402,68.44292,323.04,0.44,0.46,2025-05-31,2137,N,VIIRS,n,2,297.02,3.44,N,0
28.54438,68.44403,332.31,0.44,0.46,2025-05-31,2137,N,VIIRS,n,2,297.84,3.44,N,0
28.54671,68.45396,353.08,0.44,0.46,2025-05-31,2137,N,VIIRS,n,2,300.25,8.26,N,0
28.5509,68.45507,329.51,0.44,0.46,2025-05-31,2137,N,VIIRS,n,2,299.06,8.26,N,0
28.56203,68.44408,323.47,0.44,0.46,2025-05-31,2137,N,VIIRS,n,2,299.64,3.03,N,0
28.67587,67.43744,306.51,0.57,0.43,2025-05-31,2137,N,VIIRS,n,2,296.39,1.91,N,0
28.67981,67.43846,321.08,0.57,0.43,2025-05-31,2137,N,VIIRS,n,2,298.1,2.81,N,0
27.83497,69.26527,325.84,0.5,0.49,2025-05-31,2138,N,VIIRS,n,2,297.43,3.3,N,0
27.9552,68.83334,310.67,0.47,0.48,2025-05-31,2138,N,VIIRS,n,2,297.17,1.26,N,0
27.98939,67.58674,339.09,0.4,0.44,2025-05-31,2138,N,VIIRS,n,2,293.88,5.1,N,0
27.9902,67.58271,349.48,0.4,0.44,2025-05-31,2138,N,VIIRS,n,2,294.2,9.43,N,0
27.99423,67.58375,329.24,0.4,0.44,2025-05-31,2138,N,VIIRS,n,2,294.52,2.11,N,0
26.26108,69.02315,341.01,0.56,0.43,2025-06-01,853,N,VIIRS,l,2,311.09,4.23,D,0
27.75264,69.40637,340.98,0.41,0.45,2025-06-01,853,N,VIIRS,l,2,314.32,8.01,D,0
27.81862,67.5931,352.51,0.49,0.4,2025-06-01,853,N,VIIRS,n,2,320.84,12.27,D,0
27.85656,68.61961,341.88,0.55,0.43,2025-06-01,853,N,VIIRS,l,2,315.91,13.02,D,0
27.86103,68.35383,346.87,0.54,0.42,2025-06-01,853,N,VIIRS,l,2,319.01,16.75,D,0
27.94864,68.91344,346.49,0.38,0.43,2025-06-01,853,N,VIIRS,n,2,314.75,9.18,D,0
27.95325,67.56937,356.54,0.49,0.4,2025-06-01,853,N,VIIRS,l,2,328.86,41.7,D,0
28.0043,67.64347,367.0,0.5,0.41,2025-06-01,853,N,VIIRS,l,2,330.87,10.71,D,0
28.00804,67.64289,367.0,0.5,0.41,2025-06-01,853,N,VIIRS,l,2,330.6,6.85,D,0
28.00867,67.64794,351.33,0.5,0.41,2025-06-01,853,N,VIIRS,n,2,325.01,17.71,D,0
28.01178,67.64233,367.0,0.5,0.41,2025-06-01,853,N,VIIRS,l,2,325.87,6.85,D,0
28.14058,69.16222,341.43,0.4,0.44,2025-06-01,853,N,VIIRS,n,2,310.65,4.89,D,0
28.25053,68.96807,344.37,0.39,0.44,2025-06-01,853,N,VIIRS,l,2,314.79,1.61,D,0
28.1218,67.72433,349.82,0.5,0.41,2025-06-01,854,N,VIIRS,l,2,323.16,6.78,D,0
28.12556,67.72375,367.0,0.5,0.41,2025-06-01,854,N,VIIRS,l,2,325.26,39.34,D,0
28.13267,67.65508,367.0,0.5,0.41,2025-06-01,854,N,VIIRS,l,2,337.54,42.99,D,0
28.13642,67.6545,347.65,0.5,0.41,2025-06-01,854,N,VIIRS,l,2,320.16,42.99,D,0
28.242,67.95484,348.92,0.52,0.41,2025-06-01,854,N,VIIRS,n,2,316.99,3.66,D,0
28.24517,67.94899,343.33,0.52,0.41,2025-06-01,854,N,VIIRS,l,2,317.13,1.77,D,0
28.24963,67.9537,343.41,0.52,0.41,2025-06-01,854,N,VIIRS,l,2,317.36,7.37,D,0
28.31663,68.07123,345.41,0.52,0.42,2025-06-01,854,N,VIIRS,l,2,317.51,1.62,D,0
28.35383,68.93734,346.0,0.39,0.44,2025-06-01,854,N,VIIRS,n,2,314.67,3.15,D,0
28.37376,69.29916,338.3,0.41,0.45,2025-06-01,854,N,VIIRS,l,2,312.45,6.35,D,0
28.3764,69.21017,355.33,0.4,0.44,2025-06-01,854,N,VIIRS,n,2,315.32,14.07,D,0
28.3823,68.89317,344.97,0.39,0.44,2025-06-01,854,N,VIIRS,l,2,316.46,3.85,D,0
28.38956,69.17905,347.77,0.4,0.44,2025-06-01,854,N,VIIRS,n,2,314.28,11.13,D,0
28.3946,69.18672,340.19,0.4,0.44,2025-06-01,854,N,VIIRS,l,2,312.82,10.4,D,0
28.39763,69.18687,343.11,0.4,0.44,2025-06-01,854,N,VIIRS,l,2,314.69,11.59,D,0
28.41332,69.10135,340.92,0.4,0.44,2025-06-01,854,N,VIIRS,n,2,310.12,6.27,D,0
28.42855,67.94845,350.82,0.52,0.41,2025-06-01,854,N,VIIRS,n,2,321.73,8.12,D,0
28.44668,68.81174,346.02,0.38,0.43,2025-06-01,854,N,VIIRS,n,2,313.86,1.22,D,0
28.45526,69.65429,345.72,0.43,0.46,2025-06-01,854,N,VIIRS,n,2,313.47,11.41,D,0
28.4557,69.65762,339.85,0.43,0.46,2025-06-01,854,N,VIIRS,l,2,312.45,10.16,D,0
28.46269,69.68459,338.26,0.43,0.46,2025-06-01,854,N,VIIRS,l,2,312.48,9.93,D,0
28.49015,68.75642,343.29,0.57,0.43,2025-06-01,854,N,VIIRS,l,2,315.48,13.09,D,0
28.61354,68.43858,342.92,0.55,0.43,2025-06-01,854,N,VIIRS,l,2,314.73,12.19,D,0
27.31316,67.70214,309.19,0.4,0.37,2025-06-01,2119,N,VIIRS,n,2,297.03,0.49,N,0
27.86802,68.13463,319.5,0.4,0.37,2025-06-01,2119,N,VIIRS,n,2,296.4,1.28,N,0
27.96546,67.76371,312.08,0.39,0.37,2025-06-01,2119,N,VIIRS,n,2,297.14,0.61,N,0
27.96813,67.76841,321.99,0.39,0.37,2025-06-01,2119,N,VIIRS,n,2,297.96,1.73,N,0
27.9688,67.76442,330.72,0.39,0.37,2025-06-01,2119,N,VIIRS,n,2,298.82,1.32,N,0
27.97214,67.76513,310.64,0.39,0.37,2025-06-01,2119,N,VIIRS,n,2,297.78,1.32,N,0
28.05929,69.50227,315.89,0.44,0.38,2025-06-01,2119,N,VIIRS,n,2,296.41,0.7,N,0
28.105,67.66006,325.62,0.39,0.36,2025-06-01,2119,N,VIIRS,n,2,297.7,2.46,N,0
28.10899,67.65678,311.18,0.39,0.36,2025-06-01,2119,N,VIIRS,n,2,297.43,1.15,N,0
28.20901,68.31393,329.0,0.4,0.37,2025-06-01,2119,N,VIIRS,n,2,297.16,3.11,N,0
28.24119,67.95958,311.43,0.4,0.37,2025-06-01,2119,N,VIIRS,n,2,298.23,0.67,N,0
28.27802,69.29355,308.88,0.43,0.38,2025-06-01,2119,N,VIIRS,n,2,297.6,0.7,N,0
28.30874,68.04028,315.32,0.4,0.37,2025-06-01,2119,N,VIIRS,n,2,298.17,1.15,N,0
28.31791,68.76076,316.59,0.41,0.37,2025-06-01,2119,N,VIIRS,n,2,298.17,2.05,N,0
28.36551,69.21216,329.96,0.43,0.38,2025-06-01,2119,N,VIIRS,n,2,298.68,3.19,N,0
28.3795,68.20094,332.81,0.4,0.37,2025-06-01,2119,N,VIIRS,n,2,298.64,3.12,N,0
28.38286,68.20167,314.36,0.4,0.37,2025-06-01,2119,N,VIIRS,n,2,298.67,0.76,N,0
28.42257,68.94901,310.92,0.42,0.38,2025-06-01,2119,N,VIIRS,n,2,299.27,1.07,N,0
28.42358,69.70025,313.67,0.44,0.39,2025-06-01,2119,N,VIIRS,n,2,297.33,2.55,N,2
28.43343,68.84601,310.28,0.42,0.37,2025-06-01,2119,N,VIIRS,n,2,297.76,0.4,N,0
28.44708,69.58923,320.85,0.44,0.38,2025-06-01,2119,N,VIIRS,n,2,296.89,1.44,N,0
28.50945,68.28269,310.3,0.4,0.37,2025-06-01,2119,N,VIIRS,n,2,299.78,0.87,N,0
28.55112,68.30448,308.91,0.4,0.37,2025-06-01,2119,N,VIIRS,n,2,298.84,0.61,N,0
28.56608,68.62624,308.71,0.41,0.37,2025-06-01,2119,N,VIIRS,n,2,298.68,0.61,N,0
28.58217,68.39022,324.37,0.4,0.37,2025-06-01,2119,N,VIIRS,n,2,298.6,1.96,N,0
28.58554,68.39096,324.66,0.4,0.37,2025-06-01,2119,N,VIIRS,n,2,299.69,1.96,N,0
28.58932,68.32816,309.01,0.4,0.37,2025-06-01,2119,N,VIIRS,n,2,298.45,0.6,N,0
28.60476,68.54457,314.64,0.41,0.37,2025-06-01,2119,N,VIIRS,n,2,297.72,0.28,N,0
28.61759,68.55168,309.75,0.41,0.37,2025-06-01,2119,N,VIIRS,n,2,297.19,0.29,N,0
27.7802,69.3815,345.81,0.39,0.36,2025-06-02,834,N,VIIRS,n,2,315.21,3.44,D,0
27.9268,69.43277,345.09,0.39,0.36,2025-06-02,834,N,VIIRS,l,2,315.32,10.23,D,0
27.77897,67.59691,367.0,0.39,0.36,2025-06-02,835,N,VIIRS,l,2,327.33,1.02,D,0
27.77959,67.60081,367.0,0.39,0.36,2025-06-02,835,N,VIIRS,l,2,327.57,2.54,D,0
27.78,67.58482,367.0,0.39,0.36,2025-06-02,835,N,VIIRS,l,2,328.03,1.91,D,0
27.78061,67.58872,367.0,0.39,0.36,2025-06-02,835,N,VIIRS,h,2,329.71,1.91,D,0
27.78123,67.59262,367.0,0.39,0.36,2025-06-02,835,N,VIIRS,l,2,329.04,2.22,D,0
27.78331,67.58417,367.0,0.39,0.36,2025-06-02,835,N,VIIRS,l,2,327.3,1.91,D,0
27.78392,67.58807,367.0,0.39,0.36,2025-06-02,835,N,VIIRS,l,2,329.63,1.91,D,0
27.78454,67.59197,367.0,0.39,0.36,2025-06-02,835,N,VIIRS,l,2,329.62,2.22,D,0
28.22601,69.79292,339.13,0.4,0.37,2025-06-02,835,N,VIIRS,l,2,311.03,2.51,D,0
28.23008,69.57591,341.47,0.4,0.37,2025-06-02,835,N,VIIRS,l,2,315.77,9.75,D,0
28.39944,69.51331,345.17,0.4,0.37,2025-06-02,835,N,VIIRS,l,2,319.28,14.81,D,0
28.4371,69.56042,346.06,0.4,0.37,2025-06-02,835,N,VIIRS,l,2,317.9,8.13,D,0
28.44064,69.43963,343.72,0.4,0.37,2025-06-02,835,N,VIIRS,n,2,318.37,3.74,D,0
28.44399,69.43903,342.0,0.4,0.37,2025-06-02,835,N,VIIRS,l,2,315.73,3.81,D,0
28.45113,69.56204,345.66,0.4,0.37,2025-06-02,835,N,VIIRS,n,2,314.32,9.12,D,0
27.78009,67.88447,324.22,0.45,0.39,2025-06-02,2100,N,VIIRS,n,2,299.8,2.65,N,0
27.98447,68.33662,331.58,0.43,0.38,2025-06-02,2100,N,VIIRS,n,2,299.1,2.32,N,0
27.98459,68.33897,328.18,0.43,0.38,2025-06-02,2100,N,VIIRS,n,2,298.61,2.98,N,0
28.21919,68.51316,328.89,0.43,0.38,2025-06-02,2100,N,VIIRS,n,2,300.49,2.42,N,0
28.25713,68.94377,331.56,0.42,0.37,2025-06-02,2100,N,VIIRS,n,2,299.44,3.17,N,0
28.4085,69.25313,314.83,0.41,0.37,2025-06-02,2100,N,VIIRS,n,2,298.82,1.13,N,0
28.41569,68.90894,310.69,0.42,0.38,2025-06-02,2100,N,VIIRS,n,2,299.79,0.94,N,0
28.42434,69.701,318.35,0.4,0.37,2025-06-02,2100,N,VIIRS,n,2,299.73,1.78,N,2
28.44263,69.16029,316.09,0.41,0.37,2025-06-02,2100,N,VIIRS,n,2,298.87,1.29,N,0
28.50654,68.27691,316.54,0.44,0.38,2025-06-02,2100,N,VIIRS,n,2,301.12,0.59,N,0
28.51882,68.18621,316.24,0.45,0.39,2025-06-02,2100,N,VIIRS,n,2,300.42,1.2,N,0
28.52544,68.2918,313.41,0.44,0.38,2025-06-02,2100,N,VIIRS,n,2,300.9,0.97,N,0
28.52595,68.29413,321.31,0.44,0.38,2025-06-02,2100,N,VIIRS,n,2,301.18,1.62,N,0
28.53485,68.67557,313.36,0.43,0.38,2025-06-02,2100,N,VIIRS,n,2,299.29,0.48,N,0
27.77674,67.59003,350.14,0.57,0.43,2025-06-03,816,N,VIIRS,l,2,320.74,13.75,D,0
27.91186,67.57375,367.0,0.57,0.43,2025-06-03,816,N,VIIRS,l,2,325.42,11.52,D,0
27.91469,67.56709,350.58,0.57,0.43,2025-06-03,816,N,VIIRS,n,2,319.66,22.18,D,0
27.78159,67.8817,310.18,0.54,0.51,2025-06-03,2041,N,VIIRS,n,2,299.32,1.61,N,0
27.78628,67.88233,324.74,0.54,0.51,2025-06-03,2041,N,VIIRS,n,2,299.9,1.61,N,0
28.11216,68.55014,312.43,0.5,0.49,2025-06-03,2041,N,VIIRS,n,2,298.2,0.95,N,0
28.37025,69.15002,308.47,0.46,0.47,2025-06-03,2041,N,VIIRS,n,2,297.55,0.58,N,0
27.09977,67.70026,343.41,0.36,0.58,2025-06-04,757,N,VIIRS,n,2,306.83,2.85,D,0
27.44751,68.23237,337.66,0.33,0.55,2025-06-04,757,N,VIIRS,l,2,309.07,2.02,D,0
27.63784,67.75126,346.78,0.35,0.57,2025-06-04,757,N,VIIRS,n,2,305.24,5.78,D,0
27.63825,67.75242,367.0,0.35,0.57,2025-06-04,757,N,VIIRS,h,2,306.04,6.24,D,0
27.63867,67.75478,367.0,0.35,0.57,2025-06-04,757,N,VIIRS,h,2,307.09,5.78,D,0
27.63904,67.75592,355.16,0.35,0.57,2025-06-04,757,N,VIIRS,n,2,306.92,6.24,D,0
27.68559,68.33762,333.95,0.32,0.55,2025-06-04,757,N,VIIRS,l,2,306.39,1.37,D,0
27.73681,68.93997,340.81,0.59,0.53,2025-06-04,757,N,VIIRS,n,2,304.95,5.65,D,0
27.73813,68.94592,335.39,0.59,0.53,2025-06-04,757,N,VIIRS,n,2,305.09,5.65,D,0
27.75592,68.12082,338.04,0.33,0.55,2025-06-04,757,N,VIIRS,n,2,306.7,1.9,D,0
27.82231,67.95423,337.32,0.34,0.56,2025-06-04,757,N,VIIRS,l,2,310.06,3.51,D,0
27.82775,69.46651,338.86,0.55,0.51,2025-06-04,757,N,VIIRS,n,2,306.71,2.17,D,0
27.8731,68.26743,333.52,0.32,0.55,2025-06-04,757,N,VIIRS,l,2,306.5,2.54,D,0
27.94074,68.77937,336.39,0.6,0.53,2025-06-04,757,N,VIIRS,n,2,305.95,3.78,D,0
27.98985,69.59451,335.13,0.54,0.5,2025-06-04,757,N,VIIRS,l,2,307.08,4.98,D,0
28.11885,67.72093,340.17,0.34,0.56,2025-06-04,757,N,VIIRS,n,2,309.37,3.25,D,0
28.20857,67.79603,344.54,0.34,0.56,2025-06-04,757,N,VIIRS,n,2,307.61,3.19,D,0
28.21016,67.80283,348.99,0.34,0.56,2025-06-04,757,N,VIIRS,n,2,308.81,5.85,D,0
28.21172,68.51761,341.06,0.61,0.54,2025-06-04,757,N,VIIRS,n,2,307.51,4.19,D,0
28.21442,67.79797,337.65,0.34,0.56,2025-06-04,757,N,VIIRS,n,2,306.98,3.19,D,0
28.2322,67.98949,335.12,0.33,0.55,2025-06-04,757,N,VIIRS,l,2,307.47,2.05,D,0
28.24277,69.42592,339.81,0.54,0.51,2025-06-04,757,N,VIIRS,n,2,307.5,7.0,D,0
28.32342,67.81918,336.1,0.33,0.56,2025-06-04,757,N,VIIRS,l,2,308.54,3.24,D,0
28.32421,67.82255,353.3,0.33,0.56,2025-06-04,757,N,VIIRS,n,2,306.93,3.24,D,0
28.3865,68.11432,338.16,0.32,0.55,2025-06-04,757,N,VIIRS,l,2,308.8,2.49,D,0
28.3866,69.4026,348.21,0.54,0.51,2025-06-04,757,N,VIIRS,n,2,306.37,6.34,D,0
28.41167,68.15518,346.32,0.32,0.54,2025-06-04,757,N,VIIRS,n,2,307.48,3.22,D,0
28.51355,67.95779,335.84,0.33,0.55,2025-06-04,757,N,VIIRS,l,2,308.07,3.46,D,0
28.60495,67.51934,343.86,0.34,0.56,2025-06-04,757,N,VIIRS,n,2,310.1,1.75,D,0
28.84304,70.08636,333.85,0.48,0.48,2025-06-04,757,N,VIIRS,l,2,304.92,3.78,D,0
28.93264,67.582,339.51,0.34,0.56,2025-06-04,757,N,VIIRS,n,2,307.9,3.36,D,0
28.59521,67.63354,335.31,0.75,0.77,2025-06-04,938,N,VIIRS,n,2,302.26,2.81,D,0
27.72781,67.87033,322.4,0.52,0.67,2025-06-04,2022,N,VIIRS,n,2,294.7,2.69,N,0
28.03784,69.66788,321.19,0.41,0.61,2025-06-04,2022,N,VIIRS,n,2,296.99,2.76,N,0
28.43898,69.53736,307.59,0.42,0.61,2025-06-04,2022,N,VIIRS,n,2,295.93,0.54,N,0
26.72455,68.08028,305.52,0.5,0.66,2025-06-04,2023,N,VIIRS,n,2,295.06,0.71,N,0
28.03972,69.67213,313.5,0.61,0.71,2025-06-04,2202,N,VIIRS,n,2,294.3,3.09,N,0
28.36558,68.97198,307.73,0.55,0.68,2025-06-04,2202,N,VIIRS,n,2,293.5,1.5,N,0
28.3686,68.9725,312.48,0.55,0.68,2025-06-04,2202,N,VIIRS,n,2,293.66,2.87,N,0
28.38901,69.28934,305.39,0.57,0.69,2025-06-04,2202,N,VIIRS,n,2,293.5,1.37,N,0
28.39887,68.03473,322.8,0.48,0.65,2025-06-04,2202,N,VIIRS,n,2,294.78,2.81,N,0
28.54617,68.4627,309.23,0.51,0.66,2025-06-04,2202,N,VIIRS,n,2,294.44,1.1,N,0
27.88654,69.44944,306.08,0.6,0.71,2025-06-04,2203,N,VIIRS,n,2,293.56,0.83,N,0
27.8899,67.74163,306.13,0.48,0.65,2025-06-04,2203,N,VIIRS,n,2,295.35,0.91,N,0
28.1592,67.928,316.12,0.48,0.65,2025-06-04,2203,N,VIIRS,n,2,295.51,1.68,N,0
28.39659,68.03278,319.93,0.48,0.65,2025-06-04,2203,N,VIIRS,n,2,294.5,1.86,N,0
28.40243,68.03473,307.09,0.48,0.65,2025-06-04,2203,N,VIIRS,n,2,294.69,1.11,N,0
27.99408,67.81594,334.32,0.64,0.72,2025-06-05,738,N,VIIRS,n,2,300.87,3.87,D,0
28.16273,68.43458,335.36,0.59,0.7,2025-06-05,738,N,VIIRS,n,2,298.71,4.93,D,0
28.16286,68.4345,334.23,0.59,0.7,2025-06-05,738,N,VIIRS,n,2,298.74,5.86,D,0
28.16432,68.44049,344.87,0.59,0.7,2025-06-05,738,N,VIIRS,n,2,299.16,4.93,D,0
28.16442,68.44044,345.82,0.59,0.7,2025-06-05,738,N,VIIRS,n,2,299.24,8.74,D,0
28.31162,67.80972,367.0,0.63,0.72,2025-06-05,738,N,VIIRS,h,2,299.49,9.11,D,0
28.31531,67.80634,352.82,0.63,0.72,2025-06-05,738,N,VIIRS,n,2,299.09,10.12,D,0
28.31706,67.81271,351.15,0.63,0.72,2025-06-05,738,N,VIIRS,n,2,298.73,10.12,D,0
28.31809,67.80753,344.95,0.63,0.72,2025-06-05,738,N,VIIRS,n,2,298.61,5.58,D,0
28.38229,69.10934,333.3,0.53,0.67,2025-06-05,738,N,VIIRS,n,2,298.85,2.78,D,0
28.38704,69.44971,332.67,0.51,0.66,2025-06-05,738,N,VIIRS,n,2,297.82,2.05,D,0
28.38836,69.45484,333.46,0.51,0.66,2025-06-05,738,N,VIIRS,n,2,299.33,3.75,D,0
28.40271,68.98526,330.01,0.54,0.68,2025-06-05,738,N,VIIRS,n,2,298.16,4.34,D,0
27.07128,67.77774,350.68,0.38,0.59,2025-06-05,918,N,VIIRS,n,2,307.45,7.8,D,0
27.71614,67.87744,338.12,0.39,0.6,2025-06-05,919,N,VIIRS,n,2,305.65,4.73,D,0
27.82075,68.35455,335.11,0.42,0.61,2025-06-05,919,N,VIIRS,l,2,306.16,3.12,D,0
27.86729,68.1078,348.32,0.41,0.61,2025-06-05,919,N,VIIRS,n,2,306.93,6.63,D,0
27.90922,68.93008,333.1,0.46,0.64,2025-06-05,919,N,VIIRS,n,2,300.54,2.0,D,0
27.99352,68.5565,367.0,0.44,0.62,2025-06-05,919,N,VIIRS,h,2,304.92,7.46,D,0
28.03761,69.67421,333.31,0.51,0.66,2025-06-05,919,N,VIIRS,n,2,299.86,2.9,D,0
28.15254,67.7154,336.25,0.39,0.59,2025-06-05,919,N,VIIRS,n,2,302.98,3.74,D,0
28.16731,68.62903,335.96,0.44,0.63,2025-06-05,919,N,VIIRS,n,2,305.18,3.48,D,0
28.39239,68.99108,337.86,0.47,0.64,2025-06-05,919,N,VIIRS,n,2,302.11,3.03,D,0
28.40377,68.10556,345.17,0.41,0.61,2025-06-05,919,N,VIIRS,n,2,305.82,5.79,D,0
28.47862,69.64791,346.41,0.51,0.66,2025-06-05,919,N,VIIRS,n,2,301.09,4.32,D,0
28.03808,69.66856,308.82,0.79,0.78,2025-06-05,2003,N,VIIRS,n,2,295.15,3.14,N,0
28.03889,69.66884,308.79,0.79,0.78,2025-06-05,2003,N,VIIRS,n,2,295.24,3.32,N,0
27.89917,68.19099,308.18,0.54,0.5,2025-06-05,2144,N,VIIRS,n,2,295.97,0.76,N,0
27.96692,68.38452,310.59,0.55,0.51,2025-06-05,2144,N,VIIRS,n,2,295.46,0.9,N,0
28.03791,69.67266,325.02,0.32,0.55,2025-06-05,2144,N,VIIRS,n,2,299.72,1.87,N,0
28.03867,69.6694,311.73,0.32,0.55,2025-06-05,2144,N,VIIRS,n,2,298.84,1.87,N,0
28.03909,69.67318,330.94,0.32,0.55,2025-06-05,2144,N,VIIRS,n,2,300.57,2.15,N,0
28.03983,69.66991,311.81,0.32,0.55,2025-06-05,2144,N,VIIRS,n,2,299.33,2.15,N,0
28.19898,67.88264,311.41,0.51,0.49,2025-06-05,2144,N,VIIRS,n,2,297.94,0.74,N,0
28.35473,68.04458,310.15,0.51,0.5,2025-06-05,2144,N,VIIRS,n,2,296.64,1.23,N,0
28.42379,69.70145,310.69,0.32,0.55,2025-06-05,2144,N,VIIRS,n,2,297.79,0.93,N,2
28.44971,68.33591,310.16,0.53,0.5,2025-06-05,2144,N,VIIRS,n,2,296.49,1.51,N,0
28.45183,68.82925,307.13,0.57,0.52,2025-06-05,2144,N,VIIRS,n,2,294.74,0.86,N,0
28.45217,68.33761,309.46,0.53,0.5,2025-06-05,2144,N,VIIRS,n,2,296.43,0.81,N,0
28.45653,68.83059,307.01,0.57,0.52,2025-06-05,2144,N,VIIRS,n,2,294.72,0.86,N,0
28.46055,69.56383,313.59,0.63,0.54,2025-06-05,2144,N,VIIRS,n,2,297.58,1.26,N,0
28.47156,68.21202,309.93,0.52,0.5,2025-06-05,2144,N,VIIRS,n,2,296.53,1.41,N,0
28.47481,68.21406,318.7,0.52,0.5,2025-06-05,2144,N,VIIRS,n,2,296.7,1.29,N,0
28.47718,68.0748,321.2,0.51,0.5,2025-06-05,2144,N,VIIRS,n,2,296.65,2.35,N,0
28.48297,68.17725,308.67,0.52,0.5,2025-06-05,2144,N,VIIRS,n,2,296.7,0.61,N,0
28.484,68.17638,309.7,0.52,0.5,2025-06-05,2144,N,VIIRS,n,2,296.34,0.93,N,0
27.30308,68.03918,345.69,0.41,0.45,2025-06-06,900,N,VIIRS,n,2,311.86,6.96,D,0
27.38823,67.87751,350.96,0.4,0.45,2025-06-06,900,N,VIIRS,n,2,320.6,5.82,D,0
27.68899,69.5305,346.52,0.51,0.49,2025-06-06,900,N,VIIRS,n,2,312.78,9.59,D,0
27.75899,67.69395,346.27,0.4,0.44,2025-06-06,900,N,VIIRS,l,2,319.37,0.82,D,0
27.76649,67.69442,367.0,0.4,0.44,2025-06-06,900,N,VIIRS,h,2,320.83,7.64,D,0
27.76716,67.69283,347.85,0.4,0.44,2025-06-06,900,N,VIIRS,l,2,321.88,4.44,D,0
27.76763,67.6969,345.54,0.4,0.44,2025-06-06,900,N,VIIRS,l,2,320.36,4.44,D,0
27.84906,69.56402,345.32,0.51,0.5,2025-06-06,900,N,VIIRS,n,2,308.69,10.2,D,0
27.84974,69.56167,350.16,0.51,0.5,2025-06-06,900,N,VIIRS,n,2,309.59,10.13,D,0
27.8689,67.65545,347.22,0.4,0.44,2025-06-06,900,N,VIIRS,l,2,320.1,2.91,D,0
27.87006,67.65524,350.98,0.4,0.44,2025-06-06,900,N,VIIRS,n,2,320.7,6.48,D,0
27.8721,67.64674,346.99,0.4,0.44,2025-06-06,900,N,VIIRS,l,2,320.18,4.92,D,0
27.87298,67.65488,347.76,0.4,0.44,2025-06-06,900,N,VIIRS,l,2,318.19,5.36,D,0
27.87663,67.65024,352.28,0.4,0.44,2025-06-06,900,N,VIIRS,n,2,320.34,4.92,D,0
27.93363,68.26694,347.27,0.43,0.46,2025-06-06,900,N,VIIRS,l,2,318.89,10.13,D,0
27.93465,68.26611,348.69,0.43,0.46,2025-06-06,900,N,VIIRS,l,2,319.01,11.5,D,0
28.04098,69.67493,340.44,0.52,0.5,2025-06-06,900,N,VIIRS,n,2,308.85,6.08,D,0
28.12626,67.71214,348.37,0.4,0.45,2025-06-06,900,N,VIIRS,l,2,321.38,46.07,D,0
28.13449,67.71101,367.0,0.4,0.45,2025-06-06,900,N,VIIRS,h,2,321.93,8.98,D,0
28.36899,69.05975,345.77,0.49,0.48,2025-06-06,900,N,VIIRS,n,2,311.84,15.01,D,0
28.38895,69.12361,347.02,0.49,0.49,2025-06-06,900,N,VIIRS,n,2,312.51,14.81,D,0
28.42358,68.25216,347.03,0.44,0.46,2025-06-06,900,N,VIIRS,l,2,318.78,5.44,D,0
28.42784,68.25159,343.31,0.44,0.46,2025-06-06,900,N,VIIRS,l,2,317.46,5.44,D,0
28.456,67.95339,342.67,0.42,0.45,2025-06-06,900,N,VIIRS,l,2,316.43,11.54,D,0
28.45646,67.95773,347.66,0.42,0.45,2025-06-06,900,N,VIIRS,n,2,319.64,11.54,D,0
28.46013,69.33185,341.38,0.51,0.49,2025-06-06,900,N,VIIRS,n,2,309.43,9.34,D,0
28.46039,69.3334,340.53,0.51,0.49,2025-06-06,900,N,VIIRS,n,2,309.3,8.14,D,0
28.48384,68.36847,343.23,0.44,0.46,2025-06-06,900,N,VIIRS,l,2,315.78,2.78,D,0
28.5022,69.10258,346.93,0.49,0.49,2025-06-06,900,N,VIIRS,n,2,311.56,18.52,D,0
28.59526,68.26816,347.14,0.44,0.46,2025-06-06,900,N,VIIRS,l,2,319.84,8.99,D,0
27.86827,67.66563,329.7,0.43,0.38,2025-06-06,2125,N,VIIRS,n,2,297.44,3.7,N,0
27.86908,67.66382,331.46,0.43,0.38,2025-06-06,2125,N,VIIRS,n,2,298.76,3.51,N,0
28.03844,69.67161,331.85,0.53,0.42,2025-06-06,2125,N,VIIRS,n,2,303.88,4.8,N,0
28.03968,69.6732,331.73,0.53,0.42,2025-06-06,2125,N,VIIRS,n,2,305.59,5.76,N,0
28.13137,67.71988,308.27,0.43,0.38,2025-06-06,2125,N,VIIRS,n,2,297.6,0.8,N,0
28.42575,69.70209,314.67,0.52,0.42,2025-06-06,2125,N,VIIRS,n,2,300.35,2.37,N,2
26.20185,69.01937,346.58,0.41,0.37,2025-06-07,840,N,VIIRS,n,2,312.44,8.06,D,0
26.20526,69.01879,341.29,0.41,0.37,2025-06-07,840,N,VIIRS,l,2,315.74,12.86,D,0
26.71172,68.13728,352.85,0.39,0.36,2025-06-07,841,N,VIIRS,l,2,332.2,26.05,D,0
26.71228,68.14122,347.44,0.39,0.36,2025-06-07,841,N,VIIRS,l,2,320.43,8.08,D,0
26.81248,68.24093,348.27,0.39,0.37,2025-06-07,841,N,VIIRS,n,2,318.75,6.7,D,0
27.64202,68.09226,357.37,0.4,0.37,2025-06-07,841,N,VIIRS,n,2,327.32,19.01,D,0
27.83247,68.20325,350.47,0.4,0.37,2025-06-07,841,N,VIIRS,l,2,323.65,4.16,D,0
27.86455,68.63366,347.46,0.41,0.37,2025-06-07,841,N,VIIRS,l,2,319.87,7.83,D,0
28.14809,68.26569,367.0,0.4,0.37,2025-06-07,841,N,VIIRS,l,2,327.06,1.01,D,0
28.14866,68.26978,353.09,0.4,0.37,2025-06-07,841,N,VIIRS,n,2,328.07,8.47,D,0
28.36198,68.07793,367.0,0.4,0.37,2025-06-07,841,N,VIIRS,l,2,325.13,1.11,D,0
28.36255,68.082,367.0,0.4,0.37,2025-06-07,841,N,VIIRS,l,2,325.7,2.61,D,0
28.36312,68.08607,367.0,0.4,0.37,2025-06-07,841,N,VIIRS,l,2,325.89,2.61,D,0
28.36535,68.07733,367.0,0.4,0.37,2025-06-07,841,N,VIIRS,l,2,325.22,1.11,D,0
28.36592,68.08139,353.04,0.4,0.37,2025-06-07,841,N,VIIRS,l,2,327.7,2.61,D,0
28.36649,68.08546,352.17,0.4,0.37,2025-06-07,841,N,VIIRS,l,2,327.69,2.61,D,0
28.36872,68.07672,367.0,0.4,0.37,2025-06-07,841,N,VIIRS,l,2,326.25,2.1,D,0
28.36929,68.08079,367.0,0.4,0.37,2025-06-07,841,N,VIIRS,l,2,327.29,2.7,D,0
28.36986,68.08485,367.0,0.4,0.37,2025-06-07,841,N,VIIRS,l,2,327.37,2.7,D,0
28.3891,68.98302,349.33,0.42,0.38,2025-06-07,841,N,VIIRS,l,2,321.31,13.89,D,0
27.69319,67.90849,311.1,0.4,0.37,2025-06-07,2106,N,VIIRS,n,2,300.78,0.5,N,0
28.04055,69.67287,318.26,0.38,0.36,2025-06-07,2106,N,VIIRS,n,2,305.71,2.22,N,0
28.16318,67.6725,311.44,0.41,0.37,2025-06-07,2106,N,VIIRS,n,2,300.97,0.56,N,0
28.17166,67.97775,328.24,0.4,0.37,2025-06-07,2106,N,VIIRS,n,2,302.32,2.3,N,0
28.18798,67.98495,314.91,0.4,0.37,2025-06-07,2106,N,VIIRS,n,2,302.83,0.97,N,0
28.30815,67.97193,340.68,0.4,0.37,2025-06-07,2106,N,VIIRS,n,2,301.27,4.12,N,0
28.34639,68.02387,315.38,0.4,0.37,2025-06-07,2106,N,VIIRS,n,2,299.61,1.04,N,0
28.34697,68.01978,316.85,0.4,0.37,2025-06-07,2106,N,VIIRS,n,2,299.62,1.89,N,0
28.34977,68.0245,311.09,0.4,0.37,2025-06-07,2106,N,VIIRS,n,2,299.39,1.04,N,0
28.35036,68.02041,329.97,0.4,0.37,2025-06-07,2106,N,VIIRS,n,2,300.72,1.89,N,0
28.35961,68.07669,312.63,0.4,0.37,2025-06-07,2106,N,VIIRS,n,2,300.34,0.8,N,0
28.36258,69.47749,320.04,0.38,0.36,2025-06-07,2106,N,VIIRS,n,2,300.04,2.06,N,0
28.36319,69.47359,333.48,0.38,0.36,2025-06-07,2106,N,VIIRS,n,2,302.23,2.06,N,0
28.36588,69.47816,317.94,0.38,0.36,2025-06-07,2106,N,VIIRS,n,2,300.23,1.01,N,0
28.36649,69.47425,312.01,0.38,0.36,2025-06-07,2106,N,VIIRS,n,2,299.85,1.01,N,0
28.39374,69.29826,307.57,0.39,0.36,2025-06-07,2106,N,VIIRS,n,2,297.14,0.5,N,0
28.39399,68.0789,310.4,0.4,0.37,2025-06-07,2106,N,VIIRS,n,2,300.32,0.75,N,0
28.39646,69.25842,327.2,0.39,0.36,2025-06-07,2106,N,VIIRS,n,2,298.59,2.38,N,0
28.39705,69.2989,311.97,0.39,0.36,2025-06-07,2106,N,VIIRS,n,2,297.71,0.5,N,0
28.4254,69.70232,323.21,0.38,0.36,2025-06-07,2106,N,VIIRS,n,2,301.21,2.4,N,2
28.43394,68.09052,316.97,0.4,0.37,2025-06-07,2106,N,VIIRS,n,2,299.58,1.01,N,0
28.44498,67.82218,309.6,0.41,0.37,2025-06-07,2106,N,VIIRS,n,2,298.05,0.66,N,0
28.44557,67.81808,309.29,0.41,0.37,2025-06-07,2106,N,VIIRS,n,2,298.0,0.73,N,0
28.44601,69.40141,318.38,0.38,0.36,2025-06-07,2106,N,VIIRS,n,2,299.96,1.47,N,0
28.46097,67.80813,318.7,0.41,0.37,2025-06-07,2106,N,VIIRS,n,2,299.97,1.46,N,0
28.47948,68.25633,314.57,0.4,0.37,2025-06-07,2106,N,VIIRS,n,2,301.19,0.99,N,0
28.48747,67.78991,319.73,0.41,0.37,2025-06-07,2106,N,VIIRS,n,2,298.17,1.1,N,0
28.48841,67.78757,319.46,0.41,0.37,2025-06-07,2106,N,VIIRS,n,2,297.89,1.26,N,0
28.51049,68.407,318.19,0.4,0.37,2025-06-07,2106,N,VIIRS,n,2,301.3,1.26,N,0
28.54091,67.88063,311.62,0.41,0.37,2025-06-07,2106,N,VIIRS,n,2,300.19,0.95,N,0
28.54175,67.92332,320.17,0.4,0.37,2025-06-07,2106,N,VIIRS,n,2,301.04,1.49,N,0
27.25443,67.76228,319.09,0.4,0.37,2025-06-07,2107,N,VIIRS,n,2,301.53,1.39,N,0
27.33563,67.58767,316.86,0.41,0.37,2025-06-07,2107,N,VIIRS,n,2,299.13,0.91,N,0
27.33903,67.58828,320.25,0.41,0.37,2025-06-07,2107,N,VIIRS,n,2,299.37,0.91,N,0
27.31961,67.59198,367.0,0.48,0.4,2025-06-08,822,N,VIIRS,l,2,325.28,22.99,D,0
27.32238,67.58633,367.0,0.48,0.4,2025-06-08,822,N,VIIRS,h,2,354.4,103.07,D,0
27.32326,67.59115,367.0,0.48,0.4,2025-06-08,822,N,VIIRS,l,2,326.63,103.07,D,0
27.98052,68.53224,349.33,0.43,0.38,2025-06-08,822,N,VIIRS,l,2,324.02,12.48,D,0
28.37009,67.77325,367.0,0.46,0.39,2025-06-08,822,N,VIIRS,l,2,325.5,1.34,D,0
28.37366,67.77244,367.0,0.46,0.39,2025-06-08,822,N,VIIRS,h,2,334.32,27.57,D,0
28.37449,67.77707,367.0,0.46,0.39,2025-06-08,822,N,VIIRS,l,2,327.66,27.49,D,0
28.43058,67.77079,367.0,0.46,0.39,2025-06-08,822,N,VIIRS,l,2,328.22,2.86,D,0
28.43141,67.77542,367.0,0.46,0.39,2025-06-08,822,N,VIIRS,l,2,325.56,2.63,D,0
28.43414,67.76997,367.0,0.46,0.39,2025-06-08,822,N,VIIRS,l,2,327.08,2.86,D,0
28.43497,67.7746,352.83,0.46,0.39,2025-06-08,822,N,VIIRS,n,2,327.51,2.63,D,0
28.43771,67.76916,367.0,0.46,0.39,2025-06-08,822,N,VIIRS,l,2,328.89,4.23,D,0
28.43854,67.77379,367.0,0.46,0.39,2025-06-08,822,N,VIIRS,l,2,327.85,13.85,D,0
28.43937,67.77841,350.01,0.46,0.39,2025-06-08,822,N,VIIRS,l,2,325.41,13.85,D,0
27.95047,68.47969,313.68,0.4,0.44,2025-06-08,2047,N,VIIRS,n,2,296.66,1.29,N,0
27.97313,68.53749,307.44,0.4,0.44,2025-06-08,2047,N,VIIRS,n,2,296.74,0.31,N,0
27.97724,68.53809,307.17,0.4,0.44,2025-06-08,2047,N,VIIRS,n,2,296.85,0.33,N,0
28.08634,67.67872,311.49,0.45,0.47,2025-06-08,2047,N,VIIRS,n,2,299.5,0.69,N,0
28.23317,68.89268,330.25,0.39,0.44,2025-06-08,2047,N,VIIRS,n,2,299.56,2.58,N,0
28.27305,69.00568,330.73,0.57,0.43,2025-06-08,2047,N,VIIRS,n,2,298.89,5.59,N,0
28.32909,68.11437,320.28,0.43,0.46,2025-06-08,2047,N,VIIRS,n,2,298.85,1.85,N,0
28.35367,69.4227,316.05,0.54,0.42,2025-06-08,2047,N,VIIRS,n,2,298.19,1.49,N,0
28.35402,69.42047,310.69,0.54,0.42,2025-06-08,2047,N,VIIRS,n,2,297.92,0.93,N,0
28.38887,67.84528,310.55,0.44,0.46,2025-06-08,2047,N,VIIRS,n,2,299.67,0.97,N,0
28.41758,68.0437,318.96,0.43,0.46,2025-06-08,2047,N,VIIRS,n,2,298.41,1.62,N,0
28.4187,69.00053,311.99,0.57,0.43,2025-06-08,2047,N,VIIRS,n,2,297.27,2.26,N,0
28.42428,69.69798,316.41,0.53,0.42,2025-06-08,2047,N,VIIRS,n,2,299.83,2.33,N,2
28.42662,69.70277,311.94,0.53,0.42,2025-06-08,2047,N,VIIRS,n,2,300.91,2.31,N,2
28.45406,69.3418,313.08,0.55,0.43,2025-06-08,2047,N,VIIRS,n,2,297.93,2.01,N,0
28.45465,69.34685,320.8,0.55,0.43,2025-06-08,2047,N,VIIRS,n,2,298.52,1.47,N,0
28.45906,68.17529,313.53,0.42,0.46,2025-06-08,2047,N,VIIRS,n,2,296.72,1.39,N,0
28.48685,68.15614,321.1,0.43,0.46,2025-06-08,2047,N,VIIRS,n,2,299.01,1.05,N,0
28.48685,68.15697,317.57,0.43,0.46,2025-06-08,2047,N,VIIRS,n,2,298.48,1.11,N,0
28.51706,67.86871,323.74,0.44,0.46,2025-06-08,2047,N,VIIRS,n,2,299.92,2.17,N,0
28.51896,67.87016,317.65,0.44,0.46,2025-06-08,2047,N,VIIRS,n,2,299.56,1.92,N,0
28.52028,68.32025,309.3,0.42,0.45,2025-06-08,2047,N,VIIRS,n,2,297.62,0.6,N,0
28.54935,67.97492,314.76,0.44,0.46,2025-06-08,2047,N,VIIRS,n,2,299.05,1.1,N,0
28.55277,68.33372,322.63,0.42,0.45,2025-06-08,2047,N,VIIRS,n,2,298.06,1.51,N,0
28.5529,68.06208,308.55,0.43,0.46,2025-06-08,2047,N,VIIRS,n,2,297.79,0.5,N,0
28.55393,68.2856,309.72,0.42,0.45,2025-06-08,2047,N,VIIRS,n,2,299.24,0.51,N,0
28.58227,68.41844,323.02,0.41,0.45,2025-06-08,2047,N,VIIRS,n,2,299.88,4.07,N,0
28.58274,68.41418,339.39,0.41,0.45,2025-06-08,2047,N,VIIRS,n,2,303.11,4.07,N,0
27.68764,68.55406,309.19,0.4,0.44,2025-06-08,2048,N,VIIRS,n,2,299.1,1.91,N,0
27.71776,67.84209,320.18,0.44,0.46,2025-06-08,2048,N,VIIRS,n,2,298.74,1.44,N,0
27.72222,69.05769,309.45,0.56,0.43,2025-06-08,2048,N,VIIRS,n,2,298.14,2.39,N,0
27.90428,68.53318,338.59,0.4,0.44,2025-06-08,2048,N,VIIRS,n,2,299.41,4.14,N,0
27.53942,67.66671,344.8,0.57,0.52,2025-06-09,803,N,VIIRS,n,2,314.45,13.47,D,0
27.54063,67.66898,347.67,0.57,0.52,2025-06-09,803,N,VIIRS,n,2,314.18,18.87,D,0
27.69229,68.54052,347.38,0.51,0.49,2025-06-09,803,N,VIIRS,n,2,315.1,16.47,D,0
27.69983,67.66921,346.89,0.57,0.52,2025-06-09,803,N,VIIRS,l,2,317.55,12.72,D,0
27.80637,67.58873,349.56,0.57,0.52,2025-06-09,803,N,VIIRS,n,2,319.14,16.53,D,0
27.83221,67.6843,356.41,0.56,0.52,2025-06-09,803,N,VIIRS,n,2,320.14,10.63,D,0
27.83284,69.45599,347.02,0.44,0.46,2025-06-09,803,N,VIIRS,n,2,321.17,7.99,D,0
27.97297,69.80077,347.08,0.42,0.45,2025-06-09,803,N,VIIRS,l,2,320.11,9.08,D,0
28.05927,68.29539,342.95,0.51,0.5,2025-06-09,803,N,VIIRS,l,2,317.0,3.36,D,0
28.10115,68.02673,346.18,0.53,0.5,2025-06-09,803,N,VIIRS,l,2,316.75,6.14,D,0
28.17211,67.75735,348.86,0.55,0.51,2025-06-09,803,N,VIIRS,n,2,318.03,9.94,D,0
28.17883,67.90048,346.09,0.54,0.51,2025-06-09,803,N,VIIRS,l,2,318.43,6.54,D,0
28.18719,67.75907,348.06,0.55,0.51,2025-06-09,803,N,VIIRS,l,2,318.11,3.56,D,0
28.20722,67.82928,347.28,0.54,0.51,2025-06-09,803,N,VIIRS,l,2,319.76,8.56,D,0
28.31855,67.99627,344.61,0.53,0.5,2025-06-09,803,N,VIIRS,l,2,316.82,3.85,D,0
28.32976,67.91386,348.92,0.53,0.5,2025-06-09,803,N,VIIRS,n,2,315.84,3.63,D,0
28.33968,67.77877,351.41,0.54,0.51,2025-06-09,803,N,VIIRS,n,2,319.16,20.54,D,0
28.34157,67.77564,353.5,0.54,0.51,2025-06-09,803,N,VIIRS,n,2,322.68,34.0,D,0
28.34428,67.7775,353.36,0.54,0.51,2025-06-09,803,N,VIIRS,n,2,320.14,20.54,D,0
28.35716,67.84644,344.69,0.54,0.51,2025-06-09,803,N,VIIRS,l,2,315.68,1.5,D,0
28.3594,67.8485,345.32,0.54,0.51,2025-06-09,803,N,VIIRS,l,2,316.96,5.05,D,0
28.36708,69.13432,349.03,0.45,0.47,2025-06-09,803,N,VIIRS,n,2,322.72,16.03,D,0
28.41865,68.96162,350.1,0.46,0.47,2025-06-09,803,N,VIIRS,n,2,322.91,16.25,D,0
28.4527,67.53799,345.13,0.56,0.51,2025-06-09,803,N,VIIRS,l,2,319.11,5.03,D,0
28.45682,67.84646,343.46,0.54,0.5,2025-06-09,803,N,VIIRS,l,2,316.92,1.82,D,0
28.45919,67.84711,343.81,0.54,0.5,2025-06-09,803,N,VIIRS,l,2,315.95,5.38,D,0
28.48179,68.08853,341.34,0.52,0.5,2025-06-09,803,N,VIIRS,l,2,315.52,7.77,D,0
28.48499,68.14826,344.47,0.51,0.5,2025-06-09,803,N,VIIRS,l,2,317.01,9.04,D,0
28.48537,69.49895,352.01,0.43,0.46,2025-06-09,803,N,VIIRS,n,2,321.71,14.93,D,0
28.50108,68.04443,342.08,0.52,0.5,2025-06-09,803,N,VIIRS,n,2,316.61,7.71,D,0
28.50455,68.04202,351.41,0.52,0.5,2025-06-09,803,N,VIIRS,n,2,318.3,5.28,D,0
28.5056,68.04319,367.0,0.52,0.5,2025-06-09,803,N,VIIRS,h,2,319.75,24.94,D,0
28.5057,68.04726,343.35,0.52,0.5,2025-06-09,803,N,VIIRS,l,2,315.65,5.28,D,0
28.50908,68.04079,356.61,0.52,0.5,2025-06-09,803,N,VIIRS,n,2,320.61,25.83,D,0
28.50969,67.88898,345.19,0.53,0.5,2025-06-09,803,N,VIIRS,l,2,316.33,5.58,D,0
28.51012,68.04195,367.0,0.52,0.5,2025-06-09,803,N,VIIRS,h,2,319.05,24.94,D,0
28.51326,67.92764,352.46,0.53,0.5,2025-06-09,803,N,VIIRS,n,2,319.2,10.42,D,0
28.6469,69.82787,347.68,0.41,0.45,2025-06-09,803,N,VIIRS,l,2,321.84,12.93,D,0
29.18623,67.68993,346.17,0.53,0.5,2025-06-09,804,N,VIIRS,l,2,320.59,3.94,D,0
28.20819,67.9488,311.28,0.42,0.61,2025-06-09,2028,N,VIIRS,n,2,298.74,1.02,N,0
28.23607,68.61137,311.43,0.38,0.59,2025-06-09,2028,N,VIIRS,n,2,298.5,0.7,N,0
28.2364,68.60737,308.82,0.38,0.59,2025-06-09,2028,N,VIIRS,n,2,298.35,0.7,N,0
28.23654,68.60789,311.77,0.38,0.59,2025-06-09,2028,N,VIIRS,n,2,298.73,1.3,N,0
28.31062,69.07935,316.82,0.36,0.57,2025-06-09,2028,N,VIIRS,n,2,297.71,1.21,N,0
28.31351,69.07762,308.73,0.36,0.57,2025-06-09,2028,N,VIIRS,n,2,298.01,1.22,N,0
28.3344,68.62803,316.76,0.38,0.59,2025-06-09,2028,N,VIIRS,n,2,298.37,0.76,N,0
28.33456,68.63042,311.74,0.38,0.59,2025-06-09,2028,N,VIIRS,n,2,297.79,1.1,N,0
28.37763,67.93917,308.69,0.42,0.61,2025-06-09,2028,N,VIIRS,n,2,297.58,0.54,N,0
28.38032,68.05447,307.34,0.42,0.61,2025-06-09,2028,N,VIIRS,n,2,296.0,0.54,N,0
28.38151,68.87162,310.13,0.37,0.58,2025-06-09,2028,N,VIIRS,n,2,299.13,0.75,N,0
28.38172,68.05577,311.84,0.42,0.61,2025-06-09,2028,N,VIIRS,n,2,297.01,0.61,N,0
28.41133,67.95145,319.41,0.42,0.61,2025-06-09,2028,N,VIIRS,n,2,297.03,1.46,N,0
28.41206,67.95266,310.1,0.42,0.61,2025-06-09,2028,N,VIIRS,n,2,296.67,0.66,N,0
28.41238,67.94823,310.73,0.42,0.61,2025-06-09,2028,N,VIIRS,n,2,297.2,1.05,N,0
28.41648,69.59509,333.28,0.34,0.56,2025-06-09,2028,N,VIIRS,n,2,299.03,3.03,N,0
28.42333,69.69752,309.68,0.33,0.55,2025-06-09,2028,N,VIIRS,n,2,298.21,1.06,N,0
28.42569,68.88689,319.66,0.37,0.58,2025-06-09,2028,N,VIIRS,n,2,298.76,1.35,N,0
28.4279,68.05176,338.12,0.42,0.61,2025-06-09,2028,N,VIIRS,n,2,298.66,3.35,N,0
28.42797,67.97208,309.32,0.42,0.61,2025-06-09,2028,N,VIIRS,n,2,297.46,1.01,N,0
28.42931,68.88852,315.82,0.37,0.58,2025-06-09,2028,N,VIIRS,n,2,298.76,1.13,N,0
28.43038,68.09583,310.63,0.41,0.61,2025-06-09,2028,N,VIIRS,n,2,296.01,0.73,N,0
28.43606,68.09642,311.98,0.41,0.61,2025-06-09,2028,N,VIIRS,n,2,296.13,0.73,N,0
28.43668,69.41857,311.69,0.34,0.56,2025-06-09,2028,N,VIIRS,n,2,297.18,1.16,N,0
28.4393,68.05291,323.07,0.42,0.61,2025-06-09,2028,N,VIIRS,n,2,297.03,2.73,N,0
28.43962,68.04855,319.35,0.42,0.61,2025-06-09,2028,N,VIIRS,n,2,297.08,3.47,N,0
28.44499,68.05348,319.92,0.42,0.61,2025-06-09,2028,N,VIIRS,n,2,297.38,2.12,N,0
28.44532,68.04913,321.79,0.42,0.61,2025-06-09,2028,N,VIIRS,n,2,296.9,2.76,N,0
28.47821,69.48677,310.23,0.34,0.56,2025-06-09,2028,N,VIIRS,n,2,298.7,0.76,N,0
28.47827,69.48814,310.93,0.34,0.56,2025-06-09,2028,N,VIIRS,n,2,298.43,0.96,N,0
28.50741,69.57948,314.7,0.34,0.56,2025-06-09,2028,N,VIIRS,n,2,299.27,0.69,N,0
27.75844,67.87156,313.53,0.42,0.61,2025-06-09,2029,N,VIIRS,n,2,297.87,1.21,N,0
27.75949,67.87047,314.65,0.42,0.61,2025-06-09,2029,N,VIIRS,n,2,298.07,1.03,N,0
27.23044,67.91717,308.3,0.63,0.72,2025-06-09,2209,N,VIIRS,n,2,295.97,2.19,N,0
27.79373,69.28613,306.22,0.73,0.76,2025-06-09,2209,N,VIIRS,n,2,294.65,0.86,N,0
28.33965,68.66537,308.58,0.65,0.73,2025-06-09,2209,N,VIIRS,n,2,295.09,2.24,N,0
28.34189,68.66484,311.36,0.65,0.73,2025-06-09,2209,N,VIIRS,n,2,294.76,2.38,N,0
28.36869,68.04618,314.27,0.6,0.7,2025-06-09,2209,N,VIIRS,n,2,294.62,2.19,N,0
28.41656,67.97057,313.75,0.59,0.7,2025-06-09,2209,N,VIIRS,n,2,294.33,3.68,N,0
28.41692,67.9707,313.42,0.59,0.7,2025-06-09,2209,N,VIIRS,n,2,294.62,2.67,N,0
28.42445,67.9668,306.45,0.59,0.7,2025-06-09,2209,N,VIIRS,n,2,294.81,2.42,N,0
28.42485,67.96691,305.42,0.59,0.7,2025-06-09,2209,N,VIIRS,n,2,294.5,2.67,N,0
28.42604,67.96082,310.54,0.59,0.7,2025-06-09,2209,N,VIIRS,n,2,294.55,2.42,N,0
28.42648,67.96095,311.31,0.59,0.7,2025-06-09,2209,N,VIIRS,n,2,294.75,2.83,N,0
28.44041,68.16451,304.6,0.61,0.71,2025-06-09,2209,N,VIIRS,n,2,294.16,2.06,N,0
28.47142,68.07532,305.39,0.6,0.7,2025-06-09,2209,N,VIIRS,n,2,294.35,1.84,N,0
28.48001,68.72074,310.02,0.65,0.73,2025-06-09,2209,N,VIIRS,n,2,295.28,2.23,N,0
28.48146,68.08495,305.95,0.6,0.7,2025-06-09,2209,N,VIIRS,n,2,294.07,1.03,N,0
28.64124,68.49451,312.67,0.63,0.72,2025-06-09,2209,N,VIIRS,n,2,294.65,2.44,N,0
28.64413,68.49797,308.93,0.62,0.72,2025-06-09,2209,N,VIIRS,n,2,294.99,1.7,N,0
27.93553,69.43627,336.35,0.42,0.61,2025-06-10,745,N,VIIRS,l,2,311.2,3.2,D,0
27.97724,67.59317,349.65,0.54,0.68,2025-06-10,745,N,VIIRS,n,2,306.88,4.32,D,0
27.97865,67.59859,336.18,0.54,0.68,2025-06-10,745,N,VIIRS,l,2,309.08,4.32,D,0
28.02236,68.37768,367.0,0.48,0.65,2025-06-10,745,N,VIIRS,h,2,308.69,6.51,D,0
28.02556,68.37853,352.53,0.48,0.65,2025-06-10,745,N,VIIRS,n,2,308.33,7.28,D,0
28.1357,67.75321,336.46,0.52,0.67,2025-06-10,745,N,VIIRS,l,2,309.28,1.15,D,0
28.21283,67.80382,339.9,0.52,0.67,2025-06-10,745,N,VIIRS,l,2,310.17,6.06,D,0
28.21418,67.80902,345.7,0.52,0.67,2025-06-10,745,N,VIIRS,n,2,310.49,6.8,D,0
28.21458,67.80718,352.21,0.52,0.67,2025-06-10,745,N,VIIRS,n,2,309.35,11.08,D,0
28.24125,69.41405,337.03,0.42,0.61,2025-06-10,745,N,VIIRS,l,2,310.79,6.4,D,0
28.25654,69.35504,340.48,0.42,0.61,2025-06-10,745,N,VIIRS,l,2,311.74,7.64,D,0
28.27292,67.96124,346.62,0.5,0.66,2025-06-10,745,N,VIIRS,n,2,310.37,7.38,D,0
28.27349,67.96266,367.0,0.5,0.66,2025-06-10,745,N,VIIRS,h,2,311.52,10.05,D,0
28.27421,67.96635,345.77,0.5,0.66,2025-06-10,745,N,VIIRS,n,2,310.78,9.03,D,0
28.35347,68.90232,342.97,0.44,0.63,2025-06-10,745,N,VIIRS,n,2,311.85,5.39,D,0
28.37346,68.66222,341.64,0.46,0.63,2025-06-10,745,N,VIIRS,l,2,312.33,12.4,D,0
28.3906,69.50278,339.94,0.41,0.6,2025-06-10,745,N,VIIRS,l,2,310.6,5.48,D,0
28.40977,68.06275,342.98,0.49,0.65,2025-06-10,745,N,VIIRS,n,2,311.65,5.8,D,0
28.42179,68.26981,349.92,0.48,0.65,2025-06-10,745,N,VIIRS,n,2,312.42,9.62,D,0
28.4627,68.26894,339.52,0.48,0.65,2025-06-10,745,N,VIIRS,l,2,312.38,4.84,D,0
27.0109,67.56892,339.44,0.46,0.64,2025-06-10,925,N,VIIRS,n,2,309.17,2.38,D,0
27.01125,67.57373,345.88,0.46,0.64,2025-06-10,925,N,VIIRS,n,2,309.37,4.44,D,0
27.85978,68.7513,335.19,0.56,0.69,2025-06-10,925,N,VIIRS,l,2,308.24,1.55,D,0
27.90238,67.55554,367.0,0.47,0.64,2025-06-10,925,N,VIIRS,h,2,309.92,10.86,D,0
27.9049,67.55746,349.13,0.47,0.64,2025-06-10,925,N,VIIRS,n,2,309.39,10.98,D,0
27.97334,67.58684,367.0,0.48,0.64,2025-06-10,925,N,VIIRS,h,2,305.55,14.33,D,0
27.97369,67.59181,347.2,0.48,0.64,2025-06-10,925,N,VIIRS,n,2,308.42,19.67,D,0
27.97936,67.58636,367.0,0.48,0.64,2025-06-10,925,N,VIIRS,h,2,306.15,14.33,D,0
27.9797,67.59135,367.0,0.48,0.64,2025-06-10,925,N,VIIRS,h,2,309.2,19.67,D,0
27.98005,67.59632,367.0,0.48,0.64,2025-06-10,925,N,VIIRS,h,2,309.96,19.67,D,0
27.9804,67.6013,350.68,0.48,0.64,2025-06-10,925,N,VIIRS,n,2,308.29,15.8,D,0
27.98086,67.58672,367.0,0.48,0.64,2025-06-10,925,N,VIIRS,h,2,307.37,24.21,D,0
27.98118,67.59169,367.0,0.48,0.64,2025-06-10,925,N,VIIRS,h,2,309.98,29.44,D,0
27.98149,67.59666,367.0,0.48,0.64,2025-06-10,925,N,VIIRS,h,2,309.88,29.44,D,0
27.9818,67.60165,342.8,0.48,0.64,2025-06-10,925,N,VIIRS,n,2,307.87,16.35,D,0
27.98607,67.59586,367.0,0.48,0.64,2025-06-10,925,N,VIIRS,h,2,306.6,16.41,D,0
28.17473,67.74129,340.95,0.49,0.65,2025-06-10,925,N,VIIRS,l,2,312.98,5.49,D,0
28.29894,68.14943,341.26,0.52,0.67,2025-06-10,925,N,VIIRS,l,2,313.55,9.96,D,0
28.3929,69.55694,343.61,0.63,0.72,2025-06-10,925,N,VIIRS,n,2,309.94,8.0,D,0
28.46927,68.92904,343.14,0.58,0.7,2025-06-10,925,N,VIIRS,n,2,310.92,10.45,D,0
28.49071,68.74011,344.15,0.56,0.69,2025-06-10,925,N,VIIRS,l,2,314.36,10.03,D,0
28.49103,68.74237,339.72,0.56,0.69,2025-06-10,925,N,VIIRS,l,2,313.93,11.21,D,0
28.61776,68.13422,357.73,0.52,0.67,2025-06-10,925,N,VIIRS,n,2,314.69,6.59,D,0
27.63869,67.82064,331.82,0.32,0.55,2025-06-10,2150,N,VIIRS,n,2,298.94,2.08,N,0
27.66244,67.87554,313.73,0.32,0.55,2025-06-10,2150,N,VIIRS,n,2,298.69,0.73,N,0
27.84547,68.54734,333.47,0.35,0.57,2025-06-10,2150,N,VIIRS,n,2,299.22,3.01,N,0
27.8463,68.54384,324.15,0.35,0.57,2025-06-10,2150,N,VIIRS,n,2,299.45,3.01,N,0
27.88127,68.06244,318.85,0.33,0.55,2025-06-10,2150,N,VIIRS,n,2,298.49,1.08,N,0
27.89884,68.205,313.91,0.33,0.55,2025-06-10,2150,N,VIIRS,n,2,298.92,0.84,N,0
27.929,67.71655,313.58,0.62,0.54,2025-06-10,2150,N,VIIRS,n,2,301.06,1.43,N,0
27.97245,67.57123,315.65,0.61,0.53,2025-06-10,2150,N,VIIRS,n,2,300.45,1.18,N,0
28.04546,68.30194,318.71,0.33,0.56,2025-06-10,2150,N,VIIRS,n,2,299.35,1.16,N,0
28.18193,68.68221,318.32,0.35,0.57,2025-06-10,2150,N,VIIRS,n,2,299.09,1.61,N,0
28.256,68.85612,310.78,0.36,0.57,2025-06-10,2150,N,VIIRS,n,2,298.31,0.65,N,0
28.32239,68.61904,312.13,0.34,0.56,2025-06-10,2150,N,VIIRS,n,2,299.29,0.6,N,0
28.33573,68.67911,318.36,0.35,0.56,2025-06-10,2150,N,VIIRS,n,2,298.98,2.04,N,0
28.33675,68.67873,317.96,0.35,0.56,2025-06-10,2150,N,VIIRS,n,2,299.32,1.9,N,0
28.3587,68.9981,310.19,0.36,0.57,2025-06-10,2150,N,VIIRS,n,2,298.4,0.7,N,0
28.36054,69.50932,309.74,0.39,0.59,2025-06-10,2150,N,VIIRS,n,2,297.42,0.95,N,0
28.36148,69.51011,323.21,0.39,0.59,2025-06-10,2150,N,VIIRS,n,2,297.77,1.29,N,0
28.36682,69.51178,314.57,0.39,0.59,2025-06-10,2150,N,VIIRS,n,2,297.4,1.29,N,0
28.36847,68.72965,313.2,0.35,0.57,2025-06-10,2150,N,VIIRS,n,2,299.24,2.01,N,0
28.40277,68.01905,314.77,0.63,0.54,2025-06-10,2150,N,VIIRS,n,2,300.86,4.0,N,0
28.40875,68.7902,310.29,0.35,0.57,2025-06-10,2150,N,VIIRS,n,2,298.68,0.65,N,0
28.4089,68.79115,311.95,0.35,0.57,2025-06-10,2150,N,VIIRS,n,2,298.91,0.64,N,0
28.42508,69.70022,310.09,0.4,0.6,2025-06-10,2150,N,VIIRS,n,2,298.44,1.09,N,2
28.45057,68.19683,309.58,0.32,0.55,2025-06-10,2150,N,VIIRS,n,2,299.51,0.29,N,0
28.45918,68.07002,314.7,0.63,0.54,2025-06-10,2150,N,VIIRS,n,2,300.27,1.77,N,0
28.45929,68.06997,316.69,0.63,0.54,2025-06-10,2150,N,VIIRS,n,2,300.28,1.73,N,0
28.45971,68.2485,310.73,0.32,0.55,2025-06-10,2150,N,VIIRS,n,2,300.04,0.7,N,0
28.4634,69.4483,308.99,0.38,0.59,2025-06-10,2150,N,VIIRS,n,2,298.19,2.0,N,0
28.46456,68.11446,312.25,0.32,0.54,2025-06-10,2150,N,VIIRS,n,2,299.17,0.62,N,0
28.46493,68.11458,314.97,0.32,0.54,2025-06-10,2150,N,VIIRS,n,2,299.48,0.69,N,0
28.46727,69.45137,322.92,0.38,0.59,2025-06-10,2150,N,VIIRS,n,2,298.22,1.74,N,0
28.4682,69.44749,312.29,0.38,0.59,2025-06-10,2150,N,VIIRS,n,2,297.71,1.74,N,0
28.46871,69.44995,335.34,0.38,0.59,2025-06-10,2150,N,VIIRS,n,2,298.79,2.0,N,0
28.47393,68.07438,313.01,0.63,0.54,2025-06-10,2150,N,VIIRS,n,2,300.45,1.16,N,0
28.47404,68.07436,314.66,0.63,0.54,2025-06-10,2150,N,VIIRS,n,2,300.59,2.33,N,0
28.49126,68.18114,316.3,0.32,0.55,2025-06-10,2150,N,VIIRS,n,2,300.63,0.65,N,0
28.49896,69.51348,310.33,0.38,0.59,2025-06-10,2150,N,VIIRS,n,2,298.29,0.77,N,0
28.51282,68.27141,320.84,0.32,0.55,2025-06-10,2150,N,VIIRS,n,2,299.84,1.49,N,0
28.51358,68.26812,313.61,0.32,0.55,2025-06-10,2150,N,VIIRS,n,2,299.82,1.74,N,0
28.56752,68.3015,315.47,0.33,0.55,2025-06-10,2150,N,VIIRS,n,2,300.17,0.87,N,0
28.59428,68.4626,325.01,0.33,0.55,2025-06-10,2150,N,VIIRS,n,2,300.48,1.46,N,0
28.59744,68.4615,310.5,0.33,0.55,2025-06-10,2150,N,VIIRS,n,2,299.98,1.61,N,0
26.7921,68.12943,334.83,0.51,0.49,2025-06-11,906,N,VIIRS,l,2,308.89,6.92,D,0
27.11839,67.84271,342.68,0.49,0.49,2025-06-11,906,N,VIIRS,l,2,317.42,12.81,D,0
27.56167,67.68407,367.0,0.49,0.49,2025-06-11,906,N,VIIRS,l,2,327.14,15.85,D,0
27.56218,67.68908,352.27,0.49,0.49,2025-06-11,906,N,VIIRS,n,2,320.62,12.52,D,0
27.56268,67.6941,356.38,0.49,0.49,2025-06-11,906,N,VIIRS,n,2,324.18,12.52,D,0
27.72963,67.88721,347.23,0.51,0.49,2025-06-11,906,N,VIIRS,l,2,321.03,6.12,D,0
27.85639,68.79438,340.11,0.58,0.52,2025-06-11,906,N,VIIRS,l,2,314.14,12.8,D,0
27.85947,67.65322,347.51,0.49,0.49,2025-06-11,906,N,VIIRS,l,2,320.91,1.77,D,0
28.04747,67.68877,346.05,0.5,0.49,2025-06-11,906,N,VIIRS,l,2,319.31,7.76,D,0
28.04799,67.69388,349.44,0.5,0.49,2025-06-11,906,N,VIIRS,l,2,323.42,7.76,D,0
28.0486,67.69186,367.0,0.5,0.49,2025-06-11,906,N,VIIRS,h,2,324.96,16.08,D,0
28.05252,67.69332,367.0,0.5,0.49,2025-06-11,906,N,VIIRS,l,2,325.82,7.76,D,0
28.05312,67.6913,367.0,0.5,0.49,2025-06-11,906,N,VIIRS,l,2,325.88,3.59,D,0
28.15902,67.74063,367.0,0.5,0.49,2025-06-11,906,N,VIIRS,l,2,326.0,1.54,D,0
28.16008,67.75095,367.0,0.5,0.49,2025-06-11,906,N,VIIRS,l,2,326.12,1.75,D,0
28.16357,67.74008,367.0,0.5,0.49,2025-06-11,906,N,VIIRS,l,2,326.69,1.54,D,0
28.1641,67.74524,351.62,0.5,0.49,2025-06-11,906,N,VIIRS,n,2,325.57,1.54,D,0
28.16463,67.75041,367.0,0.5,0.49,2025-06-11,906,N,VIIRS,l,2,326.24,1.75,D,0
28.16811,67.73952,367.0,0.5,0.49,2025-06-11,906,N,VIIRS,l,2,325.46,1.58,D,0
28.27538,68.02283,367.0,0.52,0.5,2025-06-11,906,N,VIIRS,l,2,325.05,4.02,D,0
28.27591,68.02822,367.0,0.52,0.5,2025-06-11,906,N,VIIRS,l,2,325.67,4.41,D,0
28.28055,68.02767,351.73,0.52,0.5,2025-06-11,906,N,VIIRS,l,2,325.42,4.41,D,0
28.30787,69.16567,339.67,0.61,0.54,2025-06-11,906,N,VIIRS,l,2,314.5,12.13,D,0
28.3102,69.01931,346.91,0.6,0.53,2025-06-11,906,N,VIIRS,l,2,318.68,18.72,D,0
28.34811,70.10063,345.12,0.35,0.57,2025-06-11,906,N,VIIRS,n,2,312.19,4.78,D,0
28.38175,69.43448,344.9,0.32,0.54,2025-06-11,906,N,VIIRS,n,2,314.69,7.57,D,0
28.41746,69.49113,339.44,0.32,0.55,2025-06-11,906,N,VIIRS,l,2,313.73,6.5,D,0
28.45353,68.62119,346.76,0.57,0.52,2025-06-11,906,N,VIIRS,l,2,319.65,20.47,D,0
28.48143,69.48598,340.54,0.32,0.55,2025-06-11,906,N,VIIRS,l,2,313.04,8.18,D,0
28.48624,69.4821,344.83,0.32,0.55,2025-06-11,906,N,VIIRS,n,2,312.71,7.37,D,0
27.96026,67.59369,334.02,0.5,0.41,2025-06-11,2131,N,VIIRS,n,2,300.23,4.27,N,0
28.05325,68.84641,335.54,0.38,0.43,2025-06-11,2131,N,VIIRS,n,2,301.34,1.77,N,0
28.05719,68.84742,323.2,0.38,0.43,2025-06-11,2131,N,VIIRS,n,2,301.63,1.77,N,0
28.10394,68.1917,312.94,0.53,0.42,2025-06-11,2131,N,VIIRS,n,2,301.21,1.44,N,0
28.15716,67.91263,311.6,0.51,0.41,2025-06-11,2131,N,VIIRS,n,2,298.83,1.38,N,0
28.21641,67.92878,317.57,0.51,0.41,2025-06-11,2131,N,VIIRS,n,2,299.96,1.09,N,0
28.22361,69.04715,317.01,0.39,0.44,2025-06-11,2131,N,VIIRS,n,2,300.38,1.28,N,0
28.25066,68.70515,324.63,0.56,0.43,2025-06-11,2131,N,VIIRS,n,2,300.92,3.91,N,0
28.32929,67.99057,311.16,0.51,0.41,2025-06-11,2131,N,VIIRS,n,2,299.87,1.3,N,0
28.34611,68.85599,322.07,0.57,0.43,2025-06-11,2131,N,VIIRS,n,2,301.68,3.59,N,0
28.34871,68.76072,314.96,0.56,0.43,2025-06-11,2131,N,VIIRS,n,2,300.25,1.17,N,0
28.38176,67.9006,319.55,0.51,0.41,2025-06-11,2131,N,VIIRS,n,2,299.37,1.21,N,0
28.39091,68.03463,324.37,0.52,0.41,2025-06-11,2131,N,VIIRS,n,2,301.4,3.11,N,0
28.39291,68.16722,316.07,0.52,0.42,2025-06-11,2131,N,VIIRS,n,2,299.98,1.41,N,0
28.4069,69.43502,319.65,0.41,0.45,2025-06-11,2131,N,VIIRS,n,2,300.34,1.5,N,0
28.40948,67.89832,311.01,0.51,0.41,2025-06-11,2131,N,VIIRS,n,2,300.24,2.14,N,0
28.41047,67.8932,322.35,0.51,0.41,2025-06-11,2131,N,VIIRS,n,2,300.32,2.14,N,0
28.41893,67.8899,333.68,0.51,0.41,2025-06-11,2131,N,VIIRS,n,2,300.91,4.83,N,0
28.4208,67.75536,309.57,0.5,0.41,2025-06-11,2131,N,VIIRS,n,2,297.99,0.94,N,0
28.42213,67.75217,311.17,0.5,0.41,2025-06-11,2131,N,VIIRS,n,2,298.89,0.77,N,0
28.42339,69.70104,316.19,0.42,0.45,2025-06-11,2131,N,VIIRS,n,2,301.48,1.45,N,2
28.42505,68.0212,322.1,0.51,0.41,2025-06-11,2131,N,VIIRS,n,2,300.94,1.59,N,0
28.42648,69.35842,311.65,0.4,0.44,2025-06-11,2131,N,VIIRS,n,2,300.33,4.24,N,0
28.42729,69.35435,339.42,0.4,0.44,2025-06-11,2131,N,VIIRS,n,2,301.51,4.24,N,0
28.4285,67.96232,312.49,0.51,0.41,2025-06-11,2131,N,VIIRS,n,2,299.57,0.67,N,0
28.42963,69.35752,340.15,0.4,0.44,2025-06-11,2131,N,VIIRS,n,2,302.12,7.31,N,0
28.43225,67.96323,313.35,0.51,0.41,2025-06-11,2131,N,VIIRS,n,2,300.46,0.67,N,0
28.44292,68.11328,310.2,0.52,0.41,2025-06-11,2131,N,VIIRS,n,2,299.82,0.85,N,0
28.44362,68.04762,320.12,0.52,0.41,2025-06-11,2131,N,VIIRS,n,2,300.37,2.25,N,0
28.44489,67.91778,315.47,0.51,0.41,2025-06-11,2131,N,VIIRS,n,2,300.85,1.4,N,0
28.44604,68.62011,316.93,0.55,0.43,2025-06-11,2131,N,VIIRS,n,2,300.98,1.14,N,0
28.45612,68.7722,327.5,0.56,0.43,2025-06-11,2131,N,VIIRS,n,2,301.44,4.02,N,0
28.46335,68.94238,320.66,0.57,0.43,2025-06-11,2131,N,VIIRS,n,2,300.12,1.93,N,0
28.46867,68.60832,313.37,0.55,0.43,2025-06-11,2131,N,VIIRS,n,2,300.62,0.92,N,0
28.4712,69.44567,320.43,0.41,0.45,2025-06-11,2131,N,VIIRS,n,2,300.68,1.65,N,0
28.48592,68.45662,315.71,0.54,0.42,2025-06-11,2131,N,VIIRS,n,2,301.67,1.41,N,0
28.49303,69.46435,311.27,0.41,0.45,2025-06-11,2131,N,VIIRS,n,2,300.55,1.39,N,0
26.91449,67.79981,317.63,0.53,0.42,2025-06-11,2132,N,VIIRS,n,2,300.85,1.44,N,0
27.73033,67.86106,313.91,0.52,0.41,2025-06-11,2132,N,VIIRS,n,2,300.69,1.04,N,0
28.32037,69.73785,338.45,0.53,0.42,2025-06-12,847,N,VIIRS,l,2,313.1,3.66,D,0
28.46093,69.22699,352.39,0.5,0.41,2025-06-12,847,N,VIIRS,n,2,324.38,12.08,D,0
28.4653,69.23154,367.0,0.5,0.41,2025-06-12,847,N,VIIRS,l,2,325.95,12.08,D,0
28.47231,69.22775,367.0,0.5,0.41,2025-06-12,847,N,VIIRS,l,2,326.05,16.99,D,0
28.47295,69.23286,367.0,0.5,0.41,2025-06-12,847,N,VIIRS,l,2,326.09,8.23,D,0
28.47359,69.238,367.0,0.5,0.41,2025-06-12,847,N,VIIRS,l,2,325.43,8.23,D,0
28.42356,69.70122,317.37,0.4,0.37,2025-06-12,2112,N,VIIRS,n,2,301.51,2.09,N,2
28.46801,69.60214,315.86,0.4,0.37,2025-06-12,2112,N,VIIRS,n,2,300.9,1.2,N,0
28.49081,69.52795,320.65,0.4,0.37,2025-06-12,2112,N,VIIRS,n,2,299.83,0.96,N,0
28.57789,68.49209,339.22,0.38,0.36,2025-06-12,2112,N,VIIRS,n,2,302.82,4.3,N,0
28.60713,68.37286,312.29,0.38,0.36,2025-06-12,2112,N,VIIRS,n,2,299.86,0.61,N,0
28.63477,68.43505,315.8,0.38,0.36,2025-06-12,2112,N,VIIRS,n,2,299.9,1.07,N,0
29.1691,67.63462,318.52,0.39,0.36,2025-06-12,2112,N,VIIRS,n,2,300.91,1.02,N,0
27.54647,67.98904,310.2,0.38,0.36,2025-06-12,2113,N,VIIRS,n,2,298.68,0.65,N,0
27.6982,67.90521,314.04,0.38,0.36,2025-06-12,2113,N,VIIRS,n,2,299.96,0.54,N,0
27.85169,68.47563,317.8,0.39,0.36,2025-06-12,2113,N,VIIRS,n,2,300.58,1.42,N,0
27.96692,67.857,312.1,0.38,0.36,2025-06-12,2113,N,VIIRS,n,2,300.61,0.68,N,0
28.01009,67.73312,325.07,0.38,0.36,2025-06-12,2113,N,VIIRS,n,2,300.91,1.59,N,0
28.0134,67.73377,317.06,0.38,0.36,2025-06-12,2113,N,VIIRS,n,2,300.88,1.59,N,0
28.10795,67.79944,325.46,0.38,0.36,2025-06-12,2113,N,VIIRS,n,2,301.75,1.97,N,0
28.12402,68.21527,311.45,0.38,0.36,2025-06-12,2113,N,VIIRS,n,2,299.05,0.75,N,0
28.15451,67.84783,326.82,0.38,0.36,2025-06-12,2113,N,VIIRS,n,2,301.68,1.68,N,0
28.20321,67.99417,320.53,0.38,0.36,2025-06-12,2113,N,VIIRS,n,2,302.13,1.96,N,0
28.20576,67.99418,313.01,0.38,0.36,2025-06-12,2113,N,VIIRS,n,2,302.22,0.94,N,0
28.22289,67.99358,324.09,0.38,0.36,2025-06-12,2113,N,VIIRS,n,2,301.29,2.03,N,0
28.23325,68.90632,311.45,0.39,0.36,2025-06-12,2113,N,VIIRS,n,2,299.13,1.67,N,0
28.23592,68.91094,328.79,0.39,0.36,2025-06-12,2113,N,VIIRS,n,2,299.68,4.68,N,0
28.23656,68.90701,332.02,0.39,0.36,2025-06-12,2113,N,VIIRS,n,2,301.14,4.68,N,0
28.25599,67.80312,327.6,0.38,0.36,2025-06-12,2113,N,VIIRS,n,2,300.81,1.18,N,0
28.2593,67.80378,312.51,0.38,0.36,2025-06-12,2113,N,VIIRS,n,2,299.6,1.18,N,0
28.30041,68.90687,324.79,0.39,0.36,2025-06-12,2113,N,VIIRS,n,2,299.98,2.19,N,0
28.30829,69.04703,320.89,0.39,0.36,2025-06-12,2113,N,VIIRS,n,2,299.21,1.02,N,0
28.32202,68.85852,327.32,0.39,0.36,2025-06-12,2113,N,VIIRS,n,2,301.34,2.78,N,0
28.32534,68.85921,315.43,0.39,0.36,2025-06-12,2113,N,VIIRS,n,2,300.59,1.47,N,0
28.34107,69.48478,318.42,0.4,0.37,2025-06-12,2113,N,VIIRS,n,2,299.89,1.1,N,0
28.34219,68.79778,323.3,0.39,0.36,2025-06-12,2113,N,VIIRS,n,2,300.82,1.72,N,0
28.35124,68.76318,314.63,0.39,0.36,2025-06-12,2113,N,VIIRS,n,2,301.14,0.85,N,0
28.35568,68.84116,322.19,0.39,0.36,2025-06-12,2113,N,VIIRS,n,2,301.1,1.3,N,0
28.37176,69.57036,320.71,0.4,0.37,2025-06-12,2113,N,VIIRS,n,2,299.98,1.15,N,0
28.39074,68.64583,334.63,0.39,0.36,2025-06-12,2113,N,VIIRS,n,2,302.43,2.82,N,0
28.39207,67.88956,311.46,0.38,0.36,2025-06-12,2113,N,VIIRS,n,2,300.18,0.99,N,0
28.39808,68.74855,339.23,0.39,0.36,2025-06-12,2113,N,VIIRS,n,2,301.73,2.58,N,0
28.3994,68.16364,311.7,0.38,0.36,2025-06-12,2113,N,VIIRS,n,2,299.18,0.39,N,0
28.40139,68.74924,310.98,0.39,0.36,2025-06-12,2113,N,VIIRS,n,2,300.72,2.58,N,0
28.40982,67.88503,313.45,0.38,0.36,2025-06-12,2113,N,VIIRS,n,2,299.97,0.46,N,0
28.42258,67.80291,314.45,0.38,0.36,2025-06-12,2113,N,VIIRS,n,2,300.27,0.74,N,0
28.42314,68.1644,328.57,0.38,0.36,2025-06-12,2113,N,VIIRS,n,2,300.07,2.3,N,0
28.43236,68.10586,332.64,0.38,0.36,2025-06-12,2113,N,VIIRS,n,2,299.37,2.06,N,0
28.44324,68.25305,309.09,0.38,0.36,2025-06-12,2113,N,VIIRS,n,2,299.07,0.52,N,0
28.45089,68.29087,311.29,0.38,0.36,2025-06-12,2113,N,VIIRS,n,2,299.67,0.66,N,0
28.51911,68.15858,336.63,0.38,0.36,2025-06-12,2113,N,VIIRS,n,2,301.3,5.23,N,0
26.21019,69.01151,340.79,0.39,0.36,2025-06-13,828,N,VIIRS,l,2,312.89,3.29,D,0
26.45624,68.2469,367.0,0.41,0.37,2025-06-13,828,N,VIIRS,h,2,333.7,0.0,D,0
26.45691,68.25097,356.81,0.41,0.37,2025-06-13,828,N,VIIRS,l,2,321.24,174.88,D,0
26.45963,68.24621,208.0,0.41,0.37,2025-06-13,828,N,VIIRS,l,2,323.91,0.0,D,0
28.29837,67.81413,352.76,0.41,0.37,2025-06-13,829,N,VIIRS,l,2,333.65,15.65,D,0
28.29905,67.81823,354.28,0.41,0.37,2025-06-13,829,N,VIIRS,l,2,331.48,36.92,D,0
28.29974,67.82233,367.0,0.41,0.37,2025-06-13,829,N,VIIRS,l,2,332.54,36.92,D,0
28.30175,67.8134,351.68,0.41,0.37,2025-06-13,829,N,VIIRS,l,2,333.32,15.65,D,0
28.30243,67.81751,367.0,0.41,0.37,2025-06-13,829,N,VIIRS,h,2,359.91,36.92,D,0
28.30312,67.82162,367.0,0.41,0.37,2025-06-13,829,N,VIIRS,l,2,326.47,36.92,D,0
28.30513,67.81268,367.0,0.41,0.37,2025-06-13,829,N,VIIRS,l,2,325.91,2.19,D,0
29.10279,69.35426,326.1,0.47,0.4,2025-06-13,2053,N,VIIRS,n,2,300.86,2.84,N,0
29.10404,69.34435,315.51,0.47,0.4,2025-06-13,2053,N,VIIRS,n,2,300.2,2.31,N,0
29.10769,69.34492,331.85,0.47,0.4,2025-06-13,2053,N,VIIRS,n,2,301.69,4.03,N,0
27.64336,67.76568,325.16,0.54,0.42,2025-06-13,2054,N,VIIRS,n,2,303.45,3.1,N,0
27.72703,67.86348,313.98,0.53,0.42,2025-06-13,2054,N,VIIRS,n,2,302.29,1.28,N,0
27.75612,68.01092,324.05,0.52,0.42,2025-06-13,2054,N,VIIRS,n,2,301.79,1.69,N,0
27.78979,67.96899,318.67,0.53,0.42,2025-06-13,2054,N,VIIRS,n,2,302.19,1.23,N,0
27.79365,67.9696,315.56,0.53,0.42,2025-06-13,2054,N,VIIRS,n,2,302.18,1.23,N,0
28.13842,67.80939,316.15,0.54,0.42,2025-06-13,2054,N,VIIRS,n,2,303.45,1.57,N,0
28.14233,67.81001,314.35,0.54,0.42,2025-06-13,2054,N,VIIRS,n,2,303.63,1.57,N,0
28.22153,68.33031,316.91,0.51,0.41,2025-06-13,2054,N,VIIRS,n,2,303.56,1.07,N,0
28.3367,68.66576,315.12,0.49,0.41,2025-06-13,2054,N,VIIRS,n,2,302.93,1.0,N,0
28.33681,68.6672,314.18,0.49,0.41,2025-06-13,2054,N,VIIRS,n,2,303.28,0.63,N,0
28.34403,69.0881,312.87,0.47,0.4,2025-06-13,2054,N,VIIRS,n,2,301.14,5.75,N,0
28.42365,69.70186,315.99,0.45,0.39,2025-06-13,2054,N,VIIRS,n,2,300.03,1.96,N,2
28.43108,68.04991,329.55,0.53,0.42,2025-06-13,2054,N,VIIRS,n,2,302.13,3.21,N,0
28.45743,68.28452,316.24,0.52,0.41,2025-06-13,2054,N,VIIRS,n,2,303.01,0.96,N,0
28.49071,68.14233,329.27,0.53,0.42,2025-06-13,2054,N,VIIRS,n,2,302.98,3.76,N,0
28.57896,68.34437,317.47,0.52,0.41,2025-06-13,2054,N,VIIRS,n,2,303.02,1.58,N,0
28.58097,68.34352,315.5,0.52,0.41,2025-06-13,2054,N,VIIRS,n,2,302.65,1.97,N,0
29.10308,69.35738,327.66,0.47,0.4,2025-06-13,2054,N,VIIRS,n,2,300.5,3.32,N,0
29.10502,69.34265,318.27,0.47,0.4,2025-06-13,2054,N,VIIRS,n,2,299.99,1.86,N,0
29.10802,69.34818,317.24,0.47,0.4,2025-06-13,2054,N,VIIRS,n,2,301.09,1.86,N,0
29.10867,69.34324,321.97,0.47,0.4,2025-06-13,2054,N,VIIRS,n,2,300.75,1.86,N,0
26.61792,68.33082,330.77,0.44,0.46,2025-06-14,809,N,VIIRS,n,2,299.64,1.55,D,0
26.86458,67.63524,345.32,0.48,0.48,2025-06-14,809,N,VIIRS,n,2,308.01,5.83,D,0
27.01138,67.8381,341.64,0.46,0.47,2025-06-14,809,N,VIIRS,n,2,308.67,5.97,D,0
27.42974,68.19754,339.77,0.43,0.46,2025-06-14,809,N,VIIRS,n,2,308.79,6.08,D,0
27.77354,68.61788,339.73,0.4,0.45,2025-06-14,810,N,VIIRS,n,2,309.33,5.54,D,0
27.83899,68.69077,340.71,0.4,0.44,2025-06-14,810,N,VIIRS,n,2,308.9,3.33,D,0
27.85532,68.62307,355.98,0.4,0.44,2025-06-14,810,N,VIIRS,n,2,306.8,6.73,D,0
27.91368,68.38816,341.98,0.41,0.45,2025-06-14,810,N,VIIRS,n,2,308.79,4.26,D,0
27.91951,68.46086,339.77,0.41,0.45,2025-06-14,810,N,VIIRS,l,2,310.42,7.74,D,0
27.9324,68.30045,336.41,0.42,0.45,2025-06-14,810,N,VIIRS,l,2,307.72,2.12,D,0
27.94249,68.32883,336.43,0.42,0.45,2025-06-14,810,N,VIIRS,l,2,306.95,2.73,D,0
27.94582,67.66182,344.82,0.45,0.47,2025-06-14,810,N,VIIRS,n,2,309.7,9.37,D,0
28.08214,68.5638,338.04,0.4,0.44,2025-06-14,810,N,VIIRS,l,2,310.79,3.53,D,0
28.08229,68.87988,338.94,0.39,0.44,2025-06-14,810,N,VIIRS,n,2,308.76,6.28,D,0
28.0831,68.56228,337.53,0.4,0.44,2025-06-14,810,N,VIIRS,l,2,310.76,3.5,D,0
28.09603,68.84367,343.45,0.39,0.44,2025-06-14,810,N,VIIRS,n,2,309.04,5.44,D,0
28.10538,68.44643,337.33,0.41,0.45,2025-06-14,810,N,VIIRS,l,2,310.62,4.51,D,0
28.10637,68.93913,346.03,0.38,0.43,2025-06-14,810,N,VIIRS,n,2,308.7,11.68,D,0
28.11254,68.86418,348.6,0.39,0.44,2025-06-14,810,N,VIIRS,n,2,309.11,6.76,D,0
28.14824,68.22153,345.53,0.42,0.45,2025-06-14,810,N,VIIRS,n,2,311.06,6.53,D,0
28.15362,68.94769,344.12,0.38,0.43,2025-06-14,810,N,VIIRS,n,2,309.29,4.62,D,0
28.16592,68.83545,345.03,0.39,0.44,2025-06-14,810,N,VIIRS,n,2,308.02,4.29,D,0
28.17394,68.3907,341.46,0.41,0.45,2025-06-14,810,N,VIIRS,n,2,310.58,4.48,D,0
28.19265,68.20579,336.88,0.42,0.45,2025-06-14,810,N,VIIRS,l,2,309.53,3.59,D,0
28.19646,68.31081,339.39,0.41,0.45,2025-06-14,810,N,VIIRS,l,2,310.24,3.67,D,0
28.20475,68.84219,338.18,0.39,0.44,2025-06-14,810,N,VIIRS,n,2,307.43,3.56,D,0
28.20753,68.21533,336.52,0.42,0.45,2025-06-14,810,N,VIIRS,l,2,308.4,2.74,D,0
28.21164,68.21429,342.6,0.42,0.45,2025-06-14,810,N,VIIRS,n,2,308.22,2.74,D,0
28.24034,67.40931,340.46,0.46,0.47,2025-06-14,810,N,VIIRS,n,2,309.99,4.83,D,0
28.24767,68.82739,340.84,0.39,0.44,2025-06-14,810,N,VIIRS,n,2,308.56,5.08,D,0
28.24895,68.82725,351.25,0.39,0.44,2025-06-14,810,N,VIIRS,n,2,308.98,7.71,D,0
28.29198,68.79192,345.65,0.39,0.44,2025-06-14,810,N,VIIRS,n,2,310.12,5.08,D,0
28.29311,68.94532,338.78,0.57,0.43,2025-06-14,810,N,VIIRS,n,2,308.06,9.7,D,0
28.29527,68.89322,340.66,0.38,0.43,2025-06-14,810,N,VIIRS,n,2,306.88,6.51,D,0
28.31385,68.83975,345.28,0.39,0.44,2025-06-14,810,N,VIIRS,n,2,310.6,9.05,D,0
28.32292,68.63045,338.02,0.4,0.44,2025-06-14,810,N,VIIRS,l,2,310.27,3.8,D,0
28.37465,67.95795,347.36,0.43,0.46,2025-06-14,810,N,VIIRS,n,2,310.47,7.97,D,0
28.41488,68.13702,345.76,0.42,0.45,2025-06-14,810,N,VIIRS,n,2,310.16,6.64,D,0
28.44904,68.12991,344.55,0.42,0.45,2025-06-14,810,N,VIIRS,n,2,309.36,5.15,D,0
28.47713,68.14052,338.23,0.42,0.45,2025-06-14,810,N,VIIRS,l,2,310.67,4.8,D,0
28.48333,69.44842,339.9,0.53,0.42,2025-06-14,810,N,VIIRS,n,2,305.85,1.18,D,0
28.4847,69.45103,338.39,0.53,0.42,2025-06-14,810,N,VIIRS,n,2,305.79,3.42,D,0
28.50907,67.80196,346.53,0.44,0.46,2025-06-14,810,N,VIIRS,n,2,310.69,2.33,D,0
28.5305,68.3631,338.95,0.41,0.45,2025-06-14,810,N,VIIRS,l,2,312.84,4.66,D,0
28.53636,68.04129,348.83,0.42,0.45,2025-06-14,810,N,VIIRS,n,2,313.36,5.81,D,0
28.55969,68.38148,342.26,0.4,0.45,2025-06-14,810,N,VIIRS,l,2,313.72,6.57,D,0
28.58479,68.35789,346.41,0.4,0.45,2025-06-14,810,N,VIIRS,n,2,313.64,5.77,D,0
28.5856,68.36199,345.27,0.4,0.45,2025-06-14,810,N,VIIRS,n,2,313.72,5.77,D,0
29.04702,67.49927,347.2,0.44,0.46,2025-06-14,810,N,VIIRS,n,2,311.8,8.78,D,0
27.25112,67.79304,309.87,0.34,0.56,2025-06-14,2035,N,VIIRS,n,2,294.09,2.68,N,0
27.87715,69.40565,306.58,0.54,0.51,2025-06-14,2035,N,VIIRS,n,2,293.13,7.54,N,0
28.20217,68.87285,309.37,0.59,0.53,2025-06-14,2035,N,VIIRS,n,2,294.26,0.75,N,0
28.22905,68.68743,341.69,0.61,0.53,2025-06-14,2035,N,VIIRS,n,2,294.55,20.06,N,0
28.26203,68.71052,320.55,0.61,0.53,2025-06-14,2035,N,VIIRS,n,2,294.01,14.47,N,0
28.26523,68.72995,326.53,0.6,0.53,2025-06-14,2035,N,VIIRS,n,2,294.04,6.94,N,0
28.27018,68.73054,308.85,0.6,0.53,2025-06-14,2035,N,VIIRS,n,2,293.5,6.94,N,0
28.27436,68.91934,307.55,0.59,0.53,2025-06-14,2035,N,VIIRS,n,2,294.09,9.52,N,0
28.31425,68.86214,309.81,0.59,0.53,2025-06-14,2035,N,VIIRS,n,2,294.59,13.03,N,0
28.42401,69.6973,309.47,0.53,0.5,2025-06-14,2035,N,VIIRS,n,2,295.14,1.95,N,0
28.48435,69.56435,331.04,0.54,0.51,2025-06-14,2035,N,VIIRS,n,2,295.55,4.3,N,0
28.4849,69.55872,321.12,0.54,0.51,2025-06-14,2035,N,VIIRS,n,2,295.15,4.3,N,0
27.72205,68.16818,351.21,0.41,0.61,2025-06-15,751,N,VIIRS,n,2,298.46,3.8,D,0
27.72303,68.17229,335.8,0.41,0.61,2025-06-15,751,N,VIIRS,n,2,298.75,3.8,D,0
27.84929,67.68545,339.91,0.43,0.62,2025-06-15,751,N,VIIRS,n,2,299.13,4.72,D,0
27.85122,67.68558,367.0,0.43,0.62,2025-06-15,751,N,VIIRS,h,2,300.64,5.41,D,0
27.85229,67.68993,335.0,0.43,0.62,2025-06-15,751,N,VIIRS,n,2,299.19,5.41,D,0
27.85489,67.68372,367.0,0.43,0.62,2025-06-15,751,N,VIIRS,h,2,300.1,9.92,D,0
27.85681,67.68388,337.24,0.43,0.62,2025-06-15,751,N,VIIRS,n,2,299.09,2.81,D,0
27.94255,68.39075,331.72,0.39,0.59,2025-06-15,751,N,VIIRS,n,2,298.9,1.33,D,0
28.13019,67.68261,337.35,0.43,0.62,2025-06-15,751,N,VIIRS,n,2,305.89,5.83,D,0
28.15375,68.52737,346.05,0.38,0.59,2025-06-15,751,N,VIIRS,n,2,298.67,2.12,D,0
28.15532,68.5283,354.86,0.38,0.59,2025-06-15,751,N,VIIRS,n,2,298.5,5.03,D,0
28.15906,68.52577,335.05,0.38,0.59,2025-06-15,751,N,VIIRS,n,2,298.33,2.12,D,0
28.24711,67.43685,339.86,0.44,0.62,2025-06-15,751,N,VIIRS,n,2,303.85,5.94,D,0
28.25584,68.36945,343.05,0.39,0.59,2025-06-15,751,N,VIIRS,n,2,295.7,4.4,D,0
28.26457,67.50707,338.67,0.43,0.62,2025-06-15,751,N,VIIRS,n,2,305.5,4.2,D,0
28.26566,67.51144,339.32,0.43,0.62,2025-06-15,751,N,VIIRS,n,2,304.87,4.2,D,0
28.28838,68.05193,342.9,0.4,0.6,2025-06-15,751,N,VIIRS,n,2,303.57,5.9,D,0
28.29973,68.0746,334.77,0.4,0.6,2025-06-15,751,N,VIIRS,n,2,302.58,2.27,D,0
28.36311,67.71304,338.88,0.42,0.61,2025-06-15,751,N,VIIRS,n,2,303.93,4.09,D,0
28.36726,67.9714,343.17,0.41,0.6,2025-06-15,751,N,VIIRS,n,2,302.96,3.75,D,0
28.36812,67.97076,339.76,0.41,0.6,2025-06-15,751,N,VIIRS,n,2,302.35,1.82,D,0
28.38745,68.63677,332.24,0.37,0.58,2025-06-15,751,N,VIIRS,n,2,297.71,2.07,D,0
28.43796,67.54724,349.21,0.43,0.62,2025-06-15,751,N,VIIRS,n,2,304.57,7.42,D,0
28.44247,67.5412,349.22,0.43,0.62,2025-06-15,751,N,VIIRS,n,2,304.02,11.64,D,0
28.44353,67.54553,367.0,0.43,0.62,2025-06-15,751,N,VIIRS,h,2,303.63,15.9,D,0
28.49728,67.9837,332.41,0.4,0.6,2025-06-15,751,N,VIIRS,n,2,301.6,2.32,D,0
28.50985,68.17775,334.69,0.39,0.59,2025-06-15,751,N,VIIRS,n,2,302.62,4.73,D,0
28.5101,68.17844,336.26,0.39,0.59,2025-06-15,751,N,VIIRS,n,2,303.22,3.2,D,0
29.14326,67.73673,341.19,0.4,0.6,2025-06-15,751,N,VIIRS,n,2,307.0,1.12,D,0
27.83079,67.63673,342.35,0.6,0.7,2025-06-15,931,N,VIIRS,n,2,297.37,7.24,D,0
27.83243,67.63846,340.77,0.59,0.7,2025-06-15,931,N,VIIRS,n,2,296.81,7.68,D,0
27.88605,67.67736,352.69,0.6,0.7,2025-06-15,931,N,VIIRS,n,2,298.79,6.37,D,0
28.30272,68.0715,340.91,0.64,0.72,2025-06-15,932,N,VIIRS,n,2,298.35,5.27,D,0
28.35541,68.69196,312.79,0.59,0.7,2025-06-15,2016,N,VIIRS,n,2,289.29,5.53,N,0
28.39774,68.03557,314.02,0.65,0.73,2025-06-15,2016,N,VIIRS,n,2,289.05,5.2,N,0
28.45092,68.23011,308.08,0.63,0.72,2025-06-15,2016,N,VIIRS,n,2,288.92,5.59,N,0
28.45524,68.23086,309.78,0.63,0.72,2025-06-15,2016,N,VIIRS,n,2,288.93,5.48,N,0
27.98938,68.25002,311.26,0.41,0.61,2025-06-15,2156,N,VIIRS,n,2,290.67,3.8,N,0
28.32117,68.61594,306.45,0.43,0.62,2025-06-15,2156,N,VIIRS,n,2,291.52,3.93,N,0
28.34794,67.98882,328.55,0.39,0.59,2025-06-15,2156,N,VIIRS,n,2,293.05,4.44,N,0
28.35001,68.30809,306.25,0.41,0.6,2025-06-15,2156,N,VIIRS,n,2,290.99,0.5,N,0
28.46291,68.22939,307.59,0.4,0.6,2025-06-15,2156,N,VIIRS,n,2,291.02,0.83,N,0
27.29773,67.93573,312.96,0.41,0.61,2025-06-15,2157,N,VIIRS,n,2,290.6,3.76,N,0
27.7851,67.97067,308.85,0.4,0.6,2025-06-15,2157,N,VIIRS,n,2,291.98,0.84,N,0
27.91866,68.2124,313.53,0.41,0.61,2025-06-15,2157,N,VIIRS,n,2,291.0,3.7,N,0
28.23535,68.05856,350.14,0.76,0.77,2025-06-16,732,N,VIIRS,n,2,293.95,14.92,D,0
28.23903,68.05641,350.08,0.75,0.77,2025-06-16,732,N,VIIRS,n,2,293.61,8.94,D,0
28.24726,68.15473,330.31,0.75,0.77,2025-06-16,732,N,VIIRS,n,2,292.55,2.78,D,0
28.25139,68.15221,332.96,0.74,0.76,2025-06-16,732,N,VIIRS,n,2,292.97,3.11,D,0
26.64036,68.23298,352.54,0.32,0.55,2025-06-16,912,N,VIIRS,n,2,301.86,4.58,D,0
26.8595,67.81607,339.07,0.61,0.53,2025-06-16,912,N,VIIRS,n,2,304.19,11.39,D,0
26.86027,67.81584,338.21,0.61,0.53,2025-06-16,912,N,VIIRS,n,2,303.91,11.46,D,0
27.30438,67.65246,338.42,0.6,0.53,2025-06-16,912,N,VIIRS,n,2,304.09,17.68,D,0
27.73947,68.23383,337.64,0.33,0.55,2025-06-16,912,N,VIIRS,n,2,302.53,2.56,D,0
27.75137,69.00885,339.33,0.37,0.58,2025-06-16,912,N,VIIRS,n,2,299.97,5.05,D,0
27.75659,67.98376,340.92,0.32,0.55,2025-06-16,912,N,VIIRS,n,2,304.0,4.27,D,0
27.77948,68.01142,337.5,0.32,0.55,2025-06-16,912,N,VIIRS,n,2,303.35,3.62,D,0
27.7985,68.17192,367.0,0.33,0.55,2025-06-16,912,N,VIIRS,h,2,303.42,7.26,D,0
27.85668,68.54622,346.74,0.35,0.56,2025-06-16,912,N,VIIRS,n,2,301.34,4.99,D,0
27.86032,68.27267,337.52,0.33,0.56,2025-06-16,912,N,VIIRS,n,2,304.57,3.9,D,0
27.8902,69.01491,367.0,0.37,0.58,2025-06-16,912,N,VIIRS,h,2,303.66,17.85,D,0
27.89051,69.01875,332.45,0.37,0.58,2025-06-16,912,N,VIIRS,n,2,300.18,13.01,D,0
27.96791,68.74535,338.53,0.36,0.57,2025-06-16,912,N,VIIRS,n,2,301.86,3.03,D,0
27.96822,68.74907,338.16,0.36,0.57,2025-06-16,912,N,VIIRS,n,2,302.17,3.03,D,0
28.10404,68.8527,338.24,0.36,0.58,2025-06-16,913,N,VIIRS,n,2,300.52,4.16,D,0
28.22868,68.19981,342.56,0.33,0.56,2025-06-16,913,N,VIIRS,n,2,304.64,3.67,D,0
28.29919,67.91148,336.35,0.32,0.55,2025-06-16,913,N,VIIRS,n,2,303.23,1.31,D,0
28.32109,67.9869,339.22,0.32,0.55,2025-06-16,913,N,VIIRS,n,2,304.73,3.52,D,0
28.32564,68.98479,339.08,0.37,0.58,2025-06-16,913,N,VIIRS,n,2,302.74,3.75,D,0
28.35345,68.90523,335.71,0.37,0.58,2025-06-16,913,N,VIIRS,n,2,302.99,4.02,D,0
28.36371,69.53973,336.38,0.4,0.6,2025-06-16,913,N,VIIRS,n,2,298.74,2.99,D,0
28.36437,67.97778,342.34,0.32,0.55,2025-06-16,913,N,VIIRS,n,2,306.27,5.68,D,0
28.36465,67.98116,340.68,0.32,0.55,2025-06-16,913,N,VIIRS,n,2,306.28,6.49,D,0
28.36676,67.97874,352.43,0.32,0.55,2025-06-16,913,N,VIIRS,n,2,307.24,5.8,D,0
28.39611,69.55568,337.68,0.41,0.6,2025-06-16,913,N,VIIRS,n,2,298.92,2.79,D,0
28.50587,67.97824,337.67,0.33,0.55,2025-06-16,913,N,VIIRS,n,2,306.95,11.64,D,0
28.5107,67.97432,340.92,0.33,0.55,2025-06-16,913,N,VIIRS,n,2,306.33,9.64,D,0
28.51099,67.9777,367.0,0.33,0.55,2025-06-16,913,N,VIIRS,h,2,309.19,11.64,D,0
28.5266,68.42432,341.21,0.35,0.56,2025-06-16,913,N,VIIRS,n,2,303.93,3.9,D,0
28.54262,69.65491,335.56,0.41,0.61,2025-06-16,913,N,VIIRS,n,2,298.61,1.8,D,0
26.8478,67.67722,335.78,0.42,0.45,2025-06-16,2138,N,VIIRS,n,2,280.34,4.69,N,0
27.82664,67.96478,314.26,0.42,0.45,2025-06-16,2138,N,VIIRS,n,2,283.74,5.22,N,0
28.031,68.6844,303.41,0.46,0.47,2025-06-16,2138,N,VIIRS,n,2,283.22,2.26,N,0
28.09851,68.70747,305.31,0.46,0.47,2025-06-16,2138,N,VIIRS,n,2,284.43,1.04,N,0
28.10028,68.70518,303.03,0.46,0.47,2025-06-16,2138,N,VIIRS,n,2,282.24,0.49,N,0
28.182,68.74677,309.31,0.46,0.47,2025-06-16,2138,N,VIIRS,n,2,289.51,2.45,N,0
28.30102,68.94138,308.5,0.47,0.48,2025-06-16,2138,N,VIIRS,n,2,289.25,2.38,N,0
28.39727,69.5341,313.31,0.51,0.49,2025-06-16,2138,N,VIIRS,n,2,288.08,3.64,N,0
28.40173,69.53535,336.93,0.51,0.49,2025-06-16,2138,N,VIIRS,n,2,289.09,3.64,N,0
28.47782,69.55796,317.94,0.5,0.49,2025-06-16,2138,N,VIIRS,n,2,289.39,4.2,N,0
28.5,69.47813,307.46,0.5,0.49,2025-06-16,2138,N,VIIRS,n,2,289.97,3.62,N,0
27.44327,68.19141,339.54,0.52,0.41,2025-06-17,853,N,VIIRS,n,2,307.2,7.41,D,0
27.4439,68.19669,339.17,0.52,0.41,2025-06-17,853,N,VIIRS,n,2,306.3,7.41,D,0
27.88462,68.60486,340.05,0.55,0.43,2025-06-17,854,N,VIIRS,n,2,307.71,11.89,D,0
27.89348,67.98064,341.82,0.51,0.41,2025-06-17,854,N,VIIRS,n,2,311.32,6.93,D,0
27.93199,67.57674,346.25,0.49,0.4,2025-06-17,854,N,VIIRS,n,2,313.59,4.34,D,0
27.93572,67.57616,345.7,0.49,0.4,2025-06-17,854,N,VIIRS,n,2,314.92,4.34,D,0
27.93605,68.23335,342.04,0.53,0.42,2025-06-17,854,N,VIIRS,n,2,310.09,4.72,D,0
27.94834,68.77513,340.38,0.56,0.43,2025-06-17,854,N,VIIRS,n,2,306.6,13.25,D,0
27.96073,67.74718,345.62,0.5,0.41,2025-06-17,854,N,VIIRS,n,2,314.77,6.15,D,0
27.97569,68.25812,340.63,0.53,0.42,2025-06-17,854,N,VIIRS,n,2,310.56,5.29,D,0
28.06125,67.72459,345.63,0.5,0.41,2025-06-17,854,N,VIIRS,n,2,313.76,5.14,D,0
28.07829,67.8952,345.65,0.51,0.41,2025-06-17,854,N,VIIRS,n,2,314.66,3.93,D,0
28.11661,68.11498,342.08,0.52,0.42,2025-06-17,854,N,VIIRS,n,2,309.06,4.5,D,0
28.14074,69.05694,337.15,0.39,0.44,2025-06-17,854,N,VIIRS,n,2,307.03,7.03,D,0
28.15396,68.118,342.86,0.52,0.42,2025-06-17,854,N,VIIRS,n,2,312.73,10.45,D,0
28.18416,68.01044,345.79,0.52,0.41,2025-06-17,854,N,VIIRS,n,2,311.13,2.71,D,0
28.19371,68.05766,340.68,0.52,0.42,2025-06-17,854,N,VIIRS,n,2,310.44,7.08,D,0
28.211,68.20275,339.55,0.53,0.42,2025-06-17,854,N,VIIRS,l,2,311.3,8.35,D,0
28.22581,68.19504,342.93,0.53,0.42,2025-06-17,854,N,VIIRS,n,2,310.45,7.94,D,0
28.26553,67.89346,341.23,0.51,0.41,2025-06-17,854,N,VIIRS,l,2,312.91,2.7,D,0
28.26996,67.89814,341.55,0.51,0.41,2025-06-17,854,N,VIIRS,l,2,312.93,2.95,D,0
28.27181,67.94605,345.2,0.52,0.41,2025-06-17,854,N,VIIRS,n,2,312.75,11.16,D,0
28.27252,67.85513,342.86,0.51,0.41,2025-06-17,854,N,VIIRS,l,2,314.0,11.41,D,0
28.30807,68.61899,346.56,0.56,0.43,2025-06-17,854,N,VIIRS,n,2,312.71,13.86,D,0
28.30864,67.89764,341.03,0.51,0.41,2025-06-17,854,N,VIIRS,l,2,311.79,7.66,D,0
28.3099,68.61634,345.62,0.56,0.43,2025-06-17,854,N,VIIRS,n,2,312.57,14.83,D,0
28.31181,67.89182,352.2,0.51,0.41,2025-06-17,854,N,VIIRS,n,2,312.71,7.66,D,0
28.31438,69.17313,337.82,0.4,0.44,2025-06-17,854,N,VIIRS,n,2,306.5,6.97,D,0
28.3249,67.94638,340.7,0.52,0.41,2025-06-17,854,N,VIIRS,n,2,309.97,8.62,D,0
28.32517,68.5735,348.73,0.56,0.43,2025-06-17,854,N,VIIRS,n,2,312.12,25.83,D,0
28.3265,67.94853,340.79,0.52,0.41,2025-06-17,854,N,VIIRS,n,2,310.41,7.01,D,0
28.335,69.39828,343.07,0.41,0.45,2025-06-17,854,N,VIIRS,n,2,309.47,6.81,D,0
28.34233,69.05363,343.82,0.39,0.44,2025-06-17,854,N,VIIRS,n,2,308.18,9.11,D,0
28.36814,67.95061,338.32,0.52,0.41,2025-06-17,854,N,VIIRS,l,2,310.63,6.56,D,0
28.38528,67.99667,345.83,0.52,0.41,2025-06-17,854,N,VIIRS,n,2,310.07,12.2,D,0
28.39232,67.79729,343.11,0.51,0.41,2025-06-17,854,N,VIIRS,l,2,313.33,11.14,D,0
28.39296,67.80248,345.46,0.51,0.41,2025-06-17,854,N,VIIRS,n,2,313.71,11.14,D,0
28.39489,69.51983,338.58,0.42,0.45,2025-06-17,854,N,VIIRS,n,2,307.88,7.21,D,0
28.39538,69.52026,338.16,0.42,0.45,2025-06-17,854,N,VIIRS,n,2,307.47,6.06,D,0
28.4627,68.41918,342.03,0.55,0.42,2025-06-17,854,N,VIIRS,n,2,312.02,13.98,D,0
28.46881,68.17065,341.72,0.53,0.42,2025-06-17,854,N,VIIRS,n,2,311.31,8.39,D,0
28.46919,68.16873,341.02,0.53,0.42,2025-06-17,854,N,VIIRS,n,2,310.96,8.26,D,0
28.5007,67.45773,346.01,0.49,0.4,2025-06-17,854,N,VIIRS,n,2,312.93,6.91,D,0
28.50443,67.45715,345.85,0.49,0.4,2025-06-17,854,N,VIIRS,l,2,315.99,6.91,D,0
28.50808,68.40515,341.49,0.55,0.42,2025-06-17,854,N,VIIRS,n,2,309.0,6.75,D,0
28.512,68.40457,339.52,0.55,0.42,2025-06-17,854,N,VIIRS,l,2,309.95,4.47,D,0
28.59716,68.07549,344.57,0.53,0.42,2025-06-17,854,N,VIIRS,l,2,315.69,18.15,D,0
27.22647,67.80806,307.97,0.4,0.37,2025-06-17,2119,N,VIIRS,n,2,290.06,5.76,N,0
27.22983,67.80877,343.43,0.4,0.37,2025-06-17,2119,N,VIIRS,n,2,292.27,5.76,N,0
27.26945,67.80056,311.19,0.4,0.37,2025-06-17,2119,N,VIIRS,n,2,291.15,1.81,N,0
27.79029,67.99686,316.44,0.4,0.37,2025-06-17,2119,N,VIIRS,n,2,295.06,1.27,N,0
27.90324,68.38603,319.86,0.41,0.37,2025-06-17,2119,N,VIIRS,n,2,292.03,1.18,N,0
27.91993,67.85272,325.69,0.4,0.37,2025-06-17,2119,N,VIIRS,n,2,295.33,1.71,N,0
27.92527,67.82073,332.58,0.4,0.37,2025-06-17,2119,N,VIIRS,n,2,297.21,2.78,N,0
28.10473,68.7617,308.45,0.42,0.37,2025-06-17,2119,N,VIIRS,n,2,293.69,0.85,N,0
28.10869,68.71906,304.94,0.41,0.37,2025-06-17,2119,N,VIIRS,n,2,289.36,0.3,N,0
28.10912,68.72084,308.52,0.41,0.37,2025-06-17,2119,N,VIIRS,n,2,289.71,0.49,N,0
28.11266,68.45432,313.83,0.41,0.37,2025-06-17,2119,N,VIIRS,n,2,291.15,1.08,N,0
28.1248,67.80341,313.48,0.39,0.37,2025-06-17,2119,N,VIIRS,n,2,299.2,0.69,N,0
28.13925,67.99184,335.25,0.4,0.37,2025-06-17,2119,N,VIIRS,n,2,297.71,2.52,N,0
28.1426,67.99256,321.82,0.4,0.37,2025-06-17,2119,N,VIIRS,n,2,297.39,2.52,N,0
28.15451,68.7205,310.72,0.41,0.37,2025-06-17,2119,N,VIIRS,n,2,290.39,0.33,N,0
28.15673,67.9706,319.27,0.4,0.37,2025-06-17,2119,N,VIIRS,n,2,296.65,1.23,N,0
28.16275,67.97605,324.91,0.4,0.37,2025-06-17,2119,N,VIIRS,n,2,296.56,2.15,N,0
28.1661,67.97678,326.2,0.4,0.37,2025-06-17,2119,N,VIIRS,n,2,296.42,2.15,N,0
28.19214,68.02824,319.99,0.4,0.37,2025-06-17,2119,N,VIIRS,n,2,297.55,1.72,N,0
28.19585,68.68626,315.86,0.41,0.37,2025-06-17,2119,N,VIIRS,n,2,294.94,1.32,N,0
28.21586,68.1618,308.95,0.4,0.37,2025-06-17,2119,N,VIIRS,n,2,296.37,0.77,N,0
28.29012,68.34172,313.86,0.4,0.37,2025-06-17,2119,N,VIIRS,n,2,296.64,0.48,N,0
28.31581,67.81667,319.77,0.39,0.36,2025-06-17,2119,N,VIIRS,n,2,298.84,1.4,N,0
28.31915,67.81738,323.84,0.39,0.36,2025-06-17,2119,N,VIIRS,n,2,299.66,1.4,N,0
28.32027,69.28185,315.57,0.43,0.38,2025-06-17,2119,N,VIIRS,n,2,294.92,1.37,N,0
28.3378,67.99567,311.98,0.4,0.37,2025-06-17,2119,N,VIIRS,n,2,297.39,0.75,N,0
28.36637,67.99691,310.22,0.4,0.37,2025-06-17,2119,N,VIIRS,n,2,297.87,0.48,N,0
28.39723,67.95776,317.88,0.4,0.37,2025-06-17,2119,N,VIIRS,n,2,297.87,1.06,N,0
28.39726,67.93698,321.06,0.4,0.37,2025-06-17,2119,N,VIIRS,n,2,297.65,1.83,N,0
28.40632,69.55302,329.68,0.44,0.38,2025-06-17,2119,N,VIIRS,n,2,294.35,4.58,N,0
28.40713,69.5486,328.41,0.44,0.38,2025-06-17,2119,N,VIIRS,n,2,293.89,5.45,N,0
28.42333,69.70094,313.59,0.44,0.39,2025-06-17,2119,N,VIIRS,n,2,295.49,1.41,N,2
28.42986,68.07319,315.24,0.4,0.37,2025-06-17,2119,N,VIIRS,n,2,296.95,1.18,N,0
28.45617,68.06927,309.01,0.4,0.37,2025-06-17,2119,N,VIIRS,n,2,296.92,0.53,N,0
28.46287,68.07072,308.69,0.4,0.37,2025-06-17,2119,N,VIIRS,n,2,297.42,0.62,N,0
28.49728,67.94896,312.59,0.4,0.37,2025-06-17,2119,N,VIIRS,n,2,297.24,0.77,N,0
28.57104,68.29848,325.83,0.4,0.37,2025-06-17,2119,N,VIIRS,n,2,297.84,1.54,N,0
28.5734,68.36671,320.11,0.4,0.37,2025-06-17,2119,N,VIIRS,n,2,298.99,1.0,N,0
28.64469,68.19944,317.29,0.4,0.37,2025-06-17,2119,N,VIIRS,n,2,299.27,1.29,N,0
28.66674,67.64509,312.44,0.39,0.36,2025-06-17,2119,N,VIIRS,n,2,298.61,1.0,N,0
28.14429,69.34135,353.58,0.39,0.36,2025-06-18,835,N,VIIRS,n,2,317.72,12.26,D,0
28.14763,69.34074,348.64,0.39,0.36,2025-06-18,835,N,VIIRS,n,2,318.06,14.84,D,0
28.1482,69.34473,345.44,0.39,0.36,2025-06-18,835,N,VIIRS,l,2,317.53,14.84,D,0
28.18708,67.79001,367.0,0.38,0.36,2025-06-18,835,N,VIIRS,l,2,325.8,17.11,D,0
28.18768,67.79391,353.82,0.38,0.36,2025-06-18,835,N,VIIRS,l,2,325.59,20.89,D,0
27.62658,68.19565,315.66,0.44,0.38,2025-06-18,2100,N,VIIRS,n,2,301.73,1.01,N,0
27.79758,67.99298,325.3,0.45,0.39,2025-06-18,2100,N,VIIRS,n,2,302.33,3.58,N,0
27.8461,68.16502,313.32,0.44,0.38,2025-06-18,2100,N,VIIRS,n,2,300.79,0.92,N,0
27.90661,67.62094,315.41,0.46,0.39,2025-06-18,2100,N,VIIRS,n,2,303.67,1.25,N,0
27.90699,68.14338,314.86,0.44,0.38,2025-06-18,2100,N,VIIRS,n,2,300.61,1.45,N,0
27.94413,68.05742,333.93,0.45,0.39,2025-06-18,2100,N,VIIRS,n,2,301.4,3.96,N,0
27.94626,68.05595,330.01,0.45,0.39,2025-06-18,2100,N,VIIRS,n,2,302.17,2.63,N,0
28.01974,68.3165,314.17,0.44,0.38,2025-06-18,2100,N,VIIRS,n,2,301.21,1.44,N,0
28.13775,68.23638,312.6,0.44,0.38,2025-06-18,2100,N,VIIRS,n,2,302.17,0.87,N,0
28.14363,68.24658,312.14,0.44,0.38,2025-06-18,2100,N,VIIRS,n,2,301.46,0.76,N,0
28.15449,68.01462,319.43,0.45,0.39,2025-06-18,2100,N,VIIRS,n,2,303.02,1.51,N,0
28.19487,68.79723,312.79,0.42,0.38,2025-06-18,2100,N,VIIRS,n,2,301.77,1.27,N,0
28.19546,68.79293,316.58,0.42,0.38,2025-06-18,2100,N,VIIRS,n,2,302.13,1.27,N,0
28.21369,68.71223,329.7,0.42,0.38,2025-06-18,2100,N,VIIRS,n,2,301.29,1.99,N,0
28.28026,68.8814,322.04,0.42,0.38,2025-06-18,2100,N,VIIRS,n,2,301.57,1.14,N,0
28.3025,68.79735,324.89,0.42,0.38,2025-06-18,2100,N,VIIRS,n,2,301.72,1.77,N,0
28.30328,68.47725,317.95,0.43,0.38,2025-06-18,2100,N,VIIRS,n,2,302.14,1.15,N,0
28.34476,68.20071,314.7,0.44,0.39,2025-06-18,2100,N,VIIRS,n,2,302.84,1.49,N,0
28.35702,68.00175,332.66,0.45,0.39,2025-06-18,2100,N,VIIRS,n,2,303.75,5.37,N,0
28.37477,68.03307,331.39,0.45,0.39,2025-06-18,2100,N,VIIRS,n,2,302.6,4.03,N,0
28.42552,69.70074,323.7,0.4,0.37,2025-06-18,2100,N,VIIRS,n,2,301.75,2.18,N,2
28.48199,69.55128,328.84,0.4,0.37,2025-06-18,2100,N,VIIRS,n,2,300.8,5.77,N,0
28.48538,69.55191,342.42,0.4,0.37,2025-06-18,2100,N,VIIRS,n,2,302.9,5.77,N,0
28.50497,67.95603,317.51,0.46,0.39,2025-06-18,2100,N,VIIRS,n,2,301.66,1.43,N,0
28.5382,67.8419,318.38,0.46,0.39,2025-06-18,2100,N,VIIRS,n,2,302.51,1.53,N,0
28.56022,68.30791,315.13,0.44,0.38,2025-06-18,2100,N,VIIRS,n,2,302.61,1.03,N,0
28.56231,68.31028,314.54,0.44,0.38,2025-06-18,2100,N,VIIRS,n,2,301.8,0.39,N,0
26.95225,67.82264,342.59,0.57,0.43,2025-06-19,816,N,VIIRS,l,2,316.68,13.54,D,0
27.6146,67.66868,354.31,0.57,0.43,2025-06-19,816,N,VIIRS,n,2,319.22,31.08,D,0
28.20554,68.8939,343.18,0.48,0.4,2025-06-19,816,N,VIIRS,l,2,318.04,1.88,D,0
28.07983,68.75712,311.39,0.48,0.48,2025-06-19,2041,N,VIIRS,n,2,299.99,0.92,N,0
28.424,69.69879,314.1,0.43,0.46,2025-06-19,2041,N,VIIRS,n,2,297.34,0.75,N,2
28.62306,68.10302,312.82,0.54,0.5,2025-06-19,2041,N,VIIRS,n,2,301.54,0.85,N,0
26.87598,67.7975,330.97,0.36,0.58,2025-06-20,757,N,VIIRS,n,2,293.68,1.29,D,0
27.51279,67.92424,341.37,0.34,0.56,2025-06-20,757,N,VIIRS,n,2,298.78,2.68,D,0
27.64251,67.72633,367.0,0.35,0.57,2025-06-20,757,N,VIIRS,h,2,297.3,8.78,D,0
27.64334,67.72985,352.26,0.35,0.57,2025-06-20,757,N,VIIRS,n,2,295.52,8.78,D,0
27.71227,68.02602,336.55,0.34,0.56,2025-06-20,757,N,VIIRS,n,2,296.39,0.83,D,0
27.74447,69.31709,330.94,0.56,0.52,2025-06-20,757,N,VIIRS,n,2,293.67,2.83,D,0
27.96853,68.27467,334.32,0.32,0.55,2025-06-20,757,N,VIIRS,n,2,299.93,1.18,D,0
27.98758,68.22241,337.81,0.32,0.55,2025-06-20,757,N,VIIRS,n,2,303.0,2.32,D,0
28.13888,67.90296,336.59,0.33,0.56,2025-06-20,757,N,VIIRS,n,2,303.1,1.8,D,0
28.23622,68.21185,334.49,0.32,0.55,2025-06-20,757,N,VIIRS,n,2,304.12,1.33,D,0
28.27382,68.33188,335.7,0.63,0.54,2025-06-20,757,N,VIIRS,n,2,303.74,4.26,D,0
28.27729,68.32415,335.48,0.63,0.54,2025-06-20,757,N,VIIRS,n,2,304.19,6.67,D,0
28.28864,67.91553,367.0,0.33,0.55,2025-06-20,757,N,VIIRS,h,2,309.07,11.58,D,0
28.2894,67.91885,338.15,0.33,0.55,2025-06-20,757,N,VIIRS,n,2,305.48,11.58,D,0
28.39462,68.65653,339.96,0.6,0.53,2025-06-20,757,N,VIIRS,n,2,300.27,7.44,D,0
28.39775,68.65775,345.15,0.6,0.53,2025-06-20,757,N,VIIRS,n,2,301.47,7.42,D,0
28.5143,68.37997,337.8,0.62,0.54,2025-06-20,757,N,VIIRS,n,2,304.73,4.16,D,0
28.51679,67.80051,339.61,0.33,0.55,2025-06-20,757,N,VIIRS,n,2,309.16,3.29,D,0
28.92472,67.65488,343.22,0.33,0.55,2025-06-20,757,N,VIIRS,n,2,309.17,2.0,D,0
28.92767,67.65488,347.14,0.33,0.55,2025-06-20,757,N,VIIRS,n,2,308.63,2.45,D,0
28.17385,67.98175,311.73,0.52,0.67,2025-06-20,2022,N,VIIRS,n,2,282.03,2.52,N,0
28.17721,67.98157,304.75,0.52,0.67,2025-06-20,2022,N,VIIRS,n,2,282.82,2.22,N,0
28.18038,68.62215,303.16,0.48,0.65,2025-06-20,2022,N,VIIRS,n,2,274.24,0.96,N,0
28.47751,68.40665,306.44,0.5,0.66,2025-06-20,2022,N,VIIRS,n,2,284.42,4.72,N,0
28.47758,68.40555,308.55,0.5,0.66,2025-06-20,2022,N,VIIRS,n,2,284.34,4.22,N,0
28.48371,68.40609,307.53,0.5,0.66,2025-06-20,2022,N,VIIRS,n,2,285.29,4.05,N,0
27.262,67.79652,306.59,0.5,0.66,2025-06-20,2203,N,VIIRS,n,2,280.07,1.04,N,0
27.2637,67.79565,304.53,0.5,0.66,2025-06-20,2203,N,VIIRS,n,2,280.61,0.89,N,0
26.24153,68.23686,351.7,0.4,0.6,2025-06-21,918,N,VIIRS,n,2,292.96,4.75,D,0
26.24282,68.23436,331.66,0.4,0.6,2025-06-21,918,N,VIIRS,n,2,292.51,4.02,D,0
26.24316,68.23845,354.02,0.4,0.6,2025-06-21,918,N,VIIRS,n,2,293.2,4.02,D,0
26.24712,68.23632,334.1,0.4,0.6,2025-06-21,918,N,VIIRS,n,2,292.06,4.75,D,0
27.53848,67.74167,337.66,0.38,0.59,2025-06-21,919,N,VIIRS,n,2,294.11,2.76,D,0
27.8376,67.96422,335.17,0.4,0.6,2025-06-21,919,N,VIIRS,n,2,302.71,1.52,D,0
27.84944,68.04717,348.02,0.4,0.6,2025-06-21,919,N,VIIRS,n,2,301.44,3.79,D,0
27.9352,68.32995,331.99,0.42,0.61,2025-06-21,919,N,VIIRS,n,2,300.7,2.62,D,0
28.27664,68.14085,334.93,0.41,0.61,2025-06-21,919,N,VIIRS,n,2,296.97,1.72,D,0
28.33926,67.78754,338.14,0.39,0.6,2025-06-21,919,N,VIIRS,n,2,305.53,4.17,D,0
28.61919,68.20182,340.52,0.42,0.61,2025-06-21,919,N,VIIRS,n,2,304.97,2.86,D,0
27.54235,68.11143,311.16,0.54,0.51,2025-06-21,2144,N,VIIRS,n,2,292.48,0.98,N,0
27.91381,68.39403,310.79,0.55,0.51,2025-06-21,2144,N,VIIRS,n,2,297.81,0.95,N,0
27.94076,68.36077,310.15,0.55,0.51,2025-06-21,2144,N,VIIRS,n,2,297.94,1.05,N,0
28.20774,68.14296,311.05,0.52,0.5,2025-06-21,2144,N,VIIRS,n,2,299.46,0.68,N,0
28.36981,68.18531,315.05,0.52,0.5,2025-06-21,2144,N,VIIRS,n,2,298.8,1.81,N,0
28.37103,68.18456,312.94,0.52,0.5,2025-06-21,2144,N,VIIRS,n,2,299.15,1.52,N,0
28.4061,67.90932,316.76,0.5,0.49,2025-06-21,2144,N,VIIRS,n,2,299.74,2.29,N,0
28.4286,68.20181,315.62,0.52,0.5,2025-06-21,2144,N,VIIRS,n,2,299.16,1.54,N,0
26.91958,67.81769,343.7,0.39,0.44,2025-06-22,900,N,VIIRS,n,2,311.25,6.58,D,0
27.08794,67.85609,344.09,0.4,0.44,2025-06-22,900,N,VIIRS,n,2,312.43,6.73,D,0
27.10252,67.72758,340.29,0.39,0.44,2025-06-22,900,N,VIIRS,l,2,310.91,5.41,D,0
27.14332,67.79514,346.12,0.4,0.44,2025-06-22,900,N,VIIRS,n,2,311.83,6.32,D,0
27.1945,67.7066,345.9,0.39,0.44,2025-06-22,900,N,VIIRS,n,2,312.66,3.31,D,0
27.21313,68.14175,336.99,0.42,0.45,2025-06-22,900,N,VIIRS,l,2,309.27,6.06,D,0
27.44283,68.13441,343.27,0.42,0.45,2025-06-22,900,N,VIIRS,n,2,306.53,4.86,D,0
27.66308,68.23725,330.68,0.43,0.46,2025-06-22,900,N,VIIRS,n,2,289.86,1.71,D,0
27.71294,68.3419,338.46,0.43,0.46,2025-06-22,900,N,VIIRS,n,2,291.36,3.35,D,0
27.71342,68.34633,335.5,0.43,0.46,2025-06-22,900,N,VIIRS,n,2,293.28,3.35,D,0
27.76919,68.07052,337.99,0.42,0.45,2025-06-22,900,N,VIIRS,n,2,300.68,2.76,D,0
27.55172,67.85671,304.4,0.44,0.39,2025-06-22,2125,N,VIIRS,n,2,271.21,0.66,N,0
27.55678,67.74723,304.88,0.44,0.38,2025-06-22,2125,N,VIIRS,n,2,280.43,0.63,N,0
27.98105,67.91399,310.05,0.44,0.38,2025-06-22,2125,N,VIIRS,n,2,280.33,0.78,N,0
28.18199,68.09045,299.81,0.44,0.39,2025-06-22,2125,N,VIIRS,n,2,272.09,0.54,N,0
28.39563,67.97243,308.13,0.44,0.38,2025-06-22,2125,N,VIIRS,n,2,278.03,0.85,N,0
27.52829,68.0033,340.59,0.39,0.36,2025-06-23,841,N,VIIRS,n,2,293.93,2.62,D,0
27.66088,68.24711,340.4,0.4,0.37,2025-06-23,841,N,VIIRS,n,2,295.11,2.91,D,0
27.67728,68.28976,340.89,0.4,0.37,2025-06-23,841,N,VIIRS,n,2,296.23,3.18,D,0
27.75562,68.10648,340.37,0.4,0.37,2025-06-23,841,N,VIIRS,n,2,301.71,5.46,D,0
27.89922,68.23436,342.36,0.4,0.37,2025-06-23,841,N,VIIRS,n,2,299.67,5.06,D,0
27.93442,68.61027,346.6,0.41,0.37,2025-06-23,841,N,VIIRS,n,2,294.31,5.2,D,0
27.9882,68.24853,338.24,0.4,0.37,2025-06-23,841,N,VIIRS,n,2,296.96,3.36,D,0
28.01007,68.76044,330.81,0.41,0.37,2025-06-23,841,N,VIIRS,n,2,289.47,1.85,D,0
28.05237,68.83926,339.59,0.41,0.37,2025-06-23,841,N,VIIRS,n,2,295.92,4.23,D,0
28.15974,68.8606,333.16,0.42,0.37,2025-06-23,841,N,VIIRS,n,2,293.58,2.1,D,0
28.19675,67.58195,367.0,0.39,0.36,2025-06-23,841,N,VIIRS,h,2,297.12,45.16,D,0
28.21575,68.7299,338.76,0.41,0.37,2025-06-23,841,N,VIIRS,n,2,294.18,2.15,D,0
28.29768,68.14459,336.63,0.4,0.37,2025-06-23,841,N,VIIRS,n,2,289.01,3.95,D,0
28.33857,67.81832,342.95,0.39,0.36,2025-06-23,841,N,VIIRS,n,2,304.99,4.56,D,0
28.35398,68.7029,335.93,0.41,0.37,2025-06-23,841,N,VIIRS,n,2,299.04,4.46,D,0
28.36146,67.81002,345.28,0.39,0.36,2025-06-23,841,N,VIIRS,n,2,306.54,6.31,D,0
28.36631,67.91648,338.13,0.4,0.37,2025-06-23,841,N,VIIRS,n,2,301.92,2.71,D,0
28.4561,68.08009,339.99,0.4,0.37,2025-06-23,841,N,VIIRS,n,2,303.21,4.8,D,0
28.13568,67.84187,312.36,0.4,0.37,2025-06-23,2106,N,VIIRS,n,2,293.96,3.67,N,0
28.40801,68.07855,309.91,0.4,0.37,2025-06-23,2106,N,VIIRS,n,2,290.37,2.07,N,0
28.49711,67.84885,311.92,0.45,0.47,2025-06-24,2047,N,VIIRS,n,2,298.09,1.73,N,0
28.10027,68.0127,309.41,0.43,0.46,2025-06-24,2048,N,VIIRS,n,2,285.38,1.91,N,0
28.40291,68.05771,310.66,0.43,0.46,2025-06-24,2048,N,VIIRS,n,2,293.85,4.96,N,0
28.40826,67.8474,310.66,0.44,0.46,2025-06-24,2048,N,VIIRS,n,2,291.78,3.55,N,0
27.05003,67.79424,339.97,0.58,0.52,2025-06-25,803,N,VIIRS,n,2,298.02,5.45,D,0
27.4152,68.03535,335.84,0.55,0.51,2025-06-25,803,N,VIIRS,n,2,294.19,3.19,D,0
27.51196,68.08806,330.04,0.54,0.51,2025-06-25,803,N,VIIRS,n,2,289.83,1.75,D,0
27.68626,68.16534,334.25,0.53,0.5,2025-06-25,803,N,VIIRS,n,2,291.22,2.77,D,0
27.74853,68.21367,339.82,0.53,0.5,2025-06-25,803,N,VIIRS,n,2,297.13,3.61,D,0
27.8715,69.22636,330.61,0.46,0.47,2025-06-25,803,N,VIIRS,n,2,299.39,1.77,D,0
27.94895,68.2819,334.73,0.52,0.5,2025-06-25,803,N,VIIRS,n,2,302.11,4.46,D,0
28.06086,68.64867,344.58,0.49,0.49,2025-06-25,803,N,VIIRS,n,2,305.23,7.8,D,0
28.09484,68.65528,340.14,0.49,0.49,2025-06-25,803,N,VIIRS,n,2,306.76,6.6,D,0
28.09588,68.66021,346.03,0.49,0.49,2025-06-25,803,N,VIIRS,n,2,306.58,7.39,D,0
28.19081,69.47889,333.38,0.44,0.46,2025-06-25,803,N,VIIRS,l,2,303.85,2.42,D,0
28.26546,69.5667,346.93,0.43,0.46,2025-06-25,803,N,VIIRS,n,2,304.23,6.5,D,0
28.25156,67.76139,351.43,0.55,0.51,2025-06-25,804,N,VIIRS,n,2,303.67,13.3,D,0
28.44336,69.25841,347.08,0.45,0.47,2025-06-25,804,N,VIIRS,n,2,306.76,10.27,D,0
28.61743,68.5168,338.85,0.49,0.48,2025-06-25,804,N,VIIRS,n,2,305.98,5.73,D,0
27.41558,67.89671,331.06,0.53,0.67,2025-06-26,745,N,VIIRS,n,2,290.48,1.95,D,0
28.26678,67.84272,348.96,0.51,0.66,2025-06-26,745,N,VIIRS,n,2,289.58,5.62,D,0
28.46484,67.98591,337.29,0.5,0.66,2025-06-26,745,N,VIIRS,n,2,287.19,5.61,D,0
28.46585,67.98744,335.18,0.5,0.66,2025-06-26,745,N,VIIRS,n,2,287.09,2.97,D,0
27.58594,67.79881,332.57,0.48,0.65,2025-06-26,925,N,VIIRS,n,2,291.24,2.38,D,0
27.31617,67.85302,337.78,0.5,0.49,2025-06-27,906,N,VIIRS,n,2,287.32,4.14,D,0
28.10261,67.63305,335.56,0.49,0.49,2025-06-27,906,N,VIIRS,n,2,284.9,3.68,D,0
28.24974,67.94413,352.13,0.51,0.5,2025-06-27,906,N,VIIRS,n,2,290.27,12.44,D,0
28.25702,67.93487,344.92,0.51,0.5,2025-06-27,906,N,VIIRS,n,2,289.77,8.9,D,0
28.25842,67.93771,343.47,0.51,0.5,2025-06-27,906,N,VIIRS,n,2,290.12,10.88,D,0
28.26355,67.94247,340.78,0.51,0.5,2025-06-27,906,N,VIIRS,n,2,291.37,8.38,D,0
28.26723,67.94439,346.26,0.51,0.5,2025-06-27,906,N,VIIRS,n,2,290.27,7.91,D,0
28.26951,67.82136,344.48,0.51,0.49,2025-06-27,906,N,VIIRS,n,2,288.69,5.71,D,0
28.27001,67.82659,341.26,0.51,0.49,2025-06-27,906,N,VIIRS,n,2,288.75,8.35,D,0
28.34656,68.18701,343.17,0.53,0.5,2025-06-27,906,N,VIIRS,n,2,289.91,6.18,D,0
28.38267,67.79446,334.81,0.51,0.49,2025-06-27,906,N,VIIRS,n,2,293.24,3.0,D,0
28.47483,67.83639,336.04,0.51,0.49,2025-06-27,906,N,VIIRS,n,2,291.79,4.27,D,0
28.17187,67.8666,298.36,0.51,0.41,2025-06-27,2132,N,VIIRS,n,2,265.5,0.73,N,0
26.85283,67.66979,336.47,0.42,0.38,2025-06-28,847,N,VIIRS,n,2,295.54,1.53,D,0
26.88856,67.66074,337.47,0.42,0.38,2025-06-28,847,N,VIIRS,n,2,294.73,4.81,D,0
26.92742,67.97678,335.1,0.43,0.38,2025-06-28,847,N,VIIRS,n,2,298.51,7.64,D,0
26.98159,67.65447,336.86,0.42,0.38,2025-06-28,847,N,VIIRS,n,2,294.33,1.38,D,0
27.12075,67.73137,337.93,0.42,0.38,2025-06-28,847,N,VIIRS,n,2,294.14,3.61,D,0
27.17349,67.63641,340.35,0.42,0.38,2025-06-28,847,N,VIIRS,n,2,298.07,11.3,D,0
27.17498,67.63539,341.95,0.42,0.38,2025-06-28,847,N,VIIRS,n,2,298.2,10.54,D,0
27.21015,67.77838,337.41,0.42,0.38,2025-06-28,847,N,VIIRS,n,2,297.29,5.69,D,0
27.2276,67.72296,341.17,0.42,0.38,2025-06-28,847,N,VIIRS,n,2,298.18,9.14,D,0
27.30588,67.85474,342.56,0.43,0.38,2025-06-28,847,N,VIIRS,n,2,297.06,7.87,D,0
27.3412,68.11678,336.56,0.44,0.38,2025-06-28,847,N,VIIRS,n,2,297.03,4.73,D,0
27.4573,68.18109,337.99,0.44,0.38,2025-06-28,847,N,VIIRS,n,2,297.77,6.29,D,0
27.52709,68.82693,330.7,0.47,0.4,2025-06-28,847,N,VIIRS,n,2,299.1,10.43,D,0
27.59552,67.87201,350.03,0.43,0.38,2025-06-28,847,N,VIIRS,n,2,295.72,7.14,D,0
27.59954,68.3165,335.96,0.45,0.39,2025-06-28,847,N,VIIRS,n,2,300.72,5.27,D,0
27.63939,67.95873,339.06,0.43,0.38,2025-06-28,847,N,VIIRS,n,2,294.24,7.5,D,0
27.64353,68.29082,354.08,0.45,0.39,2025-06-28,847,N,VIIRS,n,2,298.17,17.06,D,0
27.67026,68.14079,336.1,0.44,0.38,2025-06-28,847,N,VIIRS,n,2,296.67,6.58,D,0
27.67074,68.13931,336.13,0.44,0.38,2025-06-28,847,N,VIIRS,n,2,296.75,5.96,D,0
27.6925,67.84361,342.45,0.43,0.38,2025-06-28,847,N,VIIRS,n,2,299.74,12.93,D,0
27.72391,68.19156,337.09,0.44,0.39,2025-06-28,847,N,VIIRS,n,2,293.42,1.8,D,0
27.77006,68.3788,336.92,0.45,0.39,2025-06-28,847,N,VIIRS,n,2,298.29,7.83,D,0
27.77066,68.38339,340.67,0.45,0.39,2025-06-28,847,N,VIIRS,n,2,298.55,10.12,D,0
27.81659,68.24663,339.72,0.45,0.39,2025-06-28,847,N,VIIRS,n,2,297.25,7.63,D,0
27.9361,68.2248,335.06,0.45,0.39,2025-06-28,847,N,VIIRS,n,2,298.24,7.05,D,0
28.05142,68.51826,336.49,0.46,0.39,2025-06-28,847,N,VIIRS,n,2,297.18,6.79,D,0
28.06056,67.58625,344.91,0.42,0.38,2025-06-28,847,N,VIIRS,n,2,301.49,16.39,D,0
28.10464,67.7569,350.34,0.43,0.38,2025-06-28,847,N,VIIRS,n,2,301.39,16.26,D,0
28.24322,67.96577,342.29,0.44,0.38,2025-06-28,847,N,VIIRS,n,2,301.31,12.86,D,0
28.2438,67.97026,348.73,0.44,0.38,2025-06-28,847,N,VIIRS,n,2,301.49,15.68,D,0
28.2684,68.70835,338.42,0.47,0.4,2025-06-28,847,N,VIIRS,n,2,297.97,6.13,D,0
28.32938,68.60738,339.45,0.47,0.39,2025-06-28,847,N,VIIRS,n,2,299.75,14.7,D,0
28.45125,68.04989,339.29,0.44,0.39,2025-06-28,848,N,VIIRS,n,2,300.11,9.09,D,0
28.64344,70.05167,330.14,0.55,0.43,2025-06-28,848,N,VIIRS,n,2,298.23,5.3,D,0
27.29962,67.75482,308.84,0.38,0.36,2025-06-28,2113,N,VIIRS,n,2,291.82,0.86,N,0
27.79726,67.60534,326.71,0.39,0.36,2025-06-28,2113,N,VIIRS,n,2,291.9,2.29,N,0
28.17037,67.86369,333.5,0.38,0.36,2025-06-28,2113,N,VIIRS,n,2,291.27,4.47,N,0
28.27848,67.90807,336.93,0.38,0.36,2025-06-28,2113,N,VIIRS,n,2,288.18,2.59,N,0
28.42536,69.69984,314.17,0.4,0.37,2025-06-28,2113,N,VIIRS,n,2,294.59,1.16,N,2
26.99232,67.6702,338.53,0.42,0.38,2025-06-29,828,N,VIIRS,l,2,297.66,3.57,D,0
27.54201,67.83421,338.52,0.41,0.37,2025-06-29,828,N,VIIRS,l,2,300.15,9.07,D,0
27.85321,68.42203,340.58,0.4,0.37,2025-06-29,828,N,VIIRS,l,2,301.51,7.66,D,0
26.38651,69.03914,304.36,0.46,0.39,2025-06-29,2054,N,VIIRS,n,2,287.41,1.3,N,0
26.98178,67.83676,307.81,0.53,0.42,2025-06-29,2054,N,VIIRS,n,2,290.84,0.73,N,0
27.42626,67.80743,309.29,0.53,0.42,2025-06-29,2054,N,VIIRS,n,2,294.77,1.09,N,0
27.67767,68.34745,321.73,0.51,0.41,2025-06-29,2054,N,VIIRS,n,2,294.32,1.71,N,0
27.95261,67.65821,328.71,0.55,0.43,2025-06-29,2054,N,VIIRS,n,2,296.28,2.45,N,0
27.95328,67.65256,311.75,0.55,0.43,2025-06-29,2054,N,VIIRS,n,2,295.97,2.45,N,0
28.05205,68.69471,310.15,0.49,0.4,2025-06-29,2054,N,VIIRS,n,2,294.5,1.13,N,0
28.16182,67.76775,312.31,0.55,0.43,2025-06-29,2054,N,VIIRS,n,2,295.34,1.37,N,0
28.42632,69.70128,308.44,0.45,0.39,2025-06-29,2054,N,VIIRS,n,2,292.98,1.62,N,2
27.01932,67.79494,340.42,0.47,0.48,2025-06-30,810,N,VIIRS,n,2,297.31,3.29,D,0
27.02028,67.79961,333.97,0.47,0.47,2025-06-30,810,N,VIIRS,n,2,297.46,3.29,D,0
27.13295,67.81753,331.35,0.46,0.47,2025-06-30,810,N,VIIRS,n,2,295.54,1.49,D,0
27.14435,67.98325,333.68,0.45,0.47,2025-06-30,810,N,VIIRS,n,2,297.76,0.97,D,0
27.19424,67.87465,332.61,0.46,0.47,2025-06-30,810,N,VIIRS,n,2,296.35,2.71,D,0
27.19493,67.87125,335.11,0.46,0.47,2025-06-30,810,N,VIIRS,n,2,296.16,3.02,D,0
27.30876,67.78514,334.56,0.46,0.47,2025-06-30,810,N,VIIRS,n,2,295.66,2.87,D,0
27.38018,68.00156,335.24,0.45,0.47,2025-06-30,810,N,VIIRS,n,2,295.76,1.36,D,0
27.45855,68.23659,332.19,0.43,0.46,2025-06-30,810,N,VIIRS,n,2,297.35,3.41,D,0
27.50739,68.17506,334.5,0.43,0.46,2025-06-30,810,N,VIIRS,n,2,296.6,2.39,D,0
27.5381,67.98722,333.43,0.44,0.46,2025-06-30,810,N,VIIRS,n,2,295.71,1.57,D,0
27.55336,68.03947,339.66,0.44,0.46,2025-06-30,810,N,VIIRS,n,2,296.28,2.23,D,0
27.55488,68.03812,338.26,0.44,0.46,2025-06-30,810,N,VIIRS,n,2,296.11,3.29,D,0
27.61622,68.06533,331.93,0.44,0.46,2025-06-30,810,N,VIIRS,n,2,295.94,1.66,D,0
27.6679,68.21274,331.42,0.43,0.46,2025-06-30,810,N,VIIRS,n,2,296.88,1.41,D,0
27.69817,68.25233,332.8,0.43,0.46,2025-06-30,810,N,VIIRS,n,2,297.61,2.61,D,0
27.70081,68.26517,332.4,0.43,0.46,2025-06-30,810,N,VIIRS,n,2,297.2,2.33,D,0
27.71403,68.02877,338.93,0.44,0.46,2025-06-30,810,N,VIIRS,n,2,295.92,3.01,D,0
27.76945,68.10694,333.06,0.43,0.46,2025-06-30,810,N,VIIRS,n,2,295.69,2.29,D,0
27.84224,68.16664,334.78,0.43,0.46,2025-06-30,810,N,VIIRS,n,2,298.11,1.84,D,0
27.84834,68.19678,337.17,0.43,0.46,2025-06-30,810,N,VIIRS,n,2,297.36,3.38,D,0
27.85468,68.77364,335.47,0.4,0.44,2025-06-30,810,N,VIIRS,n,2,297.89,2.32,D,0
27.85801,68.15808,331.29,0.43,0.46,2025-06-30,810,N,VIIRS,n,2,297.18,1.82,D,0
27.88434,68.6096,332.36,0.4,0.45,2025-06-30,810,N,VIIRS,n,2,297.18,1.96,D,0
27.88591,68.6091,331.53,0.4,0.45,2025-06-30,810,N,VIIRS,n,2,297.29,1.76,D,0
27.91658,68.21101,331.22,0.43,0.46,2025-06-30,810,N,VIIRS,n,2,297.06,1.94,D,0
27.92532,68.34273,339.6,0.42,0.45,2025-06-30,810,N,VIIRS,n,2,296.33,3.41,D,0
28.00573,68.77365,334.6,0.39,0.44,2025-06-30,810,N,VIIRS,n,2,297.96,3.82,D,0
28.25558,68.65439,331.41,0.4,0.44,2025-06-30,810,N,VIIRS,n,2,295.48,1.51,D,0
28.34526,68.21332,337.74,0.42,0.45,2025-06-30,810,N,VIIRS,n,2,295.91,2.11,D,0
28.77183,67.93775,339.09,0.42,0.46,2025-06-30,810,N,VIIRS,n,2,298.99,5.0,D,0
28.77271,67.94205,337.11,0.42,0.46,2025-06-30,810,N,VIIRS,n,2,298.44,5.16,D,0
27.26728,67.97927,309.07,0.33,0.55,2025-06-30,2035,N,VIIRS,n,2,291.66,1.02,N,0
27.6487,68.29443,333.36,0.4,0.6,2025-07-01,751,N,VIIRS,n,2,294.17,1.82,D,0
27.0186,67.79744,303.82,0.41,0.6,2025-07-01,2157,N,VIIRS,n,2,284.86,0.56,N,0
27.73614,68.77783,330.92,0.71,0.75,2025-07-02,732,N,VIIRS,n,2,288.56,3.58,D,0
27.73818,68.77917,330.38,0.71,0.75,2025-07-02,732,N,VIIRS,n,2,288.82,3.73,D,0
28.22003,69.53194,339.47,0.63,0.72,2025-07-02,732,N,VIIRS,n,2,290.21,5.16,D,0
27.5843,68.0688,330.7,0.32,0.55,2025-07-02,913,N,VIIRS,n,2,278.43,2.37,D,0
27.61103,68.0227,340.29,0.32,0.54,2025-07-02,913,N,VIIRS,n,2,285.8,2.76,D,0
27.64713,68.02553,337.0,0.32,0.54,2025-07-02,913,N,VIIRS,n,2,290.13,2.16,D,0
27.83819,68.14353,334.34,0.33,0.55,2025-07-02,913,N,VIIRS,n,2,295.49,2.31,D,0
28.15628,68.03933,333.47,0.32,0.55,2025-07-02,913,N,VIIRS,n,2,298.29,1.47,D,0
28.45452,67.99699,343.51,0.32,0.55,2025-07-02,913,N,VIIRS,n,2,297.99,4.54,D,0
27.67393,67.894,300.09,0.42,0.45,2025-07-02,2138,N,VIIRS,n,2,261.67,4.28,N,0
28.42599,69.70213,308.34,0.51,0.5,2025-07-02,2138,N,VIIRS,n,2,292.01,3.7,N,2
27.31766,67.92085,340.73,0.5,0.41,2025-07-03,854,N,VIIRS,n,2,300.04,7.45,D,0
27.41918,67.93878,339.75,0.5,0.41,2025-07-03,854,N,VIIRS,n,2,298.22,6.17,D,0
27.48765,67.8714,337.9,0.5,0.41,2025-07-03,854,N,VIIRS,n,2,298.7,3.72,D,0
27.53572,67.91846,340.04,0.5,0.41,2025-07-03,854,N,VIIRS,n,2,298.72,7.58,D,0
27.54876,67.9949,338.78,0.51,0.41,2025-07-03,854,N,VIIRS,n,2,298.12,6.9,D,0
27.59673,68.10398,338.89,0.51,0.41,2025-07-03,854,N,VIIRS,n,2,299.08,6.88,D,0
27.61515,68.0959,339.81,0.51,0.41,2025-07-03,854,N,VIIRS,n,2,298.94,6.15,D,0
27.63413,68.10624,339.71,0.51,0.41,2025-07-03,854,N,VIIRS,n,2,296.22,2.3,D,0
27.6355,68.10351,338.27,0.51,0.41,2025-07-03,854,N,VIIRS,n,2,297.49,3.06,D,0
27.65978,68.53157,333.53,0.54,0.42,2025-07-03,854,N,VIIRS,n,2,292.34,33.47,D,0
27.66044,68.53709,337.95,0.54,0.42,2025-07-03,854,N,VIIRS,n,2,293.84,33.47,D,0
27.66434,68.53651,345.46,0.54,0.42,2025-07-03,854,N,VIIRS,n,2,296.77,33.47,D,0
27.85473,67.67609,339.64,0.49,0.4,2025-07-03,854,N,VIIRS,n,2,300.79,8.39,D,0
27.9203,68.38631,337.67,0.54,0.42,2025-07-03,854,N,VIIRS,n,2,297.21,4.91,D,0
27.96675,67.74382,341.65,0.5,0.41,2025-07-03,854,N,VIIRS,n,2,300.95,9.88,D,0
28.19046,68.14693,337.86,0.52,0.42,2025-07-03,854,N,VIIRS,n,2,293.8,2.29,D,0
28.72735,70.11069,331.41,0.45,0.47,2025-07-03,854,N,VIIRS,n,2,301.35,8.71,D,0
28.83793,70.32394,330.55,0.47,0.48,2025-07-03,854,N,VIIRS,l,2,301.65,6.34,D,0
27.39838,67.92367,318.56,0.4,0.37,2025-07-03,2119,N,VIIRS,n,2,288.91,3.67,N,0
27.45861,67.83966,310.14,0.4,0.37,2025-07-03,2119,N,VIIRS,n,2,291.9,2.54,N,0
27.54299,67.91562,307.32,0.4,0.37,2025-07-03,2119,N,VIIRS,n,2,286.69,1.45,N,0
27.93228,68.37531,296.99,0.41,0.37,2025-07-03,2119,N,VIIRS,n,2,269.48,0.77,N,0
28.05556,68.65773,313.38,0.41,0.37,2025-07-03,2119,N,VIIRS,n,2,279.46,1.01,N,0
28.29946,67.96556,321.75,0.4,0.37,2025-07-03,2119,N,VIIRS,n,2,292.05,5.04,N,0
28.43171,70.01144,331.95,0.41,0.37,2025-07-04,835,N,VIIRS,n,2,301.79,2.37,D,0
28.47772,69.83953,330.61,0.4,0.37,2025-07-04,835,N,VIIRS,l,2,302.86,3.97,D,0
28.52983,69.88931,330.96,0.4,0.37,2025-07-04,835,N,VIIRS,l,2,302.51,5.82,D,0
28.60399,69.97426,330.98,0.41,0.37,2025-07-04,835,N,VIIRS,l,2,303.35,4.18,D,0
28.64669,70.05636,331.7,0.41,0.37,2025-07-04,835,N,VIIRS,l,2,303.16,4.56,D,0
28.65751,70.05872,331.7,0.41,0.37,2025-07-04,835,N,VIIRS,l,2,303.86,4.54,D,0
28.6673,70.12997,331.28,0.41,0.37,2025-07-04,835,N,VIIRS,l,2,303.73,3.05,D,0
28.66788,70.13416,330.39,0.41,0.37,2025-07-04,835,N,VIIRS,l,2,303.28,3.05,D,0
28.76789,70.2298,330.73,0.41,0.37,2025-07-04,835,N,VIIRS,l,2,303.54,3.93,D,0
28.22297,69.4836,338.13,0.54,0.51,2025-07-06,757,N,VIIRS,n,2,278.1,7.92,D,0
28.42562,69.70111,307.53,0.52,0.41,2025-07-08,2125,N,VIIRS,n,2,285.76,1.81,N,2
27.3533,68.10792,334.37,0.39,0.36,2025-07-09,841,N,VIIRS,n,2,294.05,1.69,D,0
27.47614,68.03336,333.4,0.39,0.36,2025-07-09,841,N,VIIRS,n,2,292.03,1.47,D,0
27.63305,68.11153,332.36,0.4,0.37,2025-07-09,841,N,VIIRS,n,2,292.23,1.79,D,0
27.85196,68.15594,333.34,0.4,0.37,2025-07-09,841,N,VIIRS,n,2,291.98,2.17,D,0
27.85533,68.15533,331.79,0.4,0.37,2025-07-09,841,N,VIIRS,n,2,291.91,3.01,D,0
28.23709,67.77937,335.1,0.39,0.36,2025-07-09,841,N,VIIRS,n,2,296.39,1.85,D,0
28.30354,68.02711,337.13,0.4,0.37,2025-07-09,841,N,VIIRS,n,2,289.24,1.05,D,0
26.95444,67.80782,306.67,0.4,0.37,2025-07-09,2107,N,VIIRS,n,2,291.21,2.5,N,0
27.27616,67.65567,309.23,0.4,0.37,2025-07-09,2107,N,VIIRS,n,2,289.51,1.99,N,0
27.35368,68.08568,349.56,0.52,0.67,2025-07-12,745,N,VIIRS,n,2,276.9,7.32,D,0
28.14745,69.28424,331.15,0.43,0.62,2025-07-12,745,N,VIIRS,n,2,283.51,3.02,D,0
27.46396,67.6909,330.05,0.48,0.48,2025-07-13,906,N,VIIRS,n,2,299.54,1.2,D,0
27.57501,67.78516,341.79,0.49,0.49,2025-07-13,906,N,VIIRS,n,2,299.74,3.73,D,0
27.58352,68.1432,333.4,0.52,0.5,2025-07-13,906,N,VIIRS,n,2,299.48,2.75,D,0
27.63812,68.38493,332.81,0.54,0.5,2025-07-13,906,N,VIIRS,n,2,298.14,7.92,D,0
27.63864,68.39043,342.78,0.54,0.5,2025-07-13,906,N,VIIRS,n,2,298.66,7.92,D,0
27.67473,68.13448,332.19,0.52,0.5,2025-07-13,906,N,VIIRS,n,2,298.6,2.64,D,0
27.92972,68.05233,338.57,0.51,0.5,2025-07-13,906,N,VIIRS,n,2,299.43,3.76,D,0
28.13971,69.34721,331.61,0.62,0.54,2025-07-13,906,N,VIIRS,n,2,297.34,3.31,D,0
28.14472,69.34666,331.14,0.62,0.54,2025-07-13,906,N,VIIRS,n,2,296.56,3.31,D,0
28.42542,69.69978,310.25,0.42,0.45,2025-07-13,2131,N,VIIRS,n,2,295.35,1.12,N,2
27.37158,67.84328,336.42,0.43,0.38,2025-07-14,847,N,VIIRS,n,2,300.11,4.36,D,0
27.41492,68.06316,335.09,0.43,0.38,2025-07-14,847,N,VIIRS,n,2,298.54,2.79,D,0
27.42311,68.07079,335.56,0.43,0.38,2025-07-14,847,N,VIIRS,n,2,298.52,2.73,D,0
27.52319,67.98761,338.38,0.43,0.38,2025-07-14,847,N,VIIRS,n,2,295.95,3.41,D,0
27.54708,68.1143,332.28,0.44,0.38,2025-07-14,847,N,VIIRS,n,2,298.26,1.02,D,0
27.63831,68.04247,342.3,0.44,0.38,2025-07-14,847,N,VIIRS,n,2,302.83,5.87,D,0
27.6565,68.04398,335.69,0.44,0.38,2025-07-14,847,N,VIIRS,n,2,301.57,2.89,D,0
27.67293,68.11378,339.25,0.44,0.38,2025-07-14,847,N,VIIRS,n,2,299.38,2.01,D,0
27.8187,67.67073,341.29,0.42,0.38,2025-07-14,847,N,VIIRS,n,2,301.42,2.34,D,0
27.82217,67.67014,338.43,0.42,0.38,2025-07-14,847,N,VIIRS,n,2,298.86,2.34,D,0
28.22463,67.94172,305.62,0.38,0.36,2025-07-14,2113,N,VIIRS,n,2,290.28,1.18,N,0
28.3653,68.22603,311.97,0.52,0.42,2025-07-15,2054,N,VIIRS,n,2,291.29,1.19,N,0
28.42528,69.69878,317.4,0.45,0.39,2025-07-15,2054,N,VIIRS,n,2,292.51,2.19,N,2
27.62616,68.4634,335.19,0.42,0.45,2025-07-16,810,N,VIIRS,n,2,296.27,3.21,D,0
27.63028,68.46238,331.59,0.42,0.45,2025-07-16,810,N,VIIRS,n,2,297.33,3.44,D,0
27.85955,67.6455,343.44,0.46,0.47,2025-07-16,810,N,VIIRS,n,2,295.55,3.59,D,0
27.85956,67.64331,344.05,0.46,0.47,2025-07-16,810,N,VIIRS,n,2,295.25,5.31,D,0
27.88485,69.00278,340.71,0.39,0.44,2025-07-16,810,N,VIIRS,n,2,295.69,3.62,D,0
27.89947,69.26948,331.91,0.56,0.43,2025-07-16,810,N,VIIRS,n,2,297.25,2.03,D,0
27.98983,68.93985,335.76,0.39,0.44,2025-07-16,810,N,VIIRS,n,2,291.46,3.66,D,0
27.99059,68.94377,336.5,0.39,0.44,2025-07-16,810,N,VIIRS,n,2,292.51,3.66,D,0
28.49483,67.97404,331.15,0.41,0.6,2025-07-17,751,N,VIIRS,n,2,292.8,3.31,D,0
27.69832,67.63252,351.56,0.49,0.4,2025-07-19,854,N,VIIRS,n,2,305.11,19.16,D,0
27.70203,67.63194,348.25,0.49,0.4,2025-07-19,854,N,VIIRS,n,2,302.17,19.16,D,0
28.25279,67.98136,337.81,0.51,0.41,2025-07-19,854,N,VIIRS,n,2,300.14,6.89,D,0
28.28341,68.52044,340.05,0.55,0.42,2025-07-19,854,N,VIIRS,n,2,299.26,5.95,D,0
28.42343,69.70043,318.23,0.4,0.37,2025-07-20,2100,N,VIIRS,n,2,294.08,1.54,N,2
28.4268,69.70106,309.63,0.4,0.37,2025-07-20,2100,N,VIIRS,n,2,294.11,0.73,N,2
28.42378,69.69858,317.95,0.43,0.46,2025-07-21,2041,N,VIIRS,n,2,295.43,4.52,N,2
26.74878,67.80039,309.86,0.54,0.51,2025-07-21,2042,N,VIIRS,n,2,292.69,3.56,N,0
27.99212,68.97305,330.95,0.46,0.63,2025-07-23,919,N,VIIRS,n,2,287.94,2.81,D,0
27.22344,67.74493,333.29,0.39,0.44,2025-07-24,900,N,VIIRS,n,2,300.58,2.49,D,0
27.77723,67.59537,338.26,0.39,0.44,2025-07-24,900,N,VIIRS,n,2,301.65,5.03,D,0
27.95733,68.09847,331.04,0.42,0.45,2025-07-24,900,N,VIIRS,n,2,298.98,0.87,D,0
28.24636,69.57564,331.81,0.51,0.5,2025-07-24,900,N,VIIRS,n,2,297.78,2.36,D,0
27.9423,69.79964,339.18,0.44,0.39,2025-07-25,841,N,VIIRS,n,2,300.22,3.81,D,0
28.47655,67.8606,344.1,0.39,0.36,2025-07-25,841,N,VIIRS,n,2,302.75,6.87,D,0
28.47769,67.86073,342.17,0.39,0.36,2025-07-25,841,N,VIIRS,n,2,301.39,6.89,D,0
28.28074,67.46873,312.88,0.47,0.48,2025-07-26,2048,N,VIIRS,n,2,291.7,4.66,N,0
28.28162,67.47121,314.08,0.47,0.48,2025-07-26,2048,N,VIIRS,n,2,291.75,4.78,N,0
28.42512,69.69889,295.08,0.53,0.42,2025-07-26,2048,N,VIIRS,n,2,264.67,0.5,N,2
27.68152,69.5768,348.59,0.45,0.47,2025-07-27,803,N,VIIRS,n,2,297.99,14.19,D,0
28.17463,69.35703,341.72,0.45,0.47,2025-07-27,804,N,VIIRS,n,2,280.77,3.5,D,0
28.27135,68.09584,346.6,0.52,0.5,2025-07-29,906,N,VIIRS,n,2,304.98,5.74,D,0
27.97152,69.73309,311.82,0.42,0.46,2025-07-29,2132,N,VIIRS,n,2,290.95,1.48,N,0
26.23403,68.15483,338.73,0.43,0.38,2025-07-30,847,N,VIIRS,l,2,309.92,4.69,D,0
28.04868,68.01613,339.81,0.44,0.38,2025-07-30,848,N,VIIRS,n,2,304.52,6.5,D,0
28.20478,69.52109,350.53,0.51,0.41,2025-07-30,848,N,VIIRS,n,2,307.43,10.68,D,0
28.29797,67.86436,342.85,0.43,0.38,2025-07-30,848,N,VIIRS,n,2,311.63,8.71,D,0
28.49013,67.90677,343.22,0.44,0.38,2025-07-30,848,N,VIIRS,n,2,310.41,10.52,D,0
27.9917,68.07951,318.53,0.38,0.36,2025-07-30,2113,N,VIIRS,n,2,294.89,1.73,N,0
28.28214,67.47252,309.24,0.39,0.36,2025-07-30,2113,N,VIIRS,n,2,294.11,0.43,N,0
28.4244,69.69975,317.56,0.4,0.37,2025-07-30,2113,N,VIIRS,n,2,293.77,1.49,N,2
28.51846,67.90881,346.65,0.44,0.46,2025-08-01,810,N,VIIRS,n,2,301.08,6.77,D,0
28.13187,67.7627,332.82,0.43,0.62,2025-08-02,751,N,VIIRS,n,2,295.47,2.53,D,0
28.13294,67.76701,330.67,0.43,0.62,2025-08-02,751,N,VIIRS,n,2,295.13,3.63,D,0
26.79262,67.80431,340.08,0.48,0.4,2025-08-04,853,N,VIIRS,n,2,302.16,3.97,D,0
28.31577,68.42887,336.12,0.54,0.42,2025-08-04,854,N,VIIRS,n,2,303.09,5.95,D,0
28.31126,67.72375,307.83,0.39,0.36,2025-08-04,2119,N,VIIRS,n,2,290.53,1.83,N,0
28.42593,69.70129,312.86,0.44,0.38,2025-08-04,2119,N,VIIRS,n,2,295.73,2.39,N,2
27.98888,69.48891,345.8,0.39,0.36,2025-08-05,835,N,VIIRS,n,2,287.14,4.45,D,0
28.42301,69.70161,314.75,0.4,0.37,2025-08-05,2100,N,VIIRS,n,2,297.03,1.0,N,2
28.42639,69.70225,310.92,0.4,0.37,2025-08-05,2100,N,VIIRS,n,2,297.15,0.74,N,2
27.35079,67.58167,344.95,0.39,0.44,2025-08-06,816,N,VIIRS,n,2,305.85,9.43,D,0
27.71867,67.65631,339.14,0.57,0.43,2025-08-06,816,N,VIIRS,n,2,306.57,10.21,D,0
27.72262,67.65535,349.66,0.57,0.43,2025-08-06,816,N,VIIRS,n,2,305.75,10.21,D,0
28.17354,67.62124,338.78,0.57,0.43,2025-08-06,816,N,VIIRS,n,2,305.38,5.83,D,0
28.42546,69.70182,312.27,0.44,0.46,2025-08-06,2041,N,VIIRS,n,2,297.11,1.04,N,2
28.42612,69.70011,306.59,0.42,0.61,2025-08-07,2022,N,VIIRS,n,2,295.15,1.0,N,2
28.24276,67.84874,332.33,0.64,0.72,2025-08-08,739,N,VIIRS,n,2,296.23,1.91,D,0
27.98446,68.52615,337.97,0.43,0.62,2025-08-08,919,N,VIIRS,n,2,300.05,2.52,D,0
28.10004,67.73431,346.88,0.4,0.44,2025-08-09,900,N,VIIRS,n,2,309.08,10.4,D,0
28.42301,69.70204,309.25,0.51,0.41,2025-08-09,2125,N,VIIRS,n,2,297.22,4.81,N,2
28.42344,69.70053,312.0,0.51,0.41,2025-08-09,2125,N,VIIRS,n,2,297.29,5.28,N,2
26.62872,68.16217,340.89,0.39,0.36,2025-08-10,841,N,VIIRS,n,2,302.83,4.93,D,0
26.77638,68.28124,336.16,0.39,0.36,2025-08-10,841,N,VIIRS,n,2,305.24,5.2,D,0
26.896,68.19581,331.34,0.39,0.36,2025-08-10,841,N,VIIRS,l,2,302.51,1.11,D,0
27.06313,68.22288,338.23,0.39,0.36,2025-08-10,841,N,VIIRS,n,2,307.22,5.01,D,0
27.91657,67.56821,345.42,0.39,0.36,2025-08-10,841,N,VIIRS,n,2,314.64,12.53,D,0
28.01054,68.12132,339.49,0.4,0.37,2025-08-10,841,N,VIIRS,l,2,309.95,7.41,D,0
28.42508,69.70003,335.03,0.44,0.38,2025-08-10,841,N,VIIRS,l,2,305.88,3.75,D,2
28.42409,69.70134,322.07,0.38,0.36,2025-08-10,2106,N,VIIRS,n,2,297.23,1.57,N,2
28.28187,67.46969,313.84,0.42,0.38,2025-08-10,2107,N,VIIRS,n,2,298.77,0.79,N,0
28.42602,69.70038,303.66,0.34,0.56,2025-08-12,2029,N,VIIRS,n,2,283.85,0.69,N,2
28.425,69.70155,303.48,0.39,0.59,2025-08-13,2150,N,VIIRS,n,2,283.76,0.54,N,2
26.84352,69.36657,338.95,0.48,0.4,2025-08-15,847,N,VIIRS,n,2,294.77,8.9,D,0
27.14243,68.62354,330.42,0.45,0.39,2025-08-15,847,N,VIIRS,n,2,298.64,7.56,D,0
27.54008,67.67307,353.07,0.42,0.38,2025-08-15,847,N,VIIRS,n,2,299.32,8.67,D,0
27.80143,68.31814,336.63,0.44,0.39,2025-08-15,847,N,VIIRS,n,2,298.19,2.92,D,0
27.89421,67.58545,342.59,0.42,0.38,2025-08-15,847,N,VIIRS,n,2,299.63,8.99,D,0
28.02891,69.20739,295.39,0.39,0.36,2025-08-15,2113,N,VIIRS,n,2,284.23,2.43,N,0
28.25528,67.87875,337.72,0.45,0.47,2025-08-17,810,N,VIIRS,n,2,295.88,1.64,D,0
27.78382,67.75568,339.55,0.49,0.4,2025-08-20,854,N,VIIRS,n,2,296.25,6.42,D,0
28.23639,67.85471,337.87,0.5,0.41,2025-08-20,854,N,VIIRS,n,2,301.19,6.34,D,0
27.88066,69.00882,339.09,0.39,0.36,2025-08-21,835,N,VIIRS,n,2,298.77,4.35,D,0
27.88397,69.0082,339.48,0.39,0.36,2025-08-21,835,N,VIIRS,n,2,299.46,4.95,D,0
28.42422,69.69968,309.41,0.4,0.37,2025-08-21,2100,N,VIIRS,n,2,293.89,2.11,N,2
28.42327,69.70114,313.05,0.44,0.46,2025-08-22,2041,N,VIIRS,n,2,294.3,0.95,N,2
28.05068,69.36861,327.62,0.44,0.62,2025-08-23,2022,N,VIIRS,n,2,292.39,2.36,N,2
28.05099,69.364,310.82,0.44,0.63,2025-08-23,2022,N,VIIRS,n,2,292.64,2.9,N,2
28.42321,69.69946,305.08,0.43,0.62,2025-08-23,2022,N,VIIRS,n,2,287.7,0.62,N,2
28.05122,69.36695,336.92,0.44,0.62,2025-08-23,2023,N,VIIRS,n,2,292.6,3.62,N,2
26.75582,67.82089,333.3,0.39,0.44,2025-08-25,900,N,VIIRS,n,2,297.4,3.43,D,0
27.97551,69.00972,348.28,0.47,0.47,2025-08-25,900,N,VIIRS,n,2,296.12,10.93,D,0
28.42456,69.70235,312.05,0.51,0.41,2025-08-25,2125,N,VIIRS,n,2,293.01,4.13,N,2
26.82999,67.88949,334.56,0.39,0.36,2025-08-26,841,N,VIIRS,l,2,305.35,2.57,D,0
28.42308,69.70218,311.31,0.38,0.36,2025-08-26,2107,N,VIIRS,n,2,293.59,1.57,N,2
28.235,67.94654,335.47,0.43,0.38,2025-08-31,848,N,VIIRS,n,2,293.33,3.06,D,0
28.27987,67.4724,308.61,0.39,0.36,2025-08-31,2113,N,VIIRS,n,2,295.31,1.18,N,0
28.4237,69.7009,310.61,0.45,0.39,2025-09-01,2054,N,VIIRS,n,2,293.86,2.94,N,2
28.05922,67.61237,341.74,0.46,0.47,2025-09-02,810,N,VIIRS,n,2,303.76,4.78,D,0
28.06352,67.61124,346.97,0.46,0.47,2025-09-02,810,N,VIIRS,n,2,303.11,4.78,D,0
28.06447,67.6159,339.67,0.46,0.47,2025-09-02,810,N,VIIRS,n,2,303.03,4.78,D,0
28.42401,69.69742,306.11,0.54,0.51,2025-09-02,2035,N,VIIRS,n,2,292.24,3.59,N,2
28.42517,69.6981,307.88,0.54,0.51,2025-09-02,2035,N,VIIRS,n,2,292.54,4.49,N,2
26.31961,68.10162,336.61,0.62,0.54,2025-09-04,913,N,VIIRS,n,2,299.4,3.64,D,0
27.55422,69.32037,339.21,0.38,0.59,2025-09-04,913,N,VIIRS,n,2,297.34,2.71,D,0
28.42536,69.70011,310.84,0.51,0.49,2025-09-04,2138,N,VIIRS,n,2,293.63,4.64,N,2
27.53034,68.77592,334.11,0.55,0.43,2025-09-05,854,N,VIIRS,n,2,302.98,4.29,D,0
28.01572,67.6459,343.14,0.49,0.4,2025-09-05,854,N,VIIRS,n,2,305.98,10.86,D,0
28.42358,69.70232,317.83,0.44,0.38,2025-09-05,2119,N,VIIRS,n,2,295.67,1.38,N,2
27.55821,68.86062,336.57,0.39,0.36,2025-09-06,835,N,VIIRS,n,2,302.49,1.76,D,0
27.60635,69.13995,341.43,0.39,0.36,2025-09-06,835,N,VIIRS,n,2,305.82,6.98,D,0
28.35293,67.91725,342.96,0.38,0.36,2025-09-06,836,N,VIIRS,n,2,308.46,5.68,D,0
28.42614,69.70052,306.79,0.4,0.37,2025-09-06,2101,N,VIIRS,n,2,286.17,1.41,N,2
27.87624,67.58096,344.37,0.57,0.43,2025-09-07,817,N,VIIRS,n,2,295.86,14.88,D,0
28.42571,69.70049,304.6,0.63,0.54,2025-09-09,2145,N,VIIRS,n,2,290.41,1.4,N,2
28.42269,69.69914,306.01,0.52,0.41,2025-09-10,2126,N,VIIRS,n,2,294.46,1.61,N,2
28.42645,69.70007,306.4,0.52,0.41,2025-09-10,2126,N,VIIRS,n,2,294.48,1.55,N,2
27.34942,68.31153,331.42,0.4,0.37,2025-09-11,842,N,VIIRS,n,2,300.08,2.92,D,0
28.08653,70.30094,332.52,0.47,0.39,2025-09-11,842,N,VIIRS,l,2,302.82,2.41,D,0
28.08654,70.3025,333.6,0.47,0.39,2025-09-11,842,N,VIIRS,n,2,302.47,1.51,D,0
28.48364,67.90601,349.87,0.4,0.37,2025-09-11,842,N,VIIRS,n,2,304.23,5.51,D,0
28.42556,69.70097,321.74,0.38,0.36,2025-09-11,2107,N,VIIRS,n,2,296.08,3.14,N,2
28.42343,69.69877,308.04,0.53,0.42,2025-09-12,2048,N,VIIRS,n,2,296.82,1.96,N,2
28.04915,67.92292,330.64,0.55,0.51,2025-09-13,804,N,VIIRS,l,2,301.9,3.36,D,0
28.05268,69.36987,338.13,0.45,0.47,2025-09-13,804,N,VIIRS,n,2,303.79,4.5,D,2
28.46214,67.96167,344.61,0.53,0.5,2025-09-13,805,N,VIIRS,n,2,305.51,9.97,D,0
28.48214,67.85308,338.78,0.54,0.51,2025-09-13,805,N,VIIRS,n,2,304.61,5.05,D,0
28.42666,69.69794,311.73,0.33,0.56,2025-09-13,2029,N,VIIRS,n,2,295.75,1.05,N,2
27.19908,68.15321,333.57,0.53,0.67,2025-09-14,745,N,VIIRS,n,2,297.47,2.73,D,0
27.3129,68.96379,338.56,0.47,0.64,2025-09-14,745,N,VIIRS,n,2,299.19,6.34,D,0
27.91295,67.56619,339.19,0.42,0.38,2025-09-16,848,N,VIIRS,n,2,306.01,2.18,D,0
27.96742,67.75999,338.23,0.43,0.38,2025-09-16,848,N,VIIRS,n,2,307.62,2.59,D,0
28.24117,67.87483,340.44,0.43,0.38,2025-09-16,848,N,VIIRS,n,2,308.27,4.61,D,0
28.25976,67.96259,335.62,0.44,0.38,2025-09-16,848,N,VIIRS,l,2,308.12,2.64,D,0
28.49495,68.00472,337.65,0.44,0.38,2025-09-16,849,N,VIIRS,n,2,304.59,2.79,D,0
28.5866,68.75873,338.93,0.48,0.4,2025-09-16,849,N,VIIRS,n,2,306.44,6.15,D,0
28.42475,69.70187,313.87,0.4,0.37,2025-09-16,2114,N,VIIRS,n,2,297.06,0.78,N,2
27.98829,67.59475,346.96,0.41,0.37,2025-09-17,830,N,VIIRS,n,2,312.08,15.66,D,0
28.05341,69.36784,334.72,0.39,0.36,2025-09-17,830,N,VIIRS,n,2,302.85,3.1,D,2
28.13707,67.77019,349.53,0.41,0.37,2025-09-17,830,N,VIIRS,n,2,311.76,8.17,D,0
28.13777,67.77432,350.0,0.41,0.37,2025-09-17,830,N,VIIRS,n,2,311.43,8.17,D,0
26.85377,67.60764,332.46,0.46,0.64,2025-09-19,752,N,VIIRS,n,2,300.68,2.68,D,0
26.85491,67.61225,338.07,0.46,0.64,2025-09-19,752,N,VIIRS,n,2,301.08,3.33,D,0
26.85659,67.61075,349.62,0.46,0.64,2025-09-19,752,N,VIIRS,n,2,301.44,5.42,D,0
27.89676,67.60503,336.85,0.44,0.62,2025-09-19,752,N,VIIRS,n,2,301.91,3.99,D,0
27.95835,67.6098,331.18,0.44,0.62,2025-09-19,752,N,VIIRS,l,2,302.43,2.63,D,0
27.95905,67.61002,332.22,0.44,0.62,2025-09-19,752,N,VIIRS,l,2,302.53,1.73,D,0
26.23686,68.90911,312.33,0.55,0.68,2025-09-19,2018,N,VIIRS,n,2,295.08,1.83,N,0
26.23677,68.91134,309.4,0.49,0.65,2025-09-19,2158,N,VIIRS,n,2,294.16,1.16,N,0
26.32306,68.84412,304.27,0.48,0.65,2025-09-19,2158,N,VIIRS,n,2,294.14,0.51,N,0
28.30556,68.1058,336.52,0.33,0.55,2025-09-20,914,N,VIIRS,n,2,305.56,1.38,D,0
28.60674,68.63652,341.9,0.36,0.57,2025-09-20,914,N,VIIRS,n,2,309.05,2.07,D,0
26.23517,68.9127,320.1,0.51,0.49,2025-09-20,2139,N,VIIRS,n,2,296.55,2.26,N,0
26.56392,68.37424,337.83,0.52,0.41,2025-09-21,854,N,VIIRS,n,2,308.24,6.24,D,0
26.65072,67.89922,331.21,0.49,0.4,2025-09-21,854,N,VIIRS,l,2,305.77,2.66,D,0
27.3417,69.10384,342.52,0.38,0.43,2025-09-21,855,N,VIIRS,l,2,314.45,6.66,D,0
28.05822,67.70717,346.18,0.5,0.41,2025-09-21,855,N,VIIRS,n,2,309.47,10.91,D,0
28.4253,69.70115,317.94,0.44,0.38,2025-09-21,2120,N,VIIRS,n,2,298.78,1.75,N,2
26.2349,68.91281,321.95,0.44,0.38,2025-09-21,2121,N,VIIRS,n,2,296.61,2.19,N,0
26.32346,68.84493,311.97,0.43,0.38,2025-09-21,2121,N,VIIRS,n,2,296.1,0.76,N,0
26.45106,69.06562,312.11,0.44,0.38,2025-09-21,2121,N,VIIRS,n,2,296.07,1.79,N,0
26.45457,69.06641,329.41,0.44,0.38,2025-09-21,2121,N,VIIRS,n,2,297.26,1.79,N,0
26.45327,69.06497,346.98,0.39,0.36,2025-09-22,836,N,VIIRS,n,2,315.64,7.97,D,0
28.22666,67.81476,339.79,0.38,0.36,2025-09-22,836,N,VIIRS,n,2,308.76,2.89,D,0
28.42519,69.70206,336.01,0.4,0.37,2025-09-22,836,N,VIIRS,n,2,310.95,3.32,D,2
28.53357,68.06861,345.24,0.38,0.36,2025-09-22,836,N,VIIRS,n,2,310.57,4.54,D,0
28.42459,69.69814,314.97,0.4,0.37,2025-09-22,2101,N,VIIRS,n,2,298.29,1.03,N,2
26.23424,68.91291,326.51,0.41,0.37,2025-09-22,2102,N,VIIRS,n,2,296.78,1.6,N,0
28.42647,69.69978,310.37,0.43,0.46,2025-09-23,2042,N,VIIRS,n,2,297.67,1.33,N,2
26.23191,68.91316,310.44,0.45,0.47,2025-09-23,2043,N,VIIRS,n,2,295.88,1.74,N,0
26.23503,68.91138,324.29,0.45,0.47,2025-09-23,2043,N,VIIRS,n,2,296.36,2.59,N,0
26.23624,68.91376,307.22,0.45,0.47,2025-09-23,2043,N,VIIRS,n,2,296.49,1.74,N,0
27.75964,67.69376,346.77,0.35,0.57,2025-09-24,758,N,VIIRS,n,2,303.69,3.16,D,0
27.92696,67.56345,332.03,0.36,0.57,2025-09-24,758,N,VIIRS,l,2,303.31,0.86,D,0
28.00863,67.77589,335.5,0.34,0.56,2025-09-24,758,N,VIIRS,n,2,304.2,2.71,D,0
28.00909,67.7744,340.37,0.34,0.56,2025-09-24,759,N,VIIRS,n,2,304.43,3.82,D,0
28.47882,67.78789,341.92,0.34,0.56,2025-09-24,759,N,VIIRS,n,2,304.96,3.29,D,0
28.27975,67.46738,309.0,0.56,0.69,2025-09-24,2024,N,VIIRS,n,2,294.4,1.28,N,0
28.42731,69.69804,304.96,0.42,0.61,2025-09-24,2024,N,VIIRS,n,2,293.78,0.97,N,2
28.42385,69.70039,305.06,0.32,0.54,2025-09-25,2145,N,VIIRS,n,2,294.17,0.73,N,2
26.2331,68.91255,309.64,0.32,0.54,2025-09-25,2146,N,VIIRS,n,2,294.71,0.86,N,0
28.23065,67.80708,350.46,0.41,0.45,2025-09-26,901,N,VIIRS,n,2,307.45,5.37,D,0
26.23328,68.91393,308.41,0.51,0.41,2025-09-26,2127,N,VIIRS,n,2,295.88,1.16,N,0
27.42835,67.5108,340.21,0.39,0.36,2025-09-27,842,N,VIIRS,l,2,312.44,5.54,D,0
26.27169,68.93793,335.95,0.44,0.38,2025-09-28,823,N,VIIRS,l,2,306.39,8.07,D,0
26.40191,68.54236,337.08,0.45,0.39,2025-09-28,823,N,VIIRS,n,2,306.42,2.02,D,0
26.23547,68.90887,315.17,0.55,0.43,2025-09-28,2049,N,VIIRS,n,2,280.21,1.36,N,0
26.45439,69.06312,325.63,0.54,0.42,2025-09-28,2049,N,VIIRS,n,2,285.85,3.25,N,0
26.45491,69.0622,323.47,0.54,0.42,2025-09-28,2049,N,VIIRS,n,2,286.0,2.94,N,0
26.45512,69.0666,337.42,0.5,0.49,2025-09-29,804,N,VIIRS,n,2,296.32,4.19,D,0
28.42447,69.69903,313.28,0.33,0.55,2025-09-29,2030,N,VIIRS,n,2,295.52,1.09,N,2
26.2328,68.90971,302.43,0.35,0.57,2025-09-29,2031,N,VIIRS,n,2,277.53,0.28,N,0
28.36559,67.886,334.38,0.51,0.66,2025-09-30,746,N,VIIRS,n,2,301.71,3.17,D,0
28.36635,67.88552,334.56,0.51,0.66,2025-09-30,746,N,VIIRS,n,2,302.29,3.79,D,0
28.34528,67.75798,338.46,0.49,0.65,2025-09-30,927,N,VIIRS,n,2,302.85,2.45,D,0
26.67056,68.87654,309.46,0.7,0.75,2025-09-30,2012,N,VIIRS,n,2,289.1,1.61,N,0
28.42592,69.6994,308.87,0.39,0.6,2025-09-30,2151,N,VIIRS,n,2,295.33,1.49,N,2
26.67079,68.87901,315.08,0.39,0.59,2025-09-30,2152,N,VIIRS,n,2,292.26,0.7,N,0
28.42599,69.70157,310.94,0.4,0.6,2025-09-30,2152,N,VIIRS,n,2,295.4,1.8,N,2
27.30981,70.37717,337.8,0.36,0.57,2025-10-01,907,N,VIIRS,n,2,297.97,2.1,D,0
28.33188,67.9078,336.98,0.51,0.5,2025-10-01,908,N,VIIRS,l,2,308.59,3.76,D,0
28.47602,67.92263,335.38,0.52,0.5,2025-10-01,908,N,VIIRS,l,2,307.95,4.47,D,0
28.4249,69.70132,317.53,0.42,0.45,2025-10-01,2133,N,VIIRS,n,2,295.34,1.56,N,2
27.10542,67.61701,339.07,0.42,0.38,2025-10-02,849,N,VIIRS,l,2,313.11,3.23,D,0
27.57935,67.67142,344.48,0.42,0.38,2025-10-02,849,N,VIIRS,n,2,313.0,5.47,D,0
27.57992,67.67571,344.44,0.42,0.38,2025-10-02,849,N,VIIRS,n,2,313.98,5.47,D,0
28.42573,69.70188,324.15,0.4,0.37,2025-10-02,2114,N,VIIRS,n,2,297.18,1.53,N,2
28.33491,67.79452,340.49,0.41,0.37,2025-10-03,830,N,VIIRS,n,2,311.71,3.31,D,0
28.42627,69.69935,315.62,0.45,0.39,2025-10-03,2055,N,VIIRS,n,2,296.79,1.86,N,2
28.00078,67.60509,332.4,0.46,0.47,2025-10-04,811,N,VIIRS,l,2,302.77,0.51,D,0
28.01746,67.57647,339.37,0.46,0.47,2025-10-04,811,N,VIIRS,n,2,305.86,4.16,D,0
28.01925,67.57755,338.95,0.46,0.47,2025-10-04,811,N,VIIRS,n,2,305.58,3.25,D,0
28.42363,69.69658,308.88,0.53,0.5,2025-10-04,2036,N,VIIRS,n,2,295.69,2.55,N,2
27.88671,69.80087,327.28,0.52,0.5,2025-10-04,2037,N,VIIRS,n,2,295.94,2.51,N,0
27.95707,68.99825,334.11,0.36,0.57,2025-10-05,752,N,VIIRS,n,2,302.65,4.08,D,0
27.95792,69.00186,330.55,0.36,0.57,2025-10-05,752,N,VIIRS,l,2,301.31,3.35,D,0
26.4735,68.53077,330.29,0.53,0.42,2025-10-07,855,N,VIIRS,l,2,301.74,3.05,D,0
26.47413,68.53609,337.8,0.53,0.42,2025-10-07,855,N,VIIRS,n,2,302.7,3.05,D,0
26.47798,68.53551,338.2,0.53,0.42,2025-10-07,855,N,VIIRS,n,2,303.92,6.23,D,0
28.42418,69.70095,312.63,0.44,0.39,2025-10-07,2120,N,VIIRS,n,2,292.04,1.32,N,2
26.45199,69.06726,340.07,0.39,0.36,2025-10-08,836,N,VIIRS,n,2,307.98,3.51,D,0
27.85302,67.90947,330.66,0.38,0.36,2025-10-08,836,N,VIIRS,l,2,302.9,1.81,D,0
27.88941,67.59731,334.52,0.39,0.36,2025-10-08,836,N,VIIRS,l,2,305.84,1.99,D,0
28.02663,67.61112,330.98,0.39,0.36,2025-10-08,836,N,VIIRS,l,2,303.43,2.61,D,0
28.16252,69.48294,333.42,0.4,0.37,2025-10-08,836,N,VIIRS,n,2,300.82,1.8,D,0
28.49707,67.5182,340.97,0.39,0.36,2025-10-08,837,N,VIIRS,n,2,305.9,3.35,D,0
28.85667,67.43011,330.28,0.39,0.36,2025-10-08,837,N,VIIRS,l,2,304.82,1.51,D,0
26.45148,69.06361,316.61,0.4,0.37,2025-10-08,2102,N,VIIRS,n,2,292.3,1.3,N,0
26.45487,69.06422,327.55,0.4,0.37,2025-10-08,2102,N,VIIRS,n,2,293.0,1.98,N,0
27.06093,67.92744,303.89,0.44,0.39,2025-10-08,2102,N,VIIRS,n,2,293.17,0.59,N,0
28.42562,69.70134,316.23,0.4,0.37,2025-10-08,2102,N,VIIRS,n,2,293.44,1.66,N,2
26.87789,68.93896,337.39,0.5,0.41,2025-10-09,817,N,VIIRS,n,2,305.29,3.07,D,0
27.34158,69.12151,333.73,0.48,0.4,2025-10-09,817,N,VIIRS,l,2,307.11,2.07,D,0
27.34238,69.11921,333.82,0.48,0.4,2025-10-09,817,N,VIIRS,l,2,307.39,1.46,D,0
28.0039,68.99831,334.49,0.48,0.4,2025-10-09,818,N,VIIRS,l,2,305.53,3.86,D,0
28.42901,70.29904,330.61,0.42,0.38,2025-10-09,818,N,VIIRS,l,2,303.04,0.75,D,0
28.47651,70.05539,335.33,0.43,0.38,2025-10-09,818,N,VIIRS,n,2,304.87,2.92,D,0
28.42471,69.69781,313.08,0.43,0.46,2025-10-09,2043,N,VIIRS,n,2,293.43,1.03,N,0
26.22504,68.55872,334.5,0.34,0.56,2025-10-10,758,N,VIIRS,n,2,302.07,2.81,D,0
27.52483,68.33746,331.82,0.32,0.55,2025-10-10,759,N,VIIRS,n,2,299.71,2.5,D,0
27.52558,68.3407,338.45,0.32,0.55,2025-10-10,759,N,VIIRS,n,2,300.66,2.5,D,0
28.05301,67.92361,337.77,0.33,0.56,2025-10-10,759,N,VIIRS,n,2,302.6,2.7,D,0
28.11294,67.60834,331.9,0.35,0.57,2025-10-10,759,N,VIIRS,l,2,303.23,2.51,D,0
28.11353,67.61054,355.39,0.35,0.57,2025-10-10,759,N,VIIRS,n,2,304.81,4.09,D,0
28.11374,67.61185,345.84,0.35,0.57,2025-10-10,759,N,VIIRS,n,2,304.34,2.51,D,0
28.13053,67.7806,367.0,0.34,0.56,2025-10-10,759,N,VIIRS,h,2,304.94,4.98,D,0
28.13131,67.78402,340.72,0.34,0.56,2025-10-10,759,N,VIIRS,n,2,304.33,4.98,D,0
28.42679,69.69781,305.53,0.41,0.61,2025-10-10,2024,N,VIIRS,n,2,292.57,0.75,N,0
26.26757,68.80248,316.58,0.45,0.63,2025-10-10,2025,N,VIIRS,n,2,291.93,2.11,N,0
27.40257,69.14758,331.73,0.47,0.64,2025-10-11,920,N,VIIRS,l,2,306.34,1.05,D,0
28.42448,69.7002,316.11,0.32,0.55,2025-10-11,2146,N,VIIRS,n,2,294.26,1.14,N,2
27.12505,68.24121,335.97,0.42,0.45,2025-10-12,901,N,VIIRS,n,2,308.8,2.31,D,0
27.47964,68.43683,335.49,0.44,0.46,2025-10-12,901,N,VIIRS,n,2,303.44,3.04,D,0
27.95605,67.61249,343.64,0.4,0.44,2025-10-12,902,N,VIIRS,n,2,313.41,3.19,D,0
27.96014,67.61192,339.09,0.4,0.44,2025-10-12,902,N,VIIRS,l,2,313.61,2.45,D,0
28.22722,67.80397,344.17,0.41,0.45,2025-10-12,902,N,VIIRS,n,2,314.32,5.81,D,0
28.25597,68.11424,343.53,0.43,0.46,2025-10-12,902,N,VIIRS,n,2,312.38,6.39,D,0
28.26585,68.0862,344.41,0.43,0.46,2025-10-12,902,N,VIIRS,l,2,314.44,6.04,D,0
28.27063,67.59129,337.46,0.4,0.44,2025-10-12,902,N,VIIRS,l,2,309.91,2.88,D,0
28.54025,67.90067,343.51,0.42,0.45,2025-10-12,902,N,VIIRS,n,2,310.87,2.64,D,0
28.54073,67.90499,338.37,0.42,0.45,2025-10-12,902,N,VIIRS,l,2,310.18,2.64,D,0
28.54083,67.90219,367.0,0.42,0.45,2025-10-12,902,N,VIIRS,h,2,312.09,6.11,D,0
28.54501,67.90162,336.87,0.42,0.45,2025-10-12,902,N,VIIRS,n,2,309.99,6.11,D,0
28.42583,69.70113,312.38,0.52,0.42,2025-10-12,2126,N,VIIRS,n,2,294.46,2.15,N,2
26.36854,68.78466,336.23,0.4,0.37,2025-10-13,842,N,VIIRS,l,2,310.1,4.76,D,0
26.36911,68.7887,338.09,0.4,0.37,2025-10-13,842,N,VIIRS,n,2,312.99,4.76,D,0
26.86521,67.9854,337.01,0.39,0.36,2025-10-13,842,N,VIIRS,l,2,310.38,3.29,D,0
27.04412,68.56239,335.25,0.4,0.37,2025-10-13,842,N,VIIRS,l,2,306.99,2.49,D,0
27.93867,68.98671,334.63,0.42,0.38,2025-10-13,843,N,VIIRS,l,2,305.45,3.2,D,0
28.42439,69.70034,326.59,0.38,0.36,2025-10-13,2108,N,VIIRS,n,2,294.61,2.3,N,2
27.06375,68.07662,336.91,0.46,0.39,2025-10-14,824,N,VIIRS,n,2,304.63,6.25,D,0
27.57877,68.61656,338.44,0.43,0.38,2025-10-14,824,N,VIIRS,n,2,310.41,2.37,D,0
27.67978,69.00631,337.18,0.42,0.38,2025-10-14,824,N,VIIRS,l,2,310.78,7.14,D,0
28.42409,69.70165,335.74,0.4,0.37,2025-10-14,824,N,VIIRS,n,2,310.21,3.06,D,2
28.42511,69.7008,312.2,0.53,0.42,2025-10-14,2049,N,VIIRS,n,2,294.16,2.15,N,2
28.61321,68.62524,303.46,0.4,0.44,2025-10-14,2049,N,VIIRS,n,2,292.59,0.63,N,0
27.7907,68.85795,334.29,0.48,0.48,2025-10-15,805,N,VIIRS,n,2,304.57,2.59,D,0
28.42375,69.69758,313.73,0.33,0.55,2025-10-15,2030,N,VIIRS,n,2,294.13,1.12,N,2
27.21171,68.22295,336.79,0.51,0.66,2025-10-16,746,N,VIIRS,n,2,304.23,3.53,D,0
27.21188,68.22279,337.18,0.51,0.66,2025-10-16,746,N,VIIRS,n,2,304.22,3.89,D,0
28.42364,69.70178,306.47,0.4,0.6,2025-10-16,2152,N,VIIRS,n,2,294.36,1.44,N,2
28.42429,69.69985,311.08,0.4,0.6,2025-10-16,2152,N,VIIRS,n,2,293.93,1.37,N,2
28.50488,67.51772,340.18,0.49,0.49,2025-10-17,908,N,VIIRS,l,2,313.62,2.46,D,0
28.93775,70.38448,335.15,0.37,0.58,2025-10-17,908,N,VIIRS,n,2,304.88,1.34,D,0
28.42551,69.70204,313.32,0.42,0.45,2025-10-17,2133,N,VIIRS,n,2,293.64,1.49,N,2
28.0568,67.87978,343.02,0.44,0.38,2025-10-18,849,N,VIIRS,n,2,313.74,5.16,D,0
28.42503,69.70165,319.71,0.4,0.37,2025-10-18,2114,N,VIIRS,n,2,294.76,1.84,N,2
28.61182,68.62847,323.83,0.39,0.36,2025-10-18,2114,N,VIIRS,n,2,296.33,1.46,N,2
27.06407,68.53936,338.21,0.4,0.37,2025-10-19,830,N,VIIRS,n,2,310.25,2.62,D,0
27.37629,68.73148,334.74,0.39,0.36,2025-10-19,830,N,VIIRS,l,2,306.19,3.24,D,0
27.75379,69.18641,337.87,0.39,0.36,2025-10-19,830,N,VIIRS,n,2,309.82,3.2,D,0
27.80862,67.72135,337.45,0.41,0.37,2025-10-19,830,N,VIIRS,n,2,311.27,1.6,D,0
28.19813,70.20353,334.44,0.39,0.36,2025-10-19,830,N,VIIRS,n,2,304.62,1.72,D,0
28.35437,67.77554,337.05,0.41,0.37,2025-10-19,830,N,VIIRS,l,2,311.0,5.67,D,0
28.42346,69.69853,310.93,0.45,0.39,2025-10-19,2056,N,VIIRS,n,2,293.26,0.75,N,2
28.42702,69.69913,306.3,0.45,0.39,2025-10-19,2056,N,VIIRS,n,2,293.04,0.75,N,2
27.04596,70.29324,339.31,0.51,0.41,2025-10-20,811,N,VIIRS,l,2,310.26,2.32,D,0
27.50931,67.58286,335.62,0.47,0.48,2025-10-20,811,N,VIIRS,n,2,306.82,1.24,D,0
27.71966,68.79427,335.02,0.4,0.44,2025-10-20,811,N,VIIRS,n,2,304.33,5.46,D,0
28.42577,69.54982,333.03,0.53,0.42,2025-10-20,812,N,VIIRS,n,2,303.78,3.73,D,0
28.42396,69.69699,304.52,0.53,0.5,2025-10-20,2037,N,VIIRS,n,2,292.35,1.61,N,2
28.42623,69.69856,307.71,0.53,0.5,2025-10-20,2037,N,VIIRS,n,2,292.89,1.27,N,2
28.26313,68.0921,342.63,0.4,0.6,2025-10-21,753,N,VIIRS,n,2,301.78,3.35,D,0
26.53615,68.87703,330.61,0.69,0.74,2025-10-21,933,N,VIIRS,n,2,299.38,5.91,D,0
26.53808,68.87939,340.89,0.69,0.74,2025-10-21,933,N,VIIRS,n,2,299.15,8.01,D,0
28.42361,69.69849,300.42,0.49,0.65,2025-10-21,2158,N,VIIRS,n,2,290.27,0.85,N,2
26.46266,68.93349,349.87,0.35,0.57,2025-10-22,914,N,VIIRS,n,2,303.17,4.26,D,0
26.46797,68.93295,340.93,0.35,0.57,2025-10-22,914,N,VIIRS,n,2,304.14,3.14,D,0
27.75486,69.18369,352.54,0.38,0.59,2025-10-22,914,N,VIIRS,n,2,304.4,5.55,D,0
28.424,69.69978,310.88,0.52,0.5,2025-10-22,2139,N,VIIRS,n,2,292.71,1.31,N,2
27.29136,69.07133,339.19,0.38,0.43,2025-10-23,855,N,VIIRS,l,2,313.06,2.61,D,0
27.29181,69.0752,339.9,0.38,0.43,2025-10-23,855,N,VIIRS,l,2,312.48,4.24,D,0
28.42591,69.70204,316.65,0.44,0.39,2025-10-23,2121,N,VIIRS,n,2,294.0,1.53,N,2
26.23199,68.72648,337.07,0.38,0.36,2025-10-24,836,N,VIIRS,n,2,311.27,2.75,D,0
26.26503,68.94495,336.8,0.38,0.36,2025-10-24,836,N,VIIRS,n,2,309.07,3.06,D,0
26.29498,68.10276,336.55,0.39,0.36,2025-10-24,836,N,VIIRS,n,2,310.03,2.87,D,0
26.30181,68.69371,342.23,0.38,0.36,2025-10-24,836,N,VIIRS,n,2,312.05,2.52,D,0
26.44706,68.62694,344.53,0.38,0.36,2025-10-24,836,N,VIIRS,n,2,315.88,2.73,D,0
27.31541,68.97778,337.64,0.39,0.36,2025-10-24,836,N,VIIRS,l,2,312.18,1.89,D,0
28.46505,67.76702,342.5,0.38,0.36,2025-10-24,837,N,VIIRS,l,2,312.68,5.11,D,0
29.19277,70.34826,346.58,0.42,0.38,2025-10-24,837,N,VIIRS,n,2,307.6,8.12,D,0
26.54401,68.43869,312.28,0.42,0.38,2025-10-24,2102,N,VIIRS,n,2,289.58,1.31,N,0
28.4227,69.70124,302.63,0.4,0.37,2025-10-24,2102,N,VIIRS,n,2,291.94,0.74,N,2
28.42608,69.70187,317.49,0.4,0.37,2025-10-24,2102,N,VIIRS,n,2,293.25,1.12,N,2
27.18618,68.24208,334.49,0.54,0.42,2025-10-25,818,N,VIIRS,n,2,307.19,3.04,D,0
27.37511,68.97916,336.33,0.49,0.4,2025-10-25,818,N,VIIRS,l,2,310.98,1.53,D,0
27.45788,68.64436,333.42,0.51,0.41,2025-10-25,818,N,VIIRS,l,2,305.22,4.23,D,0
27.59418,68.60255,330.65,0.51,0.41,2025-10-25,818,N,VIIRS,n,2,304.18,1.94,D,0
28.24866,67.58416,335.05,0.56,0.43,2025-10-25,818,N,VIIRS,l,2,308.33,4.94,D,0
28.86428,67.6082,340.5,0.54,0.42,2025-10-25,818,N,VIIRS,n,2,308.28,4.69,D,0
28.86533,67.61369,336.57,0.54,0.42,2025-10-25,818,N,VIIRS,n,2,308.88,3.81,D,0
28.42484,69.70076,310.27,0.43,0.46,2025-10-25,2043,N,VIIRS,n,2,293.5,1.21,N,2
28.42596,69.69923,312.16,0.43,0.46,2025-10-25,2043,N,VIIRS,n,2,293.72,1.55,N,2
26.70662,68.96031,338.02,0.62,0.54,2025-10-26,759,N,VIIRS,n,2,308.94,5.28,D,0
27.15594,68.47698,332.8,0.32,0.55,2025-10-26,759,N,VIIRS,l,2,306.31,1.27,D,0
28.42361,69.69788,308.91,0.41,0.61,2025-10-26,2024,N,VIIRS,n,2,292.69,1.09,N,2
28.4274,69.69894,303.23,0.41,0.61,2025-10-26,2024,N,VIIRS,n,2,292.57,0.84,N,2
28.42666,69.70145,308.97,0.32,0.55,2025-10-27,2146,N,VIIRS,n,2,291.7,0.69,N,2
26.29661,68.73061,346.45,0.44,0.46,2025-10-28,901,N,VIIRS,n,2,303.04,5.13,D,0
26.67389,67.91145,331.76,0.4,0.44,2025-10-28,902,N,VIIRS,n,2,300.55,2.04,D,0
27.14699,68.9951,337.62,0.47,0.47,2025-10-28,902,N,VIIRS,n,2,304.54,4.72,D,0
27.15139,68.99454,341.57,0.47,0.47,2025-10-28,902,N,VIIRS,n,2,303.77,6.99,D,0
27.27926,69.24519,335.37,0.48,0.48,2025-10-28,902,N,VIIRS,l,2,307.52,2.55,D,0
28.04112,67.60821,338.87,0.4,0.44,2025-10-28,902,N,VIIRS,n,2,304.45,2.73,D,0
28.42337,69.7005,306.12,0.52,0.41,2025-10-28,2127,N,VIIRS,n,2,292.38,1.96,N,2
28.42483,69.69923,312.32,0.52,0.41,2025-10-28,2127,N,VIIRS,n,2,292.84,1.62,N,2
26.27947,68.19164,330.5,0.39,0.36,2025-10-29,843,N,VIIRS,l,2,304.87,2.7,D,0
26.60968,68.25536,335.92,0.39,0.37,2025-10-29,843,N,VIIRS,n,2,308.11,2.94,D,0
26.84171,68.48864,333.15,0.4,0.37,2025-10-29,843,N,VIIRS,l,2,307.99,1.11,D,0
26.93236,67.89987,334.02,0.39,0.36,2025-10-29,843,N,VIIRS,n,2,302.76,3.0,D,0
27.27479,69.07602,335.03,0.42,0.37,2025-10-29,843,N,VIIRS,n,2,307.83,0.57,D,0
27.34923,68.23708,334.3,0.4,0.37,2025-10-29,843,N,VIIRS,n,2,303.63,5.89,D,0
27.70523,67.63541,339.46,0.39,0.36,2025-10-29,843,N,VIIRS,n,2,305.99,3.13,D,0
27.86355,69.88795,336.35,0.45,0.39,2025-10-29,843,N,VIIRS,n,2,309.27,4.81,D,0
28.4027,69.39568,335.33,0.44,0.38,2025-10-29,843,N,VIIRS,l,2,306.04,2.53,D,0
28.42346,69.70159,311.12,0.38,0.36,2025-10-29,2108,N,VIIRS,n,2,292.18,0.99,N,2
28.42677,69.70225,304.59,0.38,0.36,2025-10-29,2108,N,VIIRS,n,2,292.36,0.99,N,2
26.6775,68.02364,331.0,0.47,0.4,2025-10-30,824,N,VIIRS,n,2,303.18,1.78,D,0
28.44112,69.40775,336.88,0.4,0.37,2025-10-30,824,N,VIIRS,n,2,303.63,2.24,D,0
29.18488,70.29002,333.96,0.39,0.36,2025-10-30,824,N,VIIRS,n,2,305.2,1.4,D,0
28.42304,69.70135,304.74,0.53,0.42,2025-10-30,2049,N,VIIRS,n,2,291.93,1.35,N,2
28.4269,69.70197,303.2,0.53,0.42,2025-10-30,2049,N,VIIRS,n,2,292.43,1.07,N,2
28.61133,68.62659,314.67,0.4,0.44,2025-10-30,2049,N,VIIRS,n,2,292.79,1.08,N,0
28.61366,68.62484,315.0,0.4,0.45,2025-10-30,2049,N,VIIRS,n,2,292.26,0.99,N,0
26.9833,68.90598,311.67,0.56,0.43,2025-10-30,2050,N,VIIRS,n,2,292.57,1.84,N,0
26.9856,68.90758,316.14,0.56,0.43,2025-10-30,2050,N,VIIRS,n,2,292.22,1.1,N,0
28.02434,67.49228,339.84,0.57,0.52,2025-10-31,806,N,VIIRS,n,2,304.93,3.26,D,0
29.01583,67.81593,341.47,0.52,0.5,2025-10-31,806,N,VIIRS,n,2,308.02,4.26,D,0
29.18861,70.30289,338.86,0.57,0.43,2025-10-31,806,N,VIIRS,n,2,304.34,7.35,D,0
27.44743,67.51429,302.89,0.44,0.62,2025-10-31,2031,N,VIIRS,n,2,291.28,1.3,N,0
27.45234,67.51316,337.93,0.44,0.62,2025-10-31,2031,N,VIIRS,n,2,293.27,2.76,N,0
27.45327,67.51476,326.73,0.44,0.62,2025-10-31,2031,N,VIIRS,n,2,292.84,1.3,N,0
28.42419,69.69685,306.59,0.33,0.55,2025-10-31,2031,N,VIIRS,n,2,291.96,1.05,N,2
28.42591,69.69641,305.15,0.33,0.55,2025-10-31,2031,N,VIIRS,n,2,292.52,1.18,N,0
27.34869,69.05981,332.48,0.46,0.63,2025-11-01,746,N,VIIRS,l,2,306.56,1.15,D,0
27.84218,69.79086,335.42,0.4,0.6,2025-11-01,747,N,VIIRS,n,2,307.67,1.88,D,0
26.40776,68.32035,335.06,0.51,0.66,2025-11-01,927,N,VIIRS,n,2,304.08,3.59,D,0
28.61397,68.62224,300.59,0.75,0.77,2025-11-01,2012,N,VIIRS,n,2,289.06,1.27,N,0
28.42813,69.7011,304.93,0.4,0.6,2025-11-01,2152,N,VIIRS,n,2,292.19,1.26,N,0
28.61246,68.62887,302.96,0.34,0.56,2025-11-01,2152,N,VIIRS,n,2,290.09,1.13,N,2
28.61325,68.62546,331.04,0.34,0.56,2025-11-01,2152,N,VIIRS,n,2,292.04,1.13,N,0
26.43407,68.64606,342.34,0.54,0.51,2025-11-02,908,N,VIIRS,n,2,309.24,5.61,D,0
28.42614,69.70059,310.91,0.42,0.45,2025-11-02,2133,N,VIIRS,n,2,292.2,1.17,N,2
27.63731,69.08247,304.34,0.4,0.44,2025-11-02,2134,N,VIIRS,n,2,290.05,1.92,N,0
27.63812,69.07846,328.9,0.4,0.44,2025-11-02,2134,N,VIIRS,n,2,291.48,1.92,N,0
26.494,68.31034,334.05,0.44,0.38,2025-11-03,849,N,VIIRS,l,2,307.32,3.61,D,0
26.50998,68.00211,355.35,0.43,0.38,2025-11-03,849,N,VIIRS,n,2,320.17,24.44,D,0
26.51346,68.00153,353.65,0.43,0.38,2025-11-03,849,N,VIIRS,n,2,317.45,14.21,D,0
27.40401,69.06628,340.52,0.48,0.4,2025-11-03,849,N,VIIRS,n,2,314.13,3.43,D,0
29.19844,70.29251,340.97,0.39,0.44,2025-11-03,850,N,VIIRS,n,2,305.08,4.09,D,0
27.76181,69.34207,338.59,0.4,0.37,2025-11-03,2115,N,VIIRS,n,2,288.92,3.76,N,0
28.42319,69.70081,320.5,0.4,0.37,2025-11-03,2115,N,VIIRS,n,2,291.13,1.81,N,2
28.61228,68.62843,305.78,0.38,0.36,2025-11-03,2115,N,VIIRS,n,2,290.67,0.64,N,2
26.56149,67.99068,337.0,0.41,0.37,2025-11-04,830,N,VIIRS,n,2,308.64,1.38,D,0
26.73949,68.17619,336.91,0.41,0.37,2025-11-04,830,N,VIIRS,l,2,310.1,2.45,D,0
27.19801,68.51651,336.13,0.4,0.37,2025-11-04,830,N,VIIRS,l,2,309.23,1.89,D,0
27.32018,68.96273,340.81,0.39,0.36,2025-11-04,830,N,VIIRS,n,2,315.3,3.62,D,0
27.77561,69.37605,334.25,0.39,0.36,2025-11-04,830,N,VIIRS,n,2,305.6,1.86,D,0
27.79243,69.42177,330.2,0.39,0.36,2025-11-04,830,N,VIIRS,l,2,303.43,1.26,D,0
27.7933,69.40555,334.84,0.39,0.36,2025-11-04,830,N,VIIRS,n,2,305.52,1.88,D,0
27.84993,69.46261,330.59,0.38,0.36,2025-11-04,830,N,VIIRS,n,2,304.52,2.32,D,0
27.86708,69.46324,334.55,0.38,0.36,2025-11-04,830,N,VIIRS,n,2,304.45,2.01,D,0
27.92429,69.5963,335.81,0.38,0.36,2025-11-04,830,N,VIIRS,n,2,303.41,3.12,D,0
27.92721,69.63183,333.38,0.38,0.36,2025-11-04,830,N,VIIRS,l,2,304.1,0.79,D,0
27.92969,69.63131,333.79,0.38,0.36,2025-11-04,830,N,VIIRS,l,2,304.71,2.83,D,0
28.00799,69.76432,333.82,0.38,0.36,2025-11-04,830,N,VIIRS,n,2,301.98,2.14,D,0
28.3764,69.49657,335.57,0.38,0.36,2025-11-04,831,N,VIIRS,n,2,300.3,2.84,D,0
28.42348,69.25378,336.1,0.39,0.36,2025-11-04,831,N,VIIRS,n,2,305.02,2.46,D,0
28.42468,69.70033,331.48,0.38,0.36,2025-11-04,831,N,VIIRS,n,2,306.27,1.55,D,2
28.57528,68.62601,340.06,0.39,0.36,2025-11-04,831,N,VIIRS,n,2,301.37,2.01,D,0
29.03448,68.36485,336.46,0.39,0.36,2025-11-04,831,N,VIIRS,l,2,311.22,2.31,D,0
29.03845,68.36816,337.48,0.39,0.36,2025-11-04,831,N,VIIRS,l,2,310.71,5.38,D,0
29.14204,70.33778,335.69,0.39,0.36,2025-11-04,831,N,VIIRS,n,2,308.14,3.0,D,0
29.1609,70.25647,335.81,0.39,0.36,2025-11-04,831,N,VIIRS,l,2,309.5,2.97,D,0
28.42301,69.6995,301.51,0.45,0.39,2025-11-04,2056,N,VIIRS,n,2,290.89,0.99,N,2
28.42657,69.70012,307.12,0.45,0.39,2025-11-04,2056,N,VIIRS,n,2,291.55,1.36,N,2
27.39195,69.14182,335.13,0.39,0.44,2025-11-05,812,N,VIIRS,l,2,308.36,1.44,D,0
27.84413,69.49162,331.0,0.55,0.42,2025-11-05,812,N,VIIRS,n,2,301.53,2.7,D,0
28.42356,69.70011,303.66,0.53,0.5,2025-11-05,2037,N,VIIRS,n,2,289.99,1.3,N,2
27.86522,69.46289,336.65,0.34,0.56,2025-11-06,753,N,VIIRS,n,2,301.56,1.36,D,0
27.86598,69.46121,331.81,0.34,0.56,2025-11-06,753,N,VIIRS,n,2,301.63,1.02,D,0
29.19301,70.35001,341.01,0.57,0.52,2025-11-06,753,N,VIIRS,n,2,303.48,6.08,D,0
28.05317,69.37053,299.7,0.48,0.64,2025-11-06,2158,N,VIIRS,n,2,286.74,0.54,N,2
27.3943,68.31385,333.03,0.33,0.55,2025-11-07,914,N,VIIRS,n,2,301.79,1.68,D,0
27.67229,68.48206,343.76,0.34,0.56,2025-11-07,914,N,VIIRS,n,2,303.13,1.81,D,0
28.42463,69.70306,300.19,0.51,0.5,2025-11-07,2140,N,VIIRS,n,2,288.88,1.41,N,2
28.61239,68.62977,299.45,0.44,0.46,2025-11-07,2140,N,VIIRS,n,2,287.37,0.91,N,0
26.73892,67.73277,330.77,0.48,0.4,2025-11-08,855,N,VIIRS,n,2,302.91,1.73,D,0
26.924,68.39249,330.1,0.52,0.42,2025-11-08,855,N,VIIRS,n,2,303.46,0.98,D,0
27.67865,68.49033,331.89,0.54,0.42,2025-11-08,856,N,VIIRS,l,2,305.88,3.87,D,0
27.84469,69.30716,335.04,0.4,0.44,2025-11-08,856,N,VIIRS,n,2,302.85,2.63,D,0
27.9693,69.54387,335.22,0.41,0.45,2025-11-08,856,N,VIIRS,n,2,302.67,2.43,D,0
28.06724,69.85745,331.7,0.43,0.46,2025-11-08,856,N,VIIRS,n,2,301.27,2.2,D,0
28.41799,69.54721,331.94,0.42,0.45,2025-11-08,856,N,VIIRS,l,2,304.68,2.63,D,0
28.56005,70.33409,333.56,0.47,0.47,2025-11-08,856,N,VIIRS,n,2,300.66,3.2,D,0
28.88117,70.17703,341.92,0.46,0.47,2025-11-08,856,N,VIIRS,n,2,304.86,4.87,D,0
28.42592,69.70145,305.47,0.44,0.39,2025-11-08,2121,N,VIIRS,n,2,288.1,1.04,N,2
26.68742,68.2523,333.76,0.38,0.36,2025-11-09,836,N,VIIRS,n,2,304.7,1.31,D,0
26.67958,67.7079,330.54,0.39,0.36,2025-11-09,837,N,VIIRS,l,2,303.78,0.96,D,0
27.19745,70.21391,340.14,0.4,0.37,2025-11-09,837,N,VIIRS,n,2,312.48,2.86,D,0
27.21665,68.57257,336.28,0.38,0.36,2025-11-09,837,N,VIIRS,n,2,307.92,2.71,D,0
27.27551,69.08009,335.74,0.39,0.36,2025-11-09,837,N,VIIRS,n,2,310.56,1.38,D,0
27.28853,69.02962,337.37,0.39,0.36,2025-11-09,837,N,VIIRS,n,2,306.84,2.14,D,0
27.34855,68.97443,348.05,0.39,0.36,2025-11-09,837,N,VIIRS,n,2,315.04,5.96,D,0
27.34882,68.23695,333.28,0.38,0.36,2025-11-09,837,N,VIIRS,n,2,305.73,1.63,D,0
27.67875,69.31327,336.33,0.39,0.36,2025-11-09,837,N,VIIRS,n,2,305.71,2.08,D,0
27.83814,69.45531,333.34,0.39,0.36,2025-11-09,837,N,VIIRS,n,2,303.45,2.53,D,0
27.94622,69.64564,336.83,0.4,0.37,2025-11-09,837,N,VIIRS,n,2,302.52,2.41,D,0
28.37065,69.47149,341.79,0.4,0.37,2025-11-09,837,N,VIIRS,n,2,302.69,4.59,D,0
28.40447,69.51499,337.45,0.4,0.37,2025-11-09,837,N,VIIRS,n,2,304.13,6.06,D,0
28.40537,69.51508,345.98,0.4,0.37,2025-11-09,837,N,VIIRS,n,2,303.18,6.49,D,0
28.40864,69.56816,335.19,0.4,0.37,2025-11-09,837,N,VIIRS,n,2,301.72,2.68,D,0
28.42808,69.62734,340.01,0.4,0.37,2025-11-09,837,N,VIIRS,n,2,306.56,4.66,D,0
29.10134,70.29431,336.03,0.42,0.38,2025-11-09,837,N,VIIRS,n,2,305.59,3.41,D,0
28.05367,69.36961,297.92,0.41,0.37,2025-11-09,2102,N,VIIRS,n,2,287.56,0.76,N,2
28.4243,69.69969,306.83,0.4,0.37,2025-11-09,2102,N,VIIRS,n,2,287.52,0.95,N,2
28.52794,69.77614,295.85,0.4,0.37,2025-11-09,2102,N,VIIRS,n,2,284.28,0.4,N,0
27.81404,69.36482,333.11,0.47,0.39,2025-11-10,818,N,VIIRS,n,2,301.97,3.95,D,0
27.85016,69.87646,344.41,0.44,0.39,2025-11-10,818,N,VIIRS,n,2,307.89,4.65,D,0
28.09723,69.81445,338.45,0.44,0.39,2025-11-10,818,N,VIIRS,n,2,303.17,4.75,D,0
28.40099,69.91285,333.86,0.44,0.38,2025-11-10,818,N,VIIRS,n,2,302.6,2.17,D,0
28.45768,69.69586,332.61,0.44,0.39,2025-11-10,818,N,VIIRS,n,2,300.63,3.34,D,0
28.47952,69.15964,339.04,0.47,0.39,2025-11-10,818,N,VIIRS,n,2,308.77,3.78,D,0
28.4799,69.16209,334.57,0.47,0.39,2025-11-10,818,N,VIIRS,n,2,307.73,4.2,D,0
28.4844,69.74733,342.03,0.44,0.38,2025-11-10,818,N,VIIRS,n,2,304.2,5.64,D,0
27.76637,69.33957,299.53,0.44,0.46,2025-11-10,2043,N,VIIRS,n,2,285.66,0.52,N,0
27.76867,69.34163,308.93,0.44,0.46,2025-11-10,2043,N,VIIRS,n,2,286.75,0.74,N,0
27.77066,69.34018,300.92,0.44,0.46,2025-11-10,2043,N,VIIRS,n,2,286.73,0.52,N,0
28.42388,69.70153,308.72,0.43,0.46,2025-11-10,2043,N,VIIRS,n,2,286.38,0.82,N,2
28.61211,68.62743,301.21,0.5,0.49,2025-11-10,2043,N,VIIRS,n,2,287.9,0.65,N,2
26.30866,67.51464,331.03,0.39,0.59,2025-11-11,759,N,VIIRS,n,2,301.11,1.41,D,0
28.42653,69.70142,308.69,0.32,0.54,2025-11-12,2146,N,VIIRS,n,2,287.04,1.94,N,2
28.42676,69.69996,299.41,0.64,0.54,2025-11-12,2146,N,VIIRS,n,2,286.43,1.18,N,2
26.7239,68.04137,331.78,0.4,0.44,2025-11-13,902,N,VIIRS,n,2,305.47,2.31,D,0
26.95406,68.65294,344.13,0.44,0.46,2025-11-13,902,N,VIIRS,n,2,310.65,4.14,D,0
27.81869,69.37006,331.11,0.5,0.49,2025-11-13,902,N,VIIRS,n,2,301.69,2.93,D,0
28.05392,69.36812,311.38,0.5,0.41,2025-11-13,2127,N,VIIRS,n,2,286.23,1.32,N,2
28.42725,69.69882,296.63,0.52,0.41,2025-11-13,2127,N,VIIRS,n,2,286.03,1.17,N,2
28.61267,68.62741,300.93,0.46,0.39,2025-11-13,2127,N,VIIRS,n,2,284.76,0.75,N,2
26.6243,68.05265,341.82,0.39,0.36,2025-11-14,843,N,VIIRS,n,2,301.98,3.51,D,0
27.01123,68.39063,332.35,0.4,0.37,2025-11-14,843,N,VIIRS,n,2,305.66,1.56,D,0
27.08341,68.40754,333.58,0.4,0.37,2025-11-14,843,N,VIIRS,n,2,304.42,1.28,D,0
27.41666,69.07417,335.2,0.42,0.37,2025-11-14,843,N,VIIRS,l,2,309.05,1.71,D,0
27.74446,69.23496,331.39,0.42,0.38,2025-11-14,843,N,VIIRS,n,2,305.11,1.19,D,0
27.93583,69.7024,331.43,0.44,0.38,2025-11-14,843,N,VIIRS,n,2,302.67,1.77,D,0
28.12739,68.30207,336.69,0.4,0.37,2025-11-14,843,N,VIIRS,n,2,303.66,7.12,D,0
28.31873,67.95612,338.75,0.4,0.37,2025-11-14,843,N,VIIRS,n,2,305.17,4.15,D,0
28.38008,69.45252,335.19,0.44,0.38,2025-11-14,843,N,VIIRS,n,2,308.52,2.91,D,0
28.40932,69.5944,337.67,0.44,0.38,2025-11-14,843,N,VIIRS,n,2,305.53,3.31,D,0
28.45816,69.17404,336.59,0.43,0.38,2025-11-14,843,N,VIIRS,n,2,308.49,4.35,D,0
28.05374,69.36987,298.55,0.38,0.36,2025-11-14,2108,N,VIIRS,n,2,286.41,0.4,N,2
28.42558,69.70247,306.57,0.38,0.36,2025-11-14,2108,N,VIIRS,n,2,288.1,1.05,N,2
28.61313,68.62671,295.49,0.39,0.36,2025-11-14,2108,N,VIIRS,n,2,284.37,0.34,N,2
27.38008,68.57587,295.24,0.39,0.36,2025-11-14,2109,N,VIIRS,n,2,283.63,0.19,N,0
28.05061,69.37018,307.29,0.38,0.36,2025-11-14,2109,N,VIIRS,n,2,284.3,0.39,N,2
28.14417,68.51015,296.79,0.39,0.36,2025-11-14,2109,N,VIIRS,n,2,283.11,0.34,N,0
26.20563,68.39807,336.2,0.46,0.39,2025-11-15,824,N,VIIRS,n,2,307.5,3.31,D,0
27.66888,69.72386,349.82,0.4,0.37,2025-11-15,824,N,VIIRS,n,2,309.68,5.2,D,0
27.67799,68.88092,334.37,0.43,0.38,2025-11-15,824,N,VIIRS,n,2,304.77,2.06,D,0
27.82958,69.36445,341.32,0.41,0.37,2025-11-15,824,N,VIIRS,n,2,303.76,4.61,D,0
28.00534,69.59621,333.79,0.4,0.37,2025-11-15,824,N,VIIRS,n,2,302.25,2.15,D,0
28.00669,69.60438,330.48,0.4,0.37,2025-11-15,824,N,VIIRS,n,2,305.28,2.71,D,0
28.01266,69.36948,335.88,0.41,0.37,2025-11-15,824,N,VIIRS,n,2,299.8,2.52,D,0
28.08185,69.80325,345.65,0.4,0.37,2025-11-15,824,N,VIIRS,n,2,307.19,7.83,D,0
28.78322,70.1816,336.57,0.39,0.36,2025-11-15,824,N,VIIRS,n,2,305.73,3.13,D,0
29.13433,70.34434,334.84,0.39,0.36,2025-11-15,825,N,VIIRS,n,2,302.26,2.26,D,0
28.4239,69.69846,300.77,0.53,0.42,2025-11-15,2050,N,VIIRS,n,2,285.32,1.33,N,2
28.43155,69.27068,334.53,0.45,0.47,2025-11-16,806,N,VIIRS,n,2,305.03,1.89,D,0
28.72677,70.26789,340.41,0.39,0.44,2025-11-16,806,N,VIIRS,n,2,303.61,5.19,D,0
28.82505,70.06356,338.07,0.4,0.44,2025-11-16,806,N,VIIRS,n,2,302.72,2.02,D,0
28.8256,70.06321,339.1,0.4,0.44,2025-11-16,806,N,VIIRS,n,2,303.45,2.59,D,0
27.70728,69.22371,309.78,0.35,0.57,2025-11-16,2031,N,VIIRS,n,2,284.51,0.55,N,0
28.27784,69.07179,298.09,0.36,0.58,2025-11-16,2031,N,VIIRS,n,2,283.19,0.38,N,0
28.42601,69.69874,300.34,0.33,0.56,2025-11-16,2031,N,VIIRS,n,2,287.79,0.65,N,2
28.6106,68.63178,303.66,0.39,0.59,2025-11-16,2031,N,VIIRS,n,2,286.12,0.5,N,2
28.612,68.62631,299.11,0.39,0.59,2025-11-16,2031,N,VIIRS,n,2,285.29,1.05,N,2
28.47863,69.74326,332.42,0.4,0.6,2025-11-17,747,N,VIIRS,l,2,302.58,3.25,D,0
28.78747,69.97347,330.84,0.38,0.59,2025-11-17,747,N,VIIRS,n,2,300.06,2.31,D,0
28.78976,69.9725,338.68,0.38,0.58,2025-11-17,747,N,VIIRS,n,2,300.61,4.37,D,0
27.27307,68.65675,335.59,0.54,0.68,2025-11-17,927,N,VIIRS,n,2,301.38,4.44,D,0
28.30884,68.92299,296.12,0.72,0.76,2025-11-17,2012,N,VIIRS,n,2,283.9,0.51,N,0
28.31017,68.92567,298.37,0.36,0.57,2025-11-17,2152,N,VIIRS,n,2,283.84,0.23,N,0
28.60975,68.62756,299.77,0.34,0.56,2025-11-17,2152,N,VIIRS,n,2,287.37,0.69,N,2
28.61207,68.62807,301.45,0.34,0.56,2025-11-17,2152,N,VIIRS,n,2,286.37,0.66,N,2
28.05023,69.37032,338.26,0.79,0.78,2025-11-18,728,N,VIIRS,n,2,298.11,5.46,D,0
27.65067,68.0604,333.23,0.51,0.49,2025-11-18,908,N,VIIRS,n,2,300.53,2.42,D,0
28.25242,67.4216,335.83,0.48,0.48,2025-11-18,908,N,VIIRS,n,2,304.68,3.25,D,0
26.4167,68.90356,333.76,0.46,0.39,2025-11-19,849,N,VIIRS,n,2,304.76,1.66,D,0
26.51118,68.35726,335.72,0.44,0.38,2025-11-19,849,N,VIIRS,l,2,306.58,10.96,D,0
26.51471,68.35668,334.05,0.44,0.38,2025-11-19,849,N,VIIRS,n,2,300.65,4.1,D,0
26.54182,68.07851,333.41,0.43,0.38,2025-11-19,849,N,VIIRS,n,2,303.56,4.1,D,0
26.90318,67.85167,332.96,0.42,0.38,2025-11-19,849,N,VIIRS,n,2,305.39,1.78,D,0
27.77144,69.37111,332.1,0.5,0.41,2025-11-19,849,N,VIIRS,l,2,303.76,4.22,D,0
27.82772,69.36249,334.64,0.5,0.41,2025-11-19,849,N,VIIRS,n,2,303.88,2.96,D,0
28.67393,70.36204,334.4,0.57,0.43,2025-11-19,850,N,VIIRS,n,2,299.92,4.84,D,0
26.38852,69.03822,296.81,0.4,0.37,2025-11-19,2115,N,VIIRS,n,2,285.44,0.29,N,0
27.7472,68.13654,305.5,0.38,0.36,2025-11-19,2115,N,VIIRS,n,2,286.72,0.94,N,0
27.74947,68.13973,304.94,0.38,0.36,2025-11-19,2115,N,VIIRS,n,2,286.57,0.53,N,0
28.12577,68.96502,296.58,0.39,0.36,2025-11-19,2115,N,VIIRS,n,2,286.32,0.33,N,0
28.55648,68.29256,295.75,0.38,0.36,2025-11-19,2115,N,VIIRS,n,2,284.26,0.4,N,0
27.01841,67.8569,333.08,0.42,0.37,2025-11-20,830,N,VIIRS,n,2,299.98,2.19,D,0
27.64518,69.29439,339.0,0.39,0.36,2025-11-20,831,N,VIIRS,n,2,306.17,2.71,D,0
27.77853,69.32853,337.47,0.39,0.36,2025-11-20,831,N,VIIRS,n,2,302.19,2.71,D,0
28.55061,67.41987,332.6,0.41,0.37,2025-11-20,831,N,VIIRS,l,2,302.63,3.04,D,0
28.55136,67.41885,341.15,0.42,0.37,2025-11-20,831,N,VIIRS,n,2,303.7,3.5,D,0
28.98749,70.28544,334.01,0.39,0.36,2025-11-20,831,N,VIIRS,n,2,301.5,3.62,D,0
28.6123,68.62867,300.83,0.5,0.41,2025-11-20,2056,N,VIIRS,n,2,287.06,0.9,N,2
27.50107,67.58627,331.8,0.47,0.48,2025-11-21,812,N,VIIRS,n,2,301.26,4.44,D,0
27.7955,69.31735,330.46,0.56,0.43,2025-11-21,812,N,VIIRS,n,2,299.63,2.37,D,0
27.82816,69.28339,331.44,0.56,0.43,2025-11-21,812,N,VIIRS,n,2,299.71,2.6,D,0
28.42338,69.70012,298.13,0.54,0.51,2025-11-21,2037,N,VIIRS,n,2,285.68,0.91,N,2
28.42616,69.69813,296.31,0.54,0.51,2025-11-21,2037,N,VIIRS,n,2,285.76,1.04,N,2
27.5786,69.3711,367.0,0.35,0.57,2025-11-22,753,N,VIIRS,h,2,302.19,4.01,D,0
27.58374,69.36962,351.98,0.35,0.57,2025-11-22,753,N,VIIRS,n,2,298.63,3.51,D,0
28.09656,69.37408,330.64,0.75,0.77,2025-11-22,934,N,VIIRS,n,2,294.52,3.7,D,0
27.51474,68.22613,295.05,0.42,0.61,2025-11-22,2159,N,VIIRS,n,2,284.27,0.45,N,0
28.64205,70.17769,338.98,0.44,0.62,2025-11-23,915,N,VIIRS,n,2,298.3,4.14,D,0
28.64331,70.17708,334.24,0.44,0.62,2025-11-23,915,N,VIIRS,n,2,298.96,4.6,D,0
28.88688,70.35681,330.3,0.46,0.63,2025-11-23,915,N,VIIRS,n,2,297.4,1.99,D,0
27.92064,69.74435,297.51,0.53,0.5,2025-11-23,2140,N,VIIRS,n,2,284.31,0.42,N,0
28.41119,68.00857,297.15,0.41,0.45,2025-11-23,2140,N,VIIRS,n,2,282.6,0.56,N,0
28.41205,68.00443,296.88,0.41,0.45,2025-11-23,2140,N,VIIRS,n,2,283.34,0.56,N,0
28.5752,68.4203,330.34,0.43,0.46,2025-11-23,2140,N,VIIRS,n,2,282.18,2.77,N,0
28.57611,68.41595,311.84,0.43,0.46,2025-11-23,2140,N,VIIRS,n,2,282.02,3.22,N,0
26.20249,68.92132,332.17,0.55,0.42,2025-11-24,855,N,VIIRS,n,2,300.3,2.23,D,0
26.3519,68.05919,333.26,0.5,0.41,2025-11-24,856,N,VIIRS,n,2,301.22,8.39,D,0
26.43037,68.07484,332.65,0.5,0.41,2025-11-24,856,N,VIIRS,n,2,298.67,7.62,D,0
27.87372,69.37029,341.37,0.4,0.44,2025-11-24,856,N,VIIRS,n,2,302.56,3.39,D,0
28.39212,70.23534,335.97,0.46,0.47,2025-11-24,856,N,VIIRS,n,2,297.91,2.29,D,0
28.40545,69.98417,330.52,0.44,0.46,2025-11-24,856,N,VIIRS,n,2,296.81,3.06,D,0
28.40975,69.9836,335.98,0.44,0.46,2025-11-24,856,N,VIIRS,n,2,296.57,3.06,D,0
28.49175,69.87289,341.12,0.44,0.46,2025-11-24,856,N,VIIRS,n,2,299.29,4.53,D,0
28.50191,70.01008,336.13,0.44,0.46,2025-11-24,856,N,VIIRS,n,2,297.86,4.51,D,0
28.42497,69.70173,313.27,0.44,0.39,2025-11-24,2121,N,VIIRS,n,2,286.77,1.33,N,2
28.57557,68.41804,298.38,0.4,0.37,2025-11-24,2121,N,VIIRS,n,2,281.11,0.47,N,0
26.36785,68.81686,344.48,0.38,0.36,2025-11-25,837,N,VIIRS,n,2,299.28,6.9,D,0
26.90617,68.02538,332.01,0.39,0.36,2025-11-25,837,N,VIIRS,n,2,297.74,4.42,D,0
27.05789,68.06776,344.81,0.38,0.36,2025-11-25,837,N,VIIRS,n,2,299.33,4.72,D,0
27.29785,67.75765,334.01,0.39,0.36,2025-11-25,837,N,VIIRS,n,2,296.46,3.15,D,0
27.72093,67.95212,333.23,0.38,0.36,2025-11-25,837,N,VIIRS,n,2,296.12,2.05,D,0
27.73102,68.59408,336.47,0.38,0.36,2025-11-25,837,N,VIIRS,n,2,298.29,2.27,D,0
28.21838,68.16869,332.03,0.38,0.36,2025-11-25,837,N,VIIRS,n,2,297.55,2.73,D,0
28.29263,68.32713,331.2,0.38,0.36,2025-11-25,837,N,VIIRS,n,2,298.17,2.4,D,0
28.42717,69.2871,330.63,0.39,0.36,2025-11-25,837,N,VIIRS,n,2,301.78,2.14,D,0
28.53916,70.20772,331.92,0.41,0.37,2025-11-25,837,N,VIIRS,n,2,300.15,2.17,D,0
28.56318,70.23864,331.37,0.41,0.37,2025-11-25,837,N,VIIRS,n,2,297.91,2.62,D,0
28.57169,70.12078,331.42,0.41,0.37,2025-11-25,837,N,VIIRS,n,2,299.18,6.91,D,0
28.73706,70.30904,335.7,0.42,0.37,2025-11-25,837,N,VIIRS,n,2,299.41,4.46,D,0
28.75656,70.29691,339.26,0.42,0.37,2025-11-25,837,N,VIIRS,n,2,298.62,3.33,D,0
28.36086,68.99158,298.19,0.42,0.38,2025-11-25,2102,N,VIIRS,n,2,284.12,0.37,N,0
28.42325,69.70215,314.94,0.4,0.37,2025-11-25,2102,N,VIIRS,n,2,285.32,1.4,N,2
26.68534,68.91693,298.29,0.41,0.37,2025-11-25,2103,N,VIIRS,n,2,286.35,0.34,N,0
26.25445,68.92701,335.54,0.51,0.41,2025-11-26,818,N,VIIRS,n,2,301.63,4.2,D,0
26.54211,67.9511,330.42,0.57,0.43,2025-11-26,818,N,VIIRS,n,2,296.96,3.02,D,0
27.31743,67.73411,330.69,0.57,0.43,2025-11-26,818,N,VIIRS,n,2,297.34,2.07,D,0
28.23712,70.17137,332.95,0.43,0.38,2025-11-26,818,N,VIIRS,n,2,301.77,2.14,D,0
28.3742,70.18438,340.31,0.43,0.38,2025-11-26,818,N,VIIRS,n,2,303.16,2.49,D,0
28.49541,70.36761,335.2,0.42,0.38,2025-11-26,818,N,VIIRS,n,2,299.9,6.36,D,0
28.63595,70.16891,331.5,0.43,0.38,2025-11-26,818,N,VIIRS,n,2,298.35,1.48,D,0
28.92254,70.29997,330.28,0.42,0.38,2025-11-26,819,N,VIIRS,n,2,297.22,2.65,D,0
28.42267,69.70084,304.66,0.43,0.46,2025-11-26,2044,N,VIIRS,n,2,285.45,0.74,N,2
28.4269,69.70145,300.92,0.43,0.46,2025-11-26,2044,N,VIIRS,n,2,286.16,0.74,N,2
26.24456,68.90076,367.0,0.32,0.55,2025-11-27,759,N,VIIRS,h,2,302.82,10.33,D,0
26.37314,68.65206,339.62,0.33,0.55,2025-11-27,759,N,VIIRS,n,2,299.14,2.59,D,0
26.37511,68.64977,343.11,0.33,0.55,2025-11-27,759,N,VIIRS,n,2,300.09,2.55,D,0
27.52574,67.64954,327.03,0.36,0.57,2025-11-27,800,N,VIIRS,n,2,299.06,1.42,D,0
27.52657,67.65312,327.58,0.36,0.57,2025-11-27,800,N,VIIRS,n,2,298.15,1.42,D,0
27.52327,67.65581,335.07,0.38,0.59,2025-11-28,921,N,VIIRS,n,2,300.17,2.46,D,0
27.5241,67.65557,333.46,0.38,0.59,2025-11-28,921,N,VIIRS,n,2,298.72,1.28,D,0
28.42317,69.70119,313.9,0.32,0.55,2025-11-28,2146,N,VIIRS,n,2,282.79,0.89,N,2
27.72221,67.92131,333.89,0.41,0.45,2025-11-29,902,N,VIIRS,n,2,298.17,1.49,D,0
28.14655,69.84405,344.45,0.54,0.51,2025-11-29,902,N,VIIRS,n,2,296.43,5.9,D,0
28.14817,69.84661,339.13,0.54,0.51,2025-11-29,902,N,VIIRS,n,2,295.88,7.5,D,0
28.10105,67.82526,342.7,0.41,0.45,2025-11-29,903,N,VIIRS,n,2,298.47,4.81,D,0
28.42037,69.82607,335.5,0.54,0.51,2025-11-29,903,N,VIIRS,n,2,297.56,3.71,D,0
28.6578,70.20299,338.49,0.57,0.52,2025-11-29,903,N,VIIRS,n,2,296.25,7.06,D,0
28.42553,69.70074,309.8,0.52,0.41,2025-11-29,2128,N,VIIRS,n,2,283.38,1.85,N,2
28.44142,68.97586,305.07,0.48,0.4,2025-11-29,2128,N,VIIRS,n,2,278.47,0.83,N,0
26.33279,68.20947,332.04,0.39,0.36,2025-11-30,843,N,VIIRS,n,2,299.24,1.8,D,0
27.47425,68.66308,328.67,0.41,0.37,2025-11-30,843,N,VIIRS,n,2,291.47,2.6,D,0
28.03551,69.42637,342.6,0.43,0.38,2025-11-30,844,N,VIIRS,n,2,294.3,7.87,D,0
28.03902,69.42578,334.93,0.43,0.38,2025-11-30,844,N,VIIRS,n,2,293.6,5.42,D,0
28.04265,69.6419,334.74,0.44,0.38,2025-11-30,844,N,VIIRS,n,2,302.53,2.49,D,0
28.14568,69.85487,329.81,0.45,0.39,2025-11-30,844,N,VIIRS,n,2,298.63,1.56,D,0
28.16483,70.08939,331.79,0.46,0.39,2025-11-30,844,N,VIIRS,n,2,294.18,5.6,D,0
28.37939,70.23337,330.27,0.47,0.4,2025-11-30,844,N,VIIRS,n,2,297.44,1.85,D,0
28.59586,70.30661,332.57,0.48,0.4,2025-11-30,844,N,VIIRS,n,2,299.14,4.56,D,0
27.71606,69.3744,297.94,0.38,0.36,2025-11-30,2109,N,VIIRS,n,2,280.75,0.62,N,0
28.42425,69.70195,325.41,0.38,0.36,2025-11-30,2109,N,VIIRS,n,2,284.04,1.8,N,2
26.22483,68.38981,333.92,0.46,0.39,2025-12-01,824,N,VIIRS,n,2,304.82,3.3,D,0
26.41256,68.30499,334.12,0.46,0.39,2025-12-01,824,N,VIIRS,n,2,297.46,3.48,D,0
26.49908,68.05617,331.39,0.47,0.4,2025-12-01,824,N,VIIRS,n,2,297.83,2.74,D,0
26.87619,68.96305,332.55,0.43,0.38,2025-12-01,825,N,VIIRS,n,2,301.03,2.3,D,0
26.88205,68.39261,332.5,0.45,0.39,2025-12-01,825,N,VIIRS,n,2,298.87,3.1,D,0
26.90059,68.39322,333.26,0.45,0.39,2025-12-01,825,N,VIIRS,n,2,296.85,3.7,D,0
26.91513,68.28654,336.67,0.45,0.39,2025-12-01,825,N,VIIRS,n,2,299.14,3.24,D,0
26.91574,68.28317,331.39,0.45,0.39,2025-12-01,825,N,VIIRS,n,2,299.24,1.84,D,0
28.03307,69.33128,335.19,0.41,0.37,2025-12-01,825,N,VIIRS,n,2,298.47,2.78,D,0
28.09895,69.3051,330.71,0.41,0.37,2025-12-01,825,N,VIIRS,n,2,299.25,3.23,D,0
28.09964,69.30923,330.76,0.41,0.37,2025-12-01,825,N,VIIRS,n,2,300.25,3.23,D,0
28.30446,69.95232,332.4,0.39,0.37,2025-12-01,825,N,VIIRS,n,2,300.7,5.49,D,0
28.31821,70.30298,341.29,0.39,0.36,2025-12-01,825,N,VIIRS,n,2,299.49,4.56,D,0
28.32265,69.46751,335.17,0.4,0.37,2025-12-01,825,N,VIIRS,n,2,304.34,4.95,D,0
28.33707,69.98281,332.22,0.39,0.36,2025-12-01,825,N,VIIRS,n,2,298.51,2.42,D,0
28.39329,70.07434,330.0,0.39,0.36,2025-12-01,825,N,VIIRS,n,2,298.89,1.96,D,0
28.41995,70.05682,335.52,0.39,0.36,2025-12-01,825,N,VIIRS,n,2,299.73,3.32,D,0
28.44226,69.81194,333.96,0.4,0.37,2025-12-01,825,N,VIIRS,n,2,297.75,3.28,D,0
28.46005,70.15553,336.7,0.39,0.36,2025-12-01,825,N,VIIRS,n,2,297.74,4.11,D,0
28.48848,70.07561,332.11,0.39,0.36,2025-12-01,825,N,VIIRS,n,2,299.97,2.52,D,0
28.70378,70.27876,331.06,0.39,0.36,2025-12-01,825,N,VIIRS,n,2,298.01,1.75,D,0
28.75147,70.36299,333.77,0.39,0.36,2025-12-01,825,N,VIIRS,n,2,300.61,4.39,D,0
28.42378,69.6986,306.99,0.53,0.42,2025-12-01,2050,N,VIIRS,n,2,282.51,1.62,N,2
28.61018,68.62745,301.4,0.4,0.45,2025-12-01,2050,N,VIIRS,n,2,282.8,0.96,N,2
28.61157,68.62818,300.91,0.4,0.45,2025-12-01,2050,N,VIIRS,n,2,282.05,0.81,N,2
26.7014,68.01501,331.93,0.57,0.52,2025-12-02,806,N,VIIRS,n,2,297.56,3.25,D,0
27.96447,68.82041,339.3,0.48,0.48,2025-12-02,806,N,VIIRS,n,2,300.21,4.38,D,0
28.27489,69.8793,330.24,0.41,0.45,2025-12-02,806,N,VIIRS,n,2,297.56,1.83,D,0
28.44458,69.99749,339.4,0.4,0.44,2025-12-02,806,N,VIIRS,n,2,297.92,8.73,D,0
28.45617,70.11356,334.67,0.4,0.44,2025-12-02,806,N,VIIRS,n,2,298.03,3.25,D,0
28.47941,70.0015,333.14,0.4,0.44,2025-12-02,806,N,VIIRS,n,2,295.68,2.5,D,0
28.55367,70.03387,330.01,0.4,0.44,2025-12-02,806,N,VIIRS,n,2,297.57,1.23,D,0
28.60634,70.17266,332.11,0.39,0.44,2025-12-02,806,N,VIIRS,n,2,296.46,3.98,D,0
28.8829,70.29665,331.1,0.57,0.43,2025-12-02,806,N,VIIRS,n,2,297.28,3.67,D,0
29.01812,68.88812,333.77,0.45,0.47,2025-12-02,806,N,VIIRS,n,2,301.41,2.06,D,0
28.42521,69.69992,311.26,0.33,0.55,2025-12-02,2031,N,VIIRS,n,2,284.12,0.66,N,2
28.42725,69.6978,302.84,0.33,0.55,2025-12-02,2031,N,VIIRS,n,2,283.29,0.61,N,0
28.61163,68.62637,297.86,0.39,0.59,2025-12-02,2031,N,VIIRS,n,2,281.58,0.63,N,2
27.93734,68.32535,329.25,0.49,0.65,2025-12-03,747,N,VIIRS,n,2,294.85,3.49,D,0
26.42234,68.32346,330.56,0.51,0.66,2025-12-03,927,N,VIIRS,n,2,294.84,2.96,D,0
26.59255,68.12266,367.0,0.5,0.66,2025-12-03,927,N,VIIRS,h,2,297.09,13.04,D,0
28.18022,69.81731,330.23,0.65,0.73,2025-12-03,928,N,VIIRS,n,2,294.78,2.97,D,0
28.30183,70.18745,340.38,0.68,0.74,2025-12-03,928,N,VIIRS,n,2,292.95,4.91,D,0
28.30764,70.1862,330.15,0.69,0.74,2025-12-03,928,N,VIIRS,n,2,291.6,5.52,D,0
28.32005,69.99778,328.44,0.67,0.73,2025-12-03,928,N,VIIRS,n,2,295.02,3.63,D,0
28.74476,70.24291,329.32,0.68,0.74,2025-12-04,729,N,VIIRS,n,2,292.3,2.55,D,0
26.32063,68.15134,338.2,0.5,0.49,2025-12-04,908,N,VIIRS,n,2,297.07,2.64,D,0
26.61028,68.09108,333.93,0.5,0.49,2025-12-04,909,N,VIIRS,n,2,296.47,4.48,D,0
26.64292,68.13927,330.3,0.51,0.49,2025-12-04,909,N,VIIRS,n,2,296.58,5.88,D,0
26.85896,68.0352,339.58,0.5,0.49,2025-12-04,909,N,VIIRS,n,2,295.97,7.03,D,0
27.19056,68.34702,339.08,0.53,0.5,2025-12-04,909,N,VIIRS,n,2,296.24,3.5,D,0
27.683,69.52459,333.69,0.64,0.54,2025-12-04,909,N,VIIRS,n,2,300.27,5.28,D,0
27.6845,69.52579,345.76,0.64,0.54,2025-12-04,909,N,VIIRS,n,2,302.13,17.08,D,0
27.68806,69.52403,354.77,0.64,0.54,2025-12-04,909,N,VIIRS,n,2,300.17,13.27,D,0
28.05507,69.39482,333.03,0.63,0.54,2025-12-04,909,N,VIIRS,n,2,295.75,4.38,D,0
28.22743,69.7847,332.26,0.33,0.56,2025-12-04,909,N,VIIRS,n,2,295.92,3.76,D,0
28.23176,69.7843,346.73,0.33,0.56,2025-12-04,909,N,VIIRS,n,2,296.4,3.59,D,0
28.29249,70.26445,334.8,0.36,0.57,2025-12-04,909,N,VIIRS,n,2,295.34,1.87,D,0
28.35089,70.07248,331.88,0.35,0.57,2025-12-04,909,N,VIIRS,n,2,295.98,2.92,D,0
28.40784,69.92505,345.9,0.34,0.56,2025-12-04,909,N,VIIRS,n,2,296.44,3.78,D,0
28.40814,69.92859,340.64,0.34,0.56,2025-12-04,909,N,VIIRS,n,2,295.14,3.78,D,0
28.49853,70.2049,354.37,0.36,0.57,2025-12-04,909,N,VIIRS,n,2,296.19,3.6,D,0
28.51776,70.17675,334.73,0.36,0.57,2025-12-04,909,N,VIIRS,n,2,295.28,2.56,D,0
28.60823,70.39583,334.59,0.37,0.58,2025-12-04,909,N,VIIRS,n,2,294.8,2.14,D,0
28.05251,69.37109,296.97,0.41,0.45,2025-12-04,2134,N,VIIRS,n,2,280.3,0.4,N,2
28.42297,69.69923,302.17,0.42,0.45,2025-12-04,2134,N,VIIRS,n,2,281.55,0.76,N,2
28.42708,69.7003,303.29,0.42,0.45,2025-12-04,2134,N,VIIRS,n,2,282.53,0.76,N,2
28.52565,70.25359,328.97,0.45,0.47,2025-12-04,2134,N,VIIRS,n,2,279.71,3.76,N,0
26.25221,68.20229,330.15,0.43,0.38,2025-12-05,850,N,VIIRS,n,2,291.47,2.16,D,0
26.26158,68.21848,331.94,0.43,0.38,2025-12-05,850,N,VIIRS,n,2,293.46,5.28,D,0
26.42645,68.21619,337.13,0.43,0.38,2025-12-05,850,N,VIIRS,n,2,296.5,5.4,D,0
26.69356,67.92813,334.52,0.43,0.38,2025-12-05,850,N,VIIRS,n,2,294.66,2.61,D,0
26.88322,68.24966,334.81,0.44,0.38,2025-12-05,850,N,VIIRS,n,2,295.36,6.57,D,0
26.95594,68.45406,330.28,0.45,0.39,2025-12-05,850,N,VIIRS,n,2,296.02,2.99,D,0
26.95729,68.4524,329.07,0.45,0.39,2025-12-05,850,N,VIIRS,n,2,296.09,2.32,D,0
27.08368,68.49957,331.96,0.45,0.39,2025-12-05,850,N,VIIRS,n,2,297.64,5.3,D,0
28.15009,69.52612,336.4,0.51,0.41,2025-12-05,850,N,VIIRS,n,2,301.54,16.79,D,0
28.31867,70.00179,332.43,0.55,0.42,2025-12-05,850,N,VIIRS,n,2,300.23,5.49,D,0
28.32211,70.00547,331.24,0.55,0.42,2025-12-05,850,N,VIIRS,n,2,299.01,9.23,D,0
26.21184,68.17657,331.61,0.41,0.37,2025-12-06,831,N,VIIRS,n,2,291.03,2.83,D,0
26.26702,68.17406,337.98,0.41,0.37,2025-12-06,831,N,VIIRS,n,2,290.74,4.99,D,0
26.33645,68.12591,326.89,0.41,0.37,2025-12-06,831,N,VIIRS,n,2,294.14,2.59,D,0
26.46528,68.33138,327.2,0.4,0.37,2025-12-06,831,N,VIIRS,n,2,291.72,1.4,D,0
26.61537,68.34797,330.75,0.4,0.37,2025-12-06,831,N,VIIRS,n,2,290.7,1.84,D,0
26.62549,67.8898,328.91,0.41,0.37,2025-12-06,831,N,VIIRS,n,2,296.64,1.83,D,0
26.69185,68.28214,330.6,0.4,0.37,2025-12-06,831,N,VIIRS,n,2,295.92,2.5,D,0
26.69193,68.28251,330.59,0.4,0.37,2025-12-06,831,N,VIIRS,n,2,297.34,5.21,D,0
26.69251,68.28619,331.11,0.4,0.37,2025-12-06,831,N,VIIRS,n,2,297.06,2.5,D,0
26.75494,68.13511,330.13,0.41,0.37,2025-12-06,831,N,VIIRS,n,2,295.89,4.07,D,0
26.80242,68.02002,330.64,0.41,0.37,2025-12-06,831,N,VIIRS,n,2,296.53,1.64,D,0
26.99766,67.76275,334.55,0.42,0.37,2025-12-06,831,N,VIIRS,n,2,297.2,4.2,D,0
27.30816,68.61819,328.95,0.39,0.37,2025-12-06,831,N,VIIRS,n,2,295.4,1.98,D,0
27.38224,68.43027,329.85,0.4,0.37,2025-12-06,831,N,VIIRS,n,2,296.6,2.43,D,0
27.55082,68.49919,331.78,0.4,0.37,2025-12-06,831,N,VIIRS,n,2,295.77,2.55,D,0
27.63194,68.96033,334.69,0.39,0.36,2025-12-06,831,N,VIIRS,n,2,290.28,2.78,D,0
27.70125,68.99564,327.39,0.39,0.36,2025-12-06,831,N,VIIRS,n,2,288.77,1.65,D,0
27.8194,69.20634,326.7,0.39,0.36,2025-12-06,831,N,VIIRS,n,2,286.25,2.39,D,0
28.07024,69.35794,332.32,0.38,0.36,2025-12-06,831,N,VIIRS,n,2,292.75,3.09,D,0
28.0851,69.47555,325.49,0.38,0.36,2025-12-06,831,N,VIIRS,n,2,290.37,0.78,D,0
28.28217,69.81126,325.41,0.38,0.36,2025-12-06,831,N,VIIRS,n,2,272.24,1.45,D,0
28.79848,67.44225,339.91,0.41,0.37,2025-12-06,832,N,VIIRS,n,2,289.55,7.31,D,0
26.36941,68.19357,296.15,0.5,0.41,2025-12-06,2057,N,VIIRS,n,2,283.0,0.5,N,0
26.37253,68.19218,295.48,0.5,0.41,2025-12-06,2057,N,VIIRS,n,2,283.21,0.66,N,0
28.2901,69.35708,301.16,0.46,0.39,2025-12-06,2057,N,VIIRS,n,2,284.58,1.35,N,0
28.42574,69.6997,309.18,0.45,0.39,2025-12-06,2057,N,VIIRS,n,2,283.01,1.64,N,2
26.332,68.52053,340.52,0.43,0.46,2025-12-07,812,N,VIIRS,n,2,298.58,4.78,D,0
26.33214,68.52253,341.17,0.43,0.46,2025-12-07,812,N,VIIRS,n,2,297.95,5.31,D,0
26.48068,68.09389,344.77,0.46,0.47,2025-12-07,812,N,VIIRS,n,2,297.9,5.01,D,0
26.81973,67.79659,327.71,0.47,0.48,2025-12-07,812,N,VIIRS,n,2,297.5,2.85,D,0
28.31495,70.03342,333.6,0.5,0.41,2025-12-07,813,N,VIIRS,n,2,296.23,2.44,D,0
28.34944,70.07279,332.17,0.5,0.41,2025-12-07,813,N,VIIRS,n,2,297.6,3.3,D,0
28.65642,70.14925,330.56,0.49,0.4,2025-12-07,813,N,VIIRS,n,2,298.4,6.61,D,0
28.42323,69.70147,304.77,0.53,0.5,2025-12-07,2038,N,VIIRS,n,2,284.61,0.85,N,2
28.4257,69.70119,301.69,0.53,0.5,2025-12-07,2038,N,VIIRS,n,2,284.66,1.08,N,2
26.23483,68.96349,340.63,0.39,0.6,2025-12-08,753,N,VIIRS,n,2,299.02,3.06,D,0
26.32532,68.04538,345.96,0.44,0.63,2025-12-08,753,N,VIIRS,n,2,299.62,4.36,D,0
26.33099,68.04373,342.42,0.44,0.63,2025-12-08,753,N,VIIRS,n,2,297.44,4.36,D,0
26.37844,68.23918,352.01,0.43,0.62,2025-12-08,753,N,VIIRS,n,2,299.29,5.35,D,0
26.42432,68.33044,335.25,0.42,0.61,2025-12-08,753,N,VIIRS,n,2,298.91,2.7,D,0
26.43392,68.34566,346.49,0.42,0.61,2025-12-08,753,N,VIIRS,n,2,299.64,5.21,D,0
26.64124,68.1721,333.83,0.43,0.62,2025-12-08,753,N,VIIRS,n,2,297.67,1.92,D,0
26.6815,68.03181,336.8,0.44,0.62,2025-12-08,754,N,VIIRS,n,2,298.5,2.05,D,0
27.45809,68.99284,367.0,0.37,0.58,2025-12-08,754,N,VIIRS,h,2,304.47,22.28,D,0
27.74594,69.52699,341.14,0.34,0.56,2025-12-08,754,N,VIIRS,n,2,297.68,3.24,D,0
27.74706,69.52513,341.17,0.34,0.56,2025-12-08,754,N,VIIRS,n,2,296.13,3.93,D,0
27.78701,69.20265,332.4,0.35,0.57,2025-12-08,754,N,VIIRS,n,2,297.06,3.18,D,0
27.92731,69.43208,367.0,0.34,0.56,2025-12-08,754,N,VIIRS,h,2,298.39,7.45,D,0
27.92808,69.43549,334.17,0.34,0.56,2025-12-08,754,N,VIIRS,n,2,297.8,8.35,D,0
27.97342,69.2037,349.44,0.35,0.57,2025-12-08,754,N,VIIRS,n,2,297.91,5.32,D,0
28.15463,69.53783,353.26,0.33,0.55,2025-12-08,754,N,VIIRS,n,2,296.56,3.63,D,0
28.36329,70.09207,340.15,0.61,0.53,2025-12-08,754,N,VIIRS,n,2,297.23,7.71,D,0
26.95717,67.88398,351.11,0.61,0.71,2025-12-08,934,N,VIIRS,n,2,298.41,7.98,D,0
27.23406,68.36017,332.69,0.65,0.73,2025-12-08,934,N,VIIRS,n,2,296.57,4.84,D,0
27.23441,68.367,334.41,0.65,0.73,2025-12-08,934,N,VIIRS,n,2,296.72,4.84,D,0
27.23988,68.36127,336.8,0.65,0.73,2025-12-08,934,N,VIIRS,n,2,295.78,9.0,D,0
27.49727,69.0229,334.68,0.72,0.75,2025-12-08,934,N,VIIRS,n,2,295.49,3.88,D,0
27.50125,69.022,339.23,0.72,0.75,2025-12-08,934,N,VIIRS,n,2,295.52,5.19,D,0
29.16965,68.7298,347.47,0.71,0.75,2025-12-08,935,N,VIIRS,n,2,301.75,6.96,D,0
28.42333,69.69733,297.04,0.52,0.67,2025-12-08,2019,N,VIIRS,n,2,283.73,0.97,N,2
28.42274,69.70195,303.31,0.49,0.65,2025-12-08,2159,N,VIIRS,n,2,283.81,1.02,N,2
28.42396,69.70319,298.3,0.49,0.65,2025-12-08,2159,N,VIIRS,n,2,283.61,1.16,N,2
27.29597,68.22315,345.97,0.77,0.78,2025-12-09,735,N,VIIRS,n,2,300.02,8.73,D,0
28.07391,69.53304,331.21,0.62,0.72,2025-12-09,735,N,VIIRS,n,2,297.43,3.05,D,0
28.46881,70.11017,357.44,0.57,0.69,2025-12-09,735,N,VIIRS,n,2,298.58,9.15,D,0
28.9636,70.34358,332.03,0.54,0.67,2025-12-09,735,N,VIIRS,n,2,294.92,4.88,D,0
26.2902,68.25378,335.1,0.32,0.55,2025-12-09,915,N,VIIRS,n,2,300.67,1.84,D,0
26.29861,68.20127,367.0,0.32,0.55,2025-12-09,915,N,VIIRS,h,2,304.12,7.25,D,0
26.32007,68.21209,330.11,0.32,0.55,2025-12-09,915,N,VIIRS,n,2,299.44,1.26,D,0
26.35656,68.05347,337.79,0.63,0.54,2025-12-09,915,N,VIIRS,n,2,300.24,5.19,D,0
26.38425,68.35178,330.23,0.33,0.55,2025-12-09,915,N,VIIRS,n,2,300.59,1.65,D,0
26.45293,68.33987,338.95,0.33,0.55,2025-12-09,915,N,VIIRS,n,2,300.19,2.72,D,0
26.45323,68.34322,331.28,0.33,0.55,2025-12-09,915,N,VIIRS,n,2,301.05,3.74,D,0
26.78569,68.28418,332.08,0.33,0.55,2025-12-09,915,N,VIIRS,n,2,301.0,1.15,D,0
26.86844,68.13993,355.44,0.32,0.55,2025-12-09,915,N,VIIRS,n,2,300.06,4.94,D,0
27.28336,68.59754,367.0,0.35,0.56,2025-12-09,915,N,VIIRS,h,2,301.1,5.85,D,0
27.28375,68.59825,367.0,0.35,0.56,2025-12-09,915,N,VIIRS,h,2,300.83,5.64,D,0
27.34775,68.48376,351.97,0.34,0.56,2025-12-09,915,N,VIIRS,n,2,300.1,3.99,D,0
27.56407,68.36185,330.96,0.34,0.56,2025-12-09,915,N,VIIRS,n,2,301.01,1.76,D,0
27.56439,68.36002,333.65,0.34,0.56,2025-12-09,915,N,VIIRS,n,2,301.6,2.13,D,0
27.63655,68.53068,331.62,0.35,0.56,2025-12-09,915,N,VIIRS,n,2,299.97,1.78,D,0
27.76661,69.16874,331.26,0.38,0.59,2025-12-09,915,N,VIIRS,n,2,298.11,1.38,D,0
27.968,69.33452,331.17,0.39,0.59,2025-12-09,915,N,VIIRS,n,2,298.44,2.69,D,0
28.1783,69.7711,331.97,0.42,0.61,2025-12-09,915,N,VIIRS,n,2,298.27,1.56,D,0
28.28806,69.90887,367.0,0.43,0.62,2025-12-09,915,N,VIIRS,h,2,300.69,12.76,D,0
28.42745,70.06902,331.37,0.44,0.62,2025-12-09,916,N,VIIRS,n,2,298.22,3.88,D,0
28.42776,70.07362,339.16,0.44,0.62,2025-12-09,916,N,VIIRS,n,2,298.85,5.97,D,0
28.42779,70.07002,345.17,0.44,0.62,2025-12-09,916,N,VIIRS,n,2,298.67,6.81,D,0
28.4299,70.0182,331.75,0.43,0.62,2025-12-09,916,N,VIIRS,n,2,299.81,2.22,D,0
28.75624,70.25978,331.8,0.45,0.63,2025-12-09,916,N,VIIRS,n,2,293.31,4.51,D,0
28.99066,70.31893,332.7,0.46,0.63,2025-12-09,916,N,VIIRS,n,2,296.14,3.25,D,0
28.99376,70.32047,341.49,0.46,0.63,2025-12-09,916,N,VIIRS,n,2,296.76,6.43,D,0
28.9966,70.31845,337.33,0.46,0.63,2025-12-09,916,N,VIIRS,n,2,295.0,3.25,D,0
26.24411,68.25656,335.4,0.51,0.41,2025-12-10,856,N,VIIRS,n,2,301.74,3.42,D,0
26.2452,68.25896,332.66,0.51,0.41,2025-12-10,856,N,VIIRS,n,2,301.66,4.15,D,0
26.42546,68.32637,343.95,0.52,0.41,2025-12-10,856,N,VIIRS,n,2,303.54,7.12,D,0
26.47672,68.48988,332.61,0.53,0.42,2025-12-10,856,N,VIIRS,n,2,300.6,4.54,D,0
26.50326,68.33886,331.98,0.52,0.41,2025-12-10,856,N,VIIRS,n,2,301.37,6.94,D,0
26.56852,68.18473,332.24,0.51,0.41,2025-12-10,856,N,VIIRS,n,2,300.09,2.56,D,0
26.68046,68.03013,332.13,0.5,0.41,2025-12-10,856,N,VIIRS,n,2,300.43,2.65,D,0
26.77225,67.93608,337.29,0.5,0.41,2025-12-10,856,N,VIIRS,n,2,298.8,4.4,D,0
26.77389,68.20637,330.87,0.51,0.41,2025-12-10,856,N,VIIRS,n,2,298.63,4.4,D,0
26.7758,68.20897,330.71,0.51,0.41,2025-12-10,856,N,VIIRS,n,2,299.53,3.99,D,0
26.82174,68.41331,338.66,0.53,0.42,2025-12-10,856,N,VIIRS,n,2,300.28,4.9,D,0
27.02825,68.51563,330.19,0.54,0.42,2025-12-10,856,N,VIIRS,n,2,298.71,1.27,D,0
27.38192,68.35162,333.16,0.53,0.42,2025-12-10,856,N,VIIRS,n,2,299.78,3.5,D,0
27.58061,69.37021,337.37,0.4,0.44,2025-12-10,856,N,VIIRS,n,2,304.37,2.23,D,0
27.58929,69.37318,344.03,0.4,0.44,2025-12-10,856,N,VIIRS,n,2,305.95,6.35,D,0
27.79237,69.1641,332.11,0.39,0.44,2025-12-10,856,N,VIIRS,n,2,297.75,2.91,D,0
27.85029,69.30947,339.19,0.4,0.44,2025-12-10,856,N,VIIRS,n,2,302.19,6.38,D,0
27.92493,69.62979,335.42,0.42,0.45,2025-12-10,857,N,VIIRS,n,2,300.28,3.18,D,0
27.92539,69.63411,331.83,0.42,0.45,2025-12-10,857,N,VIIRS,n,2,300.99,3.18,D,0
28.06053,69.3529,331.22,0.41,0.45,2025-12-10,857,N,VIIRS,n,2,298.85,2.04,D,0
28.20174,69.74165,354.9,0.43,0.46,2025-12-10,857,N,VIIRS,n,2,301.03,12.22,D,0
28.3811,70.34784,339.74,0.47,0.48,2025-12-10,857,N,VIIRS,n,2,298.41,10.63,D,0
28.5752,70.16565,349.72,0.46,0.47,2025-12-10,857,N,VIIRS,n,2,298.17,7.98,D,0
28.617,70.3954,339.16,0.47,0.48,2025-12-10,857,N,VIIRS,n,2,297.87,4.18,D,0
28.75769,70.25854,330.79,0.47,0.48,2025-12-10,857,N,VIIRS,n,2,296.28,9.57,D,0
28.75818,70.26339,339.89,0.47,0.48,2025-12-10,857,N,VIIRS,n,2,301.84,20.27,D,0
28.88146,70.38387,339.32,0.48,0.48,2025-12-10,857,N,VIIRS,n,2,296.12,5.65,D,0
27.13615,67.82851,302.41,0.4,0.37,2025-12-10,2122,N,VIIRS,n,2,284.32,0.61,N,0
28.27962,67.47173,300.99,0.39,0.36,2025-12-10,2122,N,VIIRS,n,2,280.49,0.65,N,0
28.42593,69.69973,318.72,0.44,0.39,2025-12-10,2122,N,VIIRS,n,2,284.94,1.81,N,2
26.20576,68.4239,332.45,0.38,0.36,2025-12-11,837,N,VIIRS,n,2,299.69,1.74,D,0
26.26965,68.05183,341.08,0.39,0.36,2025-12-11,837,N,VIIRS,n,2,297.73,5.59,D,0
26.28361,68.42098,341.83,0.38,0.36,2025-12-11,837,N,VIIRS,n,2,299.06,4.18,D,0
26.29547,68.5647,338.92,0.38,0.36,2025-12-11,837,N,VIIRS,n,2,299.01,2.9,D,0
26.39853,67.96342,332.32,0.39,0.36,2025-12-11,837,N,VIIRS,n,2,299.22,6.61,D,0
26.57383,68.30692,335.86,0.38,0.36,2025-12-11,837,N,VIIRS,n,2,298.85,3.53,D,0
26.66349,68.20669,336.37,0.38,0.36,2025-12-11,837,N,VIIRS,n,2,299.46,4.05,D,0
26.70812,68.2972,331.82,0.38,0.36,2025-12-11,837,N,VIIRS,n,2,298.45,1.55,D,0
26.71143,68.29657,338.58,0.38,0.36,2025-12-11,837,N,VIIRS,n,2,298.09,3.45,D,0
27.41907,68.48001,335.21,0.38,0.36,2025-12-11,838,N,VIIRS,n,2,299.84,4.43,D,0
28.02126,69.25391,330.87,0.39,0.36,2025-12-11,838,N,VIIRS,n,2,296.7,5.43,D,0
28.28287,69.74078,331.75,0.4,0.37,2025-12-11,838,N,VIIRS,n,2,299.85,7.73,D,0
28.35573,69.71156,331.32,0.4,0.37,2025-12-11,838,N,VIIRS,n,2,297.33,3.48,D,0
28.40144,69.99065,332.07,0.41,0.37,2025-12-11,838,N,VIIRS,n,2,297.3,2.1,D,0
28.40457,69.83743,344.12,0.4,0.37,2025-12-11,838,N,VIIRS,n,2,301.78,14.31,D,0
28.50042,70.17475,339.45,0.41,0.37,2025-12-11,838,N,VIIRS,n,2,298.17,4.59,D,0
28.9319,70.30384,331.02,0.42,0.38,2025-12-11,838,N,VIIRS,n,2,296.36,6.7,D,0
28.97313,70.33713,330.67,0.42,0.38,2025-12-11,838,N,VIIRS,n,2,296.86,2.52,D,0
28.97659,70.33653,332.79,0.42,0.38,2025-12-11,838,N,VIIRS,n,2,296.06,4.02,D,0
26.68581,68.91426,301.51,0.41,0.37,2025-12-11,2103,N,VIIRS,n,2,285.62,0.68,N,0
28.42367,69.69942,316.92,0.4,0.37,2025-12-11,2103,N,VIIRS,n,2,284.8,1.83,N,2
26.33749,68.52972,337.98,0.53,0.42,2025-12-12,819,N,VIIRS,n,2,296.82,4.01,D,0
26.81964,68.21634,330.43,0.54,0.42,2025-12-12,819,N,VIIRS,n,2,289.87,3.12,D,0
26.82914,68.2028,331.6,0.54,0.42,2025-12-12,819,N,VIIRS,n,2,297.94,5.75,D,0
27.72652,68.6652,337.27,0.5,0.41,2025-12-12,819,N,VIIRS,n,2,297.39,4.79,D,0
27.73353,69.32346,344.45,0.47,0.39,2025-12-12,819,N,VIIRS,n,2,298.04,6.69,D,0
27.99761,69.49939,335.75,0.45,0.39,2025-12-12,819,N,VIIRS,n,2,297.73,4.38,D,0
28.02858,69.33501,341.94,0.46,0.39,2025-12-12,819,N,VIIRS,n,2,295.27,6.15,D,0
28.03216,69.33419,335.68,0.46,0.39,2025-12-12,819,N,VIIRS,n,2,294.76,4.17,D,0
28.17564,70.08299,345.77,0.43,0.38,2025-12-12,819,N,VIIRS,n,2,299.14,13.95,D,0
28.37218,70.0234,334.0,0.43,0.38,2025-12-12,819,N,VIIRS,n,2,299.1,8.41,D,0
28.41162,70.00103,331.31,0.43,0.38,2025-12-12,819,N,VIIRS,n,2,298.38,4.36,D,0
28.47146,69.96697,340.49,0.43,0.38,2025-12-12,819,N,VIIRS,n,2,297.21,7.89,D,0
29.03204,70.3642,331.88,0.41,0.37,2025-12-12,819,N,VIIRS,n,2,297.16,5.19,D,0
29.03451,70.36511,332.75,0.41,0.37,2025-12-12,819,N,VIIRS,n,2,293.9,4.5,D,0
27.99222,68.68504,297.38,0.48,0.48,2025-12-12,2044,N,VIIRS,n,2,280.86,0.95,N,0
28.42518,69.7002,296.63,0.43,0.46,2025-12-12,2044,N,VIIRS,n,2,279.1,0.59,N,2
28.05377,69.36593,308.37,0.43,0.62,2025-12-13,2025,N,VIIRS,n,2,285.61,0.89,N,2
28.05461,69.36804,298.61,0.43,0.62,2025-12-13,2025,N,VIIRS,n,2,285.27,0.59,N,0
26.55382,68.08069,331.85,0.4,0.6,2025-12-14,922,N,VIIRS,n,2,287.71,3.17,D,0
26.73609,68.00787,327.61,0.39,0.6,2025-12-14,922,N,VIIRS,n,2,289.53,2.73,D,0
26.73727,68.00955,331.97,0.39,0.6,2025-12-14,922,N,VIIRS,n,2,290.06,3.02,D,0
26.27697,68.176,334.37,0.41,0.45,2025-12-15,903,N,VIIRS,n,2,291.06,2.98,D,0
26.2834,68.15832,339.89,0.41,0.45,2025-12-15,903,N,VIIRS,n,2,294.79,6.96,D,0
26.43036,68.04797,338.88,0.41,0.45,2025-12-15,903,N,VIIRS,n,2,294.12,4.34,D,0
26.54772,68.26878,339.22,0.42,0.45,2025-12-15,903,N,VIIRS,n,2,290.61,4.58,D,0
26.65338,67.94314,331.12,0.4,0.44,2025-12-15,903,N,VIIRS,n,2,292.87,3.42,D,0
26.69551,68.09619,329.38,0.41,0.45,2025-12-15,903,N,VIIRS,n,2,294.13,2.41,D,0
26.75807,68.16418,339.62,0.41,0.45,2025-12-15,903,N,VIIRS,n,2,296.68,4.42,D,0
26.83961,68.01759,331.74,0.41,0.45,2025-12-15,903,N,VIIRS,n,2,291.18,4.5,D,0
26.84008,68.02173,339.54,0.41,0.45,2025-12-15,903,N,VIIRS,n,2,292.29,4.5,D,0
26.91596,68.23524,330.63,0.42,0.45,2025-12-15,903,N,VIIRS,n,2,296.38,1.19,D,0
26.93506,68.21532,329.54,0.42,0.45,2025-12-15,903,N,VIIRS,n,2,297.15,1.86,D,0
26.97194,68.3945,333.19,0.43,0.46,2025-12-15,903,N,VIIRS,n,2,296.0,2.26,D,0
27.2371,68.32577,333.58,0.43,0.46,2025-12-15,903,N,VIIRS,n,2,295.0,1.6,D,0
27.5937,68.98098,340.43,0.47,0.48,2025-12-15,903,N,VIIRS,n,2,299.08,9.71,D,0
27.59511,68.98367,341.15,0.47,0.48,2025-12-15,903,N,VIIRS,n,2,298.75,9.3,D,0
27.66168,68.18468,336.12,0.43,0.46,2025-12-15,903,N,VIIRS,n,2,295.64,1.96,D,0
27.88897,69.0819,338.96,0.48,0.48,2025-12-15,903,N,VIIRS,n,2,296.43,9.06,D,0
27.88948,69.08687,337.97,0.48,0.48,2025-12-15,903,N,VIIRS,n,2,294.76,9.84,D,0
28.02334,69.31501,338.55,0.5,0.49,2025-12-15,903,N,VIIRS,n,2,295.87,3.93,D,0
28.03961,69.33921,333.49,0.5,0.49,2025-12-15,903,N,VIIRS,n,2,296.52,3.74,D,0
28.08282,69.64852,340.39,0.53,0.5,2025-12-15,903,N,VIIRS,n,2,295.94,6.89,D,0
28.08433,69.64523,338.76,0.53,0.5,2025-12-15,903,N,VIIRS,n,2,294.47,10.04,D,0
28.42394,69.70241,301.33,0.52,0.42,2025-12-15,2128,N,VIIRS,n,2,283.72,0.97,N,2
26.28819,68.09155,333.27,0.39,0.36,2025-12-16,844,N,VIIRS,n,2,296.38,1.71,D,0
26.29153,68.09094,337.98,0.39,0.36,2025-12-16,844,N,VIIRS,n,2,300.71,14.16,D,0
26.32421,68.36373,336.0,0.4,0.37,2025-12-16,844,N,VIIRS,n,2,297.9,4.27,D,0
26.6067,68.10014,334.15,0.39,0.36,2025-12-16,844,N,VIIRS,n,2,298.29,6.16,D,0
26.89402,68.00947,329.68,0.39,0.36,2025-12-16,844,N,VIIRS,n,2,299.4,11.5,D,0
27.22931,68.3802,332.11,0.4,0.37,2025-12-16,844,N,VIIRS,n,2,297.24,2.76,D,0
27.30109,68.22002,340.99,0.4,0.37,2025-12-16,844,N,VIIRS,n,2,305.02,15.95,D,0
27.35418,68.376,331.03,0.4,0.37,2025-12-16,844,N,VIIRS,n,2,297.46,1.68,D,0
27.46515,68.5238,331.3,0.41,0.37,2025-12-16,844,N,VIIRS,n,2,298.18,1.71,D,0
27.64494,67.92519,328.55,0.39,0.36,2025-12-16,844,N,VIIRS,n,2,297.84,2.21,D,0
27.66357,69.5694,333.37,0.44,0.38,2025-12-16,844,N,VIIRS,n,2,298.46,5.43,D,0
27.95619,68.27261,341.88,0.4,0.37,2025-12-16,844,N,VIIRS,n,2,299.62,3.77,D,0
27.96338,69.09444,332.05,0.42,0.38,2025-12-16,844,N,VIIRS,n,2,297.03,3.84,D,0
27.99794,69.43575,337.68,0.44,0.38,2025-12-16,844,N,VIIRS,n,2,295.2,4.64,D,0
28.01435,69.2367,332.12,0.43,0.38,2025-12-16,844,N,VIIRS,n,2,294.35,4.1,D,0
28.01471,69.43014,335.27,0.44,0.38,2025-12-16,844,N,VIIRS,n,2,294.62,3.12,D,0
28.01784,69.23611,331.84,0.43,0.38,2025-12-16,844,N,VIIRS,n,2,291.39,4.1,D,0
28.07752,70.09528,337.26,0.46,0.39,2025-12-16,844,N,VIIRS,n,2,296.27,2.51,D,0
28.10178,69.35342,334.04,0.43,0.38,2025-12-16,844,N,VIIRS,n,2,296.54,2.77,D,0
28.22907,69.83128,332.81,0.45,0.39,2025-12-16,844,N,VIIRS,n,2,294.0,4.39,D,0
28.28615,69.66821,335.49,0.45,0.39,2025-12-16,844,N,VIIRS,n,2,295.85,3.18,D,0
28.32124,69.7703,333.25,0.45,0.39,2025-12-16,844,N,VIIRS,n,2,293.11,3.26,D,0
28.45399,69.99378,334.32,0.46,0.39,2025-12-16,844,N,VIIRS,n,2,295.61,7.93,D,0
28.42346,69.70032,307.1,0.38,0.36,2025-12-16,2109,N,VIIRS,n,2,283.29,0.73,N,2
26.37426,68.16489,332.29,0.46,0.39,2025-12-17,825,N,VIIRS,n,2,298.3,6.85,D,0
26.58412,68.07861,330.99,0.47,0.39,2025-12-17,825,N,VIIRS,n,2,296.87,2.03,D,0
26.63121,68.04888,335.14,0.47,0.39,2025-12-17,825,N,VIIRS,n,2,299.19,5.34,D,0
26.78138,68.1334,332.11,0.46,0.39,2025-12-17,825,N,VIIRS,n,2,299.65,8.2,D,0
26.78145,68.13006,342.21,0.46,0.39,2025-12-17,825,N,VIIRS,n,2,301.87,13.61,D,0
26.94892,67.79052,333.43,0.47,0.4,2025-12-17,825,N,VIIRS,n,2,301.1,9.77,D,0
26.96447,67.77223,332.84,0.47,0.4,2025-12-17,825,N,VIIRS,n,2,301.73,7.13,D,0
27.30526,68.22882,345.14,0.45,0.39,2025-12-17,825,N,VIIRS,n,2,304.82,12.04,D,0
27.35216,68.49627,331.57,0.44,0.38,2025-12-17,825,N,VIIRS,n,2,298.59,1.53,D,0
27.40521,68.54967,331.25,0.44,0.38,2025-12-17,825,N,VIIRS,n,2,299.49,3.21,D,0
27.6438,68.35769,341.92,0.44,0.38,2025-12-17,825,N,VIIRS,n,2,300.38,4.6,D,0
27.66674,69.10213,333.65,0.42,0.37,2025-12-17,825,N,VIIRS,n,2,298.13,3.01,D,0
27.77515,69.1404,342.67,0.41,0.37,2025-12-17,825,N,VIIRS,n,2,298.4,6.05,D,0
28.00082,69.75964,344.08,0.4,0.37,2025-12-17,825,N,VIIRS,n,2,299.79,5.03,D,0
28.1262,69.7548,331.3,0.4,0.37,2025-12-17,825,N,VIIRS,n,2,300.17,3.3,D,0
28.13997,69.83924,331.47,0.4,0.37,2025-12-17,825,N,VIIRS,n,2,298.84,1.71,D,0
28.29892,69.67348,336.17,0.4,0.37,2025-12-17,825,N,VIIRS,n,2,298.65,4.89,D,0
28.39117,70.37086,330.69,0.39,0.36,2025-12-17,825,N,VIIRS,n,2,298.84,0.95,D,0
28.43189,70.05671,334.28,0.39,0.36,2025-12-17,825,N,VIIRS,n,2,298.62,2.65,D,0
28.46743,69.87204,330.26,0.39,0.36,2025-12-17,825,N,VIIRS,n,2,297.97,1.26,D,0
28.50003,70.20255,331.14,0.39,0.36,2025-12-17,825,N,VIIRS,n,2,298.2,3.67,D,0
28.44154,68.96884,302.91,0.38,0.43,2025-12-17,2051,N,VIIRS,n,2,278.96,0.61,N,0
28.25359,69.6974,325.64,0.42,0.45,2025-12-18,807,N,VIIRS,n,2,270.26,2.04,D,0
28.52395,70.34342,341.13,0.38,0.43,2025-12-18,807,N,VIIRS,n,2,285.49,5.58,D,0
28.78087,70.31751,345.69,0.57,0.43,2025-12-18,807,N,VIIRS,n,2,289.45,8.76,D,0
26.30188,68.07893,329.37,0.55,0.68,2025-12-19,748,N,VIIRS,n,2,290.07,4.32,D,0
27.96445,69.24851,344.24,0.43,0.62,2025-12-19,748,N,VIIRS,n,2,294.49,3.93,D,0
27.9684,69.24699,344.64,0.43,0.62,2025-12-19,748,N,VIIRS,n,2,295.05,3.58,D,0
27.98884,69.25034,335.34,0.43,0.62,2025-12-19,748,N,VIIRS,n,2,295.12,2.94,D,0
28.12073,69.6227,334.31,0.4,0.6,2025-12-19,748,N,VIIRS,n,2,294.34,1.93,D,0
28.33741,70.16471,340.06,0.37,0.58,2025-12-19,748,N,VIIRS,n,2,294.92,12.55,D,0
28.3383,70.16846,367.0,0.37,0.58,2025-12-19,748,N,VIIRS,h,2,301.13,12.55,D,0
28.36782,69.71326,337.02,0.39,0.6,2025-12-19,748,N,VIIRS,n,2,295.84,4.75,D,0
28.53963,70.13855,337.06,0.37,0.58,2025-12-19,748,N,VIIRS,n,2,296.12,2.93,D,0
28.61324,70.33226,351.37,0.36,0.57,2025-12-19,748,N,VIIRS,n,2,297.39,4.95,D,0
28.80207,70.31841,344.56,0.35,0.57,2025-12-19,748,N,VIIRS,n,2,297.49,3.06,D,0
28.80722,70.31686,330.73,0.35,0.57,2025-12-19,748,N,VIIRS,n,2,294.62,1.94,D,0
28.988,70.38719,352.79,0.35,0.57,2025-12-19,748,N,VIIRS,n,2,296.73,4.55,D,0
28.98868,70.38607,327.45,0.35,0.57,2025-12-19,748,N,VIIRS,n,2,295.51,1.95,D,0
27.19329,68.27988,330.3,0.52,0.67,2025-12-19,928,N,VIIRS,n,2,290.99,3.14,D,0
27.66615,68.35034,331.74,0.53,0.67,2025-12-19,928,N,VIIRS,n,2,292.43,3.5,D,0
28.04088,69.34313,330.67,0.61,0.71,2025-12-19,928,N,VIIRS,n,2,293.11,2.73,D,0
28.42296,69.70121,297.35,0.4,0.37,2025-12-21,2116,N,VIIRS,n,2,285.32,0.44,N,2
28.42632,69.70194,295.82,0.4,0.37,2025-12-21,2116,N,VIIRS,n,2,285.61,0.44,N,2
26.24609,68.15382,336.58,0.41,0.37,2025-12-22,831,N,VIIRS,n,2,294.31,3.56,D,0
26.3262,68.40534,330.45,0.4,0.37,2025-12-22,831,N,VIIRS,n,2,294.02,2.91,D,0
26.39332,68.47449,332.6,0.4,0.37,2025-12-22,831,N,VIIRS,n,2,294.92,5.42,D,0
26.47499,68.0996,330.38,0.41,0.37,2025-12-22,831,N,VIIRS,n,2,294.17,2.26,D,0
26.63396,68.04193,330.66,0.41,0.37,2025-12-22,831,N,VIIRS,n,2,294.86,2.07,D,0
26.7903,68.20419,332.85,0.4,0.37,2025-12-22,832,N,VIIRS,n,2,295.26,5.81,D,0
27.21168,68.3361,330.2,0.4,0.37,2025-12-22,832,N,VIIRS,n,2,294.99,2.91,D,0
27.30314,68.2305,333.81,0.4,0.37,2025-12-22,832,N,VIIRS,n,2,300.17,5.19,D,0
27.3065,68.2298,333.7,0.4,0.37,2025-12-22,832,N,VIIRS,n,2,296.68,5.19,D,0
27.37267,68.57128,332.09,0.39,0.37,2025-12-22,832,N,VIIRS,n,2,295.5,3.13,D,0
27.93786,69.42111,346.97,0.38,0.36,2025-12-22,832,N,VIIRS,n,2,297.35,7.81,D,0
27.95346,69.00385,338.37,0.39,0.36,2025-12-22,832,N,VIIRS,n,2,295.77,3.8,D,0
28.00952,69.55933,343.77,0.38,0.36,2025-12-22,832,N,VIIRS,n,2,294.57,6.31,D,0
28.0732,69.48676,339.34,0.38,0.36,2025-12-22,832,N,VIIRS,n,2,296.98,7.37,D,0
28.16332,69.47725,329.92,0.38,0.36,2025-12-22,832,N,VIIRS,n,2,294.35,2.86,D,0
28.26591,69.92682,330.79,0.38,0.36,2025-12-22,832,N,VIIRS,n,2,294.7,4.05,D,0
28.26783,69.92244,330.3,0.38,0.36,2025-12-22,832,N,VIIRS,n,2,294.0,3.85,D,0
28.38924,67.99648,328.18,0.4,0.37,2025-12-22,832,N,VIIRS,n,2,294.83,2.09,D,0
28.38924,70.0087,332.51,0.39,0.36,2025-12-22,832,N,VIIRS,n,2,295.03,5.45,D,0
28.44748,70.03381,330.63,0.39,0.36,2025-12-22,832,N,VIIRS,n,2,293.57,3.14,D,0
28.62253,70.25531,331.52,0.39,0.36,2025-12-22,832,N,VIIRS,n,2,295.62,10.99,D,0
28.8877,70.26752,329.55,0.39,0.36,2025-12-22,832,N,VIIRS,n,2,293.4,1.8,D,0
28.26707,69.52664,305.17,0.45,0.39,2025-12-22,2057,N,VIIRS,n,2,284.31,1.25,N,0
28.27126,69.52265,308.08,0.45,0.39,2025-12-22,2057,N,VIIRS,n,2,286.17,1.25,N,0
28.42321,69.69794,296.58,0.45,0.39,2025-12-22,2057,N,VIIRS,n,2,285.42,0.33,N,2
28.42677,69.69856,298.19,0.45,0.39,2025-12-22,2057,N,VIIRS,n,2,285.37,0.33,N,2
26.47921,68.40182,338.96,0.43,0.46,2025-12-23,813,N,VIIRS,n,2,297.18,4.0,D,0
26.53151,68.31138,334.08,0.44,0.46,2025-12-23,813,N,VIIRS,n,2,297.84,2.92,D,0
26.62664,68.05241,330.09,0.45,0.47,2025-12-23,813,N,VIIRS,n,2,295.96,6.29,D,0
26.90434,68.23299,342.66,0.44,0.46,2025-12-23,813,N,VIIRS,n,2,296.58,4.82,D,0
26.91759,67.82674,339.06,0.46,0.47,2025-12-23,813,N,VIIRS,n,2,297.45,9.65,D,0
27.19295,68.29863,342.02,0.43,0.46,2025-12-23,813,N,VIIRS,n,2,294.99,4.97,D,0
27.19367,68.29935,338.59,0.43,0.46,2025-12-23,813,N,VIIRS,n,2,295.58,5.56,D,0
27.434,68.435,332.17,0.42,0.45,2025-12-23,813,N,VIIRS,n,2,296.85,1.97,D,0
27.92505,69.01065,336.19,0.57,0.43,2025-12-23,813,N,VIIRS,n,2,297.81,5.04,D,0
28.15061,70.15112,330.6,0.5,0.41,2025-12-23,813,N,VIIRS,n,2,297.62,10.28,D,0
28.1993,69.74316,331.75,0.52,0.41,2025-12-23,813,N,VIIRS,n,2,297.53,6.9,D,0
28.28002,70.09264,344.59,0.5,0.41,2025-12-23,813,N,VIIRS,n,2,296.58,8.86,D,0
28.28792,69.71924,330.51,0.52,0.41,2025-12-23,813,N,VIIRS,n,2,296.98,2.22,D,0
28.33272,70.01951,337.53,0.5,0.41,2025-12-23,813,N,VIIRS,n,2,296.81,12.37,D,0
28.47577,69.84708,330.09,0.51,0.41,2025-12-23,813,N,VIIRS,n,2,295.77,2.12,D,0
28.51696,70.31973,331.27,0.48,0.4,2025-12-23,813,N,VIIRS,n,2,296.53,3.19,D,0
28.42212,69.70053,295.45,0.53,0.5,2025-12-23,2038,N,VIIRS,n,2,283.7,0.68,N,2
26.79816,68.08903,328.87,0.43,0.62,2025-12-24,754,N,VIIRS,n,2,295.48,2.58,D,0
26.80211,68.08771,333.93,0.43,0.62,2025-12-24,754,N,VIIRS,n,2,295.47,1.57,D,0
26.81352,67.7812,352.98,0.45,0.63,2025-12-24,754,N,VIIRS,n,2,296.96,5.57,D,0
27.20929,68.51923,337.0,0.4,0.6,2025-12-24,754,N,VIIRS,n,2,296.06,2.62,D,0
28.06845,69.40753,334.2,0.34,0.56,2025-12-24,754,N,VIIRS,n,2,297.85,1.61,D,0
28.11442,70.04733,341.4,0.61,0.54,2025-12-24,754,N,VIIRS,n,2,301.42,14.61,D,0
28.69854,70.18799,340.37,0.59,0.52,2025-12-24,754,N,VIIRS,n,2,298.15,5.52,D,0
26.6354,67.95322,333.34,0.61,0.71,2025-12-24,934,N,VIIRS,n,2,294.9,5.11,D,0
26.90275,68.48254,339.35,0.66,0.73,2025-12-24,935,N,VIIRS,n,2,296.42,5.07,D,0
27.80404,69.26577,335.73,0.75,0.77,2025-12-24,935,N,VIIRS,n,2,294.64,5.48,D,0
28.00442,69.64263,328.38,0.8,0.78,2025-12-24,935,N,VIIRS,n,2,294.65,5.32,D,0
28.00445,69.64278,330.5,0.79,0.78,2025-12-24,935,N,VIIRS,n,2,294.76,5.22,D,0
28.05069,69.36763,298.03,0.48,0.65,2025-12-24,2200,N,VIIRS,n,2,279.69,0.45,N,2
28.61074,68.62827,311.0,0.42,0.61,2025-12-24,2200,N,VIIRS,n,2,282.28,1.12,N,2
28.08565,69.36437,348.15,0.64,0.72,2025-12-25,736,N,VIIRS,n,2,295.94,8.37,D,0
28.08882,69.36414,334.16,0.64,0.72,2025-12-25,736,N,VIIRS,n,2,293.58,7.15,D,0
28.12794,69.75896,328.81,0.6,0.71,2025-12-25,736,N,VIIRS,n,2,295.11,3.18,D,0
28.41603,69.93609,326.92,0.58,0.7,2025-12-25,736,N,VIIRS,n,2,292.48,5.38,D,0
28.41631,69.93943,355.77,0.58,0.7,2025-12-25,736,N,VIIRS,n,2,295.0,9.96,D,0
28.41762,69.94193,340.45,0.58,0.7,2025-12-25,736,N,VIIRS,n,2,292.76,8.33,D,0
28.41777,69.9707,330.75,0.58,0.69,2025-12-25,736,N,VIIRS,n,2,292.18,2.98,D,0
28.91142,70.37539,333.17,0.53,0.67,2025-12-25,736,N,VIIRS,n,2,295.0,2.85,D,0
26.68029,67.89013,337.27,0.62,0.54,2025-12-25,916,N,VIIRS,n,2,290.58,7.15,D,0
27.23055,68.38483,332.17,0.34,0.56,2025-12-25,916,N,VIIRS,n,2,291.0,1.29,D,0
27.30119,68.23002,326.96,0.33,0.55,2025-12-25,916,N,VIIRS,n,2,296.93,1.63,D,0
27.40517,68.50634,367.0,0.35,0.56,2025-12-25,916,N,VIIRS,h,2,298.31,5.04,D,0
27.43837,68.40142,326.28,0.34,0.56,2025-12-25,916,N,VIIRS,n,2,296.26,0.96,D,0
27.66586,68.09839,330.32,0.33,0.55,2025-12-25,916,N,VIIRS,n,2,297.64,2.57,D,0
27.66615,68.10178,331.09,0.33,0.55,2025-12-25,916,N,VIIRS,n,2,297.22,3.41,D,0
28.05108,69.28305,334.85,0.39,0.59,2025-12-25,916,N,VIIRS,n,2,295.5,2.53,D,0
28.13133,69.59951,326.24,0.41,0.61,2025-12-25,916,N,VIIRS,n,2,295.11,3.46,D,0
28.13165,69.60379,347.97,0.41,0.61,2025-12-25,916,N,VIIRS,n,2,295.42,5.4,D,0
28.13731,69.60329,332.89,0.41,0.61,2025-12-25,916,N,VIIRS,n,2,292.55,4.57,D,0
28.1494,70.16271,349.42,0.44,0.63,2025-12-25,916,N,VIIRS,n,2,285.69,4.06,D,0
28.22658,69.77868,341.34,0.42,0.61,2025-12-25,916,N,VIIRS,n,2,295.09,4.22,D,0
28.34625,69.81809,330.18,0.43,0.62,2025-12-25,916,N,VIIRS,n,2,295.54,3.16,D,0
28.34657,69.82254,329.13,0.43,0.62,2025-12-25,916,N,VIIRS,n,2,295.4,4.05,D,0
28.40368,69.8132,337.02,0.43,0.62,2025-12-25,916,N,VIIRS,n,2,296.82,2.27,D,0
28.4044,69.81283,336.41,0.43,0.62,2025-12-25,916,N,VIIRS,n,2,297.52,2.77,D,0
28.41969,70.03471,367.0,0.44,0.62,2025-12-25,916,N,VIIRS,h,2,297.47,8.41,D,0
28.42039,70.03466,367.0,0.44,0.62,2025-12-25,916,N,VIIRS,h,2,297.57,8.86,D,0
26.24638,68.89984,334.53,0.55,0.43,2025-12-26,857,N,VIIRS,n,2,290.51,9.73,D,0
26.85296,68.23227,332.48,0.52,0.41,2025-12-26,857,N,VIIRS,n,2,293.06,3.58,D,0
27.35733,68.49577,329.16,0.54,0.42,2025-12-26,857,N,VIIRS,n,2,295.24,1.94,D,0
28.30318,69.66026,330.53,0.43,0.46,2025-12-26,857,N,VIIRS,n,2,295.42,2.45,D,0
28.39492,70.05613,338.67,0.45,0.47,2025-12-26,857,N,VIIRS,n,2,291.64,3.18,D,0
28.59519,70.10487,330.97,0.46,0.47,2025-12-26,857,N,VIIRS,n,2,297.21,3.21,D,0
28.81602,70.32152,356.51,0.48,0.48,2025-12-26,857,N,VIIRS,n,2,294.47,13.23,D,0
28.81749,70.31848,339.16,0.48,0.48,2025-12-26,857,N,VIIRS,n,2,289.8,7.07,D,0
28.81801,70.32339,339.11,0.48,0.48,2025-12-26,857,N,VIIRS,n,2,289.07,9.78,D,0
28.42605,69.70191,296.84,0.45,0.39,2025-12-26,2122,N,VIIRS,n,2,282.67,0.5,N,2
26.32346,68.35503,338.15,0.38,0.36,2025-12-27,838,N,VIIRS,n,2,297.64,3.95,D,0
26.32676,68.35439,331.49,0.38,0.36,2025-12-27,838,N,VIIRS,n,2,295.11,2.75,D,0
26.40109,68.64001,332.58,0.38,0.36,2025-12-27,838,N,VIIRS,n,2,302.58,0.99,D,0
26.58291,67.73891,339.84,0.39,0.36,2025-12-27,838,N,VIIRS,n,2,295.51,5.76,D,0
26.64126,68.08927,342.62,0.38,0.36,2025-12-27,838,N,VIIRS,n,2,299.68,11.63,D,0
26.95423,67.87773,331.0,0.39,0.36,2025-12-27,838,N,VIIRS,n,2,297.17,1.77,D,0
27.25206,68.62791,335.84,0.38,0.36,2025-12-27,838,N,VIIRS,n,2,298.66,3.09,D,0
27.287,68.34682,332.27,0.38,0.36,2025-12-27,838,N,VIIRS,n,2,295.04,2.7,D,0
27.73865,69.05873,331.81,0.39,0.36,2025-12-27,838,N,VIIRS,n,2,299.69,2.69,D,0
27.87845,69.0896,330.88,0.39,0.36,2025-12-27,838,N,VIIRS,n,2,296.43,1.61,D,0
27.99478,69.63356,331.37,0.4,0.37,2025-12-27,838,N,VIIRS,n,2,296.43,2.61,D,0
28.12286,69.74847,334.31,0.4,0.37,2025-12-27,838,N,VIIRS,l,2,308.85,26.63,D,0
28.16614,70.20673,330.36,0.41,0.37,2025-12-27,838,N,VIIRS,n,2,297.03,2.81,D,0
28.28285,69.6705,339.16,0.4,0.37,2025-12-27,838,N,VIIRS,n,2,300.19,7.62,D,0
28.29634,69.89098,330.15,0.41,0.37,2025-12-27,838,N,VIIRS,n,2,296.02,1.89,D,0
28.32094,70.0183,331.54,0.41,0.37,2025-12-27,838,N,VIIRS,n,2,299.05,8.81,D,0
28.49364,70.08336,330.27,0.41,0.37,2025-12-27,838,N,VIIRS,n,2,297.53,2.02,D,0
26.68815,68.91312,296.25,0.41,0.37,2025-12-27,2104,N,VIIRS,n,2,283.12,0.41,N,0
26.24777,68.69175,331.32,0.52,0.42,2025-12-28,819,N,VIIRS,n,2,274.7,10.67,D,0
27.35151,68.49453,332.46,0.51,0.41,2025-12-28,819,N,VIIRS,n,2,296.25,6.35,D,0
27.85051,69.22056,330.67,0.47,0.4,2025-12-28,819,N,VIIRS,n,2,290.03,2.56,D,0
28.0555,69.74284,330.89,0.44,0.39,2025-12-28,819,N,VIIRS,n,2,295.46,2.58,D,0
28.1522,69.79667,336.76,0.44,0.38,2025-12-28,819,N,VIIRS,n,2,297.37,3.67,D,0
28.29858,70.11614,330.19,0.43,0.38,2025-12-28,819,N,VIIRS,n,2,295.52,3.43,D,0
28.36547,69.77059,332.61,0.44,0.38,2025-12-28,820,N,VIIRS,n,2,296.75,2.95,D,0
28.45098,70.03404,331.18,0.43,0.38,2025-12-28,820,N,VIIRS,n,2,296.66,3.29,D,0
28.53519,69.97565,330.38,0.43,0.38,2025-12-28,820,N,VIIRS,n,2,296.59,4.17,D,0
28.53594,69.98,330.7,0.43,0.38,2025-12-28,820,N,VIIRS,n,2,295.92,5.21,D,0
28.53866,69.97487,331.89,0.43,0.38,2025-12-28,820,N,VIIRS,n,2,295.98,4.17,D,0
28.53941,69.97923,330.6,0.43,0.38,2025-12-28,820,N,VIIRS,n,2,294.17,5.21,D,0
28.6159,70.14292,333.32,0.42,0.38,2025-12-28,820,N,VIIRS,n,2,295.33,3.6,D,0
28.66829,70.34373,333.64,0.42,0.37,2025-12-28,820,N,VIIRS,n,2,297.89,4.44,D,0
28.6717,70.34297,330.93,0.42,0.37,2025-12-28,820,N,VIIRS,n,2,293.38,3.43,D,0
28.78542,70.3106,337.54,0.42,0.37,2025-12-28,820,N,VIIRS,n,2,288.52,3.37,D,0
29.01456,70.33637,341.98,0.41,0.37,2025-12-28,820,N,VIIRS,n,2,299.16,3.73,D,0
26.54138,68.12122,331.79,0.35,0.56,2025-12-29,800,N,VIIRS,n,2,294.14,2.55,D,0
26.93469,68.02586,336.72,0.34,0.56,2025-12-29,800,N,VIIRS,n,2,293.41,2.43,D,0
27.3885,68.70315,339.29,0.61,0.54,2025-12-29,801,N,VIIRS,n,2,294.45,8.56,D,0
27.93916,69.07857,326.79,0.57,0.52,2025-12-29,801,N,VIIRS,n,2,293.26,2.9,D,0
27.93958,69.08196,334.12,0.57,0.52,2025-12-29,801,N,VIIRS,n,2,294.03,5.05,D,0
28.27361,69.92888,337.31,0.5,0.49,2025-12-29,801,N,VIIRS,n,2,293.86,6.0,D,0
28.27468,69.9339,337.76,0.5,0.49,2025-12-29,801,N,VIIRS,n,2,293.9,6.0,D,0
28.29775,69.95421,338.88,0.5,0.49,2025-12-29,801,N,VIIRS,n,2,294.6,3.42,D,0
28.52399,70.09724,340.06,0.48,0.48,2025-12-29,801,N,VIIRS,n,2,295.12,8.01,D,0
28.62511,70.38272,339.52,0.46,0.47,2025-12-29,801,N,VIIRS,n,2,295.45,5.6,D,0
28.65097,70.28813,333.32,0.47,0.48,2025-12-29,801,N,VIIRS,n,2,294.35,4.53,D,0
28.77091,70.38487,339.34,0.46,0.47,2025-12-29,801,N,VIIRS,n,2,293.72,3.95,D,0
28.77162,70.38146,339.03,0.46,0.47,2025-12-29,801,N,VIIRS,n,2,293.06,2.87,D,0
28.05367,69.36672,297.33,0.43,0.62,2025-12-29,2026,N,VIIRS,n,2,283.49,0.58,N,2
26.76247,68.047,325.94,0.66,0.73,2025-12-30,742,N,VIIRS,n,2,290.64,4.15,D,0
26.92199,68.39014,328.08,0.62,0.72,2025-12-30,742,N,VIIRS,n,2,290.43,3.75,D,0
28.04931,69.18013,327.44,0.53,0.67,2025-12-30,742,N,VIIRS,n,2,291.66,3.7,D,0
28.12766,69.55939,353.73,0.5,0.66,2025-12-30,742,N,VIIRS,n,2,293.59,8.15,D,0
28.18819,69.7712,329.7,0.49,0.65,2025-12-30,742,N,VIIRS,n,2,292.58,3.26,D,0
28.60759,70.29654,336.72,0.44,0.63,2025-12-30,742,N,VIIRS,n,2,292.19,5.49,D,0
28.60795,70.29729,341.88,0.44,0.63,2025-12-30,742,N,VIIRS,n,2,292.64,5.25,D,0
26.67946,68.51212,335.42,0.43,0.62,2025-12-30,922,N,VIIRS,n,2,296.01,2.24,D,0
27.34734,68.54755,331.41,0.44,0.62,2025-12-30,922,N,VIIRS,n,2,292.57,1.63,D,0
27.3476,68.5486,332.87,0.44,0.62,2025-12-30,922,N,VIIRS,n,2,292.59,2.36,D,0
27.49599,68.6712,327.86,0.44,0.63,2025-12-30,922,N,VIIRS,n,2,291.2,2.17,D,0
28.16627,69.96027,340.58,0.54,0.68,2025-12-30,922,N,VIIRS,n,2,291.65,3.76,D,0
28.39461,70.07107,338.64,0.55,0.68,2025-12-30,922,N,VIIRS,n,2,293.02,7.17,D,0
28.39595,70.07346,335.8,0.55,0.68,2025-12-30,922,N,VIIRS,n,2,292.6,5.81,D,0
28.56982,70.39139,330.93,0.58,0.7,2025-12-30,923,N,VIIRS,n,2,292.33,7.01,D,0
28.57051,70.17393,334.86,0.56,0.69,2025-12-30,923,N,VIIRS,n,2,292.17,5.0,D,0
28.68056,70.28333,367.0,0.57,0.69,2025-12-30,923,N,VIIRS,h,2,295.83,15.9,D,0
28.28016,67.46971,307.62,0.43,0.38,2025-12-31,2129,N,VIIRS,n,2,282.17,0.81,N,0
28.42433,69.70082,301.39,0.52,0.42,2025-12-31,2129,N,VIIRS,n,2,282.37,0.77,N,2
26.35573,68.06805,328.24,0.39,0.36,2026-01-01,844,N,VIIRS,n,2,293.97,4.09,D,0
26.35907,68.06745,346.39,0.39,0.36,2026-01-01,844,N,VIIRS,n,2,294.36,4.09,D,0
26.3944,68.36033,333.66,0.4,0.37,2026-01-01,844,N,VIIRS,n,2,293.86,3.73,D,0
26.41471,68.43015,330.4,0.4,0.37,2026-01-01,844,N,VIIRS,n,2,294.27,1.54,D,0
26.52099,68.09517,342.58,0.39,0.36,2026-01-01,844,N,VIIRS,n,2,300.1,25.63,D,0
26.61914,67.92953,336.09,0.39,0.36,2026-01-01,844,N,VIIRS,n,2,292.35,2.86,D,0
26.63516,68.19627,328.46,0.4,0.37,2026-01-01,844,N,VIIRS,n,2,294.64,4.32,D,0
26.63573,68.20023,331.6,0.4,0.37,2026-01-01,844,N,VIIRS,n,2,295.62,4.32,D,0
28.07011,69.76505,344.66,0.45,0.39,2026-01-01,845,N,VIIRS,n,2,293.47,6.15,D,0
28.29303,69.88394,327.89,0.46,0.39,2026-01-01,845,N,VIIRS,n,2,293.27,1.59,D,0
28.34822,69.79886,334.68,0.45,0.39,2026-01-01,845,N,VIIRS,n,2,296.59,9.14,D,0
28.40429,69.82464,329.39,0.46,0.39,2026-01-01,845,N,VIIRS,n,2,292.57,3.21,D,0
28.42633,69.70016,302.08,0.38,0.36,2026-01-01,2110,N,VIIRS,n,2,282.45,0.51,N,2
28.61213,68.62816,296.09,0.39,0.36,2026-01-01,2110,N,VIIRS,n,2,282.97,0.29,N,2
26.29408,68.29252,330.52,0.46,0.39,2026-01-02,825,N,VIIRS,n,2,295.06,6.53,D,0
26.49704,67.9396,330.91,0.47,0.4,2026-01-02,826,N,VIIRS,n,2,294.19,3.22,D,0
26.76397,68.00484,332.41,0.47,0.39,2026-01-02,826,N,VIIRS,n,2,293.49,2.64,D,0
28.22301,69.66833,339.92,0.4,0.37,2026-01-02,826,N,VIIRS,n,2,293.84,4.5,D,0
28.24455,69.84243,345.79,0.4,0.37,2026-01-02,826,N,VIIRS,n,2,293.23,4.64,D,0
28.33999,69.95094,338.11,0.39,0.36,2026-01-02,826,N,VIIRS,n,2,296.09,16.57,D,0
28.36555,70.02377,329.86,0.39,0.36,2026-01-02,826,N,VIIRS,n,2,293.3,4.21,D,0
28.41093,69.72136,327.12,0.4,0.37,2026-01-02,826,N,VIIRS,n,2,292.88,1.87,D,0
28.57757,70.22616,337.81,0.39,0.36,2026-01-02,826,N,VIIRS,n,2,293.17,9.48,D,0
28.62899,70.39878,339.11,0.39,0.36,2026-01-02,826,N,VIIRS,n,2,293.24,4.4,D,0
28.63699,70.31992,332.38,0.39,0.36,2026-01-02,826,N,VIIRS,n,2,293.12,5.7,D,0
28.90305,70.32767,326.41,0.39,0.36,2026-01-02,826,N,VIIRS,n,2,293.69,1.44,D,0
29.08582,68.70482,355.02,0.41,0.37,2026-01-02,826,N,VIIRS,n,2,295.49,8.63,D,0
28.4249,69.70008,301.01,0.52,0.42,2026-01-02,2051,N,VIIRS,n,2,282.44,0.8,N,2
26.3263,68.15398,340.51,0.56,0.52,2026-01-03,807,N,VIIRS,n,2,293.99,10.28,D,0
26.82244,68.24574,327.34,0.54,0.51,2026-01-03,807,N,VIIRS,n,2,291.41,3.65,D,0
26.90519,67.99932,340.8,0.56,0.51,2026-01-03,807,N,VIIRS,n,2,294.76,11.14,D,0
27.0147,67.74728,332.63,0.57,0.52,2026-01-03,807,N,VIIRS,n,2,292.44,2.64,D,0
27.55991,68.42571,327.56,0.51,0.49,2026-01-03,807,N,VIIRS,n,2,292.71,2.39,D,0
28.14787,69.47801,327.31,0.43,0.46,2026-01-03,807,N,VIIRS,n,2,292.28,1.84,D,0
28.28382,69.9486,328.88,0.4,0.45,2026-01-03,807,N,VIIRS,n,2,290.93,1.52,D,0
28.32971,69.81605,340.16,0.41,0.45,2026-01-03,807,N,VIIRS,n,2,293.43,7.21,D,0
28.33699,69.78802,339.03,0.41,0.45,2026-01-03,807,N,VIIRS,n,2,293.32,5.15,D,0
28.64572,69.99049,327.96,0.4,0.44,2026-01-03,807,N,VIIRS,n,2,290.73,3.06,D,0
28.78697,70.27395,335.0,0.57,0.43,2026-01-03,807,N,VIIRS,n,2,293.24,6.96,D,0
28.78806,70.2695,330.63,0.57,0.43,2026-01-03,807,N,VIIRS,n,2,292.54,7.33,D,0
28.9831,70.31906,329.65,0.56,0.43,2026-01-03,807,N,VIIRS,n,2,292.93,3.59,D,0
27.84868,68.35365,298.77,0.39,0.59,2026-01-03,2032,N,VIIRS,n,2,282.71,1.45,N,0
27.85454,68.35016,308.11,0.39,0.59,2026-01-03,2032,N,VIIRS,n,2,282.7,1.44,N,0
26.57674,68.10022,332.69,0.54,0.67,2026-01-04,748,N,VIIRS,n,2,291.34,4.68,D,0
26.5781,68.10555,330.15,0.53,0.67,2026-01-04,748,N,VIIRS,n,2,291.27,6.3,D,0
27.47602,68.41149,326.58,0.49,0.65,2026-01-04,748,N,VIIRS,n,2,291.49,2.68,D,0
28.12613,69.5033,335.6,0.41,0.61,2026-01-04,748,N,VIIRS,n,2,292.17,3.19,D,0
28.36522,69.74969,326.82,0.39,0.59,2026-01-04,748,N,VIIRS,n,2,291.77,1.4,D,0
28.48737,70.18614,330.24,0.37,0.58,2026-01-04,748,N,VIIRS,n,2,292.28,1.66,D,0
28.64871,70.2373,367.0,0.36,0.57,2026-01-04,748,N,VIIRS,h,2,295.92,8.96,D,0
28.793,70.38536,340.01,0.35,0.57,2026-01-04,749,N,VIIRS,n,2,291.33,2.97,D,0
29.18505,68.44883,336.55,0.45,0.63,2026-01-04,749,N,VIIRS,n,2,294.03,4.28,D,0
26.24433,68.67052,352.87,0.54,0.68,2026-01-04,928,N,VIIRS,n,2,295.34,9.76,D,0
28.43414,69.94108,337.33,0.68,0.74,2026-01-04,929,N,VIIRS,n,2,290.97,5.65,D,0
28.43512,69.94385,334.32,0.67,0.74,2026-01-04,929,N,VIIRS,n,2,290.81,5.62,D,0
26.23112,68.07427,340.42,0.51,0.49,2026-01-05,909,N,VIIRS,n,2,292.68,7.71,D,0
26.36409,68.69225,333.24,0.55,0.51,2026-01-05,909,N,VIIRS,n,2,293.24,3.66,D,0
26.57667,67.74783,339.1,0.49,0.48,2026-01-05,910,N,VIIRS,n,2,291.74,12.32,D,0
28.14786,69.64956,329.8,0.33,0.55,2026-01-05,910,N,VIIRS,n,2,289.41,1.95,D,0
28.24165,69.95962,325.28,0.35,0.57,2026-01-05,910,N,VIIRS,n,2,288.62,1.84,D,0
28.33563,69.88719,354.87,0.34,0.56,2026-01-05,910,N,VIIRS,n,2,289.5,4.57,D,0
28.41268,70.10719,343.02,0.36,0.57,2026-01-05,910,N,VIIRS,n,2,282.32,5.15,D,0
27.96862,69.81066,300.9,0.44,0.46,2026-01-05,2135,N,VIIRS,n,2,282.79,0.46,N,0
28.42586,69.69997,298.95,0.42,0.45,2026-01-05,2135,N,VIIRS,n,2,281.75,0.43,N,2
26.97397,68.87589,302.94,0.41,0.45,2026-01-05,2136,N,VIIRS,n,2,281.94,1.0,N,0
26.23336,68.27914,330.48,0.44,0.38,2026-01-06,851,N,VIIRS,n,2,294.28,6.68,D,0
26.26272,68.15057,330.65,0.43,0.38,2026-01-06,851,N,VIIRS,n,2,295.17,3.62,D,0
26.26324,68.15408,330.41,0.43,0.38,2026-01-06,851,N,VIIRS,n,2,294.56,3.5,D,0
26.42715,68.38972,333.42,0.44,0.39,2026-01-06,851,N,VIIRS,n,2,294.02,3.48,D,0
26.49741,67.94604,331.41,0.43,0.38,2026-01-06,851,N,VIIRS,n,2,294.28,2.38,D,0
26.6183,68.28833,338.78,0.44,0.38,2026-01-06,851,N,VIIRS,n,2,293.69,4.25,D,0
26.77567,68.20103,331.46,0.44,0.38,2026-01-06,851,N,VIIRS,n,2,293.31,6.8,D,0
26.89664,68.00376,333.9,0.43,0.38,2026-01-06,851,N,VIIRS,n,2,294.39,2.93,D,0
27.25105,68.24429,344.86,0.45,0.39,2026-01-06,851,N,VIIRS,n,2,293.02,5.79,D,0
27.54039,69.00392,331.51,0.48,0.4,2026-01-06,851,N,VIIRS,n,2,293.77,5.73,D,0
27.91224,69.11732,327.09,0.49,0.41,2026-01-06,851,N,VIIRS,n,2,292.01,4.09,D,0
27.942,69.20544,330.62,0.5,0.41,2026-01-06,851,N,VIIRS,n,2,293.77,2.48,D,0
27.98018,69.26716,328.28,0.5,0.41,2026-01-06,851,N,VIIRS,n,2,292.61,2.76,D,0
28.06278,69.60927,328.04,0.52,0.42,2026-01-06,851,N,VIIRS,n,2,290.63,7.21,D,0
28.0634,69.61462,330.95,0.52,0.42,2026-01-06,851,N,VIIRS,n,2,293.57,7.21,D,0
28.06498,69.61132,343.42,0.52,0.42,2026-01-06,851,N,VIIRS,n,2,292.84,12.41,D,0
28.14807,69.52307,330.16,0.52,0.42,2026-01-06,851,N,VIIRS,n,2,291.39,3.96,D,0
28.46326,69.91727,330.58,0.55,0.43,2026-01-06,851,N,VIIRS,n,2,291.52,7.63,D,0
28.49279,70.06911,330.7,0.56,0.43,2026-01-06,851,N,VIIRS,n,2,291.44,2.45,D,0
28.52538,70.21175,332.68,0.57,0.43,2026-01-06,851,N,VIIRS,n,2,290.35,9.51,D,0
26.97491,68.8764,296.92,0.39,0.36,2026-01-06,2117,N,VIIRS,n,2,281.01,0.82,N,0
26.211,68.7412,331.66,0.4,0.37,2026-01-07,832,N,VIIRS,n,2,295.12,4.69,D,0
26.39808,68.19658,332.56,0.41,0.37,2026-01-07,832,N,VIIRS,n,2,293.7,2.09,D,0
26.45088,68.17736,331.91,0.41,0.37,2026-01-07,832,N,VIIRS,n,2,294.59,3.12,D,0
26.62681,68.28465,340.1,0.4,0.37,2026-01-07,832,N,VIIRS,n,2,295.14,6.17,D,0
26.63156,68.25037,334.82,0.4,0.37,2026-01-07,832,N,VIIRS,n,2,295.0,4.57,D,0
26.63333,67.90469,339.85,0.41,0.37,2026-01-07,832,N,VIIRS,n,2,295.26,4.18,D,0
26.63674,67.90398,327.74,0.41,0.37,2026-01-07,832,N,VIIRS,n,2,294.22,4.18,D,0
26.65661,68.08611,327.37,0.41,0.37,2026-01-07,832,N,VIIRS,n,2,292.54,1.3,D,0
26.80569,68.24422,329.13,0.4,0.37,2026-01-07,832,N,VIIRS,n,2,293.09,2.09,D,0
26.89177,68.46686,330.05,0.4,0.37,2026-01-07,832,N,VIIRS,n,2,291.97,5.05,D,0
26.9012,68.01582,327.09,0.41,0.37,2026-01-07,832,N,VIIRS,n,2,293.36,1.85,D,0
27.28905,68.56375,329.5,0.39,0.37,2026-01-07,832,N,VIIRS,n,2,291.38,3.0,D,0
27.78745,69.37729,342.03,0.38,0.36,2026-01-07,832,N,VIIRS,n,2,288.4,3.63,D,0
27.89198,69.13601,331.63,0.39,0.36,2026-01-07,832,N,VIIRS,n,2,292.37,6.34,D,0
28.01424,69.61688,342.4,0.38,0.36,2026-01-07,832,N,VIIRS,n,2,287.72,4.2,D,0
28.25981,69.98634,332.19,0.38,0.36,2026-01-07,832,N,VIIRS,n,2,290.2,2.68,D,0
28.3598,69.83942,332.37,0.38,0.36,2026-01-07,832,N,VIIRS,n,2,296.41,11.71,D,0
28.3619,70.2174,339.45,0.39,0.36,2026-01-07,832,N,VIIRS,n,2,289.23,4.48,D,0
28.44882,69.87051,332.72,0.38,0.36,2026-01-07,832,N,VIIRS,n,2,288.52,2.98,D,0
28.51237,69.99921,336.72,0.39,0.36,2026-01-07,832,N,VIIRS,n,2,290.09,7.02,D,0
28.57254,70.17781,338.83,0.39,0.36,2026-01-07,832,N,VIIRS,n,2,287.0,3.79,D,0
28.57312,70.18175,334.01,0.39,0.36,2026-01-07,832,N,VIIRS,n,2,285.6,3.79,D,0
28.63503,70.32413,333.72,0.39,0.36,2026-01-07,832,N,VIIRS,n,2,289.0,4.71,D,0
28.98011,70.32546,333.93,0.39,0.36,2026-01-07,832,N,VIIRS,n,2,286.7,2.79,D,0
29.07522,68.78767,339.99,0.39,0.36,2026-01-07,833,N,VIIRS,n,2,298.25,4.5,D,0
28.42397,69.70039,301.0,0.44,0.39,2026-01-07,2057,N,VIIRS,n,2,278.83,0.86,N,2
26.20081,68.28235,331.21,0.45,0.47,2026-01-08,813,N,VIIRS,n,2,293.55,3.98,D,0
26.29473,68.29263,338.78,0.44,0.46,2026-01-08,813,N,VIIRS,n,2,295.47,4.25,D,0
26.31974,68.56732,330.23,0.43,0.46,2026-01-08,813,N,VIIRS,n,2,293.97,1.9,D,0
26.5391,68.24453,334.25,0.44,0.46,2026-01-08,813,N,VIIRS,n,2,292.75,3.19,D,0
26.61735,68.26736,339.21,0.44,0.46,2026-01-08,813,N,VIIRS,n,2,293.94,11.38,D,0
27.46125,68.50529,326.97,0.41,0.45,2026-01-08,813,N,VIIRS,n,2,288.3,1.45,D,0
27.85279,69.2663,329.59,0.55,0.43,2026-01-08,813,N,VIIRS,n,2,290.57,7.02,D,0
27.87901,69.21675,328.43,0.56,0.43,2026-01-08,813,N,VIIRS,n,2,290.1,4.52,D,0
28.09919,69.47731,344.35,0.53,0.42,2026-01-08,813,N,VIIRS,n,2,289.85,5.78,D,0
28.52348,70.32676,330.25,0.48,0.4,2026-01-08,814,N,VIIRS,n,2,287.71,3.14,D,0
28.64549,70.14804,330.61,0.49,0.4,2026-01-08,814,N,VIIRS,n,2,289.5,2.96,D,0
28.92661,70.28445,328.6,0.48,0.4,2026-01-08,814,N,VIIRS,n,2,288.71,6.0,D,0
29.07167,70.37937,330.27,0.47,0.4,2026-01-08,814,N,VIIRS,n,2,289.12,2.99,D,0
28.42393,69.6977,296.79,0.53,0.5,2026-01-08,2039,N,VIIRS,n,2,279.17,0.9,N,2
26.24177,68.67988,332.7,0.41,0.6,2026-01-09,754,N,VIIRS,n,2,297.03,3.43,D,0
26.24561,68.67841,329.67,0.41,0.6,2026-01-09,754,N,VIIRS,n,2,294.01,2.91,D,0
26.60026,68.15958,327.33,0.43,0.62,2026-01-09,754,N,VIIRS,n,2,292.12,1.62,D,0
26.77406,68.12726,329.22,0.43,0.62,2026-01-09,754,N,VIIRS,n,2,291.36,2.27,D,0
27.33897,68.15173,326.57,0.41,0.61,2026-01-09,755,N,VIIRS,n,2,288.56,1.37,D,0
27.3936,69.11624,331.89,0.36,0.57,2026-01-09,755,N,VIIRS,n,2,297.25,1.78,D,0
27.96017,69.33421,334.43,0.34,0.56,2026-01-09,755,N,VIIRS,n,2,286.86,2.57,D,0
26.60617,68.04402,336.47,0.63,0.72,2026-01-09,935,N,VIIRS,n,2,293.22,4.36,D,0
26.64156,68.34341,333.58,0.65,0.73,2026-01-09,935,N,VIIRS,n,2,292.01,5.39,D,0
26.64327,68.34863,338.23,0.65,0.73,2026-01-09,935,N,VIIRS,n,2,292.21,9.09,D,0
27.01168,67.86281,329.31,0.61,0.71,2026-01-09,935,N,VIIRS,n,2,292.86,4.01,D,0
27.01464,67.86409,329.35,0.61,0.71,2026-01-09,935,N,VIIRS,n,2,292.55,4.03,D,0
28.27531,70.00525,334.78,0.58,0.7,2026-01-10,736,N,VIIRS,n,2,285.85,4.13,D,0
28.31837,70.03246,342.44,0.57,0.69,2026-01-10,736,N,VIIRS,n,2,287.03,6.48,D,0
28.35597,69.76645,327.31,0.59,0.7,2026-01-10,736,N,VIIRS,n,2,285.77,5.28,D,0
28.3573,69.76934,336.64,0.59,0.7,2026-01-10,736,N,VIIRS,n,2,286.8,4.08,D,0
28.55864,70.27009,325.32,0.55,0.68,2026-01-10,736,N,VIIRS,n,2,283.17,3.13,D,0
28.57444,70.07512,349.79,0.56,0.69,2026-01-10,736,N,VIIRS,n,2,289.69,8.66,D,0
28.57644,70.07173,333.86,0.56,0.69,2026-01-10,736,N,VIIRS,n,2,287.52,2.98,D,0
28.58718,70.08672,337.19,0.56,0.69,2026-01-10,736,N,VIIRS,n,2,286.72,6.06,D,0
28.59126,70.08805,346.37,0.56,0.69,2026-01-10,736,N,VIIRS,n,2,287.65,5.42,D,0
28.65556,70.19273,346.28,0.55,0.68,2026-01-10,736,N,VIIRS,n,2,286.83,5.12,D,0
26.55214,68.15886,331.0,0.32,0.55,2026-01-10,916,N,VIIRS,n,2,284.86,1.82,D,0
28.02433,69.13013,330.53,0.38,0.59,2026-01-10,916,N,VIIRS,n,2,287.99,1.99,D,0
28.27091,69.6544,367.0,0.42,0.61,2026-01-10,916,N,VIIRS,h,2,293.92,6.51,D,0
28.27335,69.65472,356.8,0.42,0.61,2026-01-10,916,N,VIIRS,n,2,291.78,9.41,D,0
28.28074,69.78153,329.66,0.42,0.61,2026-01-10,916,N,VIIRS,n,2,288.92,2.72,D,0
28.30779,69.65604,350.31,0.42,0.61,2026-01-10,916,N,VIIRS,n,2,289.5,8.61,D,0
28.36141,69.91485,342.33,0.43,0.62,2026-01-10,916,N,VIIRS,n,2,290.74,7.58,D,0
28.36175,69.91937,367.0,0.43,0.62,2026-01-10,916,N,VIIRS,h,2,293.28,12.81,D,0
28.47451,69.94763,354.14,0.44,0.62,2026-01-10,916,N,VIIRS,n,2,293.88,5.37,D,0
28.47459,69.95095,352.15,0.44,0.62,2026-01-10,916,N,VIIRS,n,2,292.8,9.22,D,0
28.47482,69.95219,330.01,0.44,0.62,2026-01-10,916,N,VIIRS,n,2,290.95,5.37,D,0
28.48031,69.94713,343.82,0.44,0.62,2026-01-10,916,N,VIIRS,n,2,290.98,5.37,D,0
28.48039,69.95047,367.0,0.44,0.62,2026-01-10,916,N,VIIRS,h,2,292.7,9.22,D,0
28.48062,69.9517,338.29,0.44,0.62,2026-01-10,916,N,VIIRS,n,2,289.83,5.37,D,0
28.49894,70.20614,334.81,0.45,0.63,2026-01-10,916,N,VIIRS,n,2,289.21,2.69,D,0
28.50341,70.20739,328.84,0.45,0.63,2026-01-10,916,N,VIIRS,n,2,289.55,2.93,D,0
28.58721,70.21963,327.95,0.45,0.63,2026-01-10,916,N,VIIRS,n,2,288.32,3.17,D,0
28.92282,70.35821,346.71,0.47,0.64,2026-01-10,917,N,VIIRS,n,2,290.27,4.55,D,0
28.92568,70.35489,335.65,0.47,0.64,2026-01-10,917,N,VIIRS,n,2,288.19,6.47,D,0
26.34936,68.53473,339.3,0.53,0.42,2026-01-11,857,N,VIIRS,n,2,291.89,4.69,D,0
26.46636,67.98905,333.41,0.5,0.41,2026-01-11,857,N,VIIRS,n,2,291.86,5.01,D,0
26.47012,67.98849,338.14,0.5,0.41,2026-01-11,857,N,VIIRS,n,2,289.69,5.01,D,0
26.63881,67.92918,331.11,0.5,0.41,2026-01-11,857,N,VIIRS,n,2,292.04,2.62,D,0
26.65532,67.93502,331.05,0.5,0.41,2026-01-11,857,N,VIIRS,n,2,290.26,2.89,D,0
28.41726,70.06853,337.23,0.46,0.47,2026-01-11,858,N,VIIRS,n,2,288.35,4.73,D,0
28.42413,69.70308,299.2,0.45,0.39,2026-01-11,2123,N,VIIRS,n,2,278.67,0.56,N,2
28.42662,69.7019,300.67,0.45,0.39,2026-01-11,2123,N,VIIRS,n,2,279.1,0.95,N,2
26.23054,68.96505,332.41,0.39,0.36,2026-01-12,838,N,VIIRS,n,2,295.83,1.49,D,0
26.27962,68.5275,332.1,0.38,0.36,2026-01-12,838,N,VIIRS,n,2,295.92,3.25,D,0
26.3409,68.11369,328.91,0.39,0.36,2026-01-12,838,N,VIIRS,n,2,291.7,1.29,D,0
26.35012,68.19485,333.88,0.38,0.36,2026-01-12,838,N,VIIRS,n,2,294.3,2.78,D,0
26.35053,68.56926,330.87,0.38,0.36,2026-01-12,838,N,VIIRS,n,2,294.41,1.53,D,0
26.3896,68.27412,344.41,0.38,0.36,2026-01-12,838,N,VIIRS,n,2,295.19,7.07,D,0
26.54396,68.0469,330.01,0.39,0.36,2026-01-12,838,N,VIIRS,n,2,294.32,2.44,D,0
26.58215,68.24913,335.41,0.38,0.36,2026-01-12,838,N,VIIRS,n,2,295.26,2.63,D,0
26.58545,68.2485,346.43,0.38,0.36,2026-01-12,838,N,VIIRS,n,2,296.94,7.63,D,0
26.63752,67.90664,332.57,0.39,0.36,2026-01-12,838,N,VIIRS,n,2,294.95,3.13,D,0
26.74831,67.98829,336.11,0.39,0.36,2026-01-12,838,N,VIIRS,n,2,294.17,7.32,D,0
26.80993,68.21017,334.58,0.38,0.36,2026-01-12,838,N,VIIRS,n,2,293.38,2.4,D,0
27.78957,69.1487,343.36,0.39,0.36,2026-01-12,839,N,VIIRS,n,2,289.61,5.27,D,0
27.85037,69.30827,334.07,0.39,0.36,2026-01-12,839,N,VIIRS,n,2,285.02,3.82,D,0
28.2617,69.72237,329.15,0.4,0.37,2026-01-12,839,N,VIIRS,n,2,293.73,1.72,D,0
28.26969,70.20504,331.67,0.41,0.37,2026-01-12,839,N,VIIRS,n,2,291.89,3.81,D,0
28.27312,70.20444,333.26,0.41,0.37,2026-01-12,839,N,VIIRS,n,2,291.29,3.81,D,0
28.28933,69.81857,333.63,0.4,0.37,2026-01-12,839,N,VIIRS,n,2,292.35,2.14,D,0
28.37922,69.76176,329.92,0.4,0.37,2026-01-12,839,N,VIIRS,n,2,293.03,2.25,D,0
28.44966,69.94403,331.23,0.41,0.37,2026-01-12,839,N,VIIRS,n,2,295.0,3.42,D,0
28.4852,70.10047,332.96,0.41,0.37,2026-01-12,839,N,VIIRS,n,2,293.87,3.44,D,0
28.5192,70.24596,330.67,0.42,0.37,2026-01-12,839,N,VIIRS,n,2,295.11,2.53,D,0
28.53451,69.98077,331.82,0.41,0.37,2026-01-12,839,N,VIIRS,n,2,294.56,8.14,D,0
28.53912,70.11748,343.44,0.41,0.37,2026-01-12,839,N,VIIRS,n,2,297.74,12.9,D,0
28.72441,70.19434,336.63,0.42,0.37,2026-01-12,839,N,VIIRS,n,2,295.02,7.96,D,0
28.05226,69.36991,305.92,0.4,0.37,2026-01-12,2104,N,VIIRS,n,2,279.44,0.79,N,2
28.42585,69.70229,311.98,0.4,0.37,2026-01-12,2104,N,VIIRS,n,2,278.61,1.61,N,2
26.33592,68.94414,340.08,0.5,0.41,2026-01-13,819,N,VIIRS,n,2,296.97,18.82,D,0
26.41045,68.10662,333.46,0.55,0.43,2026-01-13,819,N,VIIRS,n,2,292.33,4.78,D,0
26.40999,68.10544,329.93,0.55,0.43,2026-01-13,820,N,VIIRS,n,2,292.74,2.65,D,0
26.43564,67.94271,330.49,0.57,0.43,2026-01-13,820,N,VIIRS,n,2,293.52,4.03,D,0
26.50852,68.11108,330.53,0.55,0.43,2026-01-13,820,N,VIIRS,n,2,293.34,3.87,D,0
26.82701,68.19363,330.39,0.54,0.42,2026-01-13,820,N,VIIRS,n,2,293.55,3.54,D,0
26.84499,67.84265,329.54,0.56,0.43,2026-01-13,820,N,VIIRS,n,2,292.27,6.85,D,0
26.92343,68.51797,332.04,0.52,0.41,2026-01-13,820,N,VIIRS,n,2,295.06,5.66,D,0
27.02694,67.90637,330.33,0.55,0.43,2026-01-13,820,N,VIIRS,n,2,293.38,4.26,D,0
27.02765,67.90845,329.95,0.56,0.43,2026-01-13,820,N,VIIRS,n,2,293.35,4.02,D,0
27.32372,68.38779,337.94,0.52,0.41,2026-01-13,820,N,VIIRS,n,2,293.12,7.0,D,0
27.45291,68.53723,329.31,0.51,0.41,2026-01-13,820,N,VIIRS,n,2,292.95,7.62,D,0
27.57988,68.34213,345.71,0.52,0.41,2026-01-13,820,N,VIIRS,n,2,296.8,11.05,D,0
27.8807,69.21395,345.6,0.47,0.39,2026-01-13,820,N,VIIRS,n,2,296.11,8.42,D,0
28.00006,69.43485,329.38,0.46,0.39,2026-01-13,820,N,VIIRS,n,2,294.44,1.22,D,0
28.14724,69.58746,329.63,0.45,0.39,2026-01-13,820,N,VIIRS,n,2,294.67,3.08,D,0
28.4109,69.92822,332.23,0.43,0.38,2026-01-13,820,N,VIIRS,n,2,300.15,11.6,D,0
28.41437,69.92744,330.85,0.43,0.38,2026-01-13,820,N,VIIRS,n,2,294.08,7.0,D,0
28.4529,70.14823,331.63,0.42,0.38,2026-01-13,820,N,VIIRS,n,2,295.75,3.44,D,0
28.63873,70.17934,333.47,0.42,0.38,2026-01-13,820,N,VIIRS,n,2,295.87,4.72,D,0
28.80196,70.31776,336.55,0.42,0.37,2026-01-13,820,N,VIIRS,n,2,294.66,3.63,D,0
28.89911,70.354,291.82,0.41,0.37,2026-01-13,820,N,VIIRS,l,2,292.17,20.35,D,0
28.89984,70.35821,333.13,0.41,0.37,2026-01-13,820,N,VIIRS,n,2,298.9,31.24,D,0
28.42654,69.69901,310.74,0.42,0.46,2026-01-13,2045,N,VIIRS,n,2,279.9,1.35,N,2
26.20887,68.28462,367.0,0.34,0.56,2026-01-14,801,N,VIIRS,h,2,297.01,8.98,D,0
26.20963,68.28804,340.02,0.34,0.56,2026-01-14,801,N,VIIRS,n,2,295.26,9.62,D,0
26.21005,68.28658,367.0,0.34,0.56,2026-01-14,801,N,VIIRS,h,2,296.23,11.82,D,0
26.30566,68.15333,336.68,0.35,0.57,2026-01-14,801,N,VIIRS,n,2,293.75,2.27,D,0
26.59525,68.12592,355.69,0.35,0.56,2026-01-14,801,N,VIIRS,n,2,296.11,8.47,D,0
26.59977,68.12431,339.59,0.35,0.56,2026-01-14,801,N,VIIRS,n,2,294.58,4.15,D,0
26.60053,68.12775,327.87,0.35,0.56,2026-01-14,801,N,VIIRS,n,2,293.82,4.15,D,0
26.92908,68.17819,328.53,0.34,0.56,2026-01-14,801,N,VIIRS,n,2,293.01,1.56,D,0
26.96296,68.17448,345.35,0.34,0.56,2026-01-14,801,N,VIIRS,n,2,294.46,2.92,D,0
27.0313,69.41089,340.51,0.57,0.52,2026-01-14,801,N,VIIRS,n,2,304.51,8.07,D,0
27.036,69.40967,337.1,0.57,0.52,2026-01-14,801,N,VIIRS,n,2,302.88,4.51,D,0
27.3906,68.53986,326.63,0.63,0.54,2026-01-14,801,N,VIIRS,n,2,294.2,3.45,D,0
27.39674,68.35756,350.57,0.32,0.55,2026-01-14,801,N,VIIRS,n,2,294.43,4.07,D,0
27.64244,68.3363,330.69,0.32,0.54,2026-01-14,801,N,VIIRS,n,2,293.79,1.53,D,0
27.64259,68.33621,329.06,0.32,0.54,2026-01-14,801,N,VIIRS,n,2,293.58,1.58,D,0
27.6451,68.37112,327.05,0.64,0.54,2026-01-14,801,N,VIIRS,n,2,293.52,3.6,D,0
27.64517,68.37108,325.66,0.63,0.54,2026-01-14,801,N,VIIRS,n,2,293.37,2.56,D,0
27.75163,69.08518,333.83,0.57,0.52,2026-01-14,801,N,VIIRS,n,2,294.39,3.36,D,0
27.75634,69.08391,340.14,0.57,0.52,2026-01-14,801,N,VIIRS,n,2,293.86,3.36,D,0
27.95722,69.27061,325.89,0.55,0.51,2026-01-14,801,N,VIIRS,n,2,295.11,2.78,D,0
28.04718,69.36848,340.53,0.54,0.51,2026-01-14,801,N,VIIRS,n,2,298.23,4.98,D,0
28.04941,69.18978,327.69,0.56,0.51,2026-01-14,801,N,VIIRS,n,2,296.51,3.36,D,0
28.31817,69.76492,339.09,0.51,0.49,2026-01-14,801,N,VIIRS,n,2,297.61,9.62,D,0
28.43385,69.79156,339.02,0.5,0.49,2026-01-14,801,N,VIIRS,n,2,297.67,4.07,D,0
28.42313,69.6999,297.86,0.41,0.61,2026-01-14,2026,N,VIIRS,n,2,281.36,0.63,N,2
26.2825,68.55776,367.0,0.63,0.72,2026-01-15,742,N,VIIRS,h,2,294.21,9.75,D,0
26.28613,68.55422,343.58,0.63,0.72,2026-01-15,742,N,VIIRS,n,2,293.41,5.37,D,0
27.93989,69.35902,327.36,0.52,0.67,2026-01-15,742,N,VIIRS,n,2,294.02,2.37,D,0
28.05168,69.51749,332.57,0.51,0.66,2026-01-15,742,N,VIIRS,n,2,294.62,3.28,D,0
28.23499,69.65997,328.79,0.49,0.65,2026-01-15,742,N,VIIRS,n,2,293.06,3.57,D,0
28.33946,69.77834,367.0,0.48,0.65,2026-01-15,742,N,VIIRS,h,2,294.52,10.22,D,0
28.34071,69.78318,330.22,0.48,0.65,2026-01-15,742,N,VIIRS,n,2,293.94,10.39,D,0
28.34174,69.77592,326.69,0.48,0.65,2026-01-15,742,N,VIIRS,n,2,290.63,5.39,D,0
28.34296,69.78078,355.62,0.48,0.65,2026-01-15,742,N,VIIRS,n,2,294.05,9.73,D,0
28.34486,69.73812,327.08,0.48,0.65,2026-01-15,742,N,VIIRS,n,2,293.43,4.55,D,0
28.3482,69.73882,341.82,0.48,0.65,2026-01-15,742,N,VIIRS,n,2,293.65,4.39,D,0
28.46705,70.20471,338.08,0.45,0.63,2026-01-15,742,N,VIIRS,n,2,293.38,2.36,D,0
28.5502,70.00282,342.82,0.46,0.64,2026-01-15,743,N,VIIRS,n,2,295.35,3.44,D,0
28.76794,70.23553,328.33,0.44,0.63,2026-01-15,743,N,VIIRS,n,2,292.66,5.23,D,0
28.76905,70.24,355.88,0.44,0.63,2026-01-15,743,N,VIIRS,n,2,294.18,5.23,D,0
26.23436,68.67246,349.97,0.43,0.62,2026-01-15,922,N,VIIRS,n,2,297.74,6.54,D,0
26.33934,68.37059,341.15,0.42,0.61,2026-01-15,922,N,VIIRS,n,2,297.73,5.98,D,0
26.57172,68.03544,367.0,0.4,0.6,2026-01-15,922,N,VIIRS,h,2,292.76,5.96,D,0
26.57339,68.0338,346.66,0.4,0.6,2026-01-15,922,N,VIIRS,n,2,291.14,6.29,D,0
27.33225,68.38269,332.57,0.43,0.62,2026-01-15,923,N,VIIRS,n,2,295.77,2.78,D,0
27.3336,68.38345,329.68,0.43,0.62,2026-01-15,923,N,VIIRS,n,2,295.41,2.39,D,0
27.59224,68.3368,339.25,0.43,0.62,2026-01-15,923,N,VIIRS,n,2,289.85,4.95,D,0
27.59798,68.33631,367.0,0.43,0.62,2026-01-15,923,N,VIIRS,h,2,290.85,14.48,D,0
27.59831,68.34073,351.59,0.43,0.62,2026-01-15,923,N,VIIRS,n,2,288.39,14.48,D,0
27.65644,68.58501,340.41,0.44,0.63,2026-01-15,923,N,VIIRS,n,2,298.15,6.1,D,0
27.65732,68.58473,341.09,0.44,0.62,2026-01-15,923,N,VIIRS,n,2,297.9,5.68,D,0
28.05029,69.63207,337.2,0.52,0.67,2026-01-15,923,N,VIIRS,n,2,294.93,5.7,D,0
28.0517,69.63189,333.7,0.52,0.67,2026-01-15,923,N,VIIRS,n,2,294.59,3.48,D,0
28.05335,69.18969,326.5,0.49,0.65,2026-01-15,923,N,VIIRS,n,2,294.64,2.06,D,0
28.19949,69.55212,329.36,0.51,0.66,2026-01-15,923,N,VIIRS,n,2,293.14,4.82,D,0
26.27206,68.49615,341.01,0.43,0.46,2026-01-16,903,N,VIIRS,n,2,300.69,8.34,D,0
26.44412,68.23171,340.37,0.42,0.45,2026-01-16,904,N,VIIRS,n,2,299.12,6.11,D,0
26.77995,68.14146,344.49,0.42,0.45,2026-01-16,904,N,VIIRS,n,2,291.61,5.86,D,0
27.01282,67.86121,339.65,0.4,0.45,2026-01-16,904,N,VIIRS,n,2,285.02,5.8,D,0
28.05366,69.37017,295.97,0.51,0.41,2026-01-16,2129,N,VIIRS,n,2,276.05,0.83,N,2
28.42387,69.69829,303.57,0.52,0.42,2026-01-16,2129,N,VIIRS,n,2,280.6,1.61,N,2
26.26341,68.38503,333.78,0.4,0.37,2026-01-17,845,N,VIIRS,n,2,297.76,2.5,D,0
26.29491,68.55907,331.44,0.4,0.37,2026-01-17,845,N,VIIRS,n,2,294.04,2.64,D,0
26.3172,68.39998,332.04,0.4,0.37,2026-01-17,845,N,VIIRS,n,2,297.96,5.73,D,0
26.41927,68.45636,333.76,0.4,0.37,2026-01-17,845,N,VIIRS,n,2,295.68,2.54,D,0
26.55022,68.22997,332.6,0.4,0.37,2026-01-17,845,N,VIIRS,n,2,295.08,3.89,D,0
26.55357,68.22938,340.77,0.4,0.37,2026-01-17,845,N,VIIRS,n,2,295.98,3.89,D,0
26.61225,67.98472,346.03,0.39,0.36,2026-01-17,845,N,VIIRS,n,2,296.71,7.32,D,0
26.64158,67.93544,333.14,0.39,0.36,2026-01-17,845,N,VIIRS,n,2,295.39,3.04,D,0
26.65102,67.92972,331.16,0.39,0.36,2026-01-17,845,N,VIIRS,n,2,296.4,3.74,D,0
26.79568,68.04156,330.45,0.39,0.36,2026-01-17,845,N,VIIRS,n,2,295.61,3.64,D,0
26.86703,68.17904,333.27,0.4,0.37,2026-01-17,845,N,VIIRS,n,2,296.64,4.81,D,0
26.90896,68.17196,331.83,0.4,0.37,2026-01-17,845,N,VIIRS,n,2,293.5,3.3,D,0
27.0275,67.93561,331.56,0.39,0.36,2026-01-17,845,N,VIIRS,n,2,296.76,2.75,D,0
27.03084,67.93501,331.05,0.39,0.36,2026-01-17,845,N,VIIRS,n,2,294.24,2.75,D,0
27.94176,69.00939,330.95,0.42,0.38,2026-01-17,845,N,VIIRS,n,2,294.51,2.65,D,0
27.97058,69.30189,330.54,0.43,0.38,2026-01-17,845,N,VIIRS,n,2,294.51,4.02,D,0
27.97231,68.29816,335.19,0.4,0.37,2026-01-17,845,N,VIIRS,n,2,296.19,3.01,D,0
28.05772,69.17626,330.64,0.43,0.38,2026-01-17,845,N,VIIRS,n,2,293.58,4.99,D,0
28.08529,69.32864,329.46,0.43,0.38,2026-01-17,845,N,VIIRS,n,2,294.13,1.44,D,0
28.12291,69.45082,330.15,0.44,0.38,2026-01-17,845,N,VIIRS,n,2,293.63,3.1,D,0
28.12348,69.45529,330.44,0.44,0.38,2026-01-17,845,N,VIIRS,n,2,294.51,4.33,D,0
28.1236,69.45396,346.17,0.44,0.38,2026-01-17,845,N,VIIRS,n,2,294.72,6.44,D,0
28.37822,69.76564,331.65,0.45,0.39,2026-01-17,845,N,VIIRS,n,2,295.74,3.58,D,0
28.42314,69.70097,307.24,0.38,0.36,2026-01-17,2110,N,VIIRS,n,2,282.9,1.11,N,2
28.42644,69.70163,303.15,0.38,0.36,2026-01-17,2110,N,VIIRS,n,2,282.75,0.8,N,2
26.23326,68.07812,331.49,0.47,0.4,2026-01-18,826,N,VIIRS,n,2,295.14,2.79,D,0
26.33511,68.52804,344.85,0.45,0.39,2026-01-18,826,N,VIIRS,n,2,295.39,6.84,D,0
26.69633,68.02168,329.26,0.47,0.39,2026-01-18,826,N,VIIRS,n,2,293.96,2.56,D,0
26.84818,67.84083,331.42,0.47,0.4,2026-01-18,826,N,VIIRS,n,2,293.9,2.65,D,0
26.85009,67.9763,351.83,0.46,0.39,2026-01-18,826,N,VIIRS,n,2,298.18,15.2,D,0
27.03063,67.93441,334.68,0.46,0.39,2026-01-18,826,N,VIIRS,n,2,294.82,4.0,D,0
27.16597,68.44485,327.66,0.44,0.38,2026-01-18,826,N,VIIRS,n,2,293.78,2.88,D,0
27.33641,68.34155,332.68,0.44,0.39,2026-01-18,826,N,VIIRS,n,2,295.44,4.16,D,0
27.36919,68.40333,332.17,0.44,0.38,2026-01-18,826,N,VIIRS,n,2,295.61,4.18,D,0
27.43489,68.42552,326.01,0.44,0.38,2026-01-18,826,N,VIIRS,n,2,293.8,2.83,D,0
27.44486,68.54625,331.2,0.43,0.38,2026-01-18,826,N,VIIRS,n,2,295.32,1.79,D,0
27.57309,68.36539,336.48,0.44,0.38,2026-01-18,826,N,VIIRS,n,2,299.97,8.96,D,0
27.66422,68.57705,342.25,0.43,0.38,2026-01-18,826,N,VIIRS,n,2,298.93,7.18,D,0
27.8197,69.0785,332.76,0.41,0.37,2026-01-18,826,N,VIIRS,n,2,294.29,2.01,D,0
27.83427,69.12288,328.35,0.41,0.37,2026-01-18,826,N,VIIRS,n,2,294.18,4.32,D,0
27.9726,69.34198,335.27,0.41,0.37,2026-01-18,826,N,VIIRS,n,2,296.32,6.79,D,0
28.10405,68.77035,332.01,0.42,0.38,2026-01-18,826,N,VIIRS,n,2,294.6,3.36,D,0
28.12194,69.62688,340.6,0.4,0.37,2026-01-18,826,N,VIIRS,n,2,294.67,4.72,D,0
28.27095,69.66264,333.32,0.4,0.37,2026-01-18,826,N,VIIRS,n,2,294.84,2.71,D,0
28.29474,70.04195,339.54,0.39,0.36,2026-01-18,826,N,VIIRS,n,2,300.07,15.93,D,0
28.30301,70.19969,331.93,0.39,0.36,2026-01-18,826,N,VIIRS,n,2,295.48,2.92,D,0
28.40802,70.15466,331.5,0.39,0.36,2026-01-18,826,N,VIIRS,n,2,294.31,2.97,D,0
28.42924,69.9454,346.19,0.39,0.36,2026-01-18,826,N,VIIRS,n,2,297.46,7.4,D,0
28.47589,70.27935,331.86,0.39,0.36,2026-01-18,826,N,VIIRS,n,2,295.99,2.18,D,0
28.65373,70.2474,342.5,0.39,0.36,2026-01-18,826,N,VIIRS,n,2,296.75,14.49,D,0
28.86422,70.26984,335.46,0.39,0.36,2026-01-18,826,N,VIIRS,n,2,295.22,3.14,D,0
28.42316,69.70071,298.76,0.52,0.42,2026-01-18,2051,N,VIIRS,n,2,282.14,1.14,N,2
26.76083,69.0658,295.62,0.54,0.42,2026-01-18,2052,N,VIIRS,n,2,280.85,0.95,N,0
27.96895,69.74656,304.06,0.51,0.41,2026-01-18,2052,N,VIIRS,n,2,282.18,0.87,N,0
26.4361,68.21854,337.26,0.55,0.51,2026-01-19,807,N,VIIRS,n,2,295.1,3.02,D,0
26.43953,68.22028,337.07,0.55,0.51,2026-01-19,807,N,VIIRS,n,2,294.84,3.46,D,0
26.62786,67.95769,334.83,0.57,0.52,2026-01-19,807,N,VIIRS,n,2,293.91,4.25,D,0
26.90813,68.41471,340.59,0.53,0.5,2026-01-19,807,N,VIIRS,n,2,298.3,16.34,D,0
26.92221,67.82533,331.2,0.57,0.52,2026-01-19,807,N,VIIRS,n,2,293.6,2.22,D,0
26.92692,67.82407,329.43,0.57,0.52,2026-01-19,807,N,VIIRS,n,2,291.81,2.22,D,0
26.98814,67.73902,332.08,0.57,0.52,2026-01-19,807,N,VIIRS,n,2,292.54,3.34,D,0
26.98866,67.74113,334.72,0.58,0.52,2026-01-19,807,N,VIIRS,n,2,293.05,3.91,D,0
27.27108,68.55393,332.49,0.51,0.49,2026-01-19,807,N,VIIRS,n,2,292.66,2.11,D,0
27.27113,68.55694,335.58,0.51,0.49,2026-01-19,807,N,VIIRS,n,2,292.82,4.49,D,0
27.46676,68.4688,330.41,0.51,0.49,2026-01-19,807,N,VIIRS,n,2,293.66,2.96,D,0
27.51778,68.28351,336.14,0.52,0.5,2026-01-19,807,N,VIIRS,n,2,292.29,4.43,D,0
27.79212,69.18082,329.22,0.46,0.47,2026-01-19,807,N,VIIRS,n,2,294.39,2.91,D,0
27.8813,69.2785,327.76,0.45,0.47,2026-01-19,807,N,VIIRS,n,2,294.32,3.14,D,0
27.97848,69.17494,326.97,0.45,0.47,2026-01-19,807,N,VIIRS,n,2,294.74,2.73,D,0
28.26287,69.8194,340.31,0.41,0.45,2026-01-19,808,N,VIIRS,n,2,298.25,4.69,D,0
28.2715,69.71189,346.47,0.42,0.45,2026-01-19,808,N,VIIRS,n,2,295.86,8.71,D,0
28.40567,69.81406,341.68,0.41,0.45,2026-01-19,808,N,VIIRS,n,2,302.79,10.72,D,0
28.40973,69.81303,340.54,0.41,0.45,2026-01-19,808,N,VIIRS,n,2,294.62,10.72,D,0
28.43303,69.79002,341.28,0.41,0.45,2026-01-19,808,N,VIIRS,n,2,301.95,14.56,D,0
28.43513,70.09214,330.54,0.39,0.44,2026-01-19,808,N,VIIRS,n,2,295.39,1.84,D,0
28.45903,70.107,332.5,0.39,0.44,2026-01-19,808,N,VIIRS,n,2,294.77,2.97,D,0
28.46847,69.94452,340.06,0.4,0.44,2026-01-19,808,N,VIIRS,n,2,297.35,3.75,D,0
28.46928,69.94856,330.29,0.4,0.44,2026-01-19,808,N,VIIRS,n,2,295.15,3.75,D,0
28.48298,69.9536,339.73,0.4,0.44,2026-01-19,808,N,VIIRS,n,2,297.8,3.84,D,0
28.56478,70.32383,330.82,0.57,0.43,2026-01-19,808,N,VIIRS,n,2,296.83,4.28,D,0
28.56872,70.32285,333.68,0.57,0.43,2026-01-19,808,N,VIIRS,n,2,297.45,4.28,D,0
28.66823,70.18687,331.58,0.39,0.44,2026-01-19,808,N,VIIRS,n,2,296.53,2.31,D,0
28.70668,70.14526,338.78,0.39,0.44,2026-01-19,808,N,VIIRS,n,2,299.15,6.69,D,0
28.70746,70.14918,333.8,0.39,0.44,2026-01-19,808,N,VIIRS,n,2,295.64,6.69,D,0
28.42312,69.69909,305.81,0.33,0.55,2026-01-19,2033,N,VIIRS,n,2,283.27,0.62,N,2
26.88474,67.83616,299.75,0.64,0.72,2026-01-19,2213,N,VIIRS,n,2,281.61,1.3,N,0
26.22522,68.39454,338.75,0.52,0.67,2026-01-20,748,N,VIIRS,n,2,296.79,5.23,D,0
26.22644,68.39751,336.21,0.52,0.67,2026-01-20,748,N,VIIRS,n,2,295.0,5.42,D,0
26.71095,68.06481,329.9,0.53,0.67,2026-01-20,748,N,VIIRS,n,2,292.53,3.82,D,0
26.71703,68.06291,338.11,0.53,0.67,2026-01-20,748,N,VIIRS,n,2,292.23,3.82,D,0
26.71399,68.06033,335.15,0.53,0.67,2026-01-20,749,N,VIIRS,n,2,292.35,5.15,D,0
26.80858,68.20129,329.08,0.52,0.67,2026-01-20,749,N,VIIRS,n,2,292.04,2.99,D,0
27.44143,68.63678,337.84,0.48,0.64,2026-01-20,749,N,VIIRS,n,2,292.78,6.77,D,0
27.48787,68.62238,329.48,0.48,0.64,2026-01-20,749,N,VIIRS,n,2,290.73,2.83,D,0
27.58408,68.35532,354.46,0.49,0.65,2026-01-20,749,N,VIIRS,n,2,293.1,6.31,D,0
27.58532,68.36024,326.02,0.49,0.65,2026-01-20,749,N,VIIRS,n,2,288.38,6.31,D,0
27.80576,69.52914,338.17,0.41,0.61,2026-01-20,749,N,VIIRS,n,2,293.57,2.93,D,0
27.92089,69.17135,327.18,0.43,0.62,2026-01-20,749,N,VIIRS,n,2,291.27,3.18,D,0
27.97976,69.24138,328.77,0.43,0.62,2026-01-20,749,N,VIIRS,n,2,292.76,2.35,D,0
28.00753,69.45515,342.53,0.41,0.61,2026-01-20,749,N,VIIRS,n,2,293.34,3.14,D,0
28.01302,69.45348,348.37,0.41,0.61,2026-01-20,749,N,VIIRS,n,2,291.85,4.05,D,0
28.06815,69.56525,333.28,0.41,0.6,2026-01-20,749,N,VIIRS,n,2,292.73,3.02,D,0
28.06894,69.56483,337.36,0.41,0.6,2026-01-20,749,N,VIIRS,n,2,292.44,3.4,D,0
28.10131,69.58146,332.2,0.4,0.6,2026-01-20,749,N,VIIRS,n,2,291.27,4.84,D,0
28.20817,69.78542,349.47,0.39,0.59,2026-01-20,749,N,VIIRS,n,2,294.69,3.97,D,0
28.20875,69.78702,329.92,0.39,0.59,2026-01-20,749,N,VIIRS,n,2,293.16,5.04,D,0
28.37818,70.06623,337.18,0.37,0.58,2026-01-20,749,N,VIIRS,n,2,293.29,2.14,D,0
28.45839,70.10604,328.87,0.37,0.58,2026-01-20,749,N,VIIRS,n,2,291.83,1.74,D,0
28.54653,70.11073,335.09,0.37,0.58,2026-01-20,749,N,VIIRS,n,2,292.69,1.81,D,0
28.78249,70.31723,330.62,0.35,0.57,2026-01-20,749,N,VIIRS,n,2,292.16,2.01,D,0
26.225,68.39735,330.36,0.52,0.67,2026-01-20,929,N,VIIRS,n,2,296.1,4.9,D,0
26.22664,68.39452,338.01,0.52,0.67,2026-01-20,929,N,VIIRS,n,2,298.56,4.21,D,0
26.25711,68.05241,344.85,0.5,0.66,2026-01-20,929,N,VIIRS,n,2,295.58,7.24,D,0
26.30496,68.83769,330.88,0.56,0.68,2026-01-20,929,N,VIIRS,n,2,293.18,2.81,D,0
26.34477,68.16608,353.62,0.51,0.66,2026-01-20,929,N,VIIRS,n,2,294.38,6.73,D,0
26.39692,68.28896,334.89,0.52,0.66,2026-01-20,929,N,VIIRS,n,2,294.99,4.08,D,0
26.40167,68.28564,334.38,0.52,0.66,2026-01-20,929,N,VIIRS,n,2,294.1,5.51,D,0
26.795,67.8122,331.12,0.49,0.65,2026-01-20,929,N,VIIRS,n,2,292.9,2.25,D,0
26.98706,67.84351,335.97,0.49,0.65,2026-01-20,929,N,VIIRS,n,2,293.18,4.65,D,0
27.10741,67.98464,353.62,0.5,0.66,2026-01-20,929,N,VIIRS,n,2,293.04,9.53,D,0
27.10803,67.98306,344.86,0.5,0.66,2026-01-20,929,N,VIIRS,n,2,291.98,8.26,D,0
27.52983,68.41593,344.67,0.54,0.68,2026-01-20,929,N,VIIRS,n,2,295.8,7.94,D,0
27.55487,68.36822,326.61,0.53,0.67,2026-01-20,929,N,VIIRS,n,2,291.82,2.54,D,0
27.55849,68.3689,352.21,0.53,0.67,2026-01-20,929,N,VIIRS,n,2,294.99,9.52,D,0
27.56118,68.36773,334.07,0.53,0.67,2026-01-20,929,N,VIIRS,n,2,293.8,3.74,D,0
28.08631,69.7709,330.3,0.66,0.73,2026-01-20,929,N,VIIRS,n,2,290.86,3.56,D,0
28.0869,69.77119,331.23,0.66,0.73,2026-01-20,929,N,VIIRS,n,2,290.54,3.16,D,0
28.23978,69.63418,343.91,0.65,0.73,2026-01-20,929,N,VIIRS,n,2,291.65,6.68,D,0
26.98312,68.9057,300.84,0.39,0.59,2026-01-20,2155,N,VIIRS,n,2,283.87,0.62,N,0
26.98371,68.90867,298.21,0.39,0.59,2026-01-20,2155,N,VIIRS,n,2,283.16,0.3,N,0
28.34131,69.75051,332.34,0.73,0.76,2026-01-21,730,N,VIIRS,n,2,290.24,5.34,D,0
28.4142,70.09007,329.82,0.7,0.75,2026-01-21,730,N,VIIRS,n,2,288.82,3.55,D,0
28.44891,69.9765,330.67,0.71,0.75,2026-01-21,730,N,VIIRS,n,2,289.82,3.6,D,0
26.25572,68.26166,340.86,0.52,0.5,2026-01-21,910,N,VIIRS,n,2,293.8,5.59,D,0
26.39665,67.97084,339.24,0.5,0.49,2026-01-21,910,N,VIIRS,n,2,294.01,5.49,D,0
26.3974,67.96788,343.58,0.5,0.49,2026-01-21,910,N,VIIRS,n,2,294.8,6.27,D,0
26.49261,68.31432,335.21,0.53,0.5,2026-01-21,910,N,VIIRS,n,2,296.19,3.8,D,0
26.84308,67.8453,329.97,0.5,0.49,2026-01-21,910,N,VIIRS,n,2,293.37,3.5,D,0
27.28606,68.47417,339.94,0.55,0.51,2026-01-21,910,N,VIIRS,n,2,295.2,4.46,D,0
27.28701,68.47318,339.2,0.55,0.51,2026-01-21,910,N,VIIRS,n,2,295.24,15.69,D,0
27.2908,68.47363,335.2,0.55,0.51,2026-01-21,910,N,VIIRS,n,2,291.85,4.46,D,0
27.56627,68.37298,350.07,0.55,0.51,2026-01-21,910,N,VIIRS,n,2,306.34,17.07,D,0
27.57934,68.36013,346.38,0.55,0.51,2026-01-21,910,N,VIIRS,n,2,301.07,8.44,D,0
27.82028,69.60499,355.36,0.33,0.55,2026-01-21,910,N,VIIRS,n,2,295.11,6.18,D,0
27.82255,69.60258,348.43,0.33,0.55,2026-01-21,910,N,VIIRS,n,2,291.8,4.35,D,0
27.82285,69.60596,334.14,0.33,0.55,2026-01-21,910,N,VIIRS,n,2,292.64,5.26,D,0
28.04964,69.63478,335.84,0.33,0.55,2026-01-21,910,N,VIIRS,n,2,292.77,4.73,D,0
28.09906,69.27245,327.68,0.63,0.54,2026-01-21,910,N,VIIRS,n,2,294.84,2.34,D,0
28.15602,69.58392,367.0,0.33,0.55,2026-01-21,910,N,VIIRS,h,2,296.61,6.39,D,0
28.18719,69.83287,339.42,0.34,0.56,2026-01-21,910,N,VIIRS,n,2,293.22,3.12,D,0
28.35952,69.99573,339.21,0.35,0.57,2026-01-21,910,N,VIIRS,n,2,295.1,3.72,D,0
28.42557,69.70094,309.03,0.42,0.45,2026-01-21,2135,N,VIIRS,n,2,283.71,1.12,N,2
28.61077,68.62922,295.86,0.55,0.43,2026-01-21,2135,N,VIIRS,n,2,283.36,0.56,N,2
28.93097,69.42355,299.85,0.4,0.44,2026-01-21,2135,N,VIIRS,n,2,281.63,0.74,N,0
28.93161,69.42561,296.94,0.4,0.44,2026-01-21,2135,N,VIIRS,n,2,281.49,0.64,N,0
28.22488,69.83044,343.61,0.54,0.42,2026-01-22,851,N,VIIRS,n,2,285.71,16.17,D,0
28.55459,70.09924,345.58,0.56,0.43,2026-01-22,852,N,VIIRS,n,2,277.08,14.54,D,0
27.66802,68.87438,295.21,0.39,0.36,2026-01-22,2117,N,VIIRS,n,2,277.7,0.48,N,0
28.05122,69.36989,296.82,0.4,0.37,2026-01-22,2117,N,VIIRS,n,2,278.28,0.25,N,2
28.42345,69.70002,310.55,0.4,0.37,2026-01-22,2117,N,VIIRS,n,2,277.81,1.08,N,2
26.20115,68.57633,339.53,0.4,0.37,2026-01-23,832,N,VIIRS,n,2,294.22,3.82,D,0
26.25156,68.13866,330.4,0.41,0.37,2026-01-23,832,N,VIIRS,n,2,294.31,4.2,D,0
26.38406,68.34654,347.74,0.4,0.37,2026-01-23,832,N,VIIRS,n,2,296.55,5.33,D,0
26.44558,67.97774,334.74,0.41,0.37,2026-01-23,832,N,VIIRS,n,2,292.37,3.32,D,0
26.70284,67.8832,338.48,0.41,0.37,2026-01-23,832,N,VIIRS,n,2,293.08,5.95,D,0
26.83757,67.8479,344.56,0.41,0.37,2026-01-23,832,N,VIIRS,n,2,292.94,4.62,D,0
26.85522,67.82713,329.58,0.41,0.37,2026-01-23,832,N,VIIRS,n,2,289.98,2.5,D,0
26.86481,68.98911,331.67,0.39,0.36,2026-01-23,832,N,VIIRS,n,2,298.56,1.22,D,0
26.95617,68.64774,325.98,0.39,0.37,2026-01-23,832,N,VIIRS,l,2,300.55,1.28,D,0
27.38263,68.72581,331.33,0.39,0.36,2026-01-23,832,N,VIIRS,n,2,293.21,7.36,D,0
27.45073,68.67948,332.99,0.39,0.36,2026-01-23,832,N,VIIRS,n,2,291.35,2.54,D,0
27.57417,68.33514,332.55,0.4,0.37,2026-01-23,833,N,VIIRS,n,2,292.16,3.74,D,0
27.69279,68.3975,334.06,0.4,0.37,2026-01-23,833,N,VIIRS,n,2,293.41,4.85,D,0
27.69326,69.07567,329.35,0.39,0.36,2026-01-23,833,N,VIIRS,n,2,294.0,1.29,D,0
27.70781,68.57476,343.21,0.39,0.36,2026-01-23,833,N,VIIRS,n,2,297.62,8.88,D,0
28.15446,69.44672,331.13,0.38,0.36,2026-01-23,833,N,VIIRS,n,2,291.21,2.34,D,0
28.16157,69.62558,330.08,0.38,0.36,2026-01-23,833,N,VIIRS,n,2,290.14,1.58,D,0
28.29296,69.64401,331.82,0.38,0.36,2026-01-23,833,N,VIIRS,n,2,289.79,7.98,D,0
28.42412,69.70288,327.12,0.38,0.36,2026-01-23,833,N,VIIRS,n,2,290.38,1.67,D,2
28.56274,70.15607,330.1,0.39,0.36,2026-01-23,833,N,VIIRS,n,2,288.75,2.58,D,0
28.4243,69.70016,316.87,0.44,0.39,2026-01-23,2058,N,VIIRS,n,2,278.38,1.58,N,2
26.28404,68.107,330.54,0.46,0.47,2026-01-24,813,N,VIIRS,n,2,288.08,3.76,D,0
26.29408,68.56314,339.29,0.43,0.46,2026-01-24,813,N,VIIRS,n,2,292.42,4.59,D,0
26.34596,68.05836,352.87,0.46,0.47,2026-01-24,813,N,VIIRS,n,2,287.28,7.92,D,0
26.40744,68.02061,338.9,0.46,0.47,2026-01-24,813,N,VIIRS,n,2,285.72,3.42,D,0
26.6385,67.97132,338.71,0.46,0.47,2026-01-24,814,N,VIIRS,n,2,291.47,5.35,D,0
26.63942,67.97587,339.4,0.46,0.47,2026-01-24,814,N,VIIRS,n,2,290.95,7.18,D,0
26.89013,68.39525,347.54,0.43,0.46,2026-01-24,814,N,VIIRS,n,2,293.15,9.8,D,0
26.98668,67.8422,337.1,0.46,0.47,2026-01-24,814,N,VIIRS,n,2,290.44,3.82,D,0
27.11575,68.38617,327.09,0.42,0.45,2026-01-24,814,N,VIIRS,n,2,291.5,2.01,D,0
27.61102,68.97621,330.67,0.39,0.44,2026-01-24,814,N,VIIRS,n,2,293.49,3.68,D,0
27.61497,68.97523,341.05,0.39,0.44,2026-01-24,814,N,VIIRS,n,2,291.56,3.68,D,0
28.0865,69.15523,336.87,0.56,0.43,2026-01-24,814,N,VIIRS,n,2,290.6,4.44,D,0
28.13065,69.38673,330.14,0.54,0.42,2026-01-24,814,N,VIIRS,n,2,280.91,6.68,D,0
28.19503,70.20481,329.14,0.49,0.4,2026-01-24,814,N,VIIRS,n,2,287.09,3.29,D,0
28.19698,70.20213,331.88,0.49,0.4,2026-01-24,814,N,VIIRS,n,2,286.5,4.55,D,0
28.43045,69.94575,342.48,0.5,0.41,2026-01-24,814,N,VIIRS,n,2,283.96,6.85,D,0
28.48932,70.28444,333.89,0.48,0.4,2026-01-24,814,N,VIIRS,n,2,290.28,3.86,D,0
28.51455,68.71349,327.69,0.38,0.43,2026-01-24,814,N,VIIRS,n,2,290.81,1.44,D,0
28.58481,70.10503,329.93,0.49,0.4,2026-01-24,814,N,VIIRS,n,2,289.43,3.51,D,0
28.5876,70.05765,330.8,0.49,0.4,2026-01-24,814,N,VIIRS,n,2,289.71,3.46,D,0
28.71138,70.38773,329.49,0.47,0.4,2026-01-24,814,N,VIIRS,n,2,273.35,3.8,D,0
28.42584,69.70041,303.43,0.53,0.5,2026-01-24,2039,N,VIIRS,n,2,278.9,1.01,N,2
28.61246,68.62861,297.79,0.61,0.54,2026-01-24,2039,N,VIIRS,n,2,278.4,1.17,N,2
28.61355,68.6282,304.21,0.79,0.78,2026-01-24,2219,N,VIIRS,n,2,276.06,1.76,N,2
26.23211,68.79679,335.51,0.4,0.6,2026-01-25,755,N,VIIRS,n,2,294.68,6.57,D,0
26.23224,68.80061,367.0,0.4,0.6,2026-01-25,755,N,VIIRS,h,2,296.55,13.43,D,0
26.23304,68.80076,367.0,0.4,0.6,2026-01-25,755,N,VIIRS,h,2,296.34,6.57,D,0
26.3286,68.94017,338.17,0.39,0.59,2026-01-25,755,N,VIIRS,n,2,291.38,4.69,D,0
26.32951,68.94404,328.71,0.39,0.59,2026-01-25,755,N,VIIRS,n,2,291.56,5.55,D,0
26.33442,68.79258,367.0,0.4,0.6,2026-01-25,755,N,VIIRS,h,2,292.79,8.26,D,0
26.33502,68.79436,367.0,0.4,0.6,2026-01-25,755,N,VIIRS,h,2,294.52,7.26,D,0
26.50418,68.11665,330.71,0.43,0.62,2026-01-25,755,N,VIIRS,n,2,290.62,2.21,D,0
26.50544,68.11652,367.0,0.43,0.62,2026-01-25,755,N,VIIRS,h,2,291.77,4.98,D,0
26.50979,68.11502,334.71,0.43,0.62,2026-01-25,755,N,VIIRS,n,2,290.47,2.66,D,0
26.60884,67.91667,332.97,0.44,0.63,2026-01-25,755,N,VIIRS,n,2,291.03,3.14,D,0
26.74454,68.17218,344.68,0.42,0.61,2026-01-25,755,N,VIIRS,n,2,293.48,4.72,D,0
26.74791,68.17106,348.66,0.42,0.61,2026-01-25,755,N,VIIRS,n,2,292.75,5.14,D,0
26.94215,68.36302,336.98,0.41,0.61,2026-01-25,755,N,VIIRS,n,2,290.7,4.36,D,0
26.95613,68.51847,329.97,0.4,0.6,2026-01-25,755,N,VIIRS,n,2,291.47,1.57,D,0
27.19294,68.47002,328.28,0.4,0.6,2026-01-25,755,N,VIIRS,n,2,290.14,2.13,D,0
27.25941,68.55602,330.37,0.39,0.59,2026-01-25,755,N,VIIRS,n,2,290.33,1.96,D,0
27.31824,68.36665,350.28,0.4,0.6,2026-01-25,755,N,VIIRS,n,2,290.31,5.5,D,0
27.56082,68.36732,329.68,0.4,0.6,2026-01-25,755,N,VIIRS,n,2,292.0,3.12,D,0
27.56116,68.36707,333.49,0.4,0.6,2026-01-25,755,N,VIIRS,n,2,293.49,3.98,D,0
27.56621,68.36571,334.51,0.4,0.6,2026-01-25,755,N,VIIRS,n,2,296.82,5.76,D,0
27.56656,68.36547,325.99,0.4,0.6,2026-01-25,755,N,VIIRS,n,2,294.93,3.98,D,0
27.56714,68.36967,325.97,0.4,0.6,2026-01-25,755,N,VIIRS,n,2,297.54,5.18,D,0
27.62016,69.47195,347.03,0.34,0.56,2026-01-25,755,N,VIIRS,n,2,296.07,5.86,D,0
27.62095,69.47536,367.0,0.34,0.56,2026-01-25,755,N,VIIRS,h,2,296.19,9.74,D,0
27.79115,68.63214,331.5,0.38,0.59,2026-01-25,755,N,VIIRS,n,2,291.31,3.21,D,0
27.79205,68.63594,330.09,0.38,0.59,2026-01-25,755,N,VIIRS,n,2,291.77,4.33,D,0
27.85256,69.03483,346.05,0.36,0.57,2026-01-25,755,N,VIIRS,n,2,292.91,4.25,D,0
27.8534,69.03841,346.13,0.36,0.57,2026-01-25,755,N,VIIRS,n,2,294.04,4.25,D,0
27.93615,69.34612,330.54,0.34,0.56,2026-01-25,755,N,VIIRS,n,2,290.31,1.94,D,0
28.02062,69.18845,325.14,0.35,0.56,2026-01-25,755,N,VIIRS,n,2,289.81,1.19,D,0
28.07559,69.65639,334.2,0.32,0.55,2026-01-25,755,N,VIIRS,n,2,292.46,1.85,D,0
28.0766,69.65745,332.03,0.32,0.55,2026-01-25,755,N,VIIRS,n,2,291.84,2.2,D,0
28.10844,69.38224,329.15,0.34,0.56,2026-01-25,755,N,VIIRS,n,2,290.88,3.43,D,0
28.12336,69.74935,332.48,0.32,0.54,2026-01-25,755,N,VIIRS,n,2,292.33,2.46,D,0
28.19903,69.55656,349.64,0.33,0.55,2026-01-25,755,N,VIIRS,n,2,293.63,2.37,D,0
28.79845,70.39589,337.08,0.57,0.52,2026-01-25,755,N,VIIRS,n,2,290.96,2.31,D,0
28.79922,70.39918,333.12,0.57,0.52,2026-01-25,755,N,VIIRS,n,2,290.5,4.51,D,0
28.80462,70.31216,332.37,0.57,0.52,2026-01-25,755,N,VIIRS,n,2,294.02,3.94,D,0
28.87324,68.58723,343.82,0.36,0.57,2026-01-25,755,N,VIIRS,n,2,293.4,3.26,D,0
26.4575,68.89589,345.95,0.7,0.75,2026-01-25,935,N,VIIRS,n,2,291.71,7.15,D,0
26.85981,68.14465,327.53,0.64,0.72,2026-01-25,935,N,VIIRS,n,2,289.49,4.41,D,0
27.88574,68.99045,325.14,0.73,0.76,2026-01-25,936,N,VIIRS,n,2,287.99,4.04,D,0
26.22012,68.59604,330.43,0.53,0.42,2026-01-27,857,N,VIIRS,n,2,294.7,4.06,D,0
26.27106,68.16058,330.05,0.51,0.41,2026-01-27,857,N,VIIRS,n,2,294.49,6.61,D,0
26.27176,68.10359,345.39,0.5,0.41,2026-01-27,857,N,VIIRS,n,2,295.46,9.88,D,0
26.71156,68.06348,339.49,0.51,0.41,2026-01-27,857,N,VIIRS,n,2,296.16,4.1,D,0
26.76754,67.92782,334.84,0.5,0.41,2026-01-27,858,N,VIIRS,n,2,295.88,10.76,D,0
26.7713,67.92724,330.76,0.5,0.41,2026-01-27,858,N,VIIRS,n,2,292.75,2.42,D,0
26.85639,67.96337,329.53,0.5,0.41,2026-01-27,858,N,VIIRS,n,2,293.9,1.15,D,0
26.97536,68.43602,331.65,0.53,0.42,2026-01-27,858,N,VIIRS,n,2,296.18,5.0,D,0
26.99284,67.85804,329.8,0.5,0.41,2026-01-27,858,N,VIIRS,n,2,294.65,3.37,D,0
27.26155,68.64499,343.18,0.55,0.43,2026-01-27,858,N,VIIRS,n,2,292.72,7.12,D,0
27.26224,68.64173,331.17,0.55,0.43,2026-01-27,858,N,VIIRS,n,2,292.95,7.15,D,0
27.52922,68.42091,326.94,0.54,0.42,2026-01-27,858,N,VIIRS,n,2,295.86,4.3,D,0
27.5688,69.33329,346.71,0.4,0.45,2026-01-27,858,N,VIIRS,n,2,297.12,8.38,D,0
27.56925,69.33744,339.92,0.4,0.45,2026-01-27,858,N,VIIRS,n,2,295.04,6.4,D,0
27.57107,68.36874,334.49,0.54,0.42,2026-01-27,858,N,VIIRS,n,2,294.14,5.43,D,0
27.73438,69.63794,336.28,0.42,0.45,2026-01-27,858,N,VIIRS,n,2,296.59,2.85,D,0
27.82433,69.25787,339.68,0.4,0.44,2026-01-27,858,N,VIIRS,n,2,293.76,5.15,D,0
27.88483,69.06372,338.14,0.39,0.44,2026-01-27,858,N,VIIRS,n,2,292.36,4.42,D,0
27.88529,69.06774,332.51,0.39,0.44,2026-01-27,858,N,VIIRS,n,2,293.79,4.42,D,0
27.97261,69.15438,328.9,0.4,0.44,2026-01-27,858,N,VIIRS,n,2,294.09,1.47,D,0
27.9767,69.15382,326.84,0.4,0.44,2026-01-27,858,N,VIIRS,n,2,292.67,1.25,D,0
28.03648,69.27961,328.87,0.41,0.45,2026-01-27,858,N,VIIRS,n,2,296.04,1.47,D,0
28.12348,69.64271,333.37,0.43,0.46,2026-01-27,858,N,VIIRS,n,2,291.68,2.01,D,0
28.1277,69.64214,339.36,0.43,0.46,2026-01-27,858,N,VIIRS,n,2,291.72,2.94,D,0
28.28403,69.99693,335.0,0.45,0.47,2026-01-27,858,N,VIIRS,n,2,295.66,4.56,D,0
28.28971,69.71973,334.9,0.43,0.46,2026-01-27,858,N,VIIRS,n,2,293.14,3.54,D,0
28.33248,69.95779,334.0,0.45,0.47,2026-01-27,858,N,VIIRS,n,2,294.92,6.15,D,0
27.90478,68.67251,298.82,0.42,0.37,2026-01-27,2123,N,VIIRS,n,2,281.08,0.56,N,0
28.05348,69.36905,295.43,0.44,0.38,2026-01-27,2123,N,VIIRS,n,2,281.22,0.64,N,2
28.42254,69.70165,296.29,0.45,0.39,2026-01-27,2123,N,VIIRS,n,2,280.58,0.55,N,2
26.21922,68.59844,331.68,0.38,0.36,2026-01-28,839,N,VIIRS,n,2,297.22,2.16,D,0
26.24305,69.00341,333.69,0.39,0.36,2026-01-28,839,N,VIIRS,n,2,297.88,6.38,D,0
26.27785,68.14233,334.18,0.39,0.36,2026-01-28,839,N,VIIRS,n,2,298.23,3.5,D,0
26.33146,68.20693,334.03,0.38,0.36,2026-01-28,839,N,VIIRS,n,2,297.74,5.95,D,0
26.33995,68.08682,331.56,0.39,0.36,2026-01-28,839,N,VIIRS,n,2,297.55,4.92,D,0
26.36417,68.61456,330.86,0.38,0.36,2026-01-28,839,N,VIIRS,l,2,304.5,1.98,D,0
26.41818,68.21798,333.99,0.38,0.36,2026-01-28,839,N,VIIRS,n,2,299.57,4.36,D,0
26.52153,68.3601,339.9,0.38,0.36,2026-01-28,839,N,VIIRS,n,2,295.83,2.15,D,0
26.63803,68.216,336.6,0.38,0.36,2026-01-28,839,N,VIIRS,n,2,296.4,3.69,D,0
26.79319,67.84117,331.82,0.39,0.36,2026-01-28,839,N,VIIRS,n,2,299.12,4.87,D,0
26.80446,68.21974,331.15,0.38,0.36,2026-01-28,839,N,VIIRS,n,2,292.67,1.56,D,0
26.94203,67.7763,342.17,0.39,0.36,2026-01-28,839,N,VIIRS,n,2,295.78,5.03,D,0
26.9512,67.87803,337.84,0.39,0.36,2026-01-28,839,N,VIIRS,n,2,297.74,12.08,D,0
26.98033,67.86837,340.89,0.39,0.36,2026-01-28,839,N,VIIRS,n,2,291.55,3.92,D,0
27.01814,67.80524,342.69,0.39,0.36,2026-01-28,839,N,VIIRS,n,2,293.79,3.82,D,0
27.06365,69.29169,335.46,0.39,0.36,2026-01-28,839,N,VIIRS,l,2,306.41,2.74,D,0
27.55951,68.98477,334.48,0.39,0.36,2026-01-28,839,N,VIIRS,n,2,294.74,2.28,D,0
27.56513,68.99982,332.35,0.39,0.36,2026-01-28,839,N,VIIRS,n,2,292.01,29.1,D,0
27.67186,69.08161,346.79,0.39,0.36,2026-01-28,839,N,VIIRS,n,2,292.42,6.67,D,0
27.70134,68.55063,325.47,0.38,0.36,2026-01-28,839,N,VIIRS,n,2,294.34,1.02,D,0
28.13705,69.51134,337.8,0.4,0.37,2026-01-28,839,N,VIIRS,n,2,289.48,5.48,D,0
28.24165,69.63055,330.29,0.4,0.37,2026-01-28,839,N,VIIRS,n,2,289.8,2.23,D,0
28.26191,70.09937,345.46,0.41,0.37,2026-01-28,839,N,VIIRS,n,2,286.65,5.39,D,0
28.3082,69.95491,343.15,0.41,0.37,2026-01-28,839,N,VIIRS,n,2,291.03,10.02,D,0
28.34255,69.92806,332.24,0.41,0.37,2026-01-28,839,N,VIIRS,n,2,279.08,4.01,D,0
28.39662,70.0164,333.66,0.41,0.37,2026-01-28,839,N,VIIRS,n,2,279.63,2.88,D,0
28.90836,70.36971,329.45,0.42,0.38,2026-01-28,839,N,VIIRS,n,2,291.11,3.34,D,0
28.42425,69.69879,313.53,0.4,0.37,2026-01-28,2104,N,VIIRS,n,2,282.33,1.43,N,2
27.06133,69.29221,308.51,0.4,0.37,2026-01-28,2105,N,VIIRS,n,2,272.66,1.54,N,0
27.06471,69.29283,329.38,0.4,0.37,2026-01-28,2105,N,VIIRS,n,2,276.0,5.28,N,0
26.27275,68.51794,327.79,0.53,0.42,2026-01-29,820,N,VIIRS,n,2,291.49,1.92,D,0
26.31854,68.50738,330.97,0.53,0.42,2026-01-29,820,N,VIIRS,n,2,294.19,4.41,D,0
26.3209,68.50986,344.3,0.53,0.42,2026-01-29,820,N,VIIRS,n,2,293.6,7.26,D,0
26.32418,68.35951,332.99,0.54,0.42,2026-01-29,820,N,VIIRS,n,2,293.35,6.25,D,0
26.33813,68.82646,331.98,0.51,0.41,2026-01-29,820,N,VIIRS,n,2,297.06,3.07,D,0
26.34582,67.96916,332.0,0.57,0.43,2026-01-29,820,N,VIIRS,n,2,286.33,3.67,D,0
26.42759,68.86669,339.93,0.51,0.41,2026-01-29,820,N,VIIRS,n,2,296.4,6.61,D,0
26.5254,68.12177,328.57,0.55,0.43,2026-01-29,820,N,VIIRS,n,2,289.58,2.67,D,0
26.55075,68.21267,338.49,0.55,0.42,2026-01-29,820,N,VIIRS,n,2,295.39,6.16,D,0
26.68553,68.17615,327.12,0.54,0.42,2026-01-29,820,N,VIIRS,n,2,289.62,2.8,D,0
26.97866,68.96085,333.9,0.49,0.41,2026-01-29,820,N,VIIRS,n,2,287.8,4.8,D,0
27.06259,69.29397,335.25,0.48,0.4,2026-01-29,820,N,VIIRS,n,2,296.08,4.12,D,0
27.06843,68.29737,335.09,0.53,0.42,2026-01-29,820,N,VIIRS,n,2,289.63,7.47,D,0
27.78509,68.6445,329.59,0.5,0.41,2026-01-29,820,N,VIIRS,n,2,284.42,2.27,D,0
27.85481,69.0408,335.41,0.48,0.4,2026-01-29,820,N,VIIRS,n,2,293.82,8.49,D,0
27.97602,69.19082,334.76,0.47,0.4,2026-01-29,820,N,VIIRS,n,2,292.57,5.21,D,0
27.97706,69.19322,331.76,0.47,0.39,2026-01-29,820,N,VIIRS,n,2,295.31,3.55,D,0
27.98169,69.70055,340.29,0.45,0.39,2026-01-29,820,N,VIIRS,n,2,294.6,9.05,D,0
28.58052,70.02642,327.0,0.43,0.38,2026-01-29,820,N,VIIRS,n,2,277.4,2.75,D,0
28.82678,70.21056,330.36,0.42,0.38,2026-01-29,820,N,VIIRS,n,2,287.56,2.29,D,0
28.42572,69.70029,308.71,0.42,0.46,2026-01-29,2045,N,VIIRS,n,2,282.97,1.32,N,2
27.06226,69.29103,336.71,0.43,0.46,2026-01-29,2046,N,VIIRS,n,2,282.01,3.58,N,0
27.06651,69.29163,330.79,0.43,0.46,2026-01-29,2046,N,VIIRS,n,2,282.16,2.26,N,0
26.22747,68.06927,329.27,0.36,0.57,2026-01-30,801,N,VIIRS,n,2,294.62,1.6,D,0
26.23072,68.08331,344.4,0.35,0.57,2026-01-30,801,N,VIIRS,n,2,294.62,3.23,D,0
26.2317,68.08431,329.36,0.35,0.57,2026-01-30,801,N,VIIRS,n,2,293.88,2.73,D,0
26.26611,68.8299,367.0,0.32,0.55,2026-01-30,801,N,VIIRS,h,2,297.5,4.78,D,0
26.33969,68.76116,336.08,0.32,0.55,2026-01-30,801,N,VIIRS,n,2,296.89,2.45,D,0
26.35188,68.39951,367.0,0.34,0.56,2026-01-30,801,N,VIIRS,h,2,298.56,6.72,D,0
26.3777,68.46662,367.0,0.33,0.56,2026-01-30,801,N,VIIRS,h,2,298.79,10.64,D,0
26.44644,68.09168,354.17,0.35,0.57,2026-01-30,801,N,VIIRS,n,2,294.14,3.69,D,0
26.44684,68.093,356.86,0.35,0.57,2026-01-30,801,N,VIIRS,n,2,294.84,4.67,D,0
26.51319,69.05348,331.83,0.61,0.54,2026-01-30,801,N,VIIRS,n,2,303.78,2.55,D,0
26.55352,67.98451,331.01,0.35,0.57,2026-01-30,801,N,VIIRS,n,2,293.34,3.12,D,0
26.70129,68.05679,330.19,0.35,0.57,2026-01-30,801,N,VIIRS,n,2,292.56,1.1,D,0
26.80716,67.80411,328.09,0.36,0.57,2026-01-30,801,N,VIIRS,n,2,293.05,1.39,D,0
26.88788,68.22778,331.36,0.34,0.56,2026-01-30,801,N,VIIRS,n,2,291.83,1.25,D,0
26.94812,68.44926,350.74,0.33,0.55,2026-01-30,801,N,VIIRS,n,2,294.18,5.37,D,0
27.26335,68.32561,327.42,0.33,0.55,2026-01-30,801,N,VIIRS,n,2,292.42,1.76,D,0
27.27775,68.59629,329.96,0.63,0.54,2026-01-30,801,N,VIIRS,n,2,293.57,2.43,D,0
27.56377,69.37365,331.16,0.56,0.51,2026-01-30,801,N,VIIRS,n,2,299.27,2.45,D,0
27.61107,69.57013,339.62,0.54,0.51,2026-01-30,801,N,VIIRS,n,2,297.6,8.17,D,0
27.61223,69.57555,340.45,0.54,0.51,2026-01-30,801,N,VIIRS,n,2,303.01,14.96,D,0
27.65692,69.65748,337.15,0.53,0.5,2026-01-30,801,N,VIIRS,n,2,299.04,2.88,D,0
27.6581,69.65425,331.74,0.53,0.5,2026-01-30,801,N,VIIRS,n,2,297.89,3.93,D,0
27.80728,69.59885,339.09,0.53,0.5,2026-01-30,801,N,VIIRS,n,2,292.66,4.88,D,0
27.84123,69.09458,340.46,0.57,0.52,2026-01-30,801,N,VIIRS,n,2,295.05,7.44,D,0
27.99791,69.26448,333.96,0.55,0.51,2026-01-30,801,N,VIIRS,n,2,294.68,3.1,D,0
28.15022,70.15583,338.31,0.49,0.48,2026-01-30,801,N,VIIRS,n,2,294.77,3.97,D,0
28.16909,69.77583,338.72,0.51,0.5,2026-01-30,801,N,VIIRS,n,2,295.57,5.23,D,0
28.26455,69.73073,335.54,0.51,0.5,2026-01-30,801,N,VIIRS,n,2,294.9,3.74,D,0
28.27411,70.00462,338.6,0.49,0.49,2026-01-30,801,N,VIIRS,n,2,294.67,5.61,D,0
28.58497,70.09522,350.96,0.48,0.48,2026-01-30,802,N,VIIRS,n,2,300.27,34.83,D,0
28.64798,70.11596,351.76,0.48,0.48,2026-01-30,802,N,VIIRS,n,2,297.28,7.8,D,0
28.64874,70.11393,340.3,0.48,0.48,2026-01-30,802,N,VIIRS,n,2,297.35,5.23,D,0
28.65194,70.34969,336.13,0.46,0.47,2026-01-30,802,N,VIIRS,n,2,294.31,2.86,D,0
28.74674,70.34575,342.21,0.46,0.47,2026-01-30,802,N,VIIRS,n,2,295.52,6.26,D,0
28.42206,69.69987,295.01,0.41,0.61,2026-01-30,2027,N,VIIRS,n,2,281.45,0.43,N,2
26.37899,68.92493,334.26,0.6,0.71,2026-01-31,742,N,VIIRS,n,2,291.99,2.74,D,0
26.6321,69.13425,332.74,0.58,0.69,2026-01-31,742,N,VIIRS,n,2,295.96,2.67,D,0
26.81753,67.96666,367.0,0.67,0.73,2026-01-31,742,N,VIIRS,h,2,291.07,14.1,D,0
26.85356,67.82545,328.67,0.68,0.74,2026-01-31,743,N,VIIRS,n,2,290.0,3.49,D,0
27.51515,68.72897,325.33,0.58,0.7,2026-01-31,743,N,VIIRS,n,2,291.23,3.58,D,0
27.65502,69.50849,335.88,0.52,0.67,2026-01-31,743,N,VIIRS,n,2,292.35,6.88,D,0
27.67522,67.72032,329.41,0.66,0.73,2026-01-31,743,N,VIIRS,n,2,291.26,3.96,D,0
27.67942,67.72083,325.17,0.66,0.73,2026-01-31,743,N,VIIRS,n,2,289.41,2.46,D,0
27.97309,69.13006,334.01,0.54,0.68,2026-01-31,743,N,VIIRS,n,2,291.41,3.29,D,0
28.06487,69.87067,330.03,0.48,0.65,2026-01-31,743,N,VIIRS,n,2,290.57,3.09,D,0
28.31892,70.00502,333.6,0.47,0.64,2026-01-31,743,N,VIIRS,n,2,293.49,2.35,D,0
28.31905,70.29832,347.95,0.45,0.63,2026-01-31,743,N,VIIRS,n,2,292.57,4.97,D,0
28.33822,69.95804,349.5,0.47,0.64,2026-01-31,743,N,VIIRS,n,2,292.72,4.82,D,0
28.37001,69.60023,344.41,0.49,0.65,2026-01-31,743,N,VIIRS,n,2,292.34,4.82,D,0
28.37153,69.78034,344.13,0.48,0.65,2026-01-31,743,N,VIIRS,n,2,294.44,6.18,D,0
28.87422,70.31831,335.69,0.44,0.62,2026-01-31,743,N,VIIRS,n,2,292.66,2.49,D,0
26.23621,68.08185,332.51,0.4,0.6,2026-01-31,923,N,VIIRS,n,2,293.6,3.61,D,0
26.33511,68.40381,330.56,0.42,0.61,2026-01-31,923,N,VIIRS,n,2,295.06,2.33,D,0
26.45453,68.88895,346.86,0.45,0.63,2026-01-31,923,N,VIIRS,n,2,294.55,8.66,D,0
26.62105,68.10076,340.58,0.4,0.6,2026-01-31,923,N,VIIRS,n,2,293.04,3.57,D,0
26.67837,68.31921,341.28,0.41,0.61,2026-01-31,923,N,VIIRS,n,2,293.8,2.99,D,0
26.68033,68.31861,341.81,0.42,0.61,2026-01-31,923,N,VIIRS,n,2,293.76,3.39,D,0
26.71335,68.08321,342.73,0.4,0.6,2026-01-31,923,N,VIIRS,n,2,291.76,3.82,D,0
26.74275,68.24016,351.81,0.41,0.61,2026-01-31,923,N,VIIRS,n,2,295.34,5.57,D,0
27.37837,68.45355,327.48,0.43,0.62,2026-01-31,923,N,VIIRS,n,2,292.37,1.7,D,0
27.4105,68.6507,331.02,0.44,0.63,2026-01-31,923,N,VIIRS,n,2,292.79,1.91,D,0
27.4768,68.60026,329.41,0.44,0.62,2026-01-31,923,N,VIIRS,n,2,292.03,2.03,D,0
27.54433,68.41319,337.13,0.43,0.62,2026-01-31,923,N,VIIRS,n,2,298.92,4.22,D,0
27.54486,68.41533,344.83,0.43,0.62,2026-01-31,923,N,VIIRS,n,2,296.64,5.44,D,0
27.59142,69.37274,333.23,0.49,0.65,2026-01-31,923,N,VIIRS,n,2,294.15,2.91,D,0
27.72416,69.14466,327.53,0.48,0.65,2026-01-31,923,N,VIIRS,n,2,291.93,2.47,D,0
27.81595,69.15745,330.46,0.48,0.65,2026-01-31,923,N,VIIRS,n,2,292.6,3.34,D,0
27.95774,69.42164,340.04,0.5,0.66,2026-01-31,923,N,VIIRS,n,2,293.14,5.24,D,0
27.96843,69.12315,335.27,0.48,0.65,2026-01-31,923,N,VIIRS,n,2,293.05,2.95,D,0
28.05262,69.37098,335.86,0.5,0.66,2026-01-31,923,N,VIIRS,n,2,293.25,3.02,D,2
28.39904,69.90337,344.16,0.54,0.68,2026-01-31,923,N,VIIRS,n,2,291.65,4.84,D,0
28.44361,70.2267,351.9,0.56,0.69,2026-01-31,923,N,VIIRS,n,2,291.51,7.89,D,0
28.46703,69.82972,333.23,0.53,0.67,2026-01-31,923,N,VIIRS,n,2,291.07,2.85,D,0
28.59495,70.05073,340.89,0.55,0.68,2026-01-31,923,N,VIIRS,n,2,293.67,5.79,D,0
28.60098,70.24361,331.89,0.57,0.69,2026-01-31,923,N,VIIRS,n,2,290.68,3.62,D,0
26.31859,68.39305,339.43,0.42,0.46,2026-02-01,904,N,VIIRS,n,2,298.13,4.49,D,0
26.33364,68.76581,355.77,0.45,0.47,2026-02-01,904,N,VIIRS,n,2,299.19,6.58,D,0
26.33795,68.76524,343.48,0.45,0.47,2026-02-01,904,N,VIIRS,n,2,295.17,6.58,D,0
26.53879,67.98226,340.55,0.4,0.45,2026-02-01,904,N,VIIRS,n,2,295.8,2.57,D,0
26.59978,68.04066,333.83,0.41,0.45,2026-02-01,904,N,VIIRS,n,2,295.66,2.84,D,0
26.69752,68.03577,342.24,0.41,0.45,2026-02-01,904,N,VIIRS,n,2,296.26,4.17,D,0
26.70696,68.15746,337.97,0.42,0.45,2026-02-01,904,N,VIIRS,n,2,295.44,3.17,D,0
26.70924,68.14006,332.4,0.42,0.45,2026-02-01,904,N,VIIRS,n,2,294.38,2.29,D,0
26.96601,67.86745,339.58,0.4,0.44,2026-02-01,904,N,VIIRS,n,2,295.89,3.01,D,0
27.23602,68.34596,344.6,0.43,0.46,2026-02-01,904,N,VIIRS,n,2,295.32,5.89,D,0
27.30733,68.60519,340.53,0.45,0.47,2026-02-01,904,N,VIIRS,n,2,296.77,2.76,D,0
27.31724,68.69731,343.51,0.45,0.47,2026-02-01,904,N,VIIRS,n,2,296.82,3.73,D,0
27.3281,68.63506,339.21,0.45,0.47,2026-02-01,904,N,VIIRS,n,2,295.42,5.36,D,0
27.39419,68.5855,335.26,0.45,0.47,2026-02-01,904,N,VIIRS,n,2,293.09,1.62,D,0
27.45055,68.73477,329.04,0.46,0.47,2026-02-01,904,N,VIIRS,n,2,295.46,2.88,D,0
27.45715,68.68026,350.71,0.46,0.47,2026-02-01,904,N,VIIRS,n,2,304.86,40.18,D,0
27.45839,68.68166,333.33,0.46,0.47,2026-02-01,904,N,VIIRS,l,2,305.44,68.05,D,0
27.46273,68.68109,337.54,0.46,0.47,2026-02-01,904,N,VIIRS,n,2,295.18,3.77,D,0
27.48739,68.70627,331.25,0.46,0.47,2026-02-01,904,N,VIIRS,n,2,294.35,1.75,D,0
27.52246,67.65607,332.58,0.4,0.44,2026-02-01,904,N,VIIRS,n,2,300.76,1.31,D,0
27.94053,69.39157,334.32,0.51,0.49,2026-02-01,904,N,VIIRS,n,2,295.1,7.68,D,0
27.9409,69.39418,345.15,0.51,0.49,2026-02-01,904,N,VIIRS,n,2,295.82,8.56,D,0
27.95727,69.22964,332.03,0.5,0.49,2026-02-01,904,N,VIIRS,n,2,295.05,3.26,D,0
28.01043,69.16627,331.69,0.49,0.49,2026-02-01,904,N,VIIRS,n,2,293.39,2.94,D,0
28.10096,69.14668,337.41,0.49,0.49,2026-02-01,904,N,VIIRS,n,2,295.05,3.4,D,0
28.1213,69.3956,330.63,0.51,0.49,2026-02-01,904,N,VIIRS,n,2,294.09,4.01,D,0
28.2059,69.80646,339.59,0.54,0.51,2026-02-01,904,N,VIIRS,n,2,295.48,4.06,D,0
28.20867,69.80264,336.06,0.54,0.51,2026-02-01,904,N,VIIRS,n,2,295.2,7.26,D,0
28.29269,69.76794,335.61,0.54,0.51,2026-02-01,904,N,VIIRS,n,2,296.12,5.23,D,0
28.29384,69.76637,334.2,0.54,0.51,2026-02-01,904,N,VIIRS,n,2,295.7,7.12,D,0
28.32639,70.07478,335.95,0.57,0.52,2026-02-01,904,N,VIIRS,n,2,293.41,2.91,D,0
28.53047,70.04076,339.0,0.57,0.52,2026-02-01,904,N,VIIRS,n,2,295.75,4.18,D,0
28.53163,70.04313,347.31,0.57,0.52,2026-02-01,904,N,VIIRS,n,2,296.37,8.81,D,0
28.5523,67.41377,330.19,0.4,0.44,2026-02-01,904,N,VIIRS,n,2,297.24,2.46,D,0
28.59619,70.12273,332.58,0.57,0.52,2026-02-01,904,N,VIIRS,n,2,294.5,2.79,D,0
28.76469,70.26625,350.32,0.59,0.53,2026-02-01,904,N,VIIRS,n,2,296.65,14.87,D,0
28.76677,70.26509,367.0,0.59,0.53,2026-02-01,904,N,VIIRS,h,2,295.11,16.43,D,0
28.36259,68.19639,297.87,0.45,0.39,2026-02-01,2129,N,VIIRS,n,2,282.85,0.75,N,0
28.42385,69.6991,311.11,0.52,0.42,2026-02-01,2129,N,VIIRS,n,2,283.82,1.54,N,2
26.95687,70.23931,300.55,0.39,0.44,2026-02-01,2130,N,VIIRS,n,2,283.29,0.64,N,0
26.23922,68.29653,333.04,0.39,0.37,2026-02-02,845,N,VIIRS,n,2,296.48,3.17,D,0
26.37502,67.88377,330.25,0.39,0.36,2026-02-02,845,N,VIIRS,n,2,296.23,1.84,D,0
26.38689,67.94158,331.78,0.39,0.36,2026-02-02,845,N,VIIRS,n,2,298.13,6.08,D,0
26.39022,67.94098,332.55,0.39,0.36,2026-02-02,845,N,VIIRS,n,2,293.84,6.08,D,0
26.41068,67.9173,331.46,0.39,0.36,2026-02-02,845,N,VIIRS,n,2,296.94,3.21,D,0
26.42964,68.30853,333.61,0.4,0.37,2026-02-02,845,N,VIIRS,n,2,295.91,3.57,D,0
26.52946,67.96801,343.95,0.39,0.36,2026-02-02,845,N,VIIRS,n,2,300.56,9.94,D,0
26.58512,67.98234,331.76,0.39,0.36,2026-02-02,845,N,VIIRS,n,2,296.87,2.7,D,0
26.69958,67.90956,341.08,0.39,0.36,2026-02-02,845,N,VIIRS,n,2,297.33,3.53,D,0
26.77937,67.97253,332.22,0.39,0.36,2026-02-02,845,N,VIIRS,n,2,294.53,3.03,D,0
26.82242,67.86815,354.39,0.39,0.36,2026-02-02,845,N,VIIRS,n,2,298.38,8.3,D,0
26.96992,67.86599,332.47,0.39,0.36,2026-02-02,845,N,VIIRS,n,2,294.57,3.16,D,0
26.97099,67.84968,334.5,0.39,0.36,2026-02-02,845,N,VIIRS,n,2,296.44,2.84,D,0
27.02801,67.93625,331.8,0.39,0.36,2026-02-02,845,N,VIIRS,n,2,297.07,20.93,D,0
27.56732,68.37121,342.56,0.4,0.37,2026-02-02,845,N,VIIRS,n,2,292.56,3.78,D,0
28.41581,69.85506,340.42,0.46,0.39,2026-02-02,845,N,VIIRS,n,2,289.94,5.64,D,0
28.42351,69.80147,331.44,0.46,0.39,2026-02-02,845,N,VIIRS,n,2,287.24,4.72,D,0
28.81525,70.38601,336.28,0.49,0.4,2026-02-02,846,N,VIIRS,n,2,294.41,3.55,D,0
28.42518,69.70038,322.04,0.38,0.36,2026-02-02,2111,N,VIIRS,n,2,284.5,1.81,N,2
26.21477,68.99757,336.42,0.43,0.38,2026-02-03,826,N,VIIRS,n,2,292.17,2.77,D,0
26.21551,69.00186,330.38,0.43,0.38,2026-02-03,826,N,VIIRS,n,2,292.7,2.77,D,0
26.33635,67.90766,332.27,0.48,0.4,2026-02-03,826,N,VIIRS,n,2,297.92,5.54,D,0
26.39801,68.04047,335.48,0.47,0.4,2026-02-03,826,N,VIIRS,n,2,298.59,3.43,D,0
26.39902,68.27488,346.42,0.46,0.39,2026-02-03,826,N,VIIRS,n,2,297.67,53.33,D,0
26.41842,68.17553,334.55,0.46,0.39,2026-02-03,826,N,VIIRS,n,2,295.03,4.7,D,0
26.51887,68.06387,336.01,0.47,0.39,2026-02-03,826,N,VIIRS,n,2,297.92,4.6,D,0
26.56725,68.35729,341.53,0.45,0.39,2026-02-03,826,N,VIIRS,n,2,294.87,5.0,D,0
26.59868,67.73408,339.73,0.48,0.4,2026-02-03,826,N,VIIRS,n,2,297.4,18.21,D,0
26.70975,68.18349,340.77,0.46,0.39,2026-02-03,826,N,VIIRS,n,2,298.17,8.61,D,0
26.71332,68.1827,344.86,0.46,0.39,2026-02-03,826,N,VIIRS,n,2,296.26,12.34,D,0
26.80139,67.79728,337.39,0.48,0.4,2026-02-03,826,N,VIIRS,n,2,298.88,7.58,D,0
26.80501,67.79646,333.61,0.48,0.4,2026-02-03,826,N,VIIRS,n,2,294.84,4.15,D,0
26.86503,68.32011,333.25,0.45,0.39,2026-02-03,826,N,VIIRS,n,2,296.96,3.57,D,0
26.92295,68.05356,329.11,0.46,0.39,2026-02-03,826,N,VIIRS,n,2,292.76,2.56,D,0
27.02528,68.48541,331.95,0.44,0.39,2026-02-03,826,N,VIIRS,n,2,282.74,2.64,D,0
27.11058,68.35246,331.04,0.45,0.39,2026-02-03,826,N,VIIRS,n,2,295.81,7.72,D,0
27.84775,69.20972,329.12,0.41,0.37,2026-02-03,826,N,VIIRS,n,2,290.22,4.06,D,0
27.98538,69.25388,335.68,0.41,0.37,2026-02-03,827,N,VIIRS,n,2,296.93,3.09,D,0
28.11614,69.51068,331.39,0.4,0.37,2026-02-03,827,N,VIIRS,n,2,293.51,5.04,D,0
28.11682,69.51475,333.08,0.4,0.37,2026-02-03,827,N,VIIRS,n,2,297.49,6.93,D,0
28.20918,69.41556,335.97,0.4,0.37,2026-02-03,827,N,VIIRS,n,2,296.39,4.05,D,0
28.27222,69.8905,332.55,0.39,0.37,2026-02-03,827,N,VIIRS,n,2,298.75,2.03,D,0
28.39456,69.93146,331.13,0.39,0.36,2026-02-03,827,N,VIIRS,n,2,294.76,3.02,D,0
28.42647,69.88447,334.78,0.39,0.36,2026-02-03,827,N,VIIRS,n,2,296.36,4.5,D,0
28.42981,69.88377,334.99,0.39,0.36,2026-02-03,827,N,VIIRS,n,2,295.19,4.5,D,0
28.45921,70.21408,333.84,0.39,0.36,2026-02-03,827,N,VIIRS,n,2,296.11,2.15,D,0
28.45924,69.85285,340.28,0.39,0.37,2026-02-03,827,N,VIIRS,n,2,288.1,5.46,D,0
28.46534,68.67127,332.68,0.42,0.38,2026-02-03,827,N,VIIRS,n,2,295.64,1.59,D,0
28.54464,70.36353,330.05,0.39,0.36,2026-02-03,827,N,VIIRS,n,2,295.39,4.57,D,0
28.73019,70.35857,337.45,0.39,0.36,2026-02-03,827,N,VIIRS,n,2,294.62,8.2,D,0
28.73941,70.28751,336.62,0.39,0.36,2026-02-03,827,N,VIIRS,n,2,290.5,24.48,D,0
28.7421,70.28288,335.71,0.39,0.36,2026-02-03,827,N,VIIRS,n,2,288.8,3.77,D,0
28.4249,69.7015,308.9,0.52,0.42,2026-02-03,2052,N,VIIRS,n,2,285.18,1.44,N,2
26.20157,68.20477,338.89,0.56,0.52,2026-02-04,807,N,VIIRS,n,2,295.51,3.99,D,0
26.23557,68.12859,334.27,0.57,0.52,2026-02-04,807,N,VIIRS,n,2,294.34,4.63,D,0
26.26502,68.15044,338.6,0.56,0.52,2026-02-04,807,N,VIIRS,n,2,296.25,5.88,D,0
26.36889,68.05475,332.13,0.57,0.52,2026-02-04,807,N,VIIRS,n,2,294.47,9.03,D,0
26.37337,68.05436,343.53,0.57,0.52,2026-02-04,807,N,VIIRS,n,2,297.41,19.29,D,0
26.37359,68.05352,349.58,0.57,0.52,2026-02-04,807,N,VIIRS,n,2,295.24,9.03,D,0
26.38463,68.36038,340.0,0.54,0.51,2026-02-04,807,N,VIIRS,n,2,299.38,5.88,D,0
26.39345,68.07881,338.1,0.57,0.52,2026-02-04,807,N,VIIRS,n,2,295.56,5.86,D,0
26.39385,68.0779,338.5,0.57,0.52,2026-02-04,807,N,VIIRS,n,2,295.7,5.26,D,0
26.39486,68.17863,331.92,0.56,0.51,2026-02-04,807,N,VIIRS,n,2,296.29,3.74,D,0
26.55812,68.14971,348.96,0.56,0.51,2026-02-04,807,N,VIIRS,n,2,294.44,9.34,D,0
26.63826,68.88402,334.92,0.5,0.49,2026-02-04,807,N,VIIRS,n,2,304.64,3.27,D,0
26.80594,68.03227,330.27,0.56,0.51,2026-02-04,807,N,VIIRS,n,2,293.8,3.65,D,0
26.85816,68.25551,339.61,0.54,0.51,2026-02-04,807,N,VIIRS,n,2,293.96,3.14,D,0
26.91879,67.8621,334.41,0.57,0.52,2026-02-04,808,N,VIIRS,n,2,294.04,5.11,D,0
26.98017,68.47351,340.76,0.52,0.5,2026-02-04,808,N,VIIRS,n,2,295.05,5.2,D,0
27.02952,68.97416,340.63,0.49,0.48,2026-02-04,808,N,VIIRS,n,2,298.99,4.53,D,0
27.38963,68.70522,330.35,0.5,0.49,2026-02-04,808,N,VIIRS,n,2,296.0,3.21,D,0
27.42846,68.98255,331.9,0.48,0.48,2026-02-04,808,N,VIIRS,n,2,298.88,2.27,D,0
27.60057,69.37449,334.91,0.45,0.47,2026-02-04,808,N,VIIRS,n,2,299.67,1.6,D,0
27.6463,69.24076,338.05,0.46,0.47,2026-02-04,808,N,VIIRS,n,2,296.61,6.79,D,0
27.64724,69.24533,338.91,0.46,0.47,2026-02-04,808,N,VIIRS,n,2,296.76,6.79,D,0
27.65056,69.23966,337.51,0.46,0.47,2026-02-04,808,N,VIIRS,n,2,294.74,6.79,D,0
27.65151,69.24422,339.45,0.46,0.47,2026-02-04,808,N,VIIRS,n,2,295.51,6.79,D,0
27.71326,69.67237,334.53,0.43,0.46,2026-02-04,808,N,VIIRS,n,2,299.25,2.96,D,0
27.71931,69.15075,336.96,0.46,0.47,2026-02-04,808,N,VIIRS,n,2,297.49,6.14,D,0
27.73214,69.57167,330.39,0.44,0.46,2026-02-04,808,N,VIIRS,n,2,297.66,2.22,D,0
27.77932,69.3746,329.9,0.45,0.47,2026-02-04,808,N,VIIRS,n,2,295.48,2.32,D,0
27.79487,68.99027,340.31,0.47,0.48,2026-02-04,808,N,VIIRS,n,2,299.34,13.86,D,0
27.79945,69.25545,332.76,0.45,0.47,2026-02-04,808,N,VIIRS,n,2,295.18,3.43,D,0
27.85777,69.34496,329.74,0.45,0.47,2026-02-04,808,N,VIIRS,n,2,294.52,2.96,D,0
27.91876,68.27731,331.96,0.51,0.5,2026-02-04,808,N,VIIRS,n,2,292.88,4.11,D,0
27.97169,69.37434,339.86,0.44,0.46,2026-02-04,808,N,VIIRS,n,2,295.87,3.52,D,0
28.03741,69.62856,345.85,0.43,0.46,2026-02-04,808,N,VIIRS,n,2,294.0,6.21,D,0
28.07011,69.57492,339.71,0.43,0.46,2026-02-04,808,N,VIIRS,n,2,294.79,7.77,D,0
28.12611,69.76677,340.37,0.42,0.45,2026-02-04,808,N,VIIRS,n,2,296.51,6.73,D,0
28.1266,69.35989,339.91,0.44,0.46,2026-02-04,808,N,VIIRS,n,2,296.3,8.88,D,0
28.36316,70.00774,349.54,0.4,0.44,2026-02-04,808,N,VIIRS,n,2,300.94,6.2,D,0
28.36719,70.00673,337.78,0.4,0.44,2026-02-04,808,N,VIIRS,n,2,296.66,3.49,D,0
28.41718,69.69081,339.72,0.42,0.45,2026-02-04,808,N,VIIRS,n,2,295.28,7.75,D,0
28.42753,69.97459,341.36,0.4,0.44,2026-02-04,808,N,VIIRS,n,2,298.21,5.37,D,0
28.5699,70.13646,338.68,0.39,0.44,2026-02-04,808,N,VIIRS,n,2,294.69,3.58,D,0
28.58915,70.04387,334.87,0.4,0.44,2026-02-04,808,N,VIIRS,n,2,293.44,2.15,D,0
28.88549,70.31063,331.57,0.57,0.43,2026-02-04,808,N,VIIRS,n,2,295.08,4.12,D,0
28.88661,70.31639,330.85,0.57,0.43,2026-02-04,808,N,VIIRS,n,2,293.72,5.3,D,0
28.61152,68.62531,300.57,0.38,0.59,2026-02-04,2033,N,VIIRS,n,2,283.29,0.71,N,0
26.45028,67.97778,341.62,0.55,0.68,2026-02-05,749,N,VIIRS,n,2,295.77,4.79,D,0
26.45306,67.97427,332.31,0.55,0.68,2026-02-05,749,N,VIIRS,n,2,294.01,6.28,D,0
26.47726,68.48529,330.08,0.51,0.66,2026-02-05,749,N,VIIRS,n,2,295.83,1.37,D,0
26.58044,68.08037,367.0,0.54,0.68,2026-02-05,749,N,VIIRS,h,2,297.84,17.27,D,0
26.58146,68.07743,333.53,0.54,0.68,2026-02-05,749,N,VIIRS,n,2,294.7,8.27,D,0
26.5828,68.08279,367.0,0.54,0.68,2026-02-05,749,N,VIIRS,h,2,295.23,8.27,D,0
26.646,68.30996,330.52,0.52,0.67,2026-02-05,749,N,VIIRS,n,2,293.84,2.93,D,0
26.80206,67.80606,330.49,0.55,0.68,2026-02-05,749,N,VIIRS,n,2,293.45,4.07,D,0
26.9423,67.78258,328.3,0.55,0.68,2026-02-05,749,N,VIIRS,n,2,294.76,2.34,D,0
27.36249,68.47063,347.33,0.49,0.65,2026-02-05,749,N,VIIRS,n,2,294.97,6.4,D,0
27.36409,68.46691,344.31,0.49,0.65,2026-02-05,749,N,VIIRS,n,2,295.79,4.53,D,0
27.40962,68.36615,335.49,0.5,0.65,2026-02-05,749,N,VIIRS,n,2,294.27,8.06,D,0
27.41089,68.3711,367.0,0.5,0.65,2026-02-05,749,N,VIIRS,h,2,297.91,8.06,D,0
27.4149,68.36595,367.0,0.5,0.65,2026-02-05,749,N,VIIRS,h,2,293.1,12.03,D,0
27.41613,68.3709,367.0,0.5,0.65,2026-02-05,749,N,VIIRS,h,2,293.93,16.36,D,0
27.4168,68.3693,335.17,0.5,0.65,2026-02-05,749,N,VIIRS,n,2,291.7,8.06,D,0
27.44956,68.55582,328.68,0.48,0.65,2026-02-05,749,N,VIIRS,n,2,293.36,2.36,D,0
27.55763,68.37342,354.64,0.49,0.65,2026-02-05,749,N,VIIRS,n,2,299.01,10.36,D,0
27.56026,68.3745,367.0,0.49,0.65,2026-02-05,749,N,VIIRS,h,2,300.71,11.68,D,0
27.67612,69.00626,334.87,0.45,0.63,2026-02-05,749,N,VIIRS,n,2,295.23,2.57,D,0
27.68179,69.00452,334.25,0.45,0.63,2026-02-05,749,N,VIIRS,n,2,293.68,2.33,D,0
27.85936,69.2819,346.7,0.43,0.62,2026-02-05,749,N,VIIRS,n,2,297.63,4.91,D,0
27.91148,69.14522,334.95,0.44,0.62,2026-02-05,749,N,VIIRS,n,2,293.9,3.47,D,0
27.9173,69.66853,330.37,0.41,0.6,2026-02-05,749,N,VIIRS,n,2,295.51,3.98,D,0
27.98572,68.41725,329.36,0.48,0.64,2026-02-05,749,N,VIIRS,n,2,294.24,2.77,D,0
27.99621,69.39575,342.83,0.42,0.61,2026-02-05,749,N,VIIRS,n,2,297.02,4.19,D,0
27.99961,69.39495,335.75,0.42,0.61,2026-02-05,749,N,VIIRS,n,2,295.7,3.36,D,0
28.06885,69.3875,332.94,0.42,0.61,2026-02-05,749,N,VIIRS,n,2,296.34,4.3,D,0
28.10425,69.75011,339.32,0.4,0.6,2026-02-05,749,N,VIIRS,n,2,296.59,4.81,D,0
28.10443,69.74993,341.5,0.4,0.6,2026-02-05,749,N,VIIRS,n,2,297.14,3.26,D,0
28.12463,69.71381,341.81,0.4,0.6,2026-02-05,749,N,VIIRS,n,2,295.21,2.85,D,0
28.24165,69.8903,367.0,0.39,0.59,2026-02-05,749,N,VIIRS,h,2,296.7,5.71,D,0
28.24218,69.88955,346.31,0.39,0.59,2026-02-05,749,N,VIIRS,n,2,295.83,4.35,D,0
28.24313,69.89342,335.59,0.39,0.59,2026-02-05,749,N,VIIRS,n,2,295.56,5.97,D,0
28.26804,69.61395,334.67,0.4,0.6,2026-02-05,749,N,VIIRS,n,2,296.57,2.07,D,0
28.31503,69.85926,343.74,0.39,0.59,2026-02-05,749,N,VIIRS,n,2,298.17,3.76,D,0
28.48621,69.96556,344.13,0.38,0.59,2026-02-05,749,N,VIIRS,n,2,300.5,3.14,D,0
28.49004,69.96523,341.23,0.38,0.59,2026-02-05,749,N,VIIRS,n,2,299.89,3.76,D,0
28.73196,70.36911,367.0,0.35,0.57,2026-02-05,749,N,VIIRS,h,2,298.75,7.98,D,0
29.18324,70.34882,328.59,0.35,0.56,2026-02-05,749,N,VIIRS,n,2,293.61,4.08,D,0
26.33055,68.45334,335.37,0.52,0.67,2026-02-05,929,N,VIIRS,n,2,297.3,3.54,D,0
26.373,68.71642,350.78,0.55,0.68,2026-02-05,929,N,VIIRS,n,2,300.3,7.39,D,0
26.53077,67.95176,348.3,0.49,0.65,2026-02-05,929,N,VIIRS,n,2,297.15,6.49,D,0
26.60933,67.77441,336.68,0.48,0.65,2026-02-05,929,N,VIIRS,n,2,294.62,4.27,D,0
26.7653,68.14102,330.58,0.51,0.66,2026-02-05,929,N,VIIRS,n,2,294.68,1.59,D,0
26.81116,68.26514,332.48,0.52,0.67,2026-02-05,929,N,VIIRS,n,2,296.87,4.58,D,0
26.83185,68.41855,331.57,0.53,0.67,2026-02-05,929,N,VIIRS,n,2,297.54,2.25,D,0
26.93709,68.48245,345.34,0.53,0.67,2026-02-05,929,N,VIIRS,n,2,296.44,5.08,D,0
26.93996,68.4843,338.54,0.53,0.67,2026-02-05,929,N,VIIRS,n,2,296.07,5.5,D,0
26.96078,68.45852,331.84,0.53,0.67,2026-02-05,929,N,VIIRS,n,2,294.07,2.76,D,0
27.01249,67.80519,343.85,0.49,0.65,2026-02-05,929,N,VIIRS,n,2,295.05,6.05,D,0
27.01392,67.80709,367.0,0.49,0.65,2026-02-05,929,N,VIIRS,h,2,296.71,8.01,D,0
27.24478,68.49766,333.73,0.54,0.68,2026-02-05,929,N,VIIRS,n,2,293.21,2.77,D,0
27.52866,68.33425,332.17,0.53,0.67,2026-02-05,929,N,VIIRS,n,2,294.56,6.66,D,0
28.08881,69.86172,341.52,0.66,0.73,2026-02-05,930,N,VIIRS,n,2,294.64,8.97,D,0
28.08886,69.86465,351.21,0.66,0.73,2026-02-05,930,N,VIIRS,n,2,295.32,7.16,D,0
28.09032,69.36071,341.43,0.62,0.71,2026-02-05,930,N,VIIRS,n,2,295.34,8.97,D,0
28.45992,70.24679,335.7,0.7,0.75,2026-02-05,930,N,VIIRS,n,2,293.42,12.48,D,0
28.46027,70.25426,355.19,0.7,0.75,2026-02-05,930,N,VIIRS,n,2,296.88,21.48,D,0
28.73533,70.2617,336.69,0.71,0.75,2026-02-05,930,N,VIIRS,n,2,294.83,5.05,D,0
28.73566,70.26925,330.41,0.71,0.75,2026-02-05,930,N,VIIRS,n,2,294.63,5.05,D,0
28.73818,70.26405,367.0,0.71,0.75,2026-02-05,930,N,VIIRS,h,2,296.32,12.48,D,0
28.42268,69.70152,306.04,0.4,0.6,2026-02-05,2154,N,VIIRS,n,2,284.19,0.69,N,2
28.26267,69.82304,338.16,0.73,0.76,2026-02-06,730,N,VIIRS,n,2,296.34,7.84,D,0
28.35642,69.91875,331.91,0.72,0.75,2026-02-06,730,N,VIIRS,n,2,294.74,4.69,D,0
28.65601,69.99741,331.56,0.7,0.75,2026-02-06,730,N,VIIRS,n,2,292.63,3.21,D,0
26.21045,68.25565,337.2,0.52,0.5,2026-02-06,910,N,VIIRS,n,2,300.23,4.76,D,0
26.21662,68.5462,344.13,0.54,0.51,2026-02-06,910,N,VIIRS,n,2,303.78,6.57,D,0
26.22305,69.00668,349.51,0.57,0.52,2026-02-06,910,N,VIIRS,n,2,301.54,16.63,D,0
26.30166,68.96238,333.62,0.57,0.52,2026-02-06,910,N,VIIRS,n,2,299.02,3.57,D,0
26.31406,68.0063,339.77,0.5,0.49,2026-02-06,910,N,VIIRS,n,2,303.52,5.14,D,0
26.31435,68.00295,341.41,0.5,0.49,2026-02-06,910,N,VIIRS,n,2,301.18,3.97,D,0
26.35312,68.94858,350.74,0.57,0.52,2026-02-06,910,N,VIIRS,n,2,305.08,29.85,D,0
26.36587,68.83079,338.33,0.56,0.52,2026-02-06,910,N,VIIRS,n,2,300.21,3.4,D,0
26.38342,68.91,340.37,0.57,0.52,2026-02-06,910,N,VIIRS,n,2,300.13,15.85,D,0
26.48539,68.41986,333.74,0.53,0.5,2026-02-06,910,N,VIIRS,n,2,300.48,2.2,D,0
26.53538,68.35399,340.26,0.53,0.5,2026-02-06,910,N,VIIRS,n,2,298.42,3.74,D,0
26.54311,68.11327,330.69,0.51,0.49,2026-02-06,910,N,VIIRS,n,2,299.22,0.78,D,0
26.59075,68.31725,330.73,0.53,0.5,2026-02-06,910,N,VIIRS,n,2,298.68,2.1,D,0
26.70921,68.15573,343.91,0.52,0.5,2026-02-06,910,N,VIIRS,n,2,299.83,5.13,D,0
26.71381,68.15518,333.53,0.52,0.5,2026-02-06,910,N,VIIRS,n,2,299.08,5.13,D,0
26.72816,68.15875,347.36,0.52,0.5,2026-02-06,910,N,VIIRS,n,2,299.29,6.14,D,0
26.91767,68.39756,341.84,0.54,0.51,2026-02-06,910,N,VIIRS,n,2,299.58,8.13,D,0
26.94002,68.38385,331.88,0.54,0.51,2026-02-06,910,N,VIIRS,n,2,295.7,4.61,D,0
27.09059,68.40192,340.91,0.54,0.51,2026-02-06,910,N,VIIRS,n,2,299.11,4.27,D,0
27.09232,68.39941,339.88,0.54,0.51,2026-02-06,910,N,VIIRS,n,2,297.58,3.87,D,0
27.46724,68.64624,332.44,0.56,0.52,2026-02-06,910,N,VIIRS,n,2,296.73,3.24,D,0
27.52702,69.41851,336.0,0.63,0.54,2026-02-06,910,N,VIIRS,n,2,303.47,5.06,D,0
27.71454,69.31654,345.12,0.62,0.54,2026-02-06,910,N,VIIRS,n,2,299.79,14.36,D,0
27.71542,69.31853,343.19,0.62,0.54,2026-02-06,910,N,VIIRS,n,2,299.87,12.56,D,0
27.82569,69.2592,343.29,0.62,0.54,2026-02-06,910,N,VIIRS,n,2,299.08,11.01,D,0
27.82562,69.25751,340.06,0.62,0.54,2026-02-06,911,N,VIIRS,n,2,298.71,17.11,D,0
28.06659,68.34943,339.63,0.55,0.51,2026-02-06,911,N,VIIRS,n,2,296.82,5.44,D,0
28.19889,69.55446,343.63,0.33,0.55,2026-02-06,911,N,VIIRS,n,2,298.71,5.93,D,0
28.19917,69.55785,335.41,0.33,0.55,2026-02-06,911,N,VIIRS,n,2,298.0,7.25,D,0
28.23859,69.90061,341.74,0.34,0.56,2026-02-06,911,N,VIIRS,n,2,298.94,2.71,D,0
28.27242,69.92601,346.94,0.34,0.56,2026-02-06,911,N,VIIRS,n,2,298.08,3.63,D,0
28.35455,69.8954,345.41,0.34,0.56,2026-02-06,911,N,VIIRS,n,2,298.68,4.51,D,0
28.36884,70.00295,330.61,0.35,0.57,2026-02-06,911,N,VIIRS,n,2,298.91,3.21,D,0
28.47064,70.02435,367.0,0.35,0.57,2026-02-06,911,N,VIIRS,h,2,302.61,14.82,D,0
28.47392,69.93611,346.31,0.35,0.56,2026-02-06,911,N,VIIRS,n,2,299.77,5.77,D,0
28.47422,69.93972,367.0,0.35,0.57,2026-02-06,911,N,VIIRS,h,2,300.29,5.77,D,0
28.5928,70.29222,340.56,0.37,0.58,2026-02-06,911,N,VIIRS,n,2,296.1,3.27,D,0
28.5931,70.29604,338.43,0.37,0.58,2026-02-06,911,N,VIIRS,n,2,296.83,3.27,D,0
26.43993,69.63151,301.36,0.46,0.47,2026-02-06,2136,N,VIIRS,n,2,284.42,0.72,N,0
28.42519,69.70042,311.73,0.42,0.45,2026-02-06,2136,N,VIIRS,n,2,283.59,1.14,N,2
28.4259,69.69942,298.87,0.42,0.45,2026-02-06,2136,N,VIIRS,n,2,281.69,1.36,N,2
26.21434,69.0042,334.32,0.47,0.39,2026-02-07,851,N,VIIRS,n,2,294.86,4.72,D,0
26.25952,68.24281,345.75,0.44,0.38,2026-02-07,851,N,VIIRS,n,2,287.45,5.18,D,0
26.33482,68.51019,335.74,0.45,0.39,2026-02-07,851,N,VIIRS,n,2,285.5,4.62,D,0
26.61185,67.86724,329.19,0.43,0.38,2026-02-07,851,N,VIIRS,n,2,293.07,2.82,D,0
26.63481,68.01273,334.43,0.43,0.38,2026-02-07,851,N,VIIRS,n,2,295.22,6.1,D,0
26.63705,68.05663,334.31,0.43,0.38,2026-02-07,851,N,VIIRS,n,2,294.68,2.83,D,0
26.64734,68.16182,329.32,0.44,0.38,2026-02-07,851,N,VIIRS,n,2,285.65,2.8,D,0
26.7183,68.28981,335.24,0.44,0.38,2026-02-07,851,N,VIIRS,n,2,288.85,6.97,D,0
26.80524,68.26785,330.81,0.44,0.38,2026-02-07,851,N,VIIRS,n,2,293.03,2.27,D,0
26.82515,68.01334,328.47,0.43,0.38,2026-02-07,851,N,VIIRS,n,2,291.3,1.8,D,0
27.23965,68.49379,337.28,0.45,0.39,2026-02-07,852,N,VIIRS,n,2,277.22,5.94,D,0
27.38275,68.37383,332.76,0.45,0.39,2026-02-07,852,N,VIIRS,n,2,290.43,4.9,D,0
27.38632,68.37326,331.85,0.45,0.39,2026-02-07,852,N,VIIRS,n,2,286.97,4.9,D,0
27.70603,69.66639,334.39,0.52,0.42,2026-02-07,852,N,VIIRS,n,2,302.23,2.46,D,0
27.71643,69.33677,337.49,0.5,0.41,2026-02-07,852,N,VIIRS,n,2,299.15,4.74,D,0
27.73025,69.35547,331.99,0.5,0.41,2026-02-07,852,N,VIIRS,n,2,297.73,6.92,D,0
27.7808,69.39219,333.91,0.51,0.41,2026-02-07,852,N,VIIRS,n,2,299.31,4.37,D,0
27.90024,69.17893,332.76,0.5,0.41,2026-02-07,852,N,VIIRS,n,2,300.01,3.07,D,0
27.9624,69.21304,334.54,0.5,0.41,2026-02-07,852,N,VIIRS,n,2,305.26,10.09,D,0
28.28285,69.67753,337.36,0.53,0.42,2026-02-07,852,N,VIIRS,n,2,303.18,5.43,D,0
28.28671,69.67695,331.54,0.53,0.42,2026-02-07,852,N,VIIRS,n,2,301.95,5.43,D,0
28.4411,69.94331,333.78,0.55,0.43,2026-02-07,852,N,VIIRS,n,2,301.22,3.31,D,0
28.44357,69.86332,339.26,0.54,0.42,2026-02-07,852,N,VIIRS,n,2,302.79,10.43,D,0
28.63119,70.2976,341.64,0.38,0.43,2026-02-07,852,N,VIIRS,n,2,302.86,5.33,D,0
28.73001,70.33294,340.13,0.39,0.44,2026-02-07,852,N,VIIRS,n,2,300.22,9.56,D,0
28.76624,70.36427,340.02,0.39,0.44,2026-02-07,852,N,VIIRS,n,2,299.34,3.08,D,0
28.9849,70.29668,339.15,0.39,0.44,2026-02-07,852,N,VIIRS,n,2,301.25,2.09,D,0
29.02483,70.32354,340.55,0.39,0.44,2026-02-07,852,N,VIIRS,n,2,301.77,6.84,D,0
28.05203,69.36937,306.43,0.4,0.37,2026-02-07,2117,N,VIIRS,n,2,274.97,1.01,N,2
28.42454,69.69926,314.6,0.4,0.37,2026-02-07,2117,N,VIIRS,n,2,277.39,1.44,N,2
28.61167,68.62863,297.76,0.39,0.36,2026-02-07,2117,N,VIIRS,n,2,276.8,0.88,N,2
26.20742,68.41531,335.17,0.4,0.37,2026-02-08,832,N,VIIRS,n,2,299.59,3.9,D,0
26.23805,68.70537,336.2,0.4,0.37,2026-02-08,832,N,VIIRS,n,2,307.01,3.67,D,0
26.26445,69.00428,333.92,0.39,0.36,2026-02-08,832,N,VIIRS,n,2,302.68,1.42,D,0
26.31226,68.0759,331.9,0.41,0.37,2026-02-08,832,N,VIIRS,n,2,299.75,3.27,D,0
26.36929,68.60966,335.33,0.4,0.37,2026-02-08,832,N,VIIRS,n,2,306.73,2.54,D,0
26.40913,68.25826,345.26,0.41,0.37,2026-02-08,832,N,VIIRS,n,2,300.21,5.59,D,0
26.42249,67.93878,346.72,0.41,0.37,2026-02-08,832,N,VIIRS,n,2,301.21,5.1,D,0
26.55522,69.08772,337.63,0.39,0.36,2026-02-08,832,N,VIIRS,l,2,310.44,21.73,D,0
26.57308,69.09222,340.44,0.39,0.36,2026-02-08,832,N,VIIRS,l,2,312.37,3.09,D,0
26.57626,67.91711,333.24,0.41,0.37,2026-02-08,833,N,VIIRS,n,2,303.13,3.13,D,0
26.62965,68.27706,332.11,0.4,0.37,2026-02-08,833,N,VIIRS,n,2,301.61,3.92,D,0
26.7161,68.10061,332.6,0.41,0.37,2026-02-08,833,N,VIIRS,n,2,302.21,2.33,D,0
26.71614,68.28899,334.56,0.4,0.37,2026-02-08,833,N,VIIRS,n,2,298.97,1.92,D,0
26.72561,68.15748,337.55,0.41,0.37,2026-02-08,833,N,VIIRS,n,2,305.26,22.67,D,0
26.72764,68.14867,341.66,0.41,0.37,2026-02-08,833,N,VIIRS,n,2,300.45,4.87,D,0
26.729,68.15678,338.62,0.41,0.37,2026-02-08,833,N,VIIRS,n,2,304.07,22.67,D,0
26.74185,68.14993,333.02,0.41,0.37,2026-02-08,833,N,VIIRS,n,2,298.94,2.83,D,0
26.752,68.14783,331.99,0.41,0.37,2026-02-08,833,N,VIIRS,n,2,299.13,3.27,D,0
26.76891,68.14433,339.09,0.41,0.37,2026-02-08,833,N,VIIRS,n,2,299.1,2.98,D,0
26.85308,67.87394,331.44,0.41,0.37,2026-02-08,833,N,VIIRS,n,2,296.83,2.3,D,0
26.88035,68.268,332.86,0.4,0.37,2026-02-08,833,N,VIIRS,n,2,297.19,5.06,D,0
26.97439,67.8455,332.45,0.41,0.37,2026-02-08,833,N,VIIRS,n,2,295.73,2.65,D,0
27.02971,67.90207,331.86,0.41,0.37,2026-02-08,833,N,VIIRS,n,2,296.21,5.32,D,0
27.14877,68.3471,337.91,0.4,0.37,2026-02-08,833,N,VIIRS,n,2,284.88,4.52,D,0
27.27615,68.58895,331.83,0.39,0.37,2026-02-08,833,N,VIIRS,n,2,294.21,1.94,D,0
27.80599,69.04317,337.97,0.39,0.36,2026-02-08,833,N,VIIRS,n,2,300.44,3.7,D,0
27.85859,69.88174,336.28,0.38,0.36,2026-02-08,833,N,VIIRS,n,2,308.14,2.35,D,0
27.91619,69.26646,335.73,0.39,0.36,2026-02-08,833,N,VIIRS,n,2,301.46,5.31,D,0
27.92675,69.01104,332.11,0.39,0.36,2026-02-08,833,N,VIIRS,n,2,298.17,2.73,D,0
27.93005,68.94577,338.64,0.39,0.36,2026-02-08,833,N,VIIRS,n,2,300.89,5.1,D,0
27.93833,69.80644,341.33,0.38,0.36,2026-02-08,833,N,VIIRS,n,2,306.78,6.53,D,0
27.94103,69.80193,333.36,0.38,0.36,2026-02-08,833,N,VIIRS,l,2,303.48,6.53,D,0
27.94123,69.0162,342.18,0.39,0.36,2026-02-08,833,N,VIIRS,n,2,302.63,4.52,D,0
27.94163,69.80581,336.83,0.38,0.36,2026-02-08,833,N,VIIRS,n,2,303.54,6.53,D,0
27.95261,69.00182,335.18,0.39,0.36,2026-02-08,833,N,VIIRS,n,2,295.17,3.8,D,0
27.95446,69.66739,338.1,0.38,0.36,2026-02-08,833,N,VIIRS,n,2,301.08,4.23,D,0
28.01614,69.36314,346.85,0.38,0.36,2026-02-08,833,N,VIIRS,n,2,304.0,8.83,D,0
28.01709,69.61127,332.19,0.38,0.36,2026-02-08,833,N,VIIRS,n,2,302.34,2.5,D,0
28.04667,69.08445,330.45,0.39,0.36,2026-02-08,833,N,VIIRS,n,2,298.6,2.28,D,0
28.04998,69.08379,332.23,0.39,0.36,2026-02-08,833,N,VIIRS,n,2,297.23,5.93,D,0
28.06458,69.76611,340.75,0.38,0.36,2026-02-08,833,N,VIIRS,n,2,303.52,5.33,D,0
28.06686,69.32165,333.57,0.38,0.36,2026-02-08,833,N,VIIRS,n,2,302.16,2.71,D,0
28.15895,70.18906,333.35,0.39,0.36,2026-02-08,833,N,VIIRS,l,2,303.65,5.01,D,0
28.1977,70.19781,330.89,0.39,0.36,2026-02-08,833,N,VIIRS,n,2,299.24,2.17,D,0
28.24834,69.63907,344.79,0.38,0.36,2026-02-08,833,N,VIIRS,n,2,302.45,16.78,D,0
28.27326,70.27684,345.87,0.39,0.36,2026-02-08,833,N,VIIRS,n,2,302.86,4.3,D,0
28.27858,69.83776,336.92,0.38,0.36,2026-02-08,833,N,VIIRS,n,2,296.44,1.48,D,0
28.30038,70.05045,344.38,0.39,0.36,2026-02-08,833,N,VIIRS,n,2,309.15,10.26,D,0
28.32934,70.22212,345.56,0.39,0.36,2026-02-08,833,N,VIIRS,n,2,303.71,3.31,D,0
28.35207,69.85165,334.94,0.38,0.36,2026-02-08,833,N,VIIRS,n,2,306.19,3.41,D,0
28.35219,69.91991,343.04,0.38,0.36,2026-02-08,833,N,VIIRS,n,2,301.95,4.58,D,0
28.3535,70.06441,344.64,0.39,0.36,2026-02-08,833,N,VIIRS,n,2,311.89,14.89,D,0
28.35537,69.85102,333.76,0.38,0.36,2026-02-08,833,N,VIIRS,n,2,302.73,3.41,D,0
28.35986,69.85818,337.63,0.38,0.36,2026-02-08,833,N,VIIRS,n,2,305.43,4.15,D,0
28.3726,70.39989,333.55,0.39,0.36,2026-02-08,833,N,VIIRS,n,2,299.2,2.23,D,0
28.37292,70.01242,333.58,0.39,0.36,2026-02-08,833,N,VIIRS,l,2,303.78,6.72,D,0
28.4029,69.99059,334.0,0.38,0.36,2026-02-08,833,N,VIIRS,n,2,302.53,5.94,D,0
28.40348,69.99451,334.99,0.38,0.36,2026-02-08,833,N,VIIRS,n,2,306.35,17.78,D,0
28.42927,69.80456,348.42,0.38,0.36,2026-02-08,833,N,VIIRS,n,2,311.32,17.71,D,0
28.48708,69.87395,334.01,0.38,0.36,2026-02-08,833,N,VIIRS,n,2,302.19,3.91,D,0
28.62828,70.07264,335.17,0.39,0.36,2026-02-08,833,N,VIIRS,n,2,300.25,1.53,D,0
28.64296,70.26414,336.03,0.39,0.36,2026-02-08,833,N,VIIRS,n,2,298.04,3.95,D,0
28.65349,70.2662,342.24,0.39,0.36,2026-02-08,833,N,VIIRS,n,2,300.86,4.63,D,0
28.74162,69.99117,351.93,0.39,0.36,2026-02-08,833,N,VIIRS,n,2,300.83,5.25,D,0
28.80405,70.3444,335.0,0.39,0.36,2026-02-08,833,N,VIIRS,n,2,299.06,4.07,D,0
28.8749,70.3474,346.71,0.39,0.36,2026-02-08,833,N,VIIRS,n,2,301.99,10.31,D,0
28.05084,69.36881,313.36,0.46,0.39,2026-02-08,2058,N,VIIRS,n,2,284.52,1.91,N,2
28.05444,69.36943,320.18,0.46,0.39,2026-02-08,2058,N,VIIRS,n,2,286.34,1.91,N,2
28.42295,69.70055,296.92,0.45,0.39,2026-02-08,2058,N,VIIRS,n,2,285.52,0.74,N,2
28.42651,69.70117,305.72,0.45,0.39,2026-02-08,2058,N,VIIRS,n,2,285.96,0.74,N,2
26.24116,68.43048,343.61,0.44,0.46,2026-02-09,814,N,VIIRS,n,2,302.09,4.49,D,0
26.26554,68.92708,335.48,0.41,0.45,2026-02-09,814,N,VIIRS,n,2,298.98,2.4,D,0
26.32853,68.25443,341.04,0.45,0.47,2026-02-09,814,N,VIIRS,n,2,298.47,3.77,D,0
26.34808,68.01386,343.14,0.46,0.47,2026-02-09,814,N,VIIRS,n,2,301.8,14.24,D,0
26.37701,69.15656,339.19,0.4,0.44,2026-02-09,814,N,VIIRS,n,2,305.56,5.07,D,0
26.38582,69.15857,347.66,0.4,0.44,2026-02-09,814,N,VIIRS,n,2,306.01,7.88,D,0
26.3866,69.16253,333.89,0.4,0.44,2026-02-09,814,N,VIIRS,l,2,305.26,31.8,D,0
26.38916,68.89327,331.29,0.41,0.45,2026-02-09,814,N,VIIRS,n,2,296.54,2.28,D,0
26.39062,69.16158,345.94,0.4,0.44,2026-02-09,814,N,VIIRS,n,2,316.99,31.8,D,0
26.5836,69.09593,334.4,0.4,0.44,2026-02-09,814,N,VIIRS,l,2,308.44,1.94,D,0
26.58915,69.10278,335.58,0.4,0.44,2026-02-09,814,N,VIIRS,l,2,307.0,3.23,D,0
26.58993,69.10677,342.2,0.4,0.44,2026-02-09,814,N,VIIRS,n,2,308.51,4.31,D,0
26.68077,68.0776,330.18,0.45,0.47,2026-02-09,814,N,VIIRS,n,2,297.59,0.68,D,0
26.69792,68.30901,332.25,0.44,0.46,2026-02-09,814,N,VIIRS,n,2,300.13,3.96,D,0
26.79217,68.02355,339.76,0.45,0.47,2026-02-09,814,N,VIIRS,n,2,297.73,4.02,D,0
26.82861,68.20131,356.43,0.44,0.46,2026-02-09,814,N,VIIRS,n,2,300.64,10.24,D,0
27.02308,68.93706,352.46,0.4,0.44,2026-02-09,814,N,VIIRS,n,2,307.86,11.05,D,0
27.02709,68.93607,367.0,0.4,0.44,2026-02-09,814,N,VIIRS,h,2,301.7,11.05,D,0
27.07051,68.29336,339.09,0.43,0.46,2026-02-09,814,N,VIIRS,n,2,298.33,3.6,D,0
27.11029,68.38229,336.74,0.43,0.46,2026-02-09,814,N,VIIRS,n,2,299.92,3.79,D,0
27.11443,68.38126,351.2,0.43,0.46,2026-02-09,814,N,VIIRS,n,2,300.8,6.39,D,0
27.11528,68.38551,340.42,0.43,0.46,2026-02-09,814,N,VIIRS,n,2,299.74,6.39,D,0
27.4498,68.50298,338.64,0.41,0.45,2026-02-09,814,N,VIIRS,n,2,298.55,5.39,D,0
27.48809,68.71601,337.92,0.4,0.44,2026-02-09,814,N,VIIRS,n,2,298.65,2.96,D,0
27.49455,68.70596,338.52,0.4,0.44,2026-02-09,814,N,VIIRS,n,2,299.31,3.37,D,0
27.89372,69.19532,334.24,0.56,0.43,2026-02-09,814,N,VIIRS,n,2,299.64,7.09,D,0
28.00371,69.07164,334.18,0.56,0.43,2026-02-09,814,N,VIIRS,n,2,296.22,4.55,D,0
28.07676,69.32312,333.77,0.55,0.42,2026-02-09,814,N,VIIRS,n,2,298.9,2.26,D,0
28.12341,69.6726,331.95,0.52,0.42,2026-02-09,814,N,VIIRS,n,2,297.19,6.82,D,0
28.15407,69.83466,335.25,0.51,0.41,2026-02-09,814,N,VIIRS,n,2,299.11,7.05,D,0
28.19477,69.55853,341.92,0.53,0.42,2026-02-09,814,N,VIIRS,n,2,301.17,22.7,D,0
28.22853,69.91915,334.28,0.51,0.41,2026-02-09,814,N,VIIRS,n,2,298.92,5.57,D,0
28.23144,69.91567,334.83,0.51,0.41,2026-02-09,814,N,VIIRS,n,2,294.65,5.81,D,0
28.23227,69.91826,331.64,0.51,0.41,2026-02-09,814,N,VIIRS,n,2,294.35,3.96,D,0
28.26009,69.86057,332.13,0.51,0.41,2026-02-09,814,N,VIIRS,n,2,298.57,4.46,D,0
28.26952,69.86908,333.03,0.51,0.41,2026-02-09,814,N,VIIRS,n,2,301.34,3.86,D,0
28.34094,70.16895,331.52,0.49,0.4,2026-02-09,814,N,VIIRS,n,2,297.4,3.15,D,0
28.43144,69.79794,337.37,0.51,0.41,2026-02-09,814,N,VIIRS,n,2,296.21,6.21,D,0
28.43165,69.7953,332.24,0.51,0.41,2026-02-09,814,N,VIIRS,n,2,297.52,6.11,D,0
28.48453,70.25089,334.02,0.49,0.4,2026-02-09,814,N,VIIRS,n,2,298.16,2.54,D,0
28.51416,70.23572,339.35,0.49,0.4,2026-02-09,814,N,VIIRS,n,2,298.11,4.53,D,0
28.5193,69.99545,331.45,0.5,0.41,2026-02-09,814,N,VIIRS,n,2,297.63,1.49,D,0
28.52513,70.31485,331.39,0.48,0.4,2026-02-09,814,N,VIIRS,n,2,298.15,4.92,D,0
28.52626,70.31258,336.7,0.48,0.4,2026-02-09,814,N,VIIRS,n,2,297.93,4.48,D,0
28.56177,70.22449,332.14,0.49,0.4,2026-02-09,814,N,VIIRS,n,2,298.36,10.68,D,0
28.72553,70.2299,331.78,0.48,0.4,2026-02-09,814,N,VIIRS,n,2,296.66,1.44,D,0
28.72794,70.23126,332.38,0.48,0.4,2026-02-09,814,N,VIIRS,n,2,296.7,2.71,D,0
28.88395,70.31839,337.64,0.48,0.4,2026-02-09,814,N,VIIRS,n,2,298.05,5.57,D,0
28.88758,70.31754,334.21,0.48,0.4,2026-02-09,814,N,VIIRS,n,2,296.97,5.57,D,0
28.05442,69.36963,298.22,0.55,0.51,2026-02-09,2039,N,VIIRS,n,2,286.47,0.92,N,2
28.42375,69.69778,306.99,0.53,0.5,2026-02-09,2039,N,VIIRS,n,2,286.86,1.48,N,2
28.42624,69.69756,302.38,0.53,0.5,2026-02-09,2039,N,VIIRS,n,2,286.54,0.94,N,0
28.61261,68.62684,296.32,0.62,0.54,2026-02-09,2039,N,VIIRS,n,2,284.88,0.53,N,2
28.61273,68.62714,296.76,0.62,0.54,2026-02-09,2039,N,VIIRS,n,2,285.07,0.96,N,2
26.69197,67.90588,295.54,0.32,0.55,2026-02-09,2040,N,VIIRS,n,2,285.44,0.19,N,0
26.69707,67.90649,295.66,0.32,0.55,2026-02-09,2040,N,VIIRS,n,2,284.89,0.19,N,0
26.22752,68.9813,367.0,0.39,0.59,2026-02-10,755,N,VIIRS,h,2,295.43,9.32,D,0
26.31012,68.04517,335.27,0.44,0.63,2026-02-10,755,N,VIIRS,n,2,290.62,8.52,D,0
26.32658,67.91199,339.18,0.45,0.63,2026-02-10,755,N,VIIRS,n,2,292.3,3.35,D,0
26.69641,68.91797,338.63,0.39,0.59,2026-02-10,755,N,VIIRS,n,2,294.61,3.41,D,0
26.6979,68.91724,338.94,0.39,0.59,2026-02-10,755,N,VIIRS,n,2,293.99,2.81,D,0
26.71654,68.22004,367.0,0.42,0.61,2026-02-10,755,N,VIIRS,h,2,293.79,14.11,D,0
27.41025,68.73203,330.36,0.38,0.59,2026-02-10,755,N,VIIRS,n,2,295.11,2.9,D,0
27.50519,68.28378,341.98,0.4,0.6,2026-02-10,755,N,VIIRS,n,2,292.24,5.66,D,0
27.50615,68.28783,337.77,0.4,0.6,2026-02-10,755,N,VIIRS,n,2,291.92,6.16,D,0
27.66396,68.51649,348.06,0.39,0.59,2026-02-10,755,N,VIIRS,n,2,292.48,4.2,D,0
28.62334,70.37798,331.53,0.57,0.52,2026-02-10,755,N,VIIRS,n,2,291.03,4.62,D,0
26.47869,68.25154,333.39,0.64,0.72,2026-02-10,936,N,VIIRS,n,2,291.36,4.52,D,0
26.57059,68.16334,335.31,0.63,0.72,2026-02-10,936,N,VIIRS,n,2,290.7,5.0,D,0
26.44163,68.33056,295.04,0.6,0.7,2026-02-10,2021,N,VIIRS,n,2,284.94,0.62,N,0
28.42727,69.701,297.43,0.49,0.65,2026-02-10,2201,N,VIIRS,n,2,284.83,0.93,N,2
27.59895,69.34761,354.36,0.66,0.73,2026-02-11,737,N,VIIRS,n,2,296.22,6.86,D,0
27.60254,69.34518,339.64,0.66,0.73,2026-02-11,737,N,VIIRS,n,2,295.7,5.71,D,0
27.60432,69.35181,335.51,0.66,0.73,2026-02-11,737,N,VIIRS,n,2,294.86,5.71,D,0
28.04497,69.30486,335.6,0.65,0.73,2026-02-11,737,N,VIIRS,n,2,293.62,4.48,D,0
28.0998,68.40776,356.86,0.72,0.76,2026-02-11,737,N,VIIRS,n,2,292.47,14.13,D,0
28.1023,68.40878,354.96,0.72,0.76,2026-02-11,737,N,VIIRS,n,2,292.74,11.62,D,0
28.40897,69.10384,329.34,0.65,0.73,2026-02-11,737,N,VIIRS,n,2,292.68,5.03,D,0
28.6965,70.19945,337.64,0.55,0.68,2026-02-11,737,N,VIIRS,n,2,296.22,4.28,D,0
28.69868,70.1955,345.09,0.55,0.68,2026-02-11,737,N,VIIRS,n,2,298.16,8.0,D,0
26.51718,68.90559,367.0,0.36,0.57,2026-02-11,917,N,VIIRS,h,2,299.43,4.55,D,0
26.52047,68.9038,353.9,0.36,0.57,2026-02-11,917,N,VIIRS,n,2,297.99,3.27,D,0
26.59366,68.88171,332.41,0.36,0.57,2026-02-11,917,N,VIIRS,n,2,299.04,2.05,D,0
26.79834,68.19901,333.9,0.32,0.55,2026-02-11,917,N,VIIRS,n,2,295.0,1.73,D,0
26.83948,68.19798,333.3,0.32,0.55,2026-02-11,917,N,VIIRS,n,2,295.0,2.35,D,0
26.84459,68.19744,336.34,0.32,0.55,2026-02-11,917,N,VIIRS,n,2,294.71,2.35,D,0
26.94872,68.18095,350.74,0.33,0.55,2026-02-11,917,N,VIIRS,n,2,294.42,5.07,D,0
26.94902,68.18428,344.16,0.33,0.55,2026-02-11,917,N,VIIRS,n,2,294.91,6.74,D,0
27.07332,67.95226,355.98,0.63,0.54,2026-02-11,917,N,VIIRS,n,2,296.33,15.2,D,0
27.07464,67.95273,353.33,0.63,0.54,2026-02-11,917,N,VIIRS,n,2,297.8,32.61,D,0
27.07837,67.95171,350.12,0.63,0.54,2026-02-11,917,N,VIIRS,n,2,293.31,15.2,D,0
27.29243,68.59619,330.09,0.35,0.57,2026-02-11,917,N,VIIRS,n,2,296.93,2.17,D,0
27.31349,68.59407,331.45,0.35,0.57,2026-02-11,917,N,VIIRS,n,2,295.95,1.94,D,0
27.66205,68.5381,355.54,0.35,0.57,2026-02-11,917,N,VIIRS,n,2,294.73,3.94,D,0
27.66235,68.5417,338.79,0.35,0.57,2026-02-11,917,N,VIIRS,n,2,294.82,3.94,D,0
27.66762,68.54115,338.67,0.35,0.57,2026-02-11,917,N,VIIRS,n,2,297.93,3.94,D,0
27.6688,68.55559,346.19,0.35,0.57,2026-02-11,917,N,VIIRS,n,2,296.96,3.88,D,0
27.76696,69.29909,333.22,0.39,0.59,2026-02-11,917,N,VIIRS,n,2,295.51,3.27,D,0
28.02915,69.18417,330.12,0.39,0.59,2026-02-11,917,N,VIIRS,n,2,297.65,1.17,D,0
28.11923,69.85787,334.13,0.42,0.61,2026-02-11,917,N,VIIRS,n,2,297.26,4.27,D,0
28.26149,70.2908,340.76,0.45,0.63,2026-02-11,917,N,VIIRS,n,2,298.89,4.58,D,0
28.37131,69.95628,367.0,0.43,0.62,2026-02-11,917,N,VIIRS,h,2,300.62,7.46,D,0
28.37187,69.95744,354.91,0.43,0.62,2026-02-11,917,N,VIIRS,n,2,300.52,6.98,D,0
28.40846,69.98164,345.47,0.43,0.62,2026-02-11,917,N,VIIRS,n,2,302.04,22.05,D,0
28.40878,69.98619,367.0,0.44,0.62,2026-02-11,917,N,VIIRS,h,2,301.19,22.05,D,0
28.44737,69.95546,337.58,0.43,0.62,2026-02-11,917,N,VIIRS,n,2,298.05,2.5,D,0
28.55676,70.18797,338.51,0.45,0.63,2026-02-11,917,N,VIIRS,n,2,297.64,2.32,D,0
28.57759,70.14851,335.44,0.45,0.63,2026-02-11,917,N,VIIRS,n,2,297.75,2.88,D,0
28.71693,70.15549,336.08,0.45,0.63,2026-02-11,917,N,VIIRS,n,2,299.57,3.25,D,0
28.71859,70.15494,344.51,0.45,0.63,2026-02-11,917,N,VIIRS,n,2,299.54,2.83,D,0
28.80198,70.36027,367.0,0.46,0.64,2026-02-11,917,N,VIIRS,h,2,298.56,11.05,D,0
26.57638,68.01913,337.92,0.5,0.41,2026-02-12,858,N,VIIRS,n,2,291.92,4.37,D,0
26.57692,68.02204,332.72,0.5,0.41,2026-02-12,858,N,VIIRS,n,2,292.22,4.12,D,0
26.62905,68.01115,329.03,0.5,0.41,2026-02-12,858,N,VIIRS,n,2,294.93,2.37,D,0
26.91326,67.85798,333.97,0.5,0.41,2026-02-12,858,N,VIIRS,n,2,290.8,4.29,D,0
27.25949,68.28816,339.42,0.53,0.42,2026-02-12,858,N,VIIRS,n,2,294.89,12.36,D,0
28.05278,69.36774,301.7,0.44,0.38,2026-02-12,2123,N,VIIRS,n,2,279.25,0.7,N,2
28.05358,69.36333,295.82,0.44,0.38,2026-02-12,2123,N,VIIRS,n,2,277.05,0.4,N,2
28.42479,69.70017,298.36,0.44,0.39,2026-02-12,2123,N,VIIRS,n,2,278.36,0.62,N,2
26.86907,67.8308,296.67,0.4,0.37,2026-02-12,2124,N,VIIRS,n,2,279.18,0.45,N,0
26.21906,68.94361,337.8,0.38,0.36,2026-02-13,839,N,VIIRS,n,2,304.56,4.3,D,0
26.28096,67.93862,334.52,0.39,0.36,2026-02-13,839,N,VIIRS,l,2,304.62,2.04,D,0
26.29408,68.3276,332.65,0.38,0.36,2026-02-13,839,N,VIIRS,n,2,302.56,2.21,D,0
26.34628,68.77797,334.81,0.38,0.36,2026-02-13,839,N,VIIRS,n,2,304.54,2.29,D,0
26.36097,68.63019,342.91,0.38,0.36,2026-02-13,839,N,VIIRS,n,2,308.69,3.99,D,0
26.47383,68.06783,336.58,0.39,0.36,2026-02-13,839,N,VIIRS,n,2,306.42,6.6,D,0
26.54097,69.06255,341.36,0.39,0.36,2026-02-13,839,N,VIIRS,l,2,314.88,4.01,D,0
26.67533,68.03279,335.31,0.39,0.36,2026-02-13,839,N,VIIRS,n,2,301.57,3.22,D,0
26.67742,68.3096,334.92,0.38,0.36,2026-02-13,839,N,VIIRS,n,2,306.73,9.63,D,0
26.71254,68.16443,340.56,0.38,0.36,2026-02-13,839,N,VIIRS,n,2,302.63,3.68,D,0
26.71407,68.93153,333.91,0.39,0.36,2026-02-13,839,N,VIIRS,l,2,305.31,6.51,D,0
26.7261,68.01114,334.45,0.39,0.36,2026-02-13,839,N,VIIRS,l,2,304.47,8.7,D,0
26.79045,67.8401,338.79,0.39,0.36,2026-02-13,839,N,VIIRS,n,2,302.27,4.95,D,0
26.79996,68.00926,340.44,0.39,0.36,2026-02-13,839,N,VIIRS,n,2,301.41,4.27,D,0
26.9095,67.84094,334.77,0.39,0.36,2026-02-13,839,N,VIIRS,n,2,302.82,4.59,D,0
27.31154,68.6697,334.14,0.38,0.36,2026-02-13,839,N,VIIRS,n,2,303.94,4.55,D,0
27.31906,68.34284,332.24,0.38,0.36,2026-02-13,839,N,VIIRS,n,2,295.4,4.87,D,0
27.42558,68.26285,332.1,0.38,0.36,2026-02-13,839,N,VIIRS,n,2,304.8,4.96,D,0
27.42888,68.26221,346.58,0.38,0.36,2026-02-13,839,N,VIIRS,n,2,304.7,4.96,D,0
27.43624,68.51155,332.78,0.38,0.36,2026-02-13,839,N,VIIRS,n,2,300.71,2.02,D,0
27.55127,68.37801,333.43,0.38,0.36,2026-02-13,839,N,VIIRS,n,2,301.86,4.12,D,0
27.55186,68.38188,333.27,0.38,0.36,2026-02-13,839,N,VIIRS,n,2,300.28,4.12,D,0
27.66506,68.48007,335.27,0.38,0.36,2026-02-13,839,N,VIIRS,n,2,302.07,2.27,D,0
27.70558,69.11376,338.83,0.39,0.36,2026-02-13,839,N,VIIRS,n,2,302.17,4.96,D,0
27.73403,69.33138,340.71,0.39,0.36,2026-02-13,839,N,VIIRS,n,2,301.62,11.14,D,0
27.73864,69.13624,334.93,0.39,0.36,2026-02-13,839,N,VIIRS,n,2,304.04,6.62,D,0
27.74197,69.13563,335.89,0.39,0.36,2026-02-13,839,N,VIIRS,n,2,300.67,6.62,D,0
27.82522,68.35439,340.63,0.38,0.36,2026-02-13,839,N,VIIRS,n,2,298.13,2.64,D,0
27.88358,69.64065,335.03,0.4,0.37,2026-02-13,839,N,VIIRS,n,2,304.1,6.74,D,0
27.88487,69.23509,334.54,0.39,0.36,2026-02-13,839,N,VIIRS,n,2,305.81,1.94,D,0
27.91464,69.08762,340.63,0.39,0.36,2026-02-13,839,N,VIIRS,n,2,301.63,4.15,D,0
27.95236,68.45805,334.94,0.38,0.36,2026-02-13,839,N,VIIRS,n,2,299.12,2.31,D,0
28.12515,69.45012,333.23,0.4,0.37,2026-02-13,839,N,VIIRS,n,2,300.05,2.38,D,0
28.19934,69.8274,331.97,0.4,0.37,2026-02-13,839,N,VIIRS,n,2,301.31,1.98,D,0
28.2385,70.10818,337.26,0.41,0.37,2026-02-13,839,N,VIIRS,n,2,299.87,2.59,D,0
28.24014,69.87059,331.63,0.4,0.37,2026-02-13,839,N,VIIRS,n,2,302.12,2.96,D,0
28.38494,69.90913,345.95,0.41,0.37,2026-02-13,839,N,VIIRS,n,2,302.9,7.98,D,0
28.38677,70.27216,333.85,0.41,0.37,2026-02-13,839,N,VIIRS,n,2,303.07,4.41,D,0
28.42248,68.5461,339.47,0.39,0.36,2026-02-13,839,N,VIIRS,n,2,303.0,10.25,D,0
28.49094,70.29803,331.7,0.42,0.37,2026-02-13,839,N,VIIRS,n,2,298.1,2.01,D,0
28.78943,70.31922,335.03,0.42,0.38,2026-02-13,839,N,VIIRS,n,2,298.24,3.43,D,0
28.79288,70.31862,335.53,0.42,0.38,2026-02-13,839,N,VIIRS,n,2,297.53,3.43,D,0
28.96822,70.33461,333.45,0.42,0.38,2026-02-13,839,N,VIIRS,n,2,301.89,2.61,D,0
28.42486,69.70191,310.67,0.4,0.37,2026-02-13,2104,N,VIIRS,n,2,287.67,0.72,N,2
28.42577,69.70139,304.43,0.4,0.37,2026-02-13,2104,N,VIIRS,n,2,287.47,0.87,N,2
28.86987,70.27855,302.93,0.39,0.36,2026-02-13,2104,N,VIIRS,n,2,278.46,0.74,N,0
28.05201,69.36819,297.39,0.4,0.37,2026-02-13,2105,N,VIIRS,n,2,287.05,0.54,N,2
26.47322,68.2578,335.99,0.55,0.42,2026-02-14,820,N,VIIRS,n,2,302.15,7.09,D,0
26.53512,68.3504,332.77,0.54,0.42,2026-02-14,820,N,VIIRS,n,2,302.19,5.65,D,0
26.53613,68.35575,334.53,0.54,0.42,2026-02-14,820,N,VIIRS,n,2,301.44,6.64,D,0
26.58387,67.72388,346.74,0.39,0.44,2026-02-14,820,N,VIIRS,n,2,301.5,9.46,D,0
26.67623,67.92329,330.27,0.56,0.43,2026-02-14,820,N,VIIRS,n,2,301.75,2.87,D,0
26.70365,67.98118,338.87,0.56,0.43,2026-02-14,820,N,VIIRS,n,2,299.88,6.26,D,0
26.74981,70.2951,340.01,0.44,0.38,2026-02-14,820,N,VIIRS,l,2,314.64,3.09,D,0
26.76258,68.1209,335.3,0.55,0.43,2026-02-14,820,N,VIIRS,n,2,301.24,4.99,D,0
26.79793,68.00896,338.84,0.56,0.43,2026-02-14,820,N,VIIRS,n,2,301.31,8.1,D,0
26.79866,68.20338,332.94,0.54,0.42,2026-02-14,820,N,VIIRS,n,2,303.52,4.28,D,0
26.80252,68.20248,333.75,0.54,0.42,2026-02-14,820,N,VIIRS,n,2,302.52,4.28,D,0
26.81897,68.20426,345.02,0.54,0.42,2026-02-14,820,N,VIIRS,n,2,302.31,9.62,D,0
26.85557,67.97553,330.4,0.56,0.43,2026-02-14,820,N,VIIRS,n,2,302.39,2.78,D,0
27.65649,68.34421,333.62,0.52,0.41,2026-02-14,820,N,VIIRS,n,2,301.95,6.78,D,0
27.66751,68.96553,339.37,0.48,0.4,2026-02-14,820,N,VIIRS,n,2,304.57,10.28,D,0
27.66887,68.9633,333.3,0.48,0.4,2026-02-14,820,N,VIIRS,n,2,301.47,5.22,D,0
27.74178,69.64136,338.04,0.45,0.39,2026-02-14,820,N,VIIRS,n,2,309.43,4.85,D,0
27.75171,68.64534,338.52,0.5,0.41,2026-02-14,820,N,VIIRS,n,2,305.41,7.47,D,0
27.76047,68.99467,335.65,0.48,0.4,2026-02-14,820,N,VIIRS,n,2,301.13,4.59,D,0
27.80618,69.16399,331.02,0.47,0.4,2026-02-14,820,N,VIIRS,n,2,303.81,1.83,D,0
27.98234,69.18235,336.86,0.47,0.4,2026-02-14,820,N,VIIRS,n,2,303.01,5.62,D,0
28.02477,69.16769,341.9,0.47,0.4,2026-02-14,820,N,VIIRS,n,2,300.81,5.61,D,0
28.03192,69.74519,335.21,0.44,0.39,2026-02-14,820,N,VIIRS,n,2,304.53,12.09,D,0
28.03355,69.74829,332.25,0.44,0.39,2026-02-14,820,N,VIIRS,n,2,301.65,12.42,D,0
28.07278,69.39521,346.95,0.46,0.39,2026-02-14,820,N,VIIRS,n,2,301.72,4.94,D,0
28.07371,69.3919,332.29,0.46,0.39,2026-02-14,820,N,VIIRS,n,2,301.36,2.52,D,0
28.07591,69.2607,335.27,0.46,0.39,2026-02-14,820,N,VIIRS,n,2,304.03,3.06,D,0
28.09724,69.27528,333.74,0.46,0.39,2026-02-14,820,N,VIIRS,n,2,304.97,3.47,D,0
28.09808,69.27995,332.91,0.46,0.39,2026-02-14,820,N,VIIRS,n,2,305.05,3.47,D,0
28.10475,69.82633,339.23,0.44,0.38,2026-02-14,820,N,VIIRS,n,2,302.46,6.54,D,0
28.13278,69.43127,345.18,0.46,0.39,2026-02-14,820,N,VIIRS,n,2,302.37,5.92,D,0
28.184,69.55288,344.02,0.45,0.39,2026-02-14,820,N,VIIRS,n,2,304.06,6.23,D,0
28.27223,69.76813,336.29,0.44,0.38,2026-02-14,820,N,VIIRS,n,2,302.5,6.57,D,0
28.28503,69.73745,336.32,0.44,0.38,2026-02-14,820,N,VIIRS,n,2,304.79,28.45,D,0
28.33359,70.22594,346.01,0.42,0.38,2026-02-14,820,N,VIIRS,n,2,303.53,8.62,D,0
28.3349,70.22641,342.34,0.42,0.38,2026-02-14,820,N,VIIRS,n,2,302.19,8.9,D,0
28.47905,69.99413,331.3,0.43,0.38,2026-02-14,820,N,VIIRS,n,2,300.08,1.98,D,0
28.57934,70.0496,332.8,0.43,0.38,2026-02-14,821,N,VIIRS,n,2,301.86,1.59,D,0
28.584,70.03504,334.18,0.43,0.38,2026-02-14,821,N,VIIRS,n,2,303.2,4.38,D,0
28.6941,70.12383,334.5,0.42,0.38,2026-02-14,821,N,VIIRS,n,2,303.53,5.8,D,0
28.72475,70.34327,330.48,0.42,0.37,2026-02-14,821,N,VIIRS,n,2,301.35,3.09,D,0
28.78014,70.26122,343.99,0.42,0.38,2026-02-14,821,N,VIIRS,n,2,303.04,3.71,D,0
28.81846,70.38047,334.01,0.42,0.37,2026-02-14,821,N,VIIRS,n,2,303.28,3.6,D,0
28.95313,70.34362,331.12,0.42,0.37,2026-02-14,821,N,VIIRS,n,2,298.83,1.64,D,0
28.4264,69.7,299.05,0.43,0.46,2026-02-14,2046,N,VIIRS,n,2,288.6,0.61,N,2
26.29608,68.73289,342.69,0.32,0.55,2026-02-15,801,N,VIIRS,n,2,301.66,2.92,D,0
26.38156,68.35472,333.28,0.34,0.56,2026-02-15,801,N,VIIRS,l,2,303.49,2.92,D,0
26.60767,68.10028,353.15,0.35,0.57,2026-02-15,801,N,VIIRS,n,2,303.98,6.21,D,0
26.71737,68.02759,337.36,0.35,0.57,2026-02-15,801,N,VIIRS,n,2,299.55,3.15,D,0
26.72632,68.13927,367.0,0.35,0.56,2026-02-15,801,N,VIIRS,h,2,301.02,5.73,D,0
26.73021,68.15644,367.0,0.34,0.56,2026-02-15,801,N,VIIRS,h,2,306.81,9.36,D,0
26.73531,68.15501,367.0,0.34,0.56,2026-02-15,801,N,VIIRS,h,2,302.27,9.36,D,0
26.76896,67.99133,367.0,0.35,0.57,2026-02-15,801,N,VIIRS,h,2,302.93,10.27,D,0
26.81403,67.94878,337.95,0.35,0.57,2026-02-15,801,N,VIIRS,n,2,299.25,1.62,D,0
27.21668,68.37135,343.33,0.33,0.55,2026-02-15,801,N,VIIRS,n,2,301.5,3.05,D,0
27.60584,69.34376,345.1,0.56,0.52,2026-02-15,802,N,VIIRS,n,2,305.8,8.65,D,0
27.7085,69.13236,337.86,0.57,0.52,2026-02-15,802,N,VIIRS,n,2,303.35,7.67,D,0
27.72766,69.15148,340.62,0.57,0.52,2026-02-15,802,N,VIIRS,n,2,301.65,9.89,D,0
27.76476,69.5262,331.01,0.54,0.51,2026-02-15,802,N,VIIRS,l,2,303.16,4.67,D,0
27.76936,69.52496,340.73,0.54,0.51,2026-02-15,802,N,VIIRS,n,2,302.55,13.62,D,0
27.95064,69.78913,331.31,0.52,0.5,2026-02-15,802,N,VIIRS,l,2,305.31,4.03,D,0
28.22819,70.28297,354.8,0.48,0.48,2026-02-15,802,N,VIIRS,n,2,308.28,20.66,D,0
28.28834,69.65458,340.72,0.52,0.5,2026-02-15,802,N,VIIRS,n,2,304.36,7.19,D,0
28.28897,69.65714,354.37,0.52,0.5,2026-02-15,802,N,VIIRS,n,2,306.52,11.86,D,0
28.28949,69.65981,341.29,0.52,0.5,2026-02-15,802,N,VIIRS,n,2,305.2,7.19,D,0
28.35441,69.91415,345.48,0.5,0.49,2026-02-15,802,N,VIIRS,n,2,304.06,5.92,D,0
28.35774,69.91615,340.41,0.5,0.49,2026-02-15,802,N,VIIRS,n,2,302.6,4.31,D,0
28.41082,69.93626,344.19,0.5,0.49,2026-02-15,802,N,VIIRS,n,2,311.14,15.92,D,0
28.41525,69.93506,346.38,0.5,0.49,2026-02-15,802,N,VIIRS,n,2,308.85,16.99,D,0
28.44542,69.90027,339.15,0.5,0.49,2026-02-15,802,N,VIIRS,n,2,301.37,2.6,D,0
28.45517,70.12352,342.96,0.49,0.48,2026-02-15,802,N,VIIRS,n,2,302.85,7.89,D,0
28.46212,69.89039,341.44,0.5,0.49,2026-02-15,802,N,VIIRS,n,2,304.18,11.46,D,0
28.4637,69.89207,352.31,0.5,0.49,2026-02-15,802,N,VIIRS,n,2,305.46,10.37,D,0
28.4647,70.14679,342.67,0.48,0.48,2026-02-15,802,N,VIIRS,n,2,302.6,9.59,D,0
28.48406,70.23887,330.53,0.48,0.48,2026-02-15,802,N,VIIRS,l,2,302.33,4.29,D,0
28.49824,70.03061,332.07,0.49,0.49,2026-02-15,802,N,VIIRS,n,2,302.22,2.07,D,0
28.63044,70.09079,345.87,0.48,0.48,2026-02-15,802,N,VIIRS,n,2,306.47,6.15,D,0
28.63481,70.08961,341.16,0.48,0.48,2026-02-15,802,N,VIIRS,n,2,300.55,6.15,D,0
28.87357,70.2888,335.76,0.47,0.47,2026-02-15,802,N,VIIRS,n,2,301.75,3.35,D,0
29.05573,70.3552,342.2,0.46,0.47,2026-02-15,802,N,VIIRS,n,2,303.58,4.71,D,0
26.29206,67.9333,330.67,0.76,0.77,2026-02-15,942,N,VIIRS,n,2,298.74,3.62,D,0
26.32055,67.92397,335.68,0.76,0.77,2026-02-15,942,N,VIIRS,n,2,297.66,3.92,D,0
26.32272,67.92353,334.87,0.76,0.77,2026-02-15,942,N,VIIRS,n,2,296.48,4.5,D,0
26.90989,67.85511,336.2,0.76,0.77,2026-02-15,942,N,VIIRS,n,2,300.36,6.1,D,0
28.04929,69.36677,303.27,0.43,0.62,2026-02-15,2027,N,VIIRS,n,2,286.46,0.51,N,0
28.05505,69.36735,305.94,0.43,0.62,2026-02-15,2027,N,VIIRS,n,2,286.88,0.7,N,2
28.05159,69.36779,307.73,0.59,0.7,2026-02-15,2207,N,VIIRS,n,2,286.18,1.01,N,2
26.35503,68.61092,330.2,0.63,0.72,2026-02-16,743,N,VIIRS,n,2,298.94,6.38,D,0
26.53396,67.95973,334.38,0.68,0.74,2026-02-16,743,N,VIIRS,n,2,300.18,6.66,D,0
26.53803,67.95291,333.63,0.68,0.74,2026-02-16,743,N,VIIRS,n,2,297.63,8.03,D,0
26.53983,67.95971,342.17,0.68,0.74,2026-02-16,743,N,VIIRS,n,2,300.37,11.14,D,0
26.54063,67.9576,334.71,0.68,0.74,2026-02-16,743,N,VIIRS,n,2,299.24,6.66,D,0
26.59028,67.92668,335.62,0.68,0.74,2026-02-16,743,N,VIIRS,n,2,296.24,5.28,D,0
27.07891,68.50201,337.16,0.61,0.71,2026-02-16,743,N,VIIRS,n,2,299.23,3.08,D,0
28.03767,69.28078,331.17,0.53,0.67,2026-02-16,743,N,VIIRS,n,2,299.33,2.61,D,0
28.09009,69.43407,343.79,0.51,0.66,2026-02-16,743,N,VIIRS,n,2,298.08,4.25,D,0
28.15983,69.40538,347.94,0.51,0.66,2026-02-16,743,N,VIIRS,n,2,299.22,8.93,D,0
28.26392,69.71157,337.12,0.49,0.65,2026-02-16,743,N,VIIRS,n,2,299.85,4.58,D,0
28.51218,70.02055,354.1,0.46,0.64,2026-02-16,743,N,VIIRS,n,2,300.5,6.5,D,0
28.51401,70.01894,367.0,0.47,0.64,2026-02-16,743,N,VIIRS,h,2,302.43,11.38,D,0
28.51518,70.02364,334.64,0.47,0.64,2026-02-16,743,N,VIIRS,n,2,297.61,10.76,D,0
28.51793,70.01871,367.0,0.46,0.64,2026-02-16,743,N,VIIRS,h,2,296.91,8.38,D,0
28.58711,70.04723,338.09,0.46,0.64,2026-02-16,743,N,VIIRS,n,2,296.81,3.99,D,0
28.60451,70.11694,338.87,0.46,0.63,2026-02-16,743,N,VIIRS,n,2,298.32,3.62,D,0
28.6713,70.28758,342.05,0.45,0.63,2026-02-16,743,N,VIIRS,n,2,297.91,4.77,D,0
28.67229,70.28843,333.14,0.44,0.63,2026-02-16,743,N,VIIRS,n,2,296.95,3.86,D,0
26.37499,68.02709,342.5,0.39,0.59,2026-02-16,923,N,VIIRS,n,2,302.88,3.49,D,0
26.44864,70.12822,345.03,0.53,0.67,2026-02-16,923,N,VIIRS,n,2,305.1,4.9,D,0
26.45493,70.12772,367.0,0.53,0.67,2026-02-16,923,N,VIIRS,h,2,308.1,19.08,D,0
26.58124,68.04375,367.0,0.4,0.6,2026-02-16,923,N,VIIRS,h,2,301.13,9.39,D,0
26.58156,68.04781,340.09,0.4,0.6,2026-02-16,923,N,VIIRS,n,2,298.71,9.71,D,0
26.5954,67.73864,358.11,0.38,0.59,2026-02-16,923,N,VIIRS,n,2,301.5,6.46,D,0
26.94663,68.46648,340.69,0.42,0.61,2026-02-16,923,N,VIIRS,n,2,300.66,3.41,D,0
26.98557,67.76032,335.64,0.38,0.59,2026-02-16,923,N,VIIRS,n,2,302.66,4.86,D,0
27.0195,68.97099,355.43,0.46,0.63,2026-02-16,923,N,VIIRS,n,2,308.43,5.84,D,0
27.33806,68.41025,348.01,0.42,0.61,2026-02-16,923,N,VIIRS,n,2,300.79,3.69,D,0
27.33943,68.40875,332.43,0.42,0.61,2026-02-16,923,N,VIIRS,n,2,299.89,6.09,D,0
27.39812,68.98402,335.88,0.46,0.64,2026-02-16,923,N,VIIRS,n,2,302.22,2.41,D,0
27.4555,68.9945,367.0,0.46,0.64,2026-02-16,923,N,VIIRS,h,2,304.38,9.25,D,0
27.45852,68.99345,367.0,0.46,0.64,2026-02-16,923,N,VIIRS,h,2,304.38,7.65,D,0
27.47701,68.70439,367.0,0.44,0.63,2026-02-16,923,N,VIIRS,h,2,301.69,8.17,D,0
27.53302,68.29054,345.82,0.42,0.61,2026-02-16,923,N,VIIRS,n,2,301.75,4.04,D,0
27.5351,68.29095,333.53,0.42,0.61,2026-02-16,923,N,VIIRS,n,2,299.49,4.24,D,0
27.54109,69.02133,330.75,0.46,0.64,2026-02-16,923,N,VIIRS,n,2,300.09,4.12,D,0
27.68464,68.35233,330.34,0.42,0.61,2026-02-16,923,N,VIIRS,n,2,298.57,1.97,D,0
27.96922,69.15176,333.62,0.48,0.64,2026-02-16,923,N,VIIRS,n,2,301.12,3.32,D,0
28.10006,69.35248,334.15,0.49,0.65,2026-02-16,923,N,VIIRS,n,2,300.44,3.71,D,0
28.11332,69.36701,337.48,0.49,0.65,2026-02-16,923,N,VIIRS,n,2,300.61,5.33,D,0
28.11332,69.36861,339.0,0.49,0.65,2026-02-16,923,N,VIIRS,n,2,299.69,4.73,D,0
28.16256,70.20948,331.73,0.56,0.68,2026-02-16,923,N,VIIRS,n,2,296.92,3.05,D,0
28.43389,69.86575,331.02,0.53,0.67,2026-02-16,923,N,VIIRS,n,2,295.27,3.04,D,0
28.45058,69.87934,340.31,0.53,0.67,2026-02-16,923,N,VIIRS,n,2,297.9,5.57,D,0
26.24194,68.69872,367.0,0.44,0.46,2026-02-17,904,N,VIIRS,h,2,301.7,10.63,D,0
26.24621,68.69815,339.81,0.44,0.46,2026-02-17,904,N,VIIRS,n,2,292.68,10.63,D,0
26.40097,68.81523,344.13,0.45,0.47,2026-02-17,904,N,VIIRS,n,2,303.79,9.85,D,0
26.58119,68.87261,332.63,0.45,0.47,2026-02-17,904,N,VIIRS,n,2,295.81,3.22,D,0
26.64655,67.90524,340.99,0.4,0.44,2026-02-17,904,N,VIIRS,n,2,296.03,5.46,D,0
26.71621,68.15461,354.57,0.41,0.45,2026-02-17,904,N,VIIRS,n,2,296.59,24.96,D,0
27.02706,68.54647,334.02,0.44,0.46,2026-02-17,904,N,VIIRS,n,2,291.96,3.29,D,0
27.24396,68.63842,334.0,0.45,0.47,2026-02-17,904,N,VIIRS,n,2,291.07,3.78,D,0
27.24542,68.63935,336.04,0.45,0.47,2026-02-17,904,N,VIIRS,n,2,290.38,2.86,D,0
27.39432,69.10086,334.37,0.48,0.48,2026-02-17,904,N,VIIRS,n,2,295.46,1.82,D,0
27.39558,69.09847,332.12,0.48,0.48,2026-02-17,904,N,VIIRS,n,2,293.97,2.88,D,0
27.53197,69.01085,352.89,0.47,0.48,2026-02-17,904,N,VIIRS,n,2,294.28,16.66,D,0
28.10695,69.85659,339.34,0.54,0.51,2026-02-17,904,N,VIIRS,n,2,292.31,4.81,D,0
28.10849,69.85571,342.33,0.54,0.51,2026-02-17,904,N,VIIRS,n,2,292.59,6.2,D,0
28.21712,69.7029,330.36,0.53,0.5,2026-02-17,904,N,VIIRS,n,2,290.43,2.18,D,0
28.93271,69.42151,296.43,0.5,0.41,2026-02-17,2129,N,VIIRS,n,2,283.54,0.94,N,0
26.86914,67.83117,299.76,0.45,0.39,2026-02-17,2130,N,VIIRS,n,2,284.34,0.58,N,0
27.66559,68.54946,296.1,0.47,0.4,2026-02-17,2130,N,VIIRS,n,2,284.92,0.8,N,0
28.42316,69.70014,306.17,0.52,0.42,2026-02-17,2130,N,VIIRS,n,2,286.08,1.32,N,2
28.61065,68.62564,298.46,0.46,0.39,2026-02-17,2130,N,VIIRS,n,2,284.85,0.78,N,0
26.23639,68.129,333.28,0.39,0.36,2026-02-18,845,N,VIIRS,n,2,296.69,2.35,D,0
26.28652,68.54903,334.6,0.4,0.37,2026-02-18,845,N,VIIRS,n,2,301.92,5.86,D,0
26.28989,68.54844,333.5,0.4,0.37,2026-02-18,845,N,VIIRS,n,2,298.22,5.86,D,0
26.29222,68.96114,331.12,0.41,0.37,2026-02-18,845,N,VIIRS,n,2,301.96,2.35,D,0
26.45182,68.87998,333.28,0.41,0.37,2026-02-18,845,N,VIIRS,n,2,300.38,3.31,D,0
26.53201,68.02439,331.15,0.39,0.36,2026-02-18,845,N,VIIRS,n,2,300.52,1.89,D,0
26.56633,67.97807,330.12,0.39,0.36,2026-02-18,845,N,VIIRS,n,2,300.51,1.45,D,0
26.65611,68.16003,343.53,0.39,0.36,2026-02-18,845,N,VIIRS,n,2,302.35,11.51,D,0
26.65668,68.16398,336.61,0.39,0.36,2026-02-18,845,N,VIIRS,n,2,297.76,5.37,D,0
26.65945,68.15943,344.4,0.39,0.36,2026-02-18,845,N,VIIRS,n,2,298.84,11.51,D,0
26.70158,67.96256,331.74,0.39,0.36,2026-02-18,845,N,VIIRS,n,2,298.78,2.98,D,0
26.72714,68.16385,334.0,0.39,0.36,2026-02-18,845,N,VIIRS,n,2,299.2,4.43,D,0
26.76239,68.00395,330.57,0.39,0.36,2026-02-18,845,N,VIIRS,n,2,297.62,2.27,D,0
26.96187,68.42467,332.33,0.4,0.37,2026-02-18,845,N,VIIRS,n,2,298.75,2.4,D,0
26.97276,67.86953,335.26,0.39,0.36,2026-02-18,845,N,VIIRS,n,2,298.72,4.58,D,0
27.22581,68.56269,345.72,0.4,0.37,2026-02-18,845,N,VIIRS,n,2,300.07,8.41,D,0
27.31198,68.23697,333.52,0.4,0.37,2026-02-18,845,N,VIIRS,n,2,301.75,4.32,D,0
27.31291,68.56445,331.93,0.4,0.37,2026-02-18,845,N,VIIRS,n,2,297.81,2.22,D,0
27.31292,68.56415,331.55,0.4,0.37,2026-02-18,845,N,VIIRS,n,2,297.5,1.94,D,0
27.37446,68.28767,344.39,0.4,0.37,2026-02-18,845,N,VIIRS,n,2,299.04,8.48,D,0
27.39954,68.58701,331.13,0.41,0.37,2026-02-18,845,N,VIIRS,n,2,298.65,5.9,D,0
27.49351,68.71036,332.19,0.41,0.37,2026-02-18,845,N,VIIRS,n,2,300.39,2.65,D,0
27.707,68.49332,345.56,0.41,0.37,2026-02-18,845,N,VIIRS,n,2,303.61,24.63,D,0
27.73318,69.66311,340.63,0.44,0.38,2026-02-18,845,N,VIIRS,n,2,303.26,3.56,D,0
27.93254,69.40604,341.98,0.43,0.38,2026-02-18,845,N,VIIRS,n,2,298.7,4.39,D,0
27.93605,69.40545,339.04,0.43,0.38,2026-02-18,845,N,VIIRS,n,2,300.44,21.93,D,0
27.92286,68.97907,341.73,0.42,0.38,2026-02-18,846,N,VIIRS,n,2,300.33,7.07,D,0
28.01195,69.29961,331.86,0.43,0.38,2026-02-18,846,N,VIIRS,n,2,296.67,1.74,D,0
28.05243,69.63332,333.06,0.44,0.39,2026-02-18,846,N,VIIRS,n,2,298.9,4.79,D,0
28.05597,69.63274,334.1,0.44,0.39,2026-02-18,846,N,VIIRS,n,2,297.22,4.79,D,0
28.30761,69.79983,337.15,0.45,0.39,2026-02-18,846,N,VIIRS,n,2,299.96,3.38,D,0
26.22642,68.17144,307.53,0.39,0.36,2026-02-18,2111,N,VIIRS,n,2,287.97,0.6,N,0
26.23148,68.22839,297.58,0.39,0.36,2026-02-18,2111,N,VIIRS,n,2,287.41,0.23,N,0
27.73207,67.90471,296.98,0.4,0.37,2026-02-18,2111,N,VIIRS,n,2,285.24,0.27,N,0
28.32851,70.15472,320.55,0.39,0.36,2026-02-18,2111,N,VIIRS,n,2,286.57,0.65,N,0
28.33182,70.1554,297.78,0.39,0.36,2026-02-18,2111,N,VIIRS,n,2,285.79,0.65,N,0
28.42422,69.70155,322.26,0.38,0.36,2026-02-18,2111,N,VIIRS,n,2,289.05,1.95,N,2
26.25368,68.99596,333.07,0.43,0.38,2026-02-19,826,N,VIIRS,n,2,300.2,2.12,D,0
26.38719,68.05457,337.48,0.47,0.4,2026-02-19,826,N,VIIRS,n,2,303.3,32.5,D,0
26.40998,67.95171,332.16,0.48,0.4,2026-02-19,826,N,VIIRS,n,2,301.23,6.12,D,0
26.44066,68.28786,333.75,0.46,0.39,2026-02-19,826,N,VIIRS,n,2,299.38,5.19,D,0
26.50826,68.29199,331.76,0.46,0.39,2026-02-19,826,N,VIIRS,n,2,299.78,4.54,D,0
26.53554,68.02415,332.54,0.47,0.4,2026-02-19,826,N,VIIRS,n,2,300.08,2.82,D,0
26.56809,68.41289,335.15,0.45,0.39,2026-02-19,826,N,VIIRS,l,2,308.09,2.31,D,0
26.69718,67.96234,339.31,0.47,0.4,2026-02-19,826,N,VIIRS,n,2,301.99,3.95,D,0
26.80333,68.19888,334.4,0.46,0.39,2026-02-19,826,N,VIIRS,l,2,304.63,16.87,D,0
26.80448,67.82732,335.72,0.48,0.4,2026-02-19,826,N,VIIRS,n,2,299.83,3.88,D,0
26.80623,68.13143,333.44,0.46,0.39,2026-02-19,826,N,VIIRS,n,2,301.02,2.06,D,0
26.96593,68.45998,331.44,0.45,0.39,2026-02-19,826,N,VIIRS,n,2,298.61,2.7,D,0
27.04716,70.31561,336.35,0.39,0.36,2026-02-19,826,N,VIIRS,l,2,307.56,2.24,D,0
27.05383,70.31425,339.35,0.39,0.36,2026-02-19,826,N,VIIRS,n,2,306.99,2.69,D,0
27.06512,70.32014,335.59,0.39,0.36,2026-02-19,826,N,VIIRS,l,2,306.13,4.61,D,0
27.17496,68.34765,332.24,0.45,0.39,2026-02-19,827,N,VIIRS,n,2,298.05,3.29,D,0
27.33843,68.393,333.31,0.44,0.39,2026-02-19,827,N,VIIRS,n,2,298.66,3.14,D,0
27.36075,68.49855,332.21,0.44,0.38,2026-02-19,827,N,VIIRS,n,2,300.89,3.55,D,0
27.46439,68.44932,330.93,0.44,0.38,2026-02-19,827,N,VIIRS,n,2,298.43,1.6,D,0
27.78458,69.38819,338.29,0.41,0.37,2026-02-19,827,N,VIIRS,n,2,301.93,4.0,D,0
27.78882,68.95983,332.91,0.42,0.38,2026-02-19,827,N,VIIRS,n,2,299.09,2.5,D,0
27.80634,68.99986,333.85,0.42,0.38,2026-02-19,827,N,VIIRS,n,2,299.32,5.38,D,0
27.85308,69.27567,331.35,0.41,0.37,2026-02-19,827,N,VIIRS,n,2,297.77,1.82,D,0
27.8541,69.19801,330.69,0.41,0.37,2026-02-19,827,N,VIIRS,n,2,300.03,1.02,D,0
27.85731,69.02817,331.68,0.42,0.37,2026-02-19,827,N,VIIRS,n,2,302.27,2.51,D,0
27.8599,69.02847,330.85,0.42,0.37,2026-02-19,827,N,VIIRS,n,2,300.4,2.99,D,0
27.93157,69.19942,334.81,0.41,0.37,2026-02-19,827,N,VIIRS,n,2,300.55,7.73,D,0
27.93568,69.20286,332.61,0.41,0.37,2026-02-19,827,N,VIIRS,n,2,299.29,3.67,D,0
27.96674,69.30357,346.43,0.41,0.37,2026-02-19,827,N,VIIRS,n,2,300.88,6.09,D,0
27.9813,69.10284,330.65,0.41,0.37,2026-02-19,827,N,VIIRS,n,2,300.61,1.34,D,0
27.99909,69.10343,332.82,0.41,0.37,2026-02-19,827,N,VIIRS,n,2,301.5,3.99,D,0
28.06697,69.31685,346.68,0.41,0.37,2026-02-19,827,N,VIIRS,n,2,302.79,7.84,D,0
28.07457,69.36215,336.46,0.41,0.37,2026-02-19,827,N,VIIRS,n,2,301.18,2.66,D,0
28.11198,69.46039,330.47,0.4,0.37,2026-02-19,827,N,VIIRS,l,2,302.67,1.01,D,0
28.12753,69.49094,334.58,0.4,0.37,2026-02-19,827,N,VIIRS,n,2,304.04,3.42,D,0
28.1545,69.41874,335.05,0.41,0.37,2026-02-19,827,N,VIIRS,n,2,303.15,5.0,D,0
28.15926,69.42621,333.14,0.4,0.37,2026-02-19,827,N,VIIRS,n,2,303.84,5.0,D,0
28.15995,69.43031,330.21,0.4,0.37,2026-02-19,827,N,VIIRS,n,2,304.13,4.14,D,0
28.19183,69.73359,338.98,0.4,0.37,2026-02-19,827,N,VIIRS,n,2,300.25,4.51,D,0
28.34805,70.30396,334.07,0.39,0.36,2026-02-19,827,N,VIIRS,n,2,301.67,2.63,D,0
28.36786,69.94724,331.36,0.39,0.36,2026-02-19,827,N,VIIRS,n,2,300.83,1.96,D,0
28.39132,69.70991,331.58,0.4,0.37,2026-02-19,827,N,VIIRS,l,2,305.75,3.42,D,0
28.39626,69.84618,334.51,0.4,0.37,2026-02-19,827,N,VIIRS,l,2,305.17,9.46,D,0
28.44338,70.03049,337.71,0.39,0.36,2026-02-19,827,N,VIIRS,n,2,303.82,4.85,D,0
28.45793,70.39971,341.23,0.39,0.36,2026-02-19,827,N,VIIRS,n,2,301.91,5.86,D,0
28.48422,69.82405,338.08,0.4,0.37,2026-02-19,827,N,VIIRS,n,2,303.79,4.28,D,0
28.63545,70.13093,338.94,0.39,0.36,2026-02-19,827,N,VIIRS,n,2,310.55,25.32,D,0
28.93016,69.42326,336.55,0.4,0.37,2026-02-19,827,N,VIIRS,n,2,303.48,2.84,D,0
26.86881,67.83193,299.99,0.43,0.46,2026-02-19,2052,N,VIIRS,n,2,286.42,0.6,N,0
28.4255,69.70047,311.5,0.53,0.42,2026-02-19,2052,N,VIIRS,n,2,288.54,1.45,N,2
28.93075,69.42522,317.96,0.55,0.43,2026-02-19,2052,N,VIIRS,n,2,286.92,2.26,N,0
26.2011,68.25865,340.51,0.56,0.52,2026-02-20,808,N,VIIRS,n,2,298.95,3.94,D,0
26.22226,68.28827,342.96,0.56,0.51,2026-02-20,808,N,VIIRS,n,2,303.29,10.96,D,0
26.30744,68.57445,340.26,0.53,0.5,2026-02-20,808,N,VIIRS,n,2,299.18,8.51,D,0
26.36001,68.80265,342.85,0.52,0.5,2026-02-20,808,N,VIIRS,n,2,300.65,4.38,D,0
26.45675,68.40751,344.08,0.54,0.51,2026-02-20,808,N,VIIRS,n,2,300.82,7.0,D,0
26.55235,67.99753,340.15,0.57,0.52,2026-02-20,808,N,VIIRS,n,2,299.34,6.6,D,0
26.71615,68.11173,340.09,0.56,0.51,2026-02-20,808,N,VIIRS,n,2,299.27,5.22,D,0
26.75168,68.27634,332.89,0.54,0.51,2026-02-20,808,N,VIIRS,n,2,299.27,3.74,D,0
26.7563,68.27513,339.25,0.54,0.51,2026-02-20,808,N,VIIRS,n,2,297.69,3.74,D,0
27.42804,68.52279,337.74,0.51,0.49,2026-02-20,808,N,VIIRS,n,2,298.91,4.44,D,0
27.58269,68.35368,340.54,0.52,0.5,2026-02-20,808,N,VIIRS,n,2,301.03,9.05,D,0
27.58391,68.33684,333.77,0.52,0.5,2026-02-20,808,N,VIIRS,n,2,298.95,5.44,D,0
27.58606,68.34988,334.52,0.52,0.5,2026-02-20,808,N,VIIRS,n,2,298.21,2.97,D,0
27.84569,69.02531,330.04,0.47,0.48,2026-02-20,808,N,VIIRS,n,2,300.37,3.3,D,0
27.84569,69.0274,331.2,0.47,0.48,2026-02-20,808,N,VIIRS,n,2,300.85,3.48,D,0
27.88178,69.15346,336.63,0.46,0.47,2026-02-20,808,N,VIIRS,n,2,298.58,3.57,D,0
27.96692,69.45533,340.8,0.44,0.46,2026-02-20,808,N,VIIRS,n,2,303.61,4.56,D,0
28.01283,69.48534,337.27,0.44,0.46,2026-02-20,808,N,VIIRS,n,2,300.11,4.04,D,0
28.01762,69.3447,333.2,0.45,0.47,2026-02-20,808,N,VIIRS,n,2,299.37,2.72,D,0
28.02038,69.34766,339.65,0.45,0.47,2026-02-20,808,N,VIIRS,n,2,300.22,4.37,D,0
28.03059,69.57297,340.55,0.43,0.46,2026-02-20,808,N,VIIRS,n,2,301.83,3.68,D,0
28.04126,69.20042,338.35,0.45,0.47,2026-02-20,808,N,VIIRS,n,2,299.69,2.74,D,0
28.0503,69.09144,342.44,0.46,0.47,2026-02-20,808,N,VIIRS,n,2,304.22,4.45,D,0
28.06846,69.28895,332.43,0.45,0.47,2026-02-20,808,N,VIIRS,l,2,303.87,5.8,D,0
28.13656,69.5144,356.32,0.43,0.46,2026-02-20,808,N,VIIRS,n,2,304.92,11.58,D,0
28.14074,69.51332,354.11,0.43,0.46,2026-02-20,808,N,VIIRS,n,2,303.42,18.73,D,0
28.17211,69.47415,339.8,0.44,0.46,2026-02-20,808,N,VIIRS,n,2,299.5,2.02,D,0
28.2998,69.65077,354.74,0.42,0.45,2026-02-20,808,N,VIIRS,n,2,306.86,7.15,D,0
28.30039,69.65122,344.38,0.42,0.45,2026-02-20,808,N,VIIRS,n,2,306.92,7.14,D,0
28.30393,69.6497,345.38,0.42,0.45,2026-02-20,808,N,VIIRS,n,2,305.82,6.98,D,0
28.30452,69.65016,335.49,0.42,0.45,2026-02-20,808,N,VIIRS,n,2,304.83,7.14,D,0
28.35666,70.23692,340.64,0.39,0.44,2026-02-20,808,N,VIIRS,n,2,301.84,2.25,D,0
28.36065,70.23592,341.27,0.39,0.44,2026-02-20,808,N,VIIRS,n,2,301.71,7.82,D,0
28.37108,69.70015,352.96,0.42,0.45,2026-02-20,808,N,VIIRS,n,2,305.53,10.42,D,0
28.37365,69.71284,330.59,0.42,0.45,2026-02-20,808,N,VIIRS,l,2,305.33,3.68,D,0
28.37519,69.6991,344.23,0.42,0.45,2026-02-20,808,N,VIIRS,n,2,304.49,10.42,D,0
28.4948,69.8973,331.23,0.41,0.45,2026-02-20,808,N,VIIRS,n,2,301.13,1.12,D,0
28.63084,70.15663,341.35,0.39,0.44,2026-02-20,808,N,VIIRS,n,2,305.82,8.32,D,0
28.66108,70.18221,340.66,0.39,0.44,2026-02-20,808,N,VIIRS,n,2,303.56,4.85,D,0
28.66187,70.18616,340.04,0.39,0.44,2026-02-20,808,N,VIIRS,n,2,303.46,6.27,D,0
28.76686,70.30859,331.09,0.57,0.43,2026-02-20,808,N,VIIRS,n,2,300.05,1.5,D,0
28.96108,70.38452,334.11,0.56,0.43,2026-02-20,808,N,VIIRS,n,2,303.6,3.3,D,0
27.91647,69.78355,301.97,0.32,0.55,2026-02-20,2033,N,VIIRS,n,2,287.56,0.45,N,0
28.42655,69.70115,301.66,0.33,0.55,2026-02-20,2033,N,VIIRS,n,2,288.63,1.3,N,2
28.93088,69.42141,312.76,0.35,0.57,2026-02-20,2033,N,VIIRS,n,2,287.25,1.36,N,0
26.4144,68.90608,335.53,0.49,0.65,2026-02-21,749,N,VIIRS,n,2,299.06,5.11,D,0
26.4156,68.91095,345.16,0.49,0.65,2026-02-21,749,N,VIIRS,n,2,302.26,5.11,D,0
26.41628,68.90682,353.72,0.49,0.65,2026-02-21,749,N,VIIRS,n,2,301.48,10.85,D,0
26.48577,68.46607,348.84,0.52,0.67,2026-02-21,749,N,VIIRS,n,2,300.43,5.4,D,0
26.52113,67.9648,331.49,0.55,0.68,2026-02-21,749,N,VIIRS,n,2,298.38,1.74,D,0
26.89465,68.22552,340.7,0.52,0.67,2026-02-21,749,N,VIIRS,n,2,298.24,4.93,D,0
26.9296,68.38509,337.34,0.51,0.66,2026-02-21,749,N,VIIRS,n,2,299.68,5.98,D,0
26.93088,68.39018,349.97,0.51,0.66,2026-02-21,749,N,VIIRS,n,2,300.42,9.95,D,0
27.46033,68.36824,333.77,0.5,0.66,2026-02-21,749,N,VIIRS,n,2,298.79,3.74,D,0
27.57457,69.02406,332.64,0.45,0.63,2026-02-21,749,N,VIIRS,n,2,299.12,2.22,D,0
27.77671,68.7053,334.64,0.47,0.64,2026-02-21,749,N,VIIRS,n,2,299.4,3.29,D,0
28.02056,69.34728,331.27,0.42,0.61,2026-02-21,749,N,VIIRS,n,2,299.26,2.18,D,0
28.06006,69.53378,345.9,0.41,0.61,2026-02-21,749,N,VIIRS,n,2,302.01,2.98,D,0
28.17999,69.60094,367.0,0.41,0.6,2026-02-21,749,N,VIIRS,h,2,301.55,5.6,D,0
28.21045,69.41862,367.0,0.41,0.61,2026-02-21,749,N,VIIRS,h,2,302.45,8.3,D,0
28.21223,69.41787,367.0,0.42,0.61,2026-02-21,749,N,VIIRS,h,2,302.22,7.63,D,0
28.26824,69.72601,334.07,0.4,0.6,2026-02-21,749,N,VIIRS,n,2,300.6,2.22,D,0
28.26837,69.72571,334.36,0.4,0.6,2026-02-21,749,N,VIIRS,n,2,299.81,2.89,D,0
28.2904,69.77063,355.65,0.39,0.6,2026-02-21,749,N,VIIRS,n,2,302.5,7.65,D,0
28.29082,69.77019,356.31,0.39,0.6,2026-02-21,749,N,VIIRS,n,2,302.26,7.59,D,0
28.35567,70.04753,330.61,0.38,0.59,2026-02-21,749,N,VIIRS,n,2,300.26,2.31,D,0
28.35608,70.21723,333.76,0.37,0.58,2026-02-21,749,N,VIIRS,l,2,304.24,1.96,D,0
28.35657,70.05135,343.2,0.38,0.59,2026-02-21,749,N,VIIRS,n,2,301.79,4.76,D,0
28.35875,70.05006,341.92,0.38,0.59,2026-02-21,749,N,VIIRS,n,2,298.78,5.1,D,0
28.36133,70.21566,331.16,0.37,0.58,2026-02-21,749,N,VIIRS,l,2,301.97,2.2,D,0
28.4046,69.81205,337.48,0.39,0.59,2026-02-21,749,N,VIIRS,n,2,302.17,4.08,D,0
28.40467,69.81151,332.89,0.39,0.59,2026-02-21,749,N,VIIRS,n,2,302.21,3.04,D,0
28.41133,70.12769,338.25,0.37,0.58,2026-02-21,749,N,VIIRS,n,2,301.89,4.13,D,0
28.43932,69.78837,334.0,0.39,0.59,2026-02-21,749,N,VIIRS,n,2,299.38,3.56,D,0
28.44501,69.81194,337.48,0.39,0.59,2026-02-21,749,N,VIIRS,n,2,299.38,1.84,D,0
28.45953,70.093,337.22,0.37,0.58,2026-02-21,749,N,VIIRS,n,2,301.23,3.21,D,0
28.46042,70.09679,337.08,0.37,0.58,2026-02-21,749,N,VIIRS,n,2,301.83,3.21,D,0
28.46135,70.09159,356.22,0.37,0.58,2026-02-21,749,N,VIIRS,n,2,302.09,9.3,D,0
28.46226,70.09535,367.0,0.37,0.58,2026-02-21,749,N,VIIRS,h,2,302.71,9.3,D,0
28.46479,70.09141,355.95,0.37,0.58,2026-02-21,749,N,VIIRS,n,2,301.13,6.36,D,0
28.46568,70.09519,346.5,0.37,0.58,2026-02-21,749,N,VIIRS,n,2,300.62,6.36,D,0
28.47025,70.30508,334.47,0.36,0.58,2026-02-21,749,N,VIIRS,n,2,302.09,3.29,D,0
28.58899,70.09302,346.68,0.37,0.58,2026-02-21,749,N,VIIRS,n,2,302.25,4.14,D,0
28.58957,70.10947,367.0,0.37,0.58,2026-02-21,749,N,VIIRS,h,2,313.36,19.53,D,0
28.5913,70.09282,367.0,0.37,0.58,2026-02-21,749,N,VIIRS,h,2,303.11,7.24,D,0
28.59259,70.108,349.24,0.37,0.58,2026-02-21,749,N,VIIRS,n,2,312.49,19.67,D,0
28.59349,70.11174,348.74,0.37,0.58,2026-02-21,749,N,VIIRS,n,2,302.78,19.67,D,0
28.59423,70.09143,337.48,0.37,0.58,2026-02-21,749,N,VIIRS,n,2,299.48,3.15,D,0
28.59482,70.10787,367.0,0.37,0.58,2026-02-21,749,N,VIIRS,h,2,302.64,19.53,D,0
28.66958,70.1008,337.71,0.37,0.58,2026-02-21,749,N,VIIRS,n,2,304.94,4.53,D,0
29.06423,70.30998,337.96,0.35,0.57,2026-02-21,749,N,VIIRS,n,2,299.56,3.86,D,0
29.06507,70.31356,347.33,0.35,0.57,2026-02-21,749,N,VIIRS,n,2,300.3,3.86,D,0
29.06521,70.31273,367.0,0.35,0.57,2026-02-21,749,N,VIIRS,h,2,301.39,6.89,D,0
26.2807,67.92651,354.99,0.48,0.65,2026-02-21,929,N,VIIRS,n,2,301.61,6.12,D,0
26.28176,67.92736,347.28,0.48,0.65,2026-02-21,929,N,VIIRS,n,2,300.66,7.16,D,0
26.76855,68.11095,335.07,0.5,0.66,2026-02-21,929,N,VIIRS,n,2,299.92,1.54,D,0
26.83681,67.85208,351.29,0.48,0.65,2026-02-21,929,N,VIIRS,n,2,304.77,6.09,D,0
26.86531,68.26412,330.69,0.51,0.66,2026-02-21,929,N,VIIRS,n,2,297.62,2.68,D,0
27.72335,68.41476,340.07,0.53,0.67,2026-02-21,930,N,VIIRS,n,2,300.31,5.49,D,0
27.84814,69.31174,346.94,0.61,0.71,2026-02-21,930,N,VIIRS,n,2,298.67,5.35,D,0
27.95296,69.32236,331.88,0.61,0.71,2026-02-21,930,N,VIIRS,n,2,298.45,2.99,D,0
28.93271,69.42141,303.38,0.67,0.74,2026-02-21,2014,N,VIIRS,n,2,286.05,1.35,N,0
28.42371,69.70246,305.98,0.4,0.6,2026-02-21,2155,N,VIIRS,n,2,288.59,1.04,N,2
28.93216,69.42284,309.89,0.37,0.58,2026-02-21,2155,N,VIIRS,n,2,286.83,1.18,N,0
27.80826,69.52862,332.21,0.78,0.78,2026-02-22,730,N,VIIRS,n,2,299.53,3.61,D,0
28.11201,69.56885,345.34,0.76,0.77,2026-02-22,731,N,VIIRS,n,2,299.27,6.63,D,0
28.1159,69.56879,348.94,0.77,0.77,2026-02-22,731,N,VIIRS,n,2,298.44,9.37,D,0
28.26901,69.65509,334.23,0.75,0.77,2026-02-22,731,N,VIIRS,n,2,298.13,9.37,D,0
28.26941,69.62989,331.21,0.75,0.77,2026-02-22,731,N,VIIRS,n,2,298.96,10.63,D,0
28.27157,69.6375,367.0,0.75,0.77,2026-02-22,731,N,VIIRS,h,2,299.25,10.63,D,0
28.29695,69.62011,335.07,0.75,0.77,2026-02-22,731,N,VIIRS,n,2,297.35,9.55,D,0
28.31054,69.74818,331.01,0.74,0.76,2026-02-22,731,N,VIIRS,n,2,298.76,3.61,D,0
28.33041,69.65828,367.0,0.75,0.77,2026-02-22,731,N,VIIRS,h,2,299.51,16.65,D,3
28.33442,69.65552,353.81,0.75,0.77,2026-02-22,731,N,VIIRS,n,2,298.2,13.29,D,0
28.4844,69.82194,330.5,0.72,0.76,2026-02-22,731,N,VIIRS,n,2,299.99,8.95,D,0
28.4851,69.81565,337.04,0.73,0.76,2026-02-22,731,N,VIIRS,n,2,295.47,2.72,D,0
28.92305,70.36101,342.73,0.66,0.73,2026-02-22,731,N,VIIRS,n,2,298.95,7.98,D,0
26.21301,68.14225,341.17,0.5,0.49,2026-02-22,910,N,VIIRS,n,2,304.2,10.34,D,0
26.2133,68.13956,341.09,0.5,0.49,2026-02-22,910,N,VIIRS,n,2,304.83,11.16,D,0
26.23146,68.68169,341.51,0.54,0.51,2026-02-22,910,N,VIIRS,n,2,303.34,4.04,D,0
26.25051,68.2338,353.2,0.51,0.49,2026-02-22,910,N,VIIRS,n,2,303.09,8.19,D,0
26.33346,68.58965,341.5,0.54,0.51,2026-02-22,910,N,VIIRS,n,2,305.88,8.55,D,0
26.37865,68.75214,336.35,0.55,0.51,2026-02-22,910,N,VIIRS,n,2,304.39,1.13,D,0
26.38839,68.36354,337.07,0.52,0.5,2026-02-22,910,N,VIIRS,n,2,304.69,4.25,D,0
26.72685,68.14651,333.9,0.51,0.49,2026-02-22,910,N,VIIRS,n,2,304.97,3.59,D,0
26.7273,68.14436,335.26,0.51,0.49,2026-02-22,910,N,VIIRS,n,2,305.05,1.64,D,0
26.82485,67.97301,341.64,0.5,0.49,2026-02-22,910,N,VIIRS,n,2,302.53,5.78,D,0
26.82553,67.9715,342.12,0.5,0.49,2026-02-22,910,N,VIIRS,n,2,300.58,4.6,D,0
26.91445,68.21276,331.96,0.52,0.5,2026-02-22,910,N,VIIRS,n,2,305.96,2.56,D,0
26.95363,67.82449,332.03,0.49,0.49,2026-02-22,910,N,VIIRS,n,2,301.64,2.51,D,0
27.62473,68.41578,336.34,0.54,0.51,2026-02-22,911,N,VIIRS,n,2,304.5,4.99,D,0
27.62545,68.41277,341.11,0.54,0.51,2026-02-22,911,N,VIIRS,n,2,303.93,4.78,D,0
27.66659,67.73184,350.21,0.5,0.49,2026-02-22,911,N,VIIRS,n,2,306.78,4.24,D,0
27.73354,69.65419,353.1,0.32,0.55,2026-02-22,911,N,VIIRS,n,2,305.09,2.9,D,0
27.73579,69.65202,338.85,0.32,0.55,2026-02-22,911,N,VIIRS,n,2,304.16,1.94,D,0
27.73608,69.65537,336.3,0.32,0.55,2026-02-22,911,N,VIIRS,n,2,304.84,1.94,D,0
27.81226,68.14213,340.93,0.53,0.5,2026-02-22,911,N,VIIRS,n,2,301.77,4.68,D,0
27.86616,69.28827,330.79,0.62,0.54,2026-02-22,911,N,VIIRS,l,2,303.92,5.78,D,0
28.00362,68.38535,340.88,0.55,0.51,2026-02-22,911,N,VIIRS,n,2,302.4,7.08,D,0
28.10659,69.61389,331.64,0.33,0.55,2026-02-22,911,N,VIIRS,n,2,303.9,1.36,D,0
28.23471,69.63612,342.65,0.33,0.55,2026-02-22,911,N,VIIRS,n,2,300.15,4.62,D,0
28.235,69.63951,347.53,0.33,0.55,2026-02-22,911,N,VIIRS,n,2,302.36,4.62,D,0
28.24236,69.84437,337.19,0.34,0.56,2026-02-22,911,N,VIIRS,n,2,303.67,2.4,D,0
28.28659,69.79672,351.78,0.34,0.56,2026-02-22,911,N,VIIRS,n,2,306.25,5.44,D,0
28.30567,69.90116,367.0,0.34,0.56,2026-02-22,911,N,VIIRS,h,2,304.99,8.61,D,0
28.43876,69.85558,338.46,0.34,0.56,2026-02-22,911,N,VIIRS,n,2,301.4,2.05,D,0
28.78967,70.27303,354.48,0.36,0.58,2026-02-22,911,N,VIIRS,n,2,304.98,6.55,D,0
29.17489,67.75041,339.49,0.52,0.5,2026-02-22,911,N,VIIRS,n,2,306.75,2.11,D,0
28.42457,69.69941,308.95,0.42,0.45,2026-02-22,2136,N,VIIRS,n,2,289.39,1.44,N,2
28.93097,69.42412,314.06,0.4,0.44,2026-02-22,2136,N,VIIRS,n,2,287.69,1.34,N,0
26.23312,68.44012,342.48,0.44,0.38,2026-02-23,851,N,VIIRS,n,2,303.1,4.21,D,0
26.31315,68.42355,334.34,0.44,0.38,2026-02-23,851,N,VIIRS,l,2,305.83,6.4,D,0
26.33206,68.59335,336.46,0.45,0.39,2026-02-23,851,N,VIIRS,n,2,306.3,3.14,D,0
26.33562,68.59271,337.45,0.45,0.39,2026-02-23,851,N,VIIRS,n,2,305.29,8.04,D,0
26.43662,68.1647,334.86,0.43,0.38,2026-02-23,851,N,VIIRS,n,2,301.69,2.57,D,0
26.44739,67.95199,332.25,0.43,0.38,2026-02-23,851,N,VIIRS,l,2,305.38,1.77,D,0
26.4671,67.93999,335.84,0.42,0.38,2026-02-23,851,N,VIIRS,l,2,306.22,4.11,D,0
26.62008,68.08672,343.16,0.43,0.38,2026-02-23,852,N,VIIRS,n,2,303.48,4.51,D,0
26.62036,68.08745,334.42,0.43,0.38,2026-02-23,852,N,VIIRS,n,2,303.74,5.59,D,0
26.68345,68.4323,338.79,0.44,0.39,2026-02-23,852,N,VIIRS,l,2,312.78,5.29,D,0
26.69858,68.11004,331.16,0.43,0.38,2026-02-23,852,N,VIIRS,n,2,303.92,1.44,D,0
26.79286,68.38853,334.39,0.44,0.39,2026-02-23,852,N,VIIRS,l,2,309.01,3.0,D,0
26.97006,67.85669,333.45,0.43,0.38,2026-02-23,852,N,VIIRS,n,2,300.53,5.59,D,0
27.00031,68.4132,330.85,0.45,0.39,2026-02-23,852,N,VIIRS,l,2,305.62,3.06,D,0
27.37245,68.45914,334.18,0.45,0.39,2026-02-23,852,N,VIIRS,n,2,304.12,2.34,D,0
27.6363,68.39822,333.33,0.45,0.39,2026-02-23,852,N,VIIRS,l,2,304.75,3.73,D,0
27.65776,67.73524,346.51,0.43,0.38,2026-02-23,852,N,VIIRS,n,2,304.88,8.72,D,0
27.66125,67.73465,339.9,0.43,0.38,2026-02-23,852,N,VIIRS,n,2,304.5,8.72,D,0
27.70079,68.47247,335.62,0.46,0.39,2026-02-23,852,N,VIIRS,l,2,307.28,5.7,D,0
27.70464,69.11385,342.42,0.49,0.4,2026-02-23,852,N,VIIRS,n,2,304.5,8.65,D,0
27.70795,68.55676,332.95,0.46,0.39,2026-02-23,852,N,VIIRS,l,2,303.7,2.97,D,0
27.90598,69.06649,347.82,0.49,0.4,2026-02-23,852,N,VIIRS,n,2,303.87,4.03,D,0
28.02747,69.33248,339.32,0.5,0.41,2026-02-23,852,N,VIIRS,n,2,304.0,5.8,D,0
28.03244,69.21757,338.53,0.5,0.41,2026-02-23,852,N,VIIRS,n,2,307.35,3.22,D,0
28.05158,69.08954,335.22,0.49,0.4,2026-02-23,852,N,VIIRS,l,2,307.8,2.57,D,0
28.06725,69.00095,331.91,0.48,0.4,2026-02-23,852,N,VIIRS,n,2,303.66,2.62,D,0
28.07144,69.31848,332.56,0.5,0.41,2026-02-23,852,N,VIIRS,n,2,303.34,2.06,D,0
28.07203,69.32043,331.37,0.5,0.41,2026-02-23,852,N,VIIRS,n,2,303.46,1.18,D,0
28.29403,68.32457,333.37,0.46,0.39,2026-02-23,852,N,VIIRS,n,2,303.67,2.76,D,0
28.41648,70.03293,337.69,0.55,0.43,2026-02-23,852,N,VIIRS,n,2,305.06,8.34,D,0
28.80675,70.35154,342.36,0.39,0.44,2026-02-23,852,N,VIIRS,n,2,308.4,4.52,D,0
28.9283,70.30172,339.66,0.38,0.43,2026-02-23,852,N,VIIRS,n,2,303.85,2.3,D,0
28.94614,70.34398,342.69,0.39,0.44,2026-02-23,852,N,VIIRS,n,2,305.44,3.99,D,0
29.15933,70.3392,339.44,0.39,0.44,2026-02-23,852,N,VIIRS,n,2,303.25,3.77,D,0
28.42491,69.70272,304.58,0.4,0.37,2026-02-23,2117,N,VIIRS,n,2,289.33,0.98,N,2
28.42559,69.69868,310.27,0.4,0.37,2026-02-23,2117,N,VIIRS,n,2,289.55,1.21,N,2
28.93064,69.42417,318.5,0.39,0.36,2026-02-23,2117,N,VIIRS,n,2,287.45,1.16,N,0
26.40307,68.23516,314.37,0.39,0.36,2026-02-23,2118,N,VIIRS,n,2,288.05,0.96,N,0
26.2844,68.47932,333.61,0.4,0.37,2026-02-24,833,N,VIIRS,n,2,308.08,5.42,D,0
26.28506,68.48334,337.67,0.4,0.37,2026-02-24,833,N,VIIRS,n,2,311.05,10.88,D,0
26.32525,67.90157,334.8,0.42,0.37,2026-02-24,833,N,VIIRS,l,2,305.19,2.22,D,0
26.38131,68.88243,338.27,0.39,0.37,2026-02-24,833,N,VIIRS,n,2,307.91,17.21,D,0
26.38306,68.88235,341.73,0.39,0.37,2026-02-24,833,N,VIIRS,n,2,308.48,23.27,D,0
26.43862,67.95218,336.58,0.42,0.37,2026-02-24,833,N,VIIRS,n,2,307.63,4.2,D,0
26.55581,68.10731,336.21,0.41,0.37,2026-02-24,833,N,VIIRS,n,2,306.39,2.47,D,0
26.59499,67.96774,337.19,0.41,0.37,2026-02-24,833,N,VIIRS,n,2,307.89,8.08,D,0
26.62703,67.94824,337.21,0.41,0.37,2026-02-24,833,N,VIIRS,n,2,305.24,5.0,D,0
26.64917,68.18539,333.48,0.41,0.37,2026-02-24,833,N,VIIRS,n,2,303.26,3.4,D,0
26.72134,68.17523,332.05,0.41,0.37,2026-02-24,833,N,VIIRS,n,2,301.83,3.45,D,0
26.73894,68.15474,332.35,0.41,0.37,2026-02-24,833,N,VIIRS,l,2,306.7,3.69,D,0
26.80416,68.00196,347.22,0.41,0.37,2026-02-24,833,N,VIIRS,n,2,303.16,4.44,D,0
26.9617,67.77384,334.39,0.42,0.37,2026-02-24,833,N,VIIRS,n,2,305.38,1.88,D,0
27.28594,68.36597,333.25,0.4,0.37,2026-02-24,833,N,VIIRS,n,2,302.15,2.44,D,0
27.34262,68.47843,338.47,0.4,0.37,2026-02-24,833,N,VIIRS,n,2,303.88,2.6,D,0
27.46319,68.76229,334.86,0.39,0.36,2026-02-24,833,N,VIIRS,l,2,305.12,3.7,D,0
27.46492,68.43375,333.6,0.4,0.37,2026-02-24,833,N,VIIRS,n,2,304.77,1.52,D,0
27.58368,69.3678,350.66,0.39,0.36,2026-02-24,833,N,VIIRS,n,2,313.1,5.38,D,0
27.6115,68.40414,336.16,0.4,0.37,2026-02-24,833,N,VIIRS,n,2,303.74,2.5,D,0
27.66024,69.12357,335.15,0.39,0.36,2026-02-24,833,N,VIIRS,n,2,308.96,26.68,D,0
27.7499,69.54325,335.65,0.38,0.36,2026-02-24,833,N,VIIRS,n,2,308.4,2.77,D,0
27.87186,69.02494,335.3,0.39,0.36,2026-02-24,833,N,VIIRS,n,2,305.42,2.38,D,0
27.87543,69.87486,345.85,0.38,0.36,2026-02-24,833,N,VIIRS,n,2,312.59,76.73,D,0
27.88689,69.16315,334.33,0.39,0.36,2026-02-24,833,N,VIIRS,n,2,304.06,0.99,D,0
27.92754,69.01402,333.39,0.39,0.36,2026-02-24,833,N,VIIRS,l,2,303.87,2.8,D,0
27.94133,69.2489,333.93,0.39,0.36,2026-02-24,833,N,VIIRS,l,2,307.05,2.01,D,0
28.01782,69.78729,340.48,0.38,0.36,2026-02-24,833,N,VIIRS,n,2,305.8,2.75,D,0
28.03863,69.74741,332.87,0.38,0.36,2026-02-24,833,N,VIIRS,n,2,304.26,1.99,D,0
28.03923,69.7513,331.98,0.38,0.36,2026-02-24,833,N,VIIRS,n,2,303.29,1.99,D,0
28.04924,69.48483,335.74,0.38,0.36,2026-02-24,833,N,VIIRS,l,2,310.41,2.43,D,0
28.17654,69.85358,343.84,0.38,0.36,2026-02-24,833,N,VIIRS,n,2,309.65,16.56,D,0
28.21704,69.87383,333.48,0.38,0.36,2026-02-24,833,N,VIIRS,l,2,306.21,2.27,D,0
28.24136,69.98959,332.2,0.38,0.36,2026-02-24,833,N,VIIRS,l,2,306.77,2.72,D,0
28.2911,68.46836,338.95,0.39,0.36,2026-02-24,833,N,VIIRS,n,2,306.95,4.68,D,0
28.3549,69.88763,333.52,0.38,0.36,2026-02-24,833,N,VIIRS,n,2,307.03,1.7,D,0
28.36665,70.07848,342.69,0.39,0.36,2026-02-24,833,N,VIIRS,n,2,304.96,2.92,D,0
28.3798,68.34772,331.76,0.39,0.37,2026-02-24,833,N,VIIRS,l,2,306.7,2.27,D,0
28.38375,69.81367,340.23,0.38,0.36,2026-02-24,833,N,VIIRS,n,2,307.43,3.1,D,0
28.44304,69.89067,336.58,0.38,0.36,2026-02-24,833,N,VIIRS,n,2,308.47,4.36,D,0
28.44635,69.89003,335.71,0.38,0.36,2026-02-24,833,N,VIIRS,n,2,306.07,2.82,D,0
28.48148,70.23813,348.35,0.39,0.36,2026-02-24,833,N,VIIRS,n,2,312.15,3.94,D,0
28.49831,70.00887,335.94,0.38,0.36,2026-02-24,833,N,VIIRS,n,2,305.25,1.36,D,0
28.56008,70.37717,332.33,0.39,0.36,2026-02-24,833,N,VIIRS,n,2,303.58,0.74,D,0
28.5807,70.19926,336.6,0.39,0.36,2026-02-24,833,N,VIIRS,n,2,304.87,3.88,D,0
28.61795,70.2205,332.04,0.39,0.36,2026-02-24,833,N,VIIRS,l,2,302.76,2.32,D,0
28.63297,70.00813,343.68,0.39,0.36,2026-02-24,833,N,VIIRS,n,2,304.88,8.64,D,0
28.65016,70.14633,347.46,0.39,0.36,2026-02-24,833,N,VIIRS,n,2,310.02,6.41,D,0
28.93099,69.42556,336.49,0.38,0.36,2026-02-24,833,N,VIIRS,n,2,309.99,1.85,D,0
28.27326,70.12141,297.72,0.43,0.38,2026-02-24,2058,N,VIIRS,n,2,286.95,0.31,N,0
28.40683,69.02786,300.06,0.48,0.4,2026-02-24,2058,N,VIIRS,n,2,287.6,0.86,N,0
28.40808,69.01807,301.56,0.48,0.4,2026-02-24,2058,N,VIIRS,n,2,287.65,0.74,N,0
28.4235,69.69998,311.34,0.45,0.39,2026-02-24,2058,N,VIIRS,n,2,289.41,1.86,N,2
28.93081,69.42411,323.08,0.46,0.39,2026-02-24,2058,N,VIIRS,n,2,288.2,1.35,N,0
26.22461,68.05826,337.46,0.46,0.47,2026-02-25,814,N,VIIRS,n,2,306.28,3.48,D,0
26.23147,68.11441,335.05,0.46,0.47,2026-02-25,814,N,VIIRS,n,2,303.94,2.75,D,0
26.28381,68.17313,333.88,0.46,0.47,2026-02-25,814,N,VIIRS,n,2,302.86,3.79,D,0
26.28577,68.17416,341.18,0.46,0.47,2026-02-25,814,N,VIIRS,n,2,302.84,4.69,D,0
26.38466,68.28629,335.85,0.45,0.47,2026-02-25,814,N,VIIRS,n,2,304.13,1.28,D,0
26.39539,68.25084,332.67,0.45,0.47,2026-02-25,814,N,VIIRS,n,2,302.24,1.71,D,0
26.40673,68.03506,330.7,0.46,0.47,2026-02-25,814,N,VIIRS,l,2,305.69,4.13,D,0
26.44649,68.22982,351.39,0.45,0.47,2026-02-25,814,N,VIIRS,n,2,305.41,7.26,D,0
26.58367,68.07854,341.27,0.46,0.47,2026-02-25,814,N,VIIRS,n,2,304.74,6.75,D,0
26.58403,68.07473,341.09,0.46,0.47,2026-02-25,814,N,VIIRS,n,2,304.73,6.76,D,0
26.58549,68.24319,333.4,0.45,0.47,2026-02-25,814,N,VIIRS,n,2,304.53,2.97,D,0
26.62642,68.04025,335.16,0.46,0.47,2026-02-25,814,N,VIIRS,n,2,304.99,4.43,D,0
26.64341,68.14528,333.42,0.45,0.47,2026-02-25,814,N,VIIRS,n,2,303.16,2.47,D,0
26.67107,68.0386,332.51,0.46,0.47,2026-02-25,814,N,VIIRS,n,2,304.56,2.85,D,0
26.69547,68.03967,335.72,0.46,0.47,2026-02-25,814,N,VIIRS,n,2,303.2,1.92,D,0
26.70923,68.16171,343.15,0.45,0.47,2026-02-25,814,N,VIIRS,n,2,304.67,7.52,D,0
26.71012,68.16616,341.52,0.45,0.47,2026-02-25,814,N,VIIRS,n,2,306.05,10.23,D,0
26.7121,68.16323,367.0,0.45,0.47,2026-02-25,814,N,VIIRS,h,2,307.8,19.57,D,0
26.71436,68.1651,334.01,0.45,0.47,2026-02-25,814,N,VIIRS,n,2,301.25,2.75,D,0
26.82524,68.18259,339.83,0.44,0.46,2026-02-25,814,N,VIIRS,n,2,302.76,2.72,D,0
26.85334,68.18955,341.55,0.44,0.46,2026-02-25,814,N,VIIRS,n,2,302.04,3.53,D,0
26.8777,68.24368,340.3,0.44,0.46,2026-02-25,814,N,VIIRS,n,2,303.8,2.67,D,0
26.92932,68.06871,349.1,0.45,0.47,2026-02-25,814,N,VIIRS,n,2,303.28,6.52,D,0
27.6806,67.71676,338.18,0.46,0.47,2026-02-25,814,N,VIIRS,n,2,309.14,3.56,D,0
27.78656,69.21078,331.3,0.56,0.43,2026-02-25,814,N,VIIRS,l,2,304.26,2.38,D,0
27.78785,68.98701,332.48,0.39,0.44,2026-02-25,814,N,VIIRS,n,2,299.71,3.69,D,0
27.88409,69.09019,334.76,0.57,0.43,2026-02-25,814,N,VIIRS,n,2,304.46,4.42,D,0
27.99105,69.70636,333.76,0.53,0.42,2026-02-25,814,N,VIIRS,n,2,303.31,9.76,D,0
28.05109,69.08899,338.36,0.57,0.43,2026-02-25,814,N,VIIRS,n,2,306.82,5.93,D,0
28.13148,69.44309,338.1,0.54,0.42,2026-02-25,814,N,VIIRS,n,2,306.02,6.2,D,0
28.16102,69.49283,340.57,0.54,0.42,2026-02-25,814,N,VIIRS,n,2,304.97,6.96,D,0
28.24442,69.87973,332.36,0.51,0.41,2026-02-25,814,N,VIIRS,n,2,306.19,3.44,D,0
28.24489,69.87695,333.93,0.51,0.41,2026-02-25,814,N,VIIRS,n,2,305.09,1.88,D,0
28.29326,69.63789,347.63,0.53,0.42,2026-02-25,814,N,VIIRS,n,2,310.44,11.4,D,0
28.36125,69.79484,335.21,0.52,0.41,2026-02-25,814,N,VIIRS,n,2,307.53,4.04,D,0
28.39606,69.9162,335.34,0.51,0.41,2026-02-25,814,N,VIIRS,n,2,307.01,4.95,D,0
28.40116,69.83955,333.96,0.51,0.41,2026-02-25,814,N,VIIRS,n,2,308.12,2.01,D,0
28.43022,69.82714,335.64,0.51,0.41,2026-02-25,814,N,VIIRS,n,2,304.7,3.21,D,0
28.52421,70.07997,335.37,0.5,0.41,2026-02-25,814,N,VIIRS,n,2,307.23,2.58,D,0
28.54733,70.29456,332.26,0.49,0.4,2026-02-25,814,N,VIIRS,n,2,305.28,1.2,D,0
28.54956,70.29697,336.48,0.48,0.4,2026-02-25,814,N,VIIRS,n,2,307.65,5.36,D,0
28.55099,70.2937,333.62,0.49,0.4,2026-02-25,814,N,VIIRS,n,2,306.46,1.2,D,0
28.67489,70.11465,335.16,0.49,0.4,2026-02-25,814,N,VIIRS,n,2,308.14,2.47,D,0
28.67857,70.11378,341.41,0.49,0.4,2026-02-25,814,N,VIIRS,n,2,309.14,22.27,D,0
28.78322,70.2972,346.96,0.48,0.4,2026-02-25,814,N,VIIRS,n,2,311.32,7.78,D,0
28.4232,69.70005,305.43,0.53,0.5,2026-02-25,2039,N,VIIRS,n,2,289.03,1.22,N,2
28.74513,68.07455,297.6,0.34,0.56,2026-02-25,2039,N,VIIRS,n,2,286.6,0.5,N,0
28.93216,69.42317,311.24,0.56,0.52,2026-02-25,2039,N,VIIRS,n,2,287.7,1.99,N,0
26.80308,67.86006,348.3,0.45,0.63,2026-02-26,755,N,VIIRS,n,2,300.87,5.46,D,0
26.80325,67.85953,344.77,0.45,0.63,2026-02-26,755,N,VIIRS,n,2,300.44,4.62,D,0
26.89048,68.39747,347.21,0.41,0.61,2026-02-26,755,N,VIIRS,n,2,302.43,3.45,D,0
26.89598,68.39587,334.87,0.41,0.61,2026-02-26,755,N,VIIRS,n,2,299.64,3.45,D,0
26.99467,68.44992,350.69,0.41,0.6,2026-02-26,755,N,VIIRS,n,2,301.84,5.95,D,0
27.24241,68.32434,333.94,0.41,0.61,2026-02-26,755,N,VIIRS,n,2,297.95,2.01,D,0
27.37462,68.46725,333.21,0.4,0.6,2026-02-26,755,N,VIIRS,n,2,300.08,2.13,D,0
27.4231,68.55051,331.35,0.39,0.6,2026-02-26,755,N,VIIRS,n,2,299.47,2.16,D,0
27.42327,68.55215,339.46,0.39,0.6,2026-02-26,755,N,VIIRS,n,2,297.57,3.16,D,0
27.68053,69.00367,354.52,0.36,0.58,2026-02-26,755,N,VIIRS,n,2,301.63,5.02,D,0
27.73913,68.59587,337.39,0.38,0.59,2026-02-26,755,N,VIIRS,n,2,299.53,3.21,D,0
27.83175,69.0403,331.77,0.36,0.57,2026-02-26,755,N,VIIRS,n,2,300.15,1.97,D,0
27.96932,69.96262,333.52,0.63,0.54,2026-02-26,755,N,VIIRS,l,2,306.83,2.91,D,0
27.97017,69.96423,332.15,0.63,0.54,2026-02-26,755,N,VIIRS,l,2,306.84,1.65,D,0
27.98136,69.37592,339.06,0.34,0.56,2026-02-26,755,N,VIIRS,n,2,301.16,1.69,D,0
28.05276,69.4752,346.27,0.34,0.56,2026-02-26,755,N,VIIRS,n,2,301.01,7.61,D,0
28.05353,69.47858,367.0,0.34,0.56,2026-02-26,755,N,VIIRS,h,2,306.69,7.61,D,0
28.06443,69.59692,332.52,0.33,0.55,2026-02-26,755,N,VIIRS,l,2,302.96,4.96,D,0
28.06519,69.60023,345.93,0.33,0.55,2026-02-26,755,N,VIIRS,n,2,300.8,6.42,D,0
28.06897,69.49928,367.0,0.33,0.56,2026-02-26,755,N,VIIRS,h,2,301.33,8.23,D,0
28.08598,69.37879,332.45,0.34,0.56,2026-02-26,756,N,VIIRS,n,2,300.87,4.9,D,0
28.11849,69.5423,336.14,0.33,0.55,2026-02-26,756,N,VIIRS,n,2,299.81,3.1,D,0
28.13534,69.61529,367.0,0.33,0.55,2026-02-26,756,N,VIIRS,h,2,306.12,9.37,D,0
28.13625,69.5265,341.5,0.33,0.55,2026-02-26,756,N,VIIRS,n,2,300.31,4.18,D,0
28.26626,69.70541,347.05,0.32,0.55,2026-02-26,756,N,VIIRS,n,2,303.74,3.17,D,0
28.2719,69.96175,330.91,0.62,0.54,2026-02-26,756,N,VIIRS,n,2,300.23,3.08,D,0
28.31431,69.68468,352.68,0.32,0.55,2026-02-26,756,N,VIIRS,n,2,301.77,3.84,D,0
28.3689,70.26036,343.53,0.59,0.53,2026-02-26,756,N,VIIRS,n,2,303.58,8.43,D,0
28.36942,69.95228,341.36,0.62,0.54,2026-02-26,756,N,VIIRS,n,2,302.34,10.42,D,0
28.3715,70.2578,340.15,0.59,0.53,2026-02-26,756,N,VIIRS,n,2,302.54,7.97,D,0
28.81054,70.34608,342.34,0.57,0.52,2026-02-26,756,N,VIIRS,n,2,305.44,15.22,D,0
28.81093,70.34664,341.65,0.58,0.52,2026-02-26,756,N,VIIRS,n,2,305.41,11.77,D,0
28.81765,70.39957,331.09,0.57,0.52,2026-02-26,756,N,VIIRS,n,2,301.91,3.74,D,0
28.90743,70.33094,335.31,0.57,0.52,2026-02-26,756,N,VIIRS,n,2,303.53,2.48,D,0
26.28372,67.92352,354.31,0.6,0.71,2026-02-26,936,N,VIIRS,n,2,297.83,8.7,D,0
26.28846,67.92455,342.09,0.6,0.71,2026-02-26,936,N,VIIRS,n,2,296.86,5.47,D,0
26.29746,68.96758,333.9,0.7,0.75,2026-02-26,936,N,VIIRS,n,2,297.17,2.62,D,0
26.47311,68.39664,339.2,0.64,0.72,2026-02-26,936,N,VIIRS,n,2,298.31,9.88,D,0
26.60217,68.20427,342.08,0.63,0.72,2026-02-26,936,N,VIIRS,n,2,298.52,5.08,D,0
26.66672,68.91406,367.0,0.7,0.75,2026-02-26,936,N,VIIRS,h,2,299.13,21.36,D,0
26.66897,68.91623,367.0,0.69,0.75,2026-02-26,936,N,VIIRS,h,2,298.45,19.08,D,0
26.86981,68.43501,332.53,0.65,0.73,2026-02-26,936,N,VIIRS,n,2,297.44,2.63,D,0
27.72613,68.55792,332.14,0.67,0.74,2026-02-26,936,N,VIIRS,n,2,297.67,2.51,D,0
27.77173,69.36574,330.73,0.75,0.77,2026-02-26,936,N,VIIRS,n,2,297.57,3.0,D,0
29.19107,67.75437,342.84,0.62,0.71,2026-02-26,936,N,VIIRS,n,2,304.28,4.3,D,0
29.19415,67.75282,342.8,0.62,0.71,2026-02-26,936,N,VIIRS,n,2,303.09,5.25,D,0
28.93076,69.42052,305.48,0.54,0.68,2026-02-26,2020,N,VIIRS,n,2,286.75,1.24,N,0
28.94984,70.37839,314.39,0.48,0.64,2026-02-26,2020,N,VIIRS,n,2,287.24,1.7,N,0
28.95016,70.37337,299.33,0.48,0.64,2026-02-26,2020,N,VIIRS,n,2,285.43,1.91,N,0
28.42308,69.69522,301.21,0.52,0.67,2026-02-26,2021,N,VIIRS,n,2,288.95,1.23,N,2
28.42353,69.69966,301.69,0.49,0.65,2026-02-26,2201,N,VIIRS,n,2,288.23,1.05,N,2
28.42559,69.70149,302.26,0.49,0.65,2026-02-26,2201,N,VIIRS,n,2,288.97,1.33,N,2
28.93239,69.42406,303.49,0.46,0.63,2026-02-26,2201,N,VIIRS,n,2,287.58,0.93,N,0
27.53772,69.36615,332.89,0.66,0.73,2026-02-27,737,N,VIIRS,n,2,301.56,2.4,D,0
27.53924,69.36654,344.07,0.66,0.73,2026-02-27,737,N,VIIRS,n,2,301.81,6.31,D,0
27.54431,69.36398,330.29,0.66,0.73,2026-02-27,737,N,VIIRS,l,2,302.03,1.73,D,0
28.25991,69.63885,367.0,0.61,0.71,2026-02-27,737,N,VIIRS,h,2,306.83,32.57,D,0
28.26104,69.63464,356.02,0.61,0.71,2026-02-27,737,N,VIIRS,n,2,300.89,17.31,D,0
28.26269,69.64083,367.0,0.61,0.71,2026-02-27,737,N,VIIRS,h,2,303.76,17.31,D,0
28.51873,70.27264,351.26,0.56,0.69,2026-02-27,737,N,VIIRS,n,2,300.23,7.62,D,0
28.52628,70.01151,333.42,0.58,0.69,2026-02-27,737,N,VIIRS,n,2,299.97,3.11,D,0
28.581,70.03445,331.57,0.57,0.69,2026-02-27,737,N,VIIRS,n,2,300.08,3.14,D,0
26.37654,68.34533,343.56,0.32,0.55,2026-02-27,917,N,VIIRS,n,2,304.5,2.58,D,0
26.46058,67.94293,337.19,0.61,0.54,2026-02-27,917,N,VIIRS,n,2,304.21,17.15,D,0
26.55721,68.88387,367.0,0.35,0.57,2026-02-27,917,N,VIIRS,h,2,303.74,8.57,D,0
26.56086,68.88205,367.0,0.35,0.57,2026-02-27,917,N,VIIRS,h,2,301.54,5.72,D,0
26.59737,67.95104,338.65,0.62,0.54,2026-02-27,917,N,VIIRS,n,2,302.68,3.71,D,0
26.59749,67.95104,337.59,0.62,0.54,2026-02-27,917,N,VIIRS,n,2,302.53,7.82,D,0
26.73024,68.14358,330.04,0.32,0.54,2026-02-27,917,N,VIIRS,n,2,303.91,3.82,D,0
26.73109,68.15334,367.0,0.32,0.55,2026-02-27,917,N,VIIRS,h,2,303.97,5.95,D,0
26.7353,68.14301,346.28,0.32,0.54,2026-02-27,917,N,VIIRS,n,2,302.75,3.82,D,0
26.73559,68.14627,367.0,0.32,0.54,2026-02-27,917,N,VIIRS,h,2,302.1,12.95,D,0
26.74206,67.99086,334.23,0.62,0.54,2026-02-27,917,N,VIIRS,n,2,300.82,7.13,D,0
26.77137,68.14571,330.02,0.32,0.54,2026-02-27,917,N,VIIRS,l,2,301.7,1.59,D,0
26.77644,68.14516,339.84,0.32,0.54,2026-02-27,917,N,VIIRS,n,2,299.91,1.59,D,0
26.81774,67.60435,342.95,0.59,0.53,2026-02-27,917,N,VIIRS,n,2,311.54,9.55,D,0
26.99038,67.83831,330.67,0.61,0.54,2026-02-27,917,N,VIIRS,n,2,301.6,3.75,D,0
26.99076,67.83832,330.33,0.61,0.54,2026-02-27,917,N,VIIRS,n,2,301.4,4.27,D,0
27.71421,69.2348,354.93,0.38,0.59,2026-02-27,917,N,VIIRS,n,2,301.4,5.51,D,0
27.86412,68.95307,339.53,0.37,0.58,2026-02-27,917,N,VIIRS,n,2,298.77,3.17,D,0
27.95887,69.67382,335.22,0.41,0.6,2026-02-27,917,N,VIIRS,n,2,299.67,2.26,D,0
28.0805,69.31797,340.7,0.39,0.59,2026-02-27,917,N,VIIRS,n,2,299.87,5.06,D,0
28.0808,69.32203,346.37,0.39,0.59,2026-02-27,917,N,VIIRS,n,2,299.36,7.1,D,0
28.08162,69.32057,367.0,0.39,0.59,2026-02-27,917,N,VIIRS,h,2,299.88,8.48,D,0
28.49868,69.20861,347.66,0.39,0.59,2026-02-27,917,N,VIIRS,n,2,307.42,4.47,D,0
28.49904,69.20519,335.11,0.39,0.59,2026-02-27,917,N,VIIRS,l,2,307.49,3.42,D,0
28.49936,69.20924,341.15,0.39,0.59,2026-02-27,917,N,VIIRS,n,2,307.56,4.28,D,0
29.01218,67.81334,332.29,0.32,0.55,2026-02-27,917,N,VIIRS,l,2,305.38,1.9,D,0
29.01223,70.31406,351.43,0.46,0.63,2026-02-27,917,N,VIIRS,n,2,302.4,5.12,D,0
28.42361,69.70054,304.3,0.51,0.5,2026-02-27,2142,N,VIIRS,n,2,289.43,1.21,N,2
28.9327,69.42394,307.85,0.48,0.48,2026-02-27,2142,N,VIIRS,n,2,288.41,1.55,N,0
26.20213,68.27995,336.67,0.51,0.41,2026-02-28,858,N,VIIRS,n,2,307.04,4.29,D,0
26.21472,69.00691,333.28,0.55,0.43,2026-02-28,858,N,VIIRS,n,2,302.94,4.58,D,0
26.28518,69.00024,343.84,0.55,0.43,2026-02-28,858,N,VIIRS,n,2,308.53,36.34,D,0
26.36374,68.2563,334.55,0.51,0.41,2026-02-28,858,N,VIIRS,l,2,306.24,8.1,D,0
26.42568,68.32033,336.22,0.51,0.41,2026-02-28,858,N,VIIRS,n,2,307.19,10.35,D,0
26.43935,68.08992,331.69,0.5,0.41,2026-02-28,858,N,VIIRS,l,2,306.34,3.22,D,0
26.43948,68.09201,337.89,0.5,0.41,2026-02-28,858,N,VIIRS,n,2,308.04,6.93,D,0
26.43999,68.09495,333.82,0.5,0.41,2026-02-28,858,N,VIIRS,n,2,306.76,3.22,D,0
26.52729,68.11985,338.07,0.5,0.41,2026-02-28,858,N,VIIRS,n,2,310.12,7.63,D,0
26.54725,68.03474,335.24,0.5,0.41,2026-02-28,858,N,VIIRS,n,2,305.43,4.18,D,0
26.54799,68.03706,334.32,0.5,0.41,2026-02-28,858,N,VIIRS,n,2,305.25,2.65,D,0
26.56561,67.99354,334.86,0.5,0.41,2026-02-28,858,N,VIIRS,n,2,306.46,2.57,D,0
26.62377,68.12336,335.78,0.5,0.41,2026-02-28,858,N,VIIRS,n,2,307.31,2.44,D,0
26.65462,68.12389,334.04,0.5,0.41,2026-02-28,858,N,VIIRS,n,2,305.46,6.67,D,0
26.65804,68.12566,339.38,0.5,0.41,2026-02-28,858,N,VIIRS,n,2,305.98,13.95,D,0
26.65839,68.12332,336.73,0.5,0.41,2026-02-28,858,N,VIIRS,n,2,307.57,6.67,D,0
26.69667,67.90958,337.44,0.49,0.41,2026-02-28,858,N,VIIRS,l,2,308.71,5.93,D,0
26.82574,68.11415,335.46,0.51,0.41,2026-02-28,858,N,VIIRS,n,2,305.05,6.96,D,0
26.83601,67.82253,336.37,0.49,0.4,2026-02-28,858,N,VIIRS,n,2,308.25,3.91,D,0
26.83929,67.82512,334.21,0.49,0.4,2026-02-28,858,N,VIIRS,n,2,302.61,2.56,D,0
26.83952,67.9777,347.01,0.5,0.41,2026-02-28,858,N,VIIRS,n,2,306.59,6.65,D,0
26.84467,68.14261,334.24,0.51,0.41,2026-02-28,858,N,VIIRS,n,2,301.19,6.52,D,0
27.26623,68.60632,334.5,0.54,0.42,2026-02-28,858,N,VIIRS,n,2,305.61,6.51,D,0
27.26687,68.61184,331.15,0.54,0.42,2026-02-28,858,N,VIIRS,n,2,302.93,5.55,D,0
27.39005,68.47962,332.99,0.54,0.42,2026-02-28,858,N,VIIRS,n,2,301.95,3.15,D,0
27.76843,69.34402,332.42,0.4,0.44,2026-02-28,858,N,VIIRS,n,2,305.5,1.79,D,0
27.76971,69.34332,332.92,0.4,0.44,2026-02-28,858,N,VIIRS,n,2,305.09,1.93,D,0
27.95826,69.41566,333.83,0.41,0.45,2026-02-28,858,N,VIIRS,n,2,302.03,3.06,D,0
28.17628,69.41651,331.32,0.41,0.45,2026-02-28,858,N,VIIRS,n,2,300.84,1.11,D,0
28.25548,69.62785,337.15,0.42,0.45,2026-02-28,858,N,VIIRS,n,2,306.45,4.3,D,0
28.26296,69.61802,344.31,0.42,0.45,2026-02-28,858,N,VIIRS,n,2,309.61,13.57,D,0
28.31867,69.65911,344.08,0.42,0.46,2026-02-28,858,N,VIIRS,n,2,307.86,2.57,D,0
28.4672,70.21363,336.99,0.46,0.47,2026-02-28,858,N,VIIRS,n,2,301.97,3.88,D,0
28.48846,69.85574,353.76,0.44,0.46,2026-02-28,858,N,VIIRS,n,2,305.77,17.04,D,0
28.49274,69.85517,330.39,0.44,0.46,2026-02-28,858,N,VIIRS,l,2,304.26,3.63,D,0
28.49513,69.83656,334.69,0.44,0.46,2026-02-28,858,N,VIIRS,n,2,304.09,3.48,D,0
28.52565,70.00367,342.18,0.45,0.47,2026-02-28,858,N,VIIRS,n,2,305.93,13.54,D,0
28.75803,70.27808,337.86,0.47,0.48,2026-02-28,858,N,VIIRS,n,2,303.39,5.46,D,0
28.43762,68.79876,301.57,0.41,0.37,2026-02-28,2123,N,VIIRS,n,2,289.52,0.43,N,0
28.52513,68.53795,316.55,0.41,0.37,2026-02-28,2123,N,VIIRS,n,2,290.93,1.7,N,0
28.92916,69.4236,303.05,0.43,0.38,2026-02-28,2123,N,VIIRS,n,2,287.08,0.77,N,0
28.93263,69.42436,304.31,0.43,0.38,2026-02-28,2123,N,VIIRS,n,2,288.68,0.79,N,0
26.33013,68.02399,335.61,0.39,0.36,2026-03-01,839,N,VIIRS,n,2,307.7,3.27,D,0
26.35269,68.19012,338.0,0.39,0.36,2026-03-01,839,N,VIIRS,n,2,304.38,24.41,D,0
26.36557,68.82725,333.0,0.38,0.36,2026-03-01,839,N,VIIRS,n,2,304.91,2.05,D,0
26.36766,68.04929,334.73,0.39,0.36,2026-03-01,839,N,VIIRS,n,2,304.64,13.32,D,0
26.38125,68.20126,335.46,0.39,0.36,2026-03-01,839,N,VIIRS,l,2,310.06,2.52,D,0
26.3878,68.28704,333.34,0.38,0.36,2026-03-01,839,N,VIIRS,l,2,305.6,5.48,D,0
26.58684,68.21709,334.76,0.38,0.36,2026-03-01,839,N,VIIRS,l,2,308.28,3.49,D,0
26.58776,68.11382,334.64,0.39,0.36,2026-03-01,839,N,VIIRS,n,2,303.88,2.76,D,0
26.62644,68.29662,333.73,0.38,0.36,2026-03-01,839,N,VIIRS,l,2,305.61,2.77,D,0
26.66797,68.94551,336.74,0.38,0.36,2026-03-01,839,N,VIIRS,n,2,307.65,3.11,D,0
26.68335,68.20247,339.62,0.38,0.36,2026-03-01,839,N,VIIRS,l,2,314.27,3.83,D,0
26.80883,68.16305,335.28,0.38,0.36,2026-03-01,839,N,VIIRS,n,2,304.99,2.39,D,0
26.82386,68.17205,333.25,0.38,0.36,2026-03-01,839,N,VIIRS,l,2,303.78,4.21,D,0
26.87552,68.39615,330.89,0.38,0.36,2026-03-01,839,N,VIIRS,l,2,305.42,1.75,D,0
26.89747,68.38402,336.88,0.38,0.36,2026-03-01,839,N,VIIRS,n,2,306.9,2.46,D,0
27.18844,68.40765,339.01,0.38,0.36,2026-03-01,839,N,VIIRS,n,2,306.34,7.11,D,0
27.20619,68.65868,345.49,0.38,0.36,2026-03-01,839,N,VIIRS,n,2,307.54,4.44,D,0
27.31585,68.59882,330.45,0.38,0.36,2026-03-01,839,N,VIIRS,l,2,305.29,0.91,D,0
27.36802,68.44955,335.89,0.38,0.36,2026-03-01,839,N,VIIRS,n,2,307.06,2.32,D,0
27.4058,68.72127,333.55,0.38,0.36,2026-03-01,839,N,VIIRS,n,2,303.09,2.76,D,0
27.43219,68.74429,334.1,0.39,0.36,2026-03-01,839,N,VIIRS,n,2,302.42,2.31,D,0
27.4363,68.63579,336.92,0.38,0.36,2026-03-01,839,N,VIIRS,l,2,307.09,3.44,D,0
27.44312,68.65842,332.93,0.38,0.36,2026-03-01,839,N,VIIRS,l,2,307.1,1.63,D,0
27.86011,69.21171,346.68,0.39,0.36,2026-03-01,839,N,VIIRS,n,2,309.88,19.2,D,0
27.86148,69.05764,335.31,0.39,0.36,2026-03-01,839,N,VIIRS,n,2,303.09,2.74,D,0
27.96242,69.29118,331.11,0.39,0.36,2026-03-01,839,N,VIIRS,n,2,302.34,0.98,D,0
28.01495,69.32232,335.25,0.39,0.36,2026-03-01,839,N,VIIRS,n,2,306.6,2.54,D,0
28.02787,69.45914,335.58,0.39,0.36,2026-03-01,839,N,VIIRS,n,2,303.32,4.53,D,0
28.03064,69.45454,335.37,0.39,0.36,2026-03-01,839,N,VIIRS,l,2,306.65,15.0,D,0
28.03122,69.45853,341.62,0.39,0.36,2026-03-01,839,N,VIIRS,n,2,313.11,15.0,D,0
28.07711,69.47936,340.86,0.39,0.37,2026-03-01,839,N,VIIRS,n,2,310.09,7.84,D,0
28.08047,69.47875,337.74,0.39,0.37,2026-03-01,839,N,VIIRS,n,2,305.92,5.52,D,0
28.11992,69.56226,334.26,0.4,0.37,2026-03-01,839,N,VIIRS,n,2,305.41,3.28,D,0
28.24883,69.80967,334.2,0.4,0.37,2026-03-01,839,N,VIIRS,l,2,306.92,3.01,D,0
28.29295,67.42413,342.91,0.39,0.36,2026-03-01,839,N,VIIRS,n,2,309.14,8.51,D,0
28.3231,69.91827,367.0,0.4,0.37,2026-03-01,839,N,VIIRS,h,2,336.97,143.04,D,0
28.32649,69.91768,348.5,0.4,0.37,2026-03-01,839,N,VIIRS,n,2,301.66,18.76,D,0
28.34686,70.08794,331.56,0.41,0.37,2026-03-01,839,N,VIIRS,n,2,301.79,1.46,D,0
28.35044,69.96413,344.83,0.41,0.37,2026-03-01,839,N,VIIRS,n,2,304.01,8.47,D,0
28.35072,69.96476,334.9,0.41,0.37,2026-03-01,839,N,VIIRS,n,2,304.56,6.54,D,0
28.38201,70.06543,334.58,0.41,0.37,2026-03-01,839,N,VIIRS,n,2,303.55,2.78,D,0
28.40245,69.81206,333.53,0.4,0.37,2026-03-01,839,N,VIIRS,n,2,302.4,2.22,D,0
28.49175,70.22622,347.31,0.41,0.37,2026-03-01,839,N,VIIRS,n,2,306.85,6.71,D,0
28.49307,70.2865,337.87,0.41,0.37,2026-03-01,839,N,VIIRS,n,2,305.22,6.79,D,0
28.32209,67.44257,338.47,0.39,0.36,2026-03-01,840,N,VIIRS,l,2,312.08,2.48,D,0
28.74572,70.25824,346.7,0.42,0.37,2026-03-01,840,N,VIIRS,n,2,309.95,11.07,D,0
28.79345,70.32413,335.68,0.42,0.37,2026-03-01,840,N,VIIRS,n,2,303.71,3.83,D,0
29.17002,67.74838,336.8,0.38,0.36,2026-03-01,840,N,VIIRS,l,2,308.67,5.24,D,0
29.17062,67.75231,339.59,0.38,0.36,2026-03-01,840,N,VIIRS,n,2,308.87,5.24,D,0
28.05301,69.37005,302.92,0.41,0.37,2026-03-01,2105,N,VIIRS,n,2,291.18,0.78,N,2
28.42356,69.69873,309.62,0.4,0.37,2026-03-01,2105,N,VIIRS,n,2,290.46,0.97,N,2
28.42694,69.69936,307.26,0.4,0.37,2026-03-01,2105,N,VIIRS,n,2,291.39,0.97,N,2
26.24868,68.19305,332.76,0.56,0.43,2026-03-02,820,N,VIIRS,n,2,304.09,2.64,D,0
26.33241,68.67391,336.9,0.53,0.42,2026-03-02,820,N,VIIRS,l,2,310.48,3.98,D,0
26.37946,68.34927,334.9,0.55,0.42,2026-03-02,820,N,VIIRS,l,2,305.41,45.18,D,0
26.52292,68.35861,335.1,0.54,0.42,2026-03-02,820,N,VIIRS,l,2,305.78,3.54,D,0
26.52465,68.13865,336.25,0.56,0.43,2026-03-02,820,N,VIIRS,n,2,308.92,4.2,D,0
26.52629,68.14066,337.64,0.56,0.43,2026-03-02,820,N,VIIRS,n,2,308.51,4.97,D,0
26.61374,67.92896,336.78,0.57,0.43,2026-03-02,820,N,VIIRS,n,2,308.02,5.09,D,0
26.68979,68.04617,345.98,0.56,0.43,2026-03-02,820,N,VIIRS,n,2,305.29,11.75,D,0
26.69371,68.04525,332.7,0.56,0.43,2026-03-02,820,N,VIIRS,n,2,303.45,4.87,D,0
26.70064,68.1881,333.03,0.55,0.43,2026-03-02,820,N,VIIRS,n,2,305.12,2.82,D,0
26.70317,68.15882,331.19,0.55,0.43,2026-03-02,820,N,VIIRS,n,2,305.83,1.9,D,0
26.74076,68.14737,331.46,0.55,0.43,2026-03-02,820,N,VIIRS,n,2,306.11,3.38,D,0
26.91005,67.84199,338.75,0.57,0.43,2026-03-02,820,N,VIIRS,n,2,305.89,5.91,D,0
27.01126,67.90998,332.64,0.56,0.43,2026-03-02,820,N,VIIRS,l,2,307.23,4.29,D,0
27.25545,68.23802,348.56,0.54,0.42,2026-03-02,820,N,VIIRS,n,2,312.56,10.67,D,0
27.25928,68.23711,341.02,0.54,0.42,2026-03-02,820,N,VIIRS,l,2,314.31,23.27,D,0
27.2603,68.24248,339.03,0.54,0.42,2026-03-02,820,N,VIIRS,l,2,312.86,39.66,D,0
27.26312,68.23621,349.25,0.54,0.42,2026-03-02,820,N,VIIRS,n,2,307.37,23.27,D,0
27.33393,68.54934,332.68,0.52,0.41,2026-03-02,820,N,VIIRS,n,2,304.53,3.65,D,0
27.35176,68.4613,347.48,0.52,0.42,2026-03-02,820,N,VIIRS,n,2,307.55,11.7,D,0
27.35247,68.45824,334.62,0.52,0.42,2026-03-02,820,N,VIIRS,l,2,304.73,11.65,D,0
27.35555,68.4604,346.36,0.52,0.42,2026-03-02,820,N,VIIRS,n,2,304.9,8.34,D,0
27.45557,68.67857,331.54,0.51,0.41,2026-03-02,820,N,VIIRS,l,2,306.0,2.35,D,0
27.45931,68.6777,341.08,0.51,0.41,2026-03-02,820,N,VIIRS,n,2,308.07,8.98,D,0
27.93891,68.22203,333.97,0.52,0.42,2026-03-02,821,N,VIIRS,n,2,304.83,2.81,D,0
27.97204,68.67055,331.21,0.5,0.41,2026-03-02,821,N,VIIRS,n,2,302.25,2.46,D,0
28.03506,68.38202,332.94,0.51,0.41,2026-03-02,821,N,VIIRS,n,2,304.51,2.06,D,0
28.03604,68.38718,342.07,0.51,0.41,2026-03-02,821,N,VIIRS,n,2,303.67,3.5,D,0
28.1473,70.09923,336.06,0.43,0.38,2026-03-02,821,N,VIIRS,n,2,304.83,3.29,D,0
28.28253,69.89756,343.01,0.44,0.38,2026-03-02,821,N,VIIRS,n,2,312.11,31.87,D,0
28.34355,69.9345,332.83,0.44,0.38,2026-03-02,821,N,VIIRS,n,2,306.68,2.36,D,0
28.39144,70.39665,337.98,0.42,0.38,2026-03-02,821,N,VIIRS,n,2,298.3,19.74,D,0
28.42123,69.96472,346.92,0.43,0.38,2026-03-02,821,N,VIIRS,n,2,306.49,6.78,D,0
28.49237,70.10334,336.54,0.43,0.38,2026-03-02,821,N,VIIRS,n,2,307.04,3.53,D,0
28.61613,70.06332,336.96,0.43,0.38,2026-03-02,821,N,VIIRS,n,2,307.56,4.49,D,0
28.62393,70.25469,335.62,0.42,0.38,2026-03-02,821,N,VIIRS,n,2,306.23,3.12,D,0
28.86591,70.31394,336.28,0.42,0.38,2026-03-02,821,N,VIIRS,n,2,308.72,3.51,D,0
27.20306,68.21081,310.87,0.51,0.49,2026-03-02,2046,N,VIIRS,n,2,288.49,1.79,N,0
28.42621,69.69989,312.28,0.43,0.46,2026-03-02,2046,N,VIIRS,n,2,292.5,1.11,N,2
26.20087,68.28133,346.09,0.35,0.57,2026-03-03,801,N,VIIRS,n,2,303.87,4.36,D,0
26.26833,68.24282,333.47,0.35,0.57,2026-03-03,801,N,VIIRS,n,2,306.05,1.44,D,0
26.28026,68.77482,336.24,0.33,0.55,2026-03-03,801,N,VIIRS,n,2,308.65,1.8,D,0
26.29129,68.24754,336.53,0.35,0.57,2026-03-03,801,N,VIIRS,n,2,303.18,1.55,D,0
26.29564,68.24265,346.08,0.35,0.57,2026-03-03,801,N,VIIRS,n,2,304.82,2.65,D,0
26.41285,68.85583,343.78,0.32,0.55,2026-03-03,801,N,VIIRS,n,2,306.01,4.1,D,0
26.46225,68.39749,345.4,0.34,0.56,2026-03-03,801,N,VIIRS,n,2,305.15,4.58,D,0
26.46301,68.40087,354.63,0.34,0.56,2026-03-03,801,N,VIIRS,n,2,308.41,4.58,D,0
26.497,68.37918,332.27,0.34,0.56,2026-03-03,801,N,VIIRS,n,2,304.27,1.3,D,0
26.50368,68.09881,331.45,0.35,0.57,2026-03-03,801,N,VIIRS,n,2,305.02,4.23,D,0
26.50448,68.10233,367.0,0.35,0.57,2026-03-03,801,N,VIIRS,h,2,305.98,4.23,D,0
26.62999,68.05372,343.32,0.35,0.57,2026-03-03,801,N,VIIRS,n,2,305.76,3.58,D,0
26.63084,68.05458,349.53,0.35,0.57,2026-03-03,801,N,VIIRS,n,2,306.15,3.59,D,0
26.71264,68.07909,350.52,0.35,0.57,2026-03-03,801,N,VIIRS,n,2,303.94,3.13,D,0
26.83811,67.97915,339.04,0.35,0.57,2026-03-03,802,N,VIIRS,n,2,304.18,2.8,D,0
26.8539,67.60507,367.0,0.37,0.58,2026-03-03,802,N,VIIRS,h,2,311.33,6.31,D,0
26.85628,67.60492,367.0,0.37,0.58,2026-03-03,802,N,VIIRS,h,2,310.03,6.57,D,0
27.23179,68.39022,344.82,0.33,0.55,2026-03-03,802,N,VIIRS,n,2,301.79,4.45,D,0
27.35225,68.41382,367.0,0.32,0.55,2026-03-03,802,N,VIIRS,h,2,305.25,5.67,D,0
27.36043,68.49738,332.95,0.32,0.55,2026-03-03,802,N,VIIRS,l,2,304.18,1.64,D,0
27.41497,68.64883,330.51,0.63,0.54,2026-03-03,802,N,VIIRS,l,2,304.18,4.56,D,0
27.41517,68.64911,333.59,0.63,0.54,2026-03-03,802,N,VIIRS,n,2,304.48,3.33,D,0
27.73425,68.97646,340.23,0.59,0.53,2026-03-03,802,N,VIIRS,n,2,303.55,6.85,D,0
27.73558,68.98239,336.26,0.59,0.53,2026-03-03,802,N,VIIRS,n,2,304.7,7.37,D,0
27.74035,68.98107,338.79,0.59,0.53,2026-03-03,802,N,VIIRS,n,2,301.58,7.37,D,0
27.75606,69.38802,349.95,0.56,0.51,2026-03-03,802,N,VIIRS,n,2,306.28,13.64,D,0
27.75703,69.10084,341.79,0.58,0.52,2026-03-03,802,N,VIIRS,n,2,304.28,7.2,D,0
27.75889,69.10284,338.6,0.58,0.52,2026-03-03,802,N,VIIRS,n,2,303.03,5.44,D,0
27.79559,69.36534,348.64,0.56,0.51,2026-03-03,802,N,VIIRS,n,2,307.98,33.89,D,0
28.0493,69.09079,333.82,0.57,0.52,2026-03-03,802,N,VIIRS,n,2,308.0,5.31,D,0
28.13692,68.07714,340.25,0.33,0.55,2026-03-03,802,N,VIIRS,n,2,306.7,2.27,D,0
28.13766,68.08044,332.81,0.33,0.55,2026-03-03,802,N,VIIRS,n,2,303.45,2.27,D,0
28.18333,69.8459,339.11,0.51,0.5,2026-03-03,802,N,VIIRS,n,2,305.42,2.49,D,0
28.21779,69.42861,342.93,0.54,0.51,2026-03-03,802,N,VIIRS,n,2,309.39,13.4,D,0
28.38547,69.9211,340.64,0.5,0.49,2026-03-03,802,N,VIIRS,n,2,302.81,7.99,D,0
28.48434,69.8699,331.04,0.5,0.49,2026-03-03,802,N,VIIRS,n,2,304.05,2.57,D,0
28.9404,70.33934,331.53,0.46,0.47,2026-03-03,802,N,VIIRS,n,2,302.07,1.5,D,0
29.02418,70.32343,331.0,0.46,0.47,2026-03-03,802,N,VIIRS,n,2,304.32,1.65,D,0
26.44331,68.06795,355.03,0.76,0.77,2026-03-03,942,N,VIIRS,n,2,302.88,10.27,D,0
26.44486,68.06806,353.48,0.76,0.77,2026-03-03,942,N,VIIRS,n,2,302.32,11.32,D,0
26.25696,68.25193,308.77,0.49,0.65,2026-03-03,2027,N,VIIRS,n,2,292.18,0.82,N,0
27.96828,69.80721,306.87,0.41,0.6,2026-03-03,2027,N,VIIRS,n,2,292.76,0.73,N,0
28.10859,69.64682,308.75,0.42,0.61,2026-03-03,2027,N,VIIRS,n,2,291.41,1.35,N,0
28.10892,69.64247,306.91,0.42,0.61,2026-03-03,2027,N,VIIRS,n,2,290.4,1.68,N,0
28.42529,69.69911,303.87,0.42,0.61,2026-03-03,2027,N,VIIRS,n,2,292.4,1.12,N,2
26.25597,68.25056,302.88,0.49,0.65,2026-03-03,2028,N,VIIRS,n,2,291.78,1.0,N,0
28.05494,69.37124,313.95,0.58,0.7,2026-03-03,2207,N,VIIRS,n,2,290.17,2.3,N,0
28.05652,69.36534,306.89,0.58,0.7,2026-03-03,2207,N,VIIRS,n,2,290.09,2.99,N,0
26.25601,68.25265,308.1,0.56,0.68,2026-03-03,2208,N,VIIRS,n,2,289.76,1.28,N,0
26.25796,68.25694,332.39,0.67,0.73,2026-03-04,743,N,VIIRS,l,2,305.77,5.66,D,0
26.26458,68.25481,333.23,0.67,0.73,2026-03-04,743,N,VIIRS,n,2,306.25,3.24,D,0
26.29244,68.22409,334.1,0.67,0.74,2026-03-04,743,N,VIIRS,n,2,303.15,5.43,D,0
26.2938,68.22188,346.04,0.67,0.74,2026-03-04,743,N,VIIRS,n,2,303.61,6.79,D,0
26.63996,67.98743,335.11,0.68,0.74,2026-03-04,743,N,VIIRS,n,2,304.48,5.99,D,0
26.64597,67.98784,344.86,0.68,0.74,2026-03-04,743,N,VIIRS,n,2,304.07,7.08,D,0
27.69564,68.40532,344.89,0.61,0.71,2026-03-04,743,N,VIIRS,n,2,305.44,6.57,D,0
27.94661,69.30776,333.87,0.53,0.67,2026-03-04,743,N,VIIRS,l,2,303.96,5.72,D,0
27.959,69.35564,336.78,0.53,0.67,2026-03-04,743,N,VIIRS,n,2,304.98,2.79,D,0
28.0512,69.09425,338.44,0.54,0.68,2026-03-04,743,N,VIIRS,n,2,306.22,3.02,D,0
28.05341,69.09364,337.89,0.54,0.68,2026-03-04,743,N,VIIRS,n,2,305.59,3.53,D,0
28.26448,70.09942,367.0,0.47,0.64,2026-03-04,743,N,VIIRS,h,2,304.77,12.55,D,0
28.52185,70.00852,333.65,0.47,0.64,2026-03-04,743,N,VIIRS,n,2,303.29,4.12,D,0
28.56054,70.35478,332.69,0.45,0.63,2026-03-04,743,N,VIIRS,n,2,301.34,4.34,D,0
26.20031,68.27194,367.0,0.4,0.6,2026-03-04,923,N,VIIRS,h,2,308.15,6.69,D,0
26.20066,68.27602,347.48,0.4,0.6,2026-03-04,923,N,VIIRS,n,2,306.84,6.69,D,0
26.2046,68.27586,343.41,0.4,0.6,2026-03-04,923,N,VIIRS,n,2,306.35,7.85,D,0
26.49015,68.11002,367.0,0.39,0.6,2026-03-04,923,N,VIIRS,h,2,312.44,7.55,D,0
26.49159,68.11065,367.0,0.39,0.6,2026-03-04,923,N,VIIRS,h,2,312.17,9.33,D,0
26.54641,68.1128,341.78,0.39,0.6,2026-03-04,923,N,VIIRS,n,2,307.22,2.04,D,0
26.56507,67.93378,336.42,0.38,0.59,2026-03-04,923,N,VIIRS,n,2,307.14,1.76,D,0
26.71087,68.17081,334.71,0.4,0.6,2026-03-04,923,N,VIIRS,l,2,307.51,2.23,D,0
26.713,68.17151,337.77,0.4,0.6,2026-03-04,923,N,VIIRS,n,2,306.85,2.5,D,0
27.30839,68.59435,342.75,0.43,0.62,2026-03-04,923,N,VIIRS,n,2,307.17,3.15,D,0
27.35428,68.36514,336.62,0.42,0.61,2026-03-04,923,N,VIIRS,n,2,306.79,3.09,D,0
27.35567,68.36269,330.9,0.42,0.61,2026-03-04,923,N,VIIRS,n,2,305.08,2.06,D,0
27.4479,68.67048,331.32,0.44,0.62,2026-03-04,923,N,VIIRS,l,2,306.11,1.39,D,0
27.59355,68.35114,353.06,0.42,0.61,2026-03-04,923,N,VIIRS,n,2,313.45,5.77,D,0
27.63772,69.61086,337.49,0.5,0.66,2026-03-04,923,N,VIIRS,l,2,311.19,3.45,D,0
27.6384,69.60911,351.17,0.5,0.66,2026-03-04,923,N,VIIRS,n,2,314.01,4.04,D,0
27.64161,69.39211,347.45,0.48,0.65,2026-03-04,923,N,VIIRS,n,2,309.53,4.35,D,0
27.64229,69.39342,367.0,0.49,0.65,2026-03-04,923,N,VIIRS,h,2,310.43,7.97,D,0
27.96799,69.02094,338.59,0.46,0.64,2026-03-04,923,N,VIIRS,n,2,305.85,6.56,D,0
28.03704,69.14829,334.03,0.47,0.64,2026-03-04,923,N,VIIRS,l,2,306.76,3.57,D,0
28.03285,69.14926,354.71,0.47,0.64,2026-03-04,924,N,VIIRS,n,2,306.53,4.93,D,0
28.05226,68.3272,346.46,0.42,0.61,2026-03-04,924,N,VIIRS,n,2,305.71,3.86,D,0
28.05259,68.3316,332.57,0.42,0.61,2026-03-04,924,N,VIIRS,n,2,304.42,3.86,D,0
28.07538,69.33759,333.19,0.49,0.65,2026-03-04,924,N,VIIRS,n,2,305.61,2.4,D,0
28.50717,69.9798,333.26,0.54,0.68,2026-03-04,924,N,VIIRS,n,2,302.65,2.3,D,0
28.76287,70.25346,333.68,0.56,0.69,2026-03-04,924,N,VIIRS,n,2,301.61,6.94,D,0
28.42749,69.69894,304.55,0.63,0.54,2026-03-04,2148,N,VIIRS,n,2,292.65,1.56,N,2
28.05274,69.37053,301.52,0.62,0.54,2026-03-04,2149,N,VIIRS,n,2,289.29,0.53,N,2
28.4276,69.69893,302.75,0.64,0.54,2026-03-04,2149,N,VIIRS,n,2,292.31,1.77,N,2
26.36486,68.09623,341.5,0.4,0.44,2026-03-05,904,N,VIIRS,n,2,309.85,3.16,D,0
26.55043,68.142,334.75,0.41,0.45,2026-03-05,904,N,VIIRS,l,2,309.73,4.28,D,0
26.60113,68.01197,341.97,0.4,0.44,2026-03-05,904,N,VIIRS,n,2,309.32,3.23,D,0
26.72473,68.1661,335.31,0.41,0.45,2026-03-05,904,N,VIIRS,l,2,306.13,2.63,D,0
26.77914,68.16291,343.38,0.41,0.45,2026-03-05,904,N,VIIRS,n,2,310.99,8.27,D,0
26.81533,68.20966,336.8,0.41,0.45,2026-03-05,904,N,VIIRS,n,2,308.59,2.6,D,0
27.25901,68.63976,350.09,0.44,0.46,2026-03-05,904,N,VIIRS,n,2,311.26,6.96,D,0
27.3127,68.23183,339.96,0.42,0.45,2026-03-05,904,N,VIIRS,n,2,309.67,8.46,D,0
27.31318,68.23611,343.02,0.42,0.45,2026-03-05,904,N,VIIRS,n,2,311.49,8.46,D,0
27.63961,68.41277,347.52,0.43,0.46,2026-03-05,904,N,VIIRS,n,2,313.99,6.09,D,0
27.64009,68.41722,342.73,0.43,0.46,2026-03-05,904,N,VIIRS,n,2,310.69,6.09,D,0
27.64387,68.4122,345.74,0.43,0.46,2026-03-05,904,N,VIIRS,n,2,311.58,33.2,D,0
27.64435,68.41665,338.28,0.43,0.46,2026-03-05,904,N,VIIRS,l,2,309.19,33.2,D,0
27.90529,69.64098,337.16,0.52,0.5,2026-03-05,904,N,VIIRS,n,2,308.66,2.45,D,0
27.87301,67.43745,341.36,0.39,0.44,2026-03-05,905,N,VIIRS,n,2,305.36,6.16,D,0
27.87356,67.4422,367.0,0.39,0.44,2026-03-05,905,N,VIIRS,h,2,310.28,6.16,D,0
27.87702,67.43668,342.33,0.39,0.44,2026-03-05,905,N,VIIRS,n,2,305.36,6.16,D,0
27.87757,67.44141,352.33,0.39,0.44,2026-03-05,905,N,VIIRS,n,2,304.34,6.16,D,0
27.87813,67.44629,345.0,0.39,0.44,2026-03-05,905,N,VIIRS,n,2,303.59,8.6,D,0
27.95494,69.26399,339.83,0.49,0.49,2026-03-05,905,N,VIIRS,n,2,309.03,3.34,D,0
27.95946,69.26344,337.88,0.49,0.49,2026-03-05,905,N,VIIRS,n,2,307.47,3.34,D,0
28.00642,69.12258,343.38,0.48,0.48,2026-03-05,905,N,VIIRS,n,2,312.62,4.89,D,0
28.05364,69.36794,341.97,0.5,0.49,2026-03-05,905,N,VIIRS,n,2,311.95,1.89,D,2
28.28164,70.02794,340.5,0.55,0.51,2026-03-05,905,N,VIIRS,n,2,310.87,3.49,D,0
28.64157,70.11924,353.76,0.56,0.52,2026-03-05,905,N,VIIRS,n,2,312.46,12.82,D,0
28.64638,70.11869,337.53,0.56,0.52,2026-03-05,905,N,VIIRS,n,2,311.53,7.11,D,0
27.85681,67.44383,307.11,0.42,0.38,2026-03-05,2130,N,VIIRS,n,2,292.53,2.71,N,0
27.85764,67.43923,334.47,0.42,0.38,2026-03-05,2130,N,VIIRS,n,2,292.76,2.71,N,0
27.85845,67.43472,305.31,0.42,0.38,2026-03-05,2130,N,VIIRS,n,2,290.2,2.32,N,0
27.86025,67.44462,332.95,0.42,0.38,2026-03-05,2130,N,VIIRS,n,2,294.75,2.71,N,0
27.86107,67.44003,336.84,0.42,0.38,2026-03-05,2130,N,VIIRS,n,2,295.49,2.71,N,0
27.86189,67.43549,326.16,0.42,0.38,2026-03-05,2130,N,VIIRS,n,2,291.63,2.32,N,0
27.86368,67.44542,303.39,0.42,0.38,2026-03-05,2130,N,VIIRS,n,2,291.95,1.2,N,0
27.86627,67.45095,317.79,0.42,0.38,2026-03-05,2130,N,VIIRS,n,2,291.67,1.01,N,0
27.86958,67.43251,304.27,0.42,0.38,2026-03-05,2130,N,VIIRS,n,2,289.3,1.16,N,0
27.87302,67.43327,317.45,0.42,0.38,2026-03-05,2130,N,VIIRS,n,2,290.29,2.22,N,0
27.87397,67.44794,314.59,0.42,0.38,2026-03-05,2130,N,VIIRS,n,2,291.64,1.79,N,0
27.8774,67.44876,302.82,0.42,0.38,2026-03-05,2130,N,VIIRS,n,2,291.58,1.49,N,0
27.87824,67.44405,318.42,0.42,0.38,2026-03-05,2130,N,VIIRS,n,2,292.31,1.49,N,0
27.88084,67.44957,311.66,0.42,0.38,2026-03-05,2130,N,VIIRS,n,2,291.82,1.49,N,0
27.88168,67.44489,327.53,0.42,0.38,2026-03-05,2130,N,VIIRS,n,2,293.82,1.49,N,0
27.88428,67.45035,300.94,0.42,0.38,2026-03-05,2130,N,VIIRS,n,2,289.48,1.08,N,0
27.89193,67.44761,301.97,0.42,0.38,2026-03-05,2130,N,VIIRS,n,2,289.36,0.76,N,0
27.89613,67.44407,304.61,0.42,0.38,2026-03-05,2130,N,VIIRS,n,2,290.45,0.86,N,0
27.89694,67.43951,307.06,0.42,0.38,2026-03-05,2130,N,VIIRS,n,2,291.61,0.86,N,0
27.89773,67.43507,313.29,0.42,0.38,2026-03-05,2130,N,VIIRS,n,2,291.88,1.21,N,0
27.8985,67.43073,306.76,0.42,0.38,2026-03-05,2130,N,VIIRS,n,2,292.67,1.21,N,0
27.90034,67.44051,321.53,0.42,0.38,2026-03-05,2130,N,VIIRS,n,2,291.33,1.57,N,0
27.90112,67.43611,322.0,0.42,0.38,2026-03-05,2130,N,VIIRS,n,2,292.27,2.17,N,0
28.42466,69.6981,314.74,0.52,0.41,2026-03-05,2130,N,VIIRS,n,2,291.56,1.73,N,2
26.22169,68.27073,333.9,0.39,0.36,2026-03-06,845,N,VIIRS,l,2,308.41,3.39,D,0
26.22503,68.27014,334.25,0.39,0.36,2026-03-06,845,N,VIIRS,l,2,307.68,7.91,D,0
26.34339,68.82548,339.07,0.4,0.37,2026-03-06,845,N,VIIRS,l,2,310.99,4.27,D,0
26.49929,68.11369,343.06,0.39,0.36,2026-03-06,845,N,VIIRS,n,2,313.71,2.91,D,0
26.63431,68.04116,339.13,0.39,0.36,2026-03-06,845,N,VIIRS,n,2,310.24,6.85,D,0
26.63648,68.1738,338.14,0.39,0.36,2026-03-06,845,N,VIIRS,n,2,307.69,7.95,D,0
26.69281,68.07589,345.5,0.39,0.36,2026-03-06,845,N,VIIRS,n,2,314.56,20.35,D,0
26.84347,68.01651,334.59,0.39,0.36,2026-03-06,845,N,VIIRS,n,2,306.81,1.68,D,0
27.40589,68.48309,340.38,0.4,0.37,2026-03-06,846,N,VIIRS,n,2,307.32,3.64,D,0
27.85639,67.45762,340.6,0.39,0.36,2026-03-06,846,N,VIIRS,l,2,310.79,5.73,D,0
27.8617,67.45275,334.46,0.39,0.36,2026-03-06,846,N,VIIRS,l,2,308.38,1.99,D,0
27.88921,67.43098,336.58,0.39,0.36,2026-03-06,846,N,VIIRS,l,2,307.77,3.92,D,0
27.90193,67.42477,348.76,0.39,0.36,2026-03-06,846,N,VIIRS,n,2,308.73,6.4,D,0
27.93042,69.31938,336.79,0.43,0.38,2026-03-06,846,N,VIIRS,n,2,309.82,3.16,D,0
27.95331,69.76324,346.25,0.44,0.39,2026-03-06,846,N,VIIRS,n,2,311.54,2.5,D,0
28.00012,68.42675,342.61,0.4,0.37,2026-03-06,846,N,VIIRS,n,2,315.78,7.91,D,0
28.00056,68.42735,349.9,0.4,0.37,2026-03-06,846,N,VIIRS,n,2,315.89,9.46,D,0
28.06582,69.53159,339.67,0.44,0.38,2026-03-06,846,N,VIIRS,l,2,312.26,6.19,D,0
28.1012,69.15376,335.3,0.42,0.38,2026-03-06,846,N,VIIRS,l,2,310.14,3.91,D,0
28.10263,69.1546,343.54,0.42,0.38,2026-03-06,846,N,VIIRS,n,2,311.96,6.03,D,0
28.20245,69.78214,333.63,0.45,0.39,2026-03-06,846,N,VIIRS,l,2,308.48,3.29,D,0
28.32079,69.78255,336.94,0.45,0.39,2026-03-06,846,N,VIIRS,n,2,308.86,1.6,D,0
28.39212,69.71474,345.65,0.45,0.39,2026-03-06,846,N,VIIRS,n,2,315.04,7.03,D,0
28.45776,70.39282,333.1,0.48,0.4,2026-03-06,846,N,VIIRS,n,2,305.65,0.78,D,0
28.46144,70.39224,334.77,0.48,0.4,2026-03-06,846,N,VIIRS,n,2,305.59,4.53,D,0
28.48266,69.83366,344.22,0.45,0.39,2026-03-06,846,N,VIIRS,n,2,317.84,23.06,D,0
28.49166,69.87481,333.73,0.45,0.39,2026-03-06,846,N,VIIRS,l,2,307.35,1.93,D,0
28.58737,70.04279,333.24,0.46,0.39,2026-03-06,846,N,VIIRS,l,2,307.28,3.86,D,0
28.8907,70.35828,337.63,0.48,0.4,2026-03-06,846,N,VIIRS,l,2,309.04,5.51,D,0
28.96032,70.29504,336.09,0.48,0.4,2026-03-06,846,N,VIIRS,l,2,311.02,2.33,D,0
28.964,70.29445,337.39,0.48,0.4,2026-03-06,846,N,VIIRS,l,2,311.16,3.01,D,0
27.83999,67.45401,309.06,0.41,0.37,2026-03-06,2111,N,VIIRS,n,2,294.94,1.2,N,0
27.84343,67.45459,314.2,0.41,0.37,2026-03-06,2111,N,VIIRS,n,2,294.74,1.37,N,0
27.84686,67.45518,318.19,0.41,0.37,2026-03-06,2111,N,VIIRS,n,2,295.15,1.37,N,0
27.90349,67.45246,305.75,0.41,0.37,2026-03-06,2111,N,VIIRS,n,2,293.86,1.1,N,0
27.9075,67.44901,330.06,0.41,0.37,2026-03-06,2111,N,VIIRS,n,2,295.59,2.8,N,0
28.05336,69.37035,305.33,0.38,0.36,2026-03-06,2111,N,VIIRS,n,2,291.99,0.46,N,2
28.42497,69.70216,315.2,0.38,0.36,2026-03-06,2111,N,VIIRS,n,2,293.26,1.05,N,2
28.42559,69.69827,306.67,0.38,0.36,2026-03-06,2111,N,VIIRS,n,2,292.3,1.05,N,2
26.23206,68.24464,333.24,0.47,0.4,2026-03-07,826,N,VIIRS,l,2,305.75,2.02,D,0
26.23213,68.69543,342.58,0.45,0.39,2026-03-07,826,N,VIIRS,n,2,308.62,7.82,D,0
26.23567,68.69467,345.74,0.45,0.39,2026-03-07,826,N,VIIRS,n,2,313.18,7.82,D,0
26.24351,68.66264,335.69,0.45,0.39,2026-03-07,826,N,VIIRS,n,2,310.4,2.5,D,0
26.31273,68.97176,347.84,0.44,0.38,2026-03-07,826,N,VIIRS,n,2,311.36,4.82,D,0
26.44715,67.98255,338.33,0.48,0.4,2026-03-07,826,N,VIIRS,n,2,312.83,5.49,D,0
26.62408,68.18948,336.83,0.46,0.39,2026-03-07,827,N,VIIRS,n,2,311.16,4.71,D,0
26.62913,68.00867,335.86,0.47,0.4,2026-03-07,827,N,VIIRS,n,2,307.77,2.38,D,0
26.66807,68.18456,335.6,0.46,0.39,2026-03-07,827,N,VIIRS,n,2,307.62,3.86,D,0
26.68452,68.10844,336.43,0.47,0.4,2026-03-07,827,N,VIIRS,n,2,310.03,1.93,D,0
26.68742,68.10453,335.63,0.47,0.4,2026-03-07,827,N,VIIRS,l,2,308.2,5.38,D,0
27.33356,68.58617,336.22,0.44,0.38,2026-03-07,827,N,VIIRS,l,2,310.22,4.07,D,0
27.88524,69.9909,348.23,0.4,0.37,2026-03-07,827,N,VIIRS,l,2,322.71,10.95,D,0
28.02308,69.17985,340.79,0.41,0.37,2026-03-07,827,N,VIIRS,n,2,314.02,7.33,D,0
28.1057,69.37806,349.54,0.41,0.37,2026-03-07,827,N,VIIRS,n,2,311.54,7.06,D,0
28.13395,69.31632,335.06,0.41,0.37,2026-03-07,827,N,VIIRS,n,2,305.32,2.6,D,0
28.15803,69.8224,335.2,0.4,0.37,2026-03-07,827,N,VIIRS,l,2,309.03,2.19,D,0
28.16139,69.82169,335.81,0.4,0.37,2026-03-07,827,N,VIIRS,l,2,308.01,5.14,D,0
28.17073,69.83642,347.4,0.4,0.37,2026-03-07,827,N,VIIRS,n,2,311.42,7.92,D,0
28.17859,70.18235,337.98,0.39,0.36,2026-03-07,827,N,VIIRS,l,2,309.9,5.62,D,0
28.34209,70.00075,347.6,0.39,0.36,2026-03-07,827,N,VIIRS,n,2,310.9,5.86,D,0
28.3652,69.88819,340.16,0.4,0.37,2026-03-07,827,N,VIIRS,n,2,309.55,3.09,D,0
28.42599,69.70116,336.05,0.4,0.37,2026-03-07,827,N,VIIRS,n,2,310.86,3.34,D,2
28.43658,69.80767,338.77,0.4,0.37,2026-03-07,827,N,VIIRS,n,2,306.76,2.91,D,0
28.54722,70.075,344.28,0.39,0.36,2026-03-07,827,N,VIIRS,n,2,311.58,12.62,D,0
28.87345,70.28326,336.38,0.39,0.36,2026-03-07,827,N,VIIRS,n,2,306.69,2.88,D,0
28.87677,70.28257,345.99,0.39,0.36,2026-03-07,827,N,VIIRS,n,2,310.71,2.88,D,0
29.18175,68.85225,340.16,0.41,0.37,2026-03-07,827,N,VIIRS,l,2,312.08,3.88,D,0
28.42462,69.69717,309.71,0.53,0.42,2026-03-07,2052,N,VIIRS,n,2,294.31,1.97,N,0
26.2328,68.11404,332.41,0.58,0.52,2026-03-08,808,N,VIIRS,n,2,305.51,3.31,D,0
26.37913,67.94425,335.35,0.59,0.52,2026-03-08,808,N,VIIRS,l,2,305.46,7.86,D,0
26.38141,67.94601,340.95,0.59,0.53,2026-03-08,808,N,VIIRS,n,2,305.95,10.93,D,0
26.39427,68.05255,331.67,0.58,0.52,2026-03-08,808,N,VIIRS,l,2,306.67,2.89,D,0
26.6512,68.02524,343.93,0.57,0.52,2026-03-08,808,N,VIIRS,n,2,304.3,8.71,D,0
27.33468,68.38203,335.29,0.53,0.5,2026-03-08,808,N,VIIRS,n,2,301.93,3.64,D,0
27.94263,69.08759,335.98,0.47,0.47,2026-03-08,808,N,VIIRS,n,2,303.46,2.61,D,0
27.94285,69.089,335.37,0.47,0.47,2026-03-08,808,N,VIIRS,n,2,303.3,3.18,D,0
27.96448,69.23869,341.31,0.46,0.47,2026-03-08,808,N,VIIRS,n,2,305.87,7.22,D,0
27.97601,69.09518,349.6,0.47,0.47,2026-03-08,808,N,VIIRS,n,2,303.78,11.66,D,0
27.98073,69.34033,340.79,0.45,0.47,2026-03-08,808,N,VIIRS,n,2,293.48,3.4,D,0
28.0254,69.43896,341.44,0.44,0.46,2026-03-08,808,N,VIIRS,n,2,291.65,7.47,D,0
28.02714,69.43745,340.01,0.44,0.46,2026-03-08,808,N,VIIRS,n,2,291.01,7.71,D,0
28.02805,69.44192,340.94,0.44,0.46,2026-03-08,808,N,VIIRS,n,2,292.58,7.71,D,0
28.02962,69.43787,341.59,0.44,0.46,2026-03-08,808,N,VIIRS,n,2,290.94,7.47,D,0
28.26267,70.11784,346.34,0.4,0.44,2026-03-08,808,N,VIIRS,n,2,310.17,9.81,D,0
28.32082,69.87914,341.11,0.41,0.45,2026-03-08,808,N,VIIRS,n,2,292.1,3.31,D,0
28.34933,69.6718,341.2,0.42,0.46,2026-03-08,808,N,VIIRS,n,2,293.64,9.99,D,0
28.37082,70.26109,355.05,0.39,0.44,2026-03-08,808,N,VIIRS,n,2,305.29,13.08,D,0
28.39093,70.23505,342.32,0.4,0.44,2026-03-08,808,N,VIIRS,n,2,305.43,7.63,D,0
28.4748,69.94147,342.49,0.41,0.45,2026-03-08,808,N,VIIRS,n,2,303.24,9.55,D,0
28.47887,69.94044,343.61,0.41,0.45,2026-03-08,808,N,VIIRS,n,2,303.74,9.55,D,0
28.49721,70.07342,340.99,0.4,0.44,2026-03-08,808,N,VIIRS,n,2,302.5,2.79,D,0
28.42272,69.6992,306.31,0.33,0.56,2026-03-08,2033,N,VIIRS,n,2,293.34,0.91,N,2
27.9852,69.28881,302.32,0.71,0.75,2026-03-08,2214,N,VIIRS,n,2,290.96,1.49,N,0
26.28159,68.37807,356.02,0.53,0.67,2026-03-09,749,N,VIIRS,n,2,312.85,18.58,D,0
26.28295,68.38336,333.77,0.53,0.67,2026-03-09,749,N,VIIRS,n,2,307.35,16.09,D,0
26.28345,68.37559,346.24,0.53,0.67,2026-03-09,749,N,VIIRS,n,2,306.32,21.58,D,0
26.28478,68.38089,367.0,0.53,0.67,2026-03-09,749,N,VIIRS,h,2,316.28,45.99,D,0
26.28769,68.37624,367.0,0.53,0.67,2026-03-09,749,N,VIIRS,h,2,305.56,18.58,D,0
26.28904,68.38152,335.89,0.53,0.67,2026-03-09,749,N,VIIRS,n,2,309.06,16.09,D,0
26.83643,67.82324,331.04,0.56,0.69,2026-03-09,749,N,VIIRS,n,2,303.66,4.74,D,0
26.83787,67.82881,339.75,0.56,0.69,2026-03-09,749,N,VIIRS,n,2,303.5,4.74,D,0
27.34793,68.48263,333.11,0.5,0.65,2026-03-09,749,N,VIIRS,n,2,305.42,2.98,D,0
27.39146,68.55443,340.24,0.49,0.65,2026-03-09,749,N,VIIRS,n,2,304.43,4.57,D,0
27.70853,69.56616,342.49,0.42,0.61,2026-03-09,749,N,VIIRS,n,2,314.42,5.7,D,0
27.72981,68.80679,333.35,0.47,0.64,2026-03-09,749,N,VIIRS,n,2,306.37,1.62,D,0
27.73344,68.80669,341.23,0.47,0.64,2026-03-09,749,N,VIIRS,n,2,307.78,2.99,D,0
27.74866,69.03442,333.76,0.45,0.63,2026-03-09,749,N,VIIRS,n,2,305.76,3.86,D,0
27.74977,69.03895,342.48,0.45,0.63,2026-03-09,749,N,VIIRS,n,2,307.79,3.86,D,0
27.87408,69.29762,342.46,0.43,0.62,2026-03-09,749,N,VIIRS,n,2,307.81,4.48,D,0
27.97566,69.26254,334.06,0.43,0.62,2026-03-09,749,N,VIIRS,n,2,304.75,2.28,D,0
28.02911,69.62466,367.0,0.41,0.61,2026-03-09,749,N,VIIRS,h,2,309.51,6.79,D,0
28.03059,69.62389,367.0,0.41,0.61,2026-03-09,749,N,VIIRS,h,2,309.33,7.89,D,0
28.03158,69.62804,335.59,0.41,0.61,2026-03-09,749,N,VIIRS,n,2,308.4,8.54,D,0
28.03803,69.34571,334.22,0.43,0.62,2026-03-09,749,N,VIIRS,n,2,304.66,2.65,D,0
28.08881,69.82085,337.17,0.4,0.6,2026-03-09,749,N,VIIRS,n,2,304.01,3.83,D,0
28.19215,69.81943,367.0,0.4,0.6,2026-03-09,749,N,VIIRS,h,2,307.57,7.38,D,0
28.19293,69.81947,367.0,0.4,0.6,2026-03-09,749,N,VIIRS,h,2,307.0,8.49,D,0
28.2268,69.72253,331.1,0.4,0.6,2026-03-09,749,N,VIIRS,l,2,305.05,1.62,D,0
28.30734,69.96265,367.0,0.39,0.59,2026-03-09,749,N,VIIRS,h,2,313.43,13.55,D,0
28.30827,69.96655,335.15,0.39,0.59,2026-03-09,749,N,VIIRS,n,2,307.16,11.94,D,0
28.45165,70.1312,330.95,0.38,0.58,2026-03-09,749,N,VIIRS,n,2,304.35,1.51,D,0
28.5061,70.25493,344.02,0.37,0.58,2026-03-09,749,N,VIIRS,n,2,305.94,3.48,D,0
28.50886,70.25488,354.23,0.37,0.58,2026-03-09,749,N,VIIRS,n,2,307.71,3.86,D,0
28.72142,70.2255,330.92,0.37,0.58,2026-03-09,749,N,VIIRS,l,2,305.61,2.91,D,0
28.72407,70.22366,335.62,0.37,0.58,2026-03-09,749,N,VIIRS,n,2,304.27,3.36,D,0
28.79362,70.39838,333.14,0.36,0.57,2026-03-09,749,N,VIIRS,n,2,302.55,2.75,D,0
28.93753,70.2659,330.37,0.36,0.57,2026-03-09,750,N,VIIRS,n,2,304.48,2.02,D,0
29.16419,67.74911,340.44,0.5,0.65,2026-03-09,750,N,VIIRS,n,2,303.88,2.68,D,0
26.35357,68.79678,330.31,0.54,0.68,2026-03-09,929,N,VIIRS,l,2,303.79,1.36,D,0
26.36472,68.9548,367.0,0.55,0.68,2026-03-09,929,N,VIIRS,h,2,310.51,14.45,D,0
26.36573,68.95379,367.0,0.55,0.68,2026-03-09,929,N,VIIRS,h,2,310.53,9.12,D,0
26.36609,68.95945,333.62,0.55,0.68,2026-03-09,929,N,VIIRS,n,2,307.55,9.12,D,0
26.41042,68.05405,367.0,0.49,0.65,2026-03-09,929,N,VIIRS,h,2,311.15,12.76,D,0
26.65845,68.17009,345.09,0.5,0.66,2026-03-09,929,N,VIIRS,n,2,304.57,4.44,D,0
26.76752,68.14972,341.83,0.5,0.66,2026-03-09,929,N,VIIRS,n,2,304.56,1.8,D,0
26.77365,68.14923,331.92,0.5,0.66,2026-03-09,929,N,VIIRS,n,2,305.05,2.52,D,0
26.8052,68.24586,334.03,0.5,0.66,2026-03-09,929,N,VIIRS,l,2,306.43,2.21,D,0
26.90022,68.01898,332.79,0.49,0.65,2026-03-09,930,N,VIIRS,n,2,306.2,2.58,D,0
28.01982,69.08185,332.03,0.58,0.7,2026-03-09,930,N,VIIRS,l,2,306.42,4.12,D,0
28.08946,69.38561,342.72,0.61,0.71,2026-03-09,930,N,VIIRS,n,2,305.39,5.02,D,0
28.18242,69.55125,340.72,0.62,0.72,2026-03-09,930,N,VIIRS,n,2,305.73,4.21,D,0
28.59495,70.06387,330.44,0.67,0.74,2026-03-09,930,N,VIIRS,n,2,303.65,3.85,D,0
28.59527,70.06507,330.63,0.67,0.74,2026-03-09,930,N,VIIRS,n,2,303.78,2.72,D,0
26.45344,67.93033,344.58,0.45,0.63,2026-03-14,755,N,VIIRS,n,2,304.82,7.13,D,0
26.55039,68.08151,330.68,0.44,0.63,2026-03-14,755,N,VIIRS,l,2,304.75,6.44,D,0
26.57976,68.07758,331.26,0.44,0.62,2026-03-14,755,N,VIIRS,l,2,304.34,1.43,D,0
26.64149,68.17715,353.78,0.43,0.62,2026-03-14,755,N,VIIRS,n,2,304.1,5.97,D,0
26.64546,68.17521,348.57,0.43,0.62,2026-03-14,755,N,VIIRS,n,2,302.6,5.84,D,0
26.64649,68.17954,330.87,0.43,0.62,2026-03-14,755,N,VIIRS,n,2,302.72,5.63,D,0
26.71629,68.94011,332.27,0.39,0.59,2026-03-14,755,N,VIIRS,n,2,303.18,2.18,D,0
27.10081,68.37316,333.45,0.41,0.61,2026-03-14,755,N,VIIRS,n,2,300.96,4.37,D,0
27.32105,68.27908,367.0,0.41,0.61,2026-03-14,755,N,VIIRS,h,2,310.65,5.08,D,0
27.32372,68.27406,345.9,0.41,0.61,2026-03-14,755,N,VIIRS,n,2,303.54,6.65,D,0
27.32474,68.27819,367.0,0.41,0.61,2026-03-14,755,N,VIIRS,h,2,303.98,6.65,D,0
27.32557,68.27327,330.0,0.41,0.61,2026-03-14,755,N,VIIRS,n,2,300.22,5.08,D,0
27.32656,68.27744,344.97,0.41,0.61,2026-03-14,755,N,VIIRS,n,2,300.14,5.08,D,0
27.66612,69.56976,333.6,0.34,0.56,2026-03-14,755,N,VIIRS,l,2,305.59,3.65,D,0
27.6704,69.56485,356.08,0.34,0.56,2026-03-14,755,N,VIIRS,n,2,303.98,3.65,D,0
27.67119,69.56827,345.24,0.34,0.56,2026-03-14,755,N,VIIRS,n,2,305.49,3.65,D,0
27.55308,68.36178,330.77,0.4,0.6,2026-03-14,756,N,VIIRS,l,2,305.56,2.9,D,0
27.74067,68.66232,333.49,0.38,0.59,2026-03-14,756,N,VIIRS,n,2,301.6,1.99,D,0
27.76227,69.06594,340.06,0.36,0.58,2026-03-14,756,N,VIIRS,n,2,303.4,3.25,D,0
27.82965,69.87422,348.21,0.32,0.55,2026-03-14,756,N,VIIRS,n,2,306.41,4.93,D,0
27.8304,69.87749,367.0,0.32,0.55,2026-03-14,756,N,VIIRS,h,2,306.35,4.93,D,0
27.83538,69.87608,367.0,0.32,0.55,2026-03-14,756,N,VIIRS,h,2,307.32,61.44,D,0
28.00709,69.19654,339.93,0.35,0.57,2026-03-14,756,N,VIIRS,n,2,303.92,3.3,D,0
28.04747,69.27523,367.0,0.35,0.57,2026-03-14,756,N,VIIRS,h,2,305.81,7.8,D,0
28.15862,69.42262,347.32,0.34,0.56,2026-03-14,756,N,VIIRS,n,2,303.63,3.24,D,0
28.23093,69.8889,355.26,0.64,0.54,2026-03-14,756,N,VIIRS,n,2,304.54,29.72,D,0
28.32262,69.81102,330.84,0.32,0.55,2026-03-14,756,N,VIIRS,n,2,301.02,0.95,D,0
28.42103,69.96775,343.32,0.62,0.54,2026-03-14,756,N,VIIRS,n,2,304.03,12.3,D,0
28.60995,68.62858,340.97,0.37,0.58,2026-03-14,756,N,VIIRS,n,2,304.82,2.64,D,2
28.61257,68.62875,351.73,0.37,0.58,2026-03-14,756,N,VIIRS,n,2,309.0,2.13,D,2
28.78029,70.28168,332.72,0.59,0.53,2026-03-14,756,N,VIIRS,n,2,300.6,4.88,D,0
28.7827,70.28323,335.01,0.59,0.53,2026-03-14,756,N,VIIRS,n,2,300.1,3.75,D,0
26.23388,68.83942,345.85,0.67,0.74,2026-03-14,936,N,VIIRS,n,2,301.86,6.3,D,0
26.23421,68.84014,338.76,0.67,0.74,2026-03-14,936,N,VIIRS,n,2,301.61,6.22,D,0
27.22208,68.33939,330.98,0.64,0.72,2026-03-14,936,N,VIIRS,n,2,300.88,4.53,D,0
27.22379,68.33751,332.85,0.64,0.72,2026-03-14,936,N,VIIRS,n,2,301.33,6.29,D,0
27.6665,68.49991,356.8,0.66,0.73,2026-03-14,936,N,VIIRS,n,2,304.64,11.8,D,0
27.66693,68.49852,367.0,0.66,0.73,2026-03-14,936,N,VIIRS,h,2,303.8,12.93,D,0
28.42634,69.70148,301.79,0.48,0.65,2026-03-14,2201,N,VIIRS,n,2,289.7,1.09,N,2
26.29667,68.8428,343.55,0.77,0.77,2026-03-15,736,N,VIIRS,n,2,298.19,16.23,D,0
28.66892,70.09867,336.67,0.57,0.69,2026-03-15,737,N,VIIRS,n,2,307.76,5.91,D,0
26.78187,68.19652,332.12,0.64,0.54,2026-03-15,917,N,VIIRS,n,2,293.02,2.45,D,0
26.9652,68.96194,351.12,0.36,0.57,2026-03-15,917,N,VIIRS,n,2,305.13,5.61,D,0
26.96552,68.9656,353.4,0.36,0.57,2026-03-15,917,N,VIIRS,n,2,306.74,5.61,D,0
27.96553,68.37329,336.37,0.34,0.56,2026-03-15,917,N,VIIRS,n,2,302.8,1.65,D,0
28.04252,69.23975,336.8,0.38,0.59,2026-03-15,917,N,VIIRS,n,2,304.04,2.23,D,0
28.04283,69.24369,341.86,0.38,0.59,2026-03-15,917,N,VIIRS,n,2,307.41,4.46,D,0
28.04473,69.26748,337.8,0.38,0.59,2026-03-15,917,N,VIIRS,n,2,308.65,3.11,D,0
28.2602,67.6014,338.88,0.61,0.53,2026-03-15,917,N,VIIRS,l,2,311.63,2.72,D,0
28.2605,67.60068,341.79,0.61,0.53,2026-03-15,917,N,VIIRS,n,2,311.34,4.29,D,0
28.26778,67.57521,338.64,0.6,0.53,2026-03-15,917,N,VIIRS,l,2,312.94,2.99,D,0
28.26825,67.57442,339.5,0.6,0.53,2026-03-15,917,N,VIIRS,l,2,312.63,3.48,D,0
28.28957,67.42142,335.05,0.59,0.53,2026-03-15,917,N,VIIRS,l,2,309.02,2.68,D,0
28.54837,70.06001,334.74,0.43,0.62,2026-03-15,917,N,VIIRS,l,2,309.64,3.38,D,0
28.64946,70.33175,367.0,0.45,0.63,2026-03-15,917,N,VIIRS,h,2,307.0,6.95,D,0
28.64979,70.33647,339.62,0.45,0.63,2026-03-15,917,N,VIIRS,n,2,305.72,6.95,D,0
28.85618,67.61223,340.16,0.62,0.54,2026-03-15,917,N,VIIRS,l,2,313.89,2.97,D,0
29.03677,70.38905,337.09,0.46,0.63,2026-03-15,917,N,VIIRS,n,2,306.75,2.96,D,0
28.42476,69.69872,309.59,0.51,0.49,2026-03-15,2142,N,VIIRS,n,2,289.61,1.64,N,2
28.6119,68.62902,336.04,0.44,0.46,2026-03-15,2142,N,VIIRS,n,2,292.74,1.89,N,2
28.61282,68.6246,302.99,0.44,0.46,2026-03-15,2142,N,VIIRS,n,2,289.09,1.89,N,0
26.67635,67.90554,303.41,0.43,0.46,2026-03-15,2143,N,VIIRS,n,2,290.58,1.15,N,0
26.23454,68.96484,347.84,0.55,0.42,2026-03-16,858,N,VIIRS,n,2,313.95,16.28,D,0
26.41032,67.91415,346.77,0.49,0.4,2026-03-16,858,N,VIIRS,n,2,314.31,7.65,D,0
26.41403,67.91359,343.91,0.49,0.4,2026-03-16,858,N,VIIRS,n,2,312.5,7.65,D,0
26.57265,68.13711,336.64,0.5,0.41,2026-03-16,858,N,VIIRS,l,2,309.89,2.81,D,0
26.57313,68.1393,336.52,0.5,0.41,2026-03-16,858,N,VIIRS,n,2,310.04,2.94,D,0
26.57391,67.92888,334.98,0.49,0.4,2026-03-16,858,N,VIIRS,l,2,309.11,3.25,D,0
26.58332,68.13035,337.52,0.5,0.41,2026-03-16,858,N,VIIRS,n,2,309.82,2.76,D,0
27.5412,68.44398,340.92,0.53,0.42,2026-03-16,858,N,VIIRS,n,2,303.5,8.2,D,0
27.79014,69.19901,346.07,0.39,0.44,2026-03-16,858,N,VIIRS,n,2,302.02,5.75,D,0
27.81084,69.23679,340.84,0.39,0.44,2026-03-16,858,N,VIIRS,n,2,302.33,3.71,D,0
27.81491,69.23622,342.98,0.39,0.44,2026-03-16,858,N,VIIRS,n,2,300.66,5.92,D,0
28.00272,69.26363,342.31,0.4,0.44,2026-03-16,858,N,VIIRS,n,2,297.32,5.4,D,0
28.00316,69.26769,343.15,0.4,0.44,2026-03-16,858,N,VIIRS,n,2,296.88,7.53,D,0
28.05018,69.09769,341.96,0.39,0.44,2026-03-16,858,N,VIIRS,n,2,295.82,6.45,D,0
28.26797,69.89799,333.84,0.43,0.46,2026-03-16,858,N,VIIRS,n,2,293.28,3.21,D,0
28.4221,70.03518,343.77,0.44,0.46,2026-03-16,858,N,VIIRS,n,2,289.3,4.97,D,0
28.4634,70.30834,336.83,0.46,0.47,2026-03-16,858,N,VIIRS,n,2,294.79,3.59,D,0
28.5008,70.1181,337.06,0.45,0.47,2026-03-16,858,N,VIIRS,n,2,291.02,3.73,D,0
28.50099,70.37121,348.43,0.46,0.47,2026-03-16,858,N,VIIRS,n,2,292.2,6.4,D,0
27.9325,69.72785,309.91,0.45,0.39,2026-03-16,2124,N,VIIRS,n,2,255.61,0.4,N,0
28.61227,68.62812,300.26,0.41,0.37,2026-03-16,2124,N,VIIRS,n,2,284.38,0.66,N,2
26.38839,67.92133,344.38,0.39,0.36,2026-03-17,839,N,VIIRS,n,2,308.72,26.48,D,0
26.39171,67.92068,335.45,0.39,0.36,2026-03-17,839,N,VIIRS,n,2,297.34,4.31,D,0
26.52648,68.12963,331.21,0.39,0.36,2026-03-17,839,N,VIIRS,l,2,303.52,3.16,D,0
26.57819,68.37358,336.85,0.38,0.36,2026-03-17,839,N,VIIRS,n,2,305.39,6.93,D,0
27.36447,68.37881,336.6,0.38,0.36,2026-03-17,839,N,VIIRS,n,2,305.24,3.29,D,0
27.52002,68.42467,354.36,0.38,0.36,2026-03-17,839,N,VIIRS,n,2,314.69,23.74,D,0
27.71772,68.56329,344.02,0.38,0.36,2026-03-17,839,N,VIIRS,n,2,303.51,4.73,D,0
27.72103,68.56266,337.67,0.38,0.36,2026-03-17,839,N,VIIRS,n,2,300.57,4.73,D,0
27.93192,69.73003,336.91,0.4,0.37,2026-03-17,839,N,VIIRS,n,2,283.59,3.39,D,0
28.1117,69.47557,331.56,0.39,0.36,2026-03-17,839,N,VIIRS,n,2,296.11,1.71,D,0
28.13361,69.50853,347.03,0.39,0.36,2026-03-17,839,N,VIIRS,n,2,299.53,25.04,D,0
28.22795,68.07281,333.29,0.38,0.36,2026-03-17,840,N,VIIRS,n,2,301.12,1.52,D,0
28.47632,69.88876,335.52,0.4,0.37,2026-03-17,840,N,VIIRS,n,2,301.72,5.78,D,0
28.54811,70.17847,330.29,0.41,0.37,2026-03-17,840,N,VIIRS,n,2,287.96,2.35,D,0
28.65784,70.14244,336.08,0.41,0.37,2026-03-17,840,N,VIIRS,n,2,294.44,5.96,D,0
28.99054,70.33856,336.99,0.42,0.37,2026-03-17,840,N,VIIRS,n,2,303.01,2.69,D,0
27.93266,69.72631,313.22,0.4,0.37,2026-03-17,2105,N,VIIRS,n,2,280.83,1.08,N,0
26.56823,67.92338,346.61,0.38,0.44,2026-03-18,820,N,VIIRS,n,2,290.34,8.06,D,0
26.57617,67.92149,339.8,0.38,0.44,2026-03-18,820,N,VIIRS,n,2,290.13,7.03,D,0
26.76982,67.99725,336.54,0.57,0.43,2026-03-18,820,N,VIIRS,n,2,297.76,6.78,D,0
27.55802,68.36124,351.66,0.53,0.42,2026-03-18,821,N,VIIRS,n,2,305.01,15.03,D,0
27.56182,68.36026,336.76,0.53,0.42,2026-03-18,821,N,VIIRS,n,2,294.26,15.03,D,0
27.78399,69.07339,330.64,0.48,0.4,2026-03-18,821,N,VIIRS,n,2,288.62,6.28,D,0
27.78489,69.07826,334.05,0.48,0.4,2026-03-18,821,N,VIIRS,n,2,292.79,11.94,D,0
27.94939,69.29793,333.35,0.47,0.4,2026-03-18,821,N,VIIRS,n,2,284.49,4.05,D,0
28.01717,69.11455,330.05,0.48,0.4,2026-03-18,821,N,VIIRS,n,2,293.58,2.33,D,0
28.0584,69.79958,337.19,0.52,0.5,2026-03-19,802,N,VIIRS,n,2,285.56,6.91,D,0
28.20285,69.45165,341.72,0.55,0.51,2026-03-19,802,N,VIIRS,n,2,296.48,7.74,D,0
28.20428,69.44875,343.39,0.55,0.51,2026-03-19,802,N,VIIRS,n,2,296.36,9.64,D,0
28.40684,69.82803,349.0,0.51,0.5,2026-03-19,802,N,VIIRS,n,2,286.94,10.75,D,0
28.40756,69.82939,342.52,0.51,0.5,2026-03-19,802,N,VIIRS,n,2,286.73,8.98,D,0
28.05028,69.36792,296.95,0.44,0.62,2026-03-19,2027,N,VIIRS,n,2,285.46,1.12,N,0
28.42253,69.69783,300.21,0.42,0.61,2026-03-19,2027,N,VIIRS,n,2,285.6,0.84,N,2
26.97124,68.41509,350.11,0.63,0.72,2026-03-20,743,N,VIIRS,n,2,294.76,8.03,D,0
26.97349,68.41149,346.01,0.63,0.72,2026-03-20,743,N,VIIRS,n,2,294.07,6.21,D,0
27.99821,69.48539,367.0,0.52,0.67,2026-03-20,743,N,VIIRS,h,2,297.51,14.19,D,0
28.09855,69.47236,333.87,0.52,0.67,2026-03-20,743,N,VIIRS,n,2,296.72,2.91,D,0
28.21276,69.9182,345.66,0.49,0.65,2026-03-20,743,N,VIIRS,n,2,296.24,4.71,D,0
28.55568,69.94728,352.96,0.47,0.64,2026-03-20,743,N,VIIRS,n,2,297.81,8.66,D,0
29.14754,70.35831,334.29,0.44,0.62,2026-03-20,743,N,VIIRS,n,2,296.09,2.66,D,0
29.14905,70.35865,344.77,0.44,0.62,2026-03-20,743,N,VIIRS,n,2,296.07,2.74,D,0
26.48199,68.25376,351.58,0.4,0.6,2026-03-20,923,N,VIIRS,n,2,299.53,4.04,D,0
26.48757,68.25323,338.95,0.4,0.6,2026-03-20,923,N,VIIRS,n,2,297.81,2.07,D,0
27.35006,68.37135,333.03,0.41,0.61,2026-03-20,923,N,VIIRS,n,2,298.01,2.19,D,0
27.93829,69.18176,332.38,0.47,0.64,2026-03-20,924,N,VIIRS,n,2,298.32,2.56,D,0
28.29319,69.71922,335.11,0.51,0.66,2026-03-20,924,N,VIIRS,n,2,297.54,2.75,D,0
26.39016,68.19646,343.34,0.4,0.45,2026-03-21,904,N,VIIRS,n,2,299.65,4.62,D,0
27.37373,68.40015,330.63,0.43,0.46,2026-03-21,905,N,VIIRS,n,2,297.09,1.72,D,0
26.70352,68.88391,331.21,0.5,0.41,2026-03-21,2130,N,VIIRS,n,2,286.68,2.58,N,0
26.70722,68.88477,302.46,0.5,0.41,2026-03-21,2130,N,VIIRS,n,2,286.89,2.58,N,0
26.42228,68.1044,337.74,0.39,0.36,2026-03-22,845,N,VIIRS,n,2,283.68,22.65,D,0
27.34073,68.5024,334.83,0.4,0.37,2026-03-22,846,N,VIIRS,n,2,282.11,5.22,D,0
27.34411,68.5018,339.0,0.4,0.37,2026-03-22,846,N,VIIRS,n,2,287.58,5.22,D,0
27.95532,69.14085,335.28,0.42,0.38,2026-03-22,846,N,VIIRS,n,2,300.9,2.78,D,0
28.14189,69.45892,346.46,0.43,0.38,2026-03-22,846,N,VIIRS,n,2,286.42,11.08,D,0
28.39102,70.01783,339.03,0.46,0.39,2026-03-22,846,N,VIIRS,n,2,289.97,8.41,D,0
28.42279,69.70094,321.49,0.38,0.36,2026-03-22,2111,N,VIIRS,n,2,290.67,2.1,N,2
26.33275,68.37852,345.43,0.46,0.39,2026-03-23,827,N,VIIRS,n,2,303.16,4.1,D,0
26.33341,68.37978,344.79,0.46,0.39,2026-03-23,827,N,VIIRS,n,2,302.76,6.4,D,0
26.43813,67.95936,335.36,0.48,0.4,2026-03-23,827,N,VIIRS,l,2,306.87,7.08,D,0
26.44178,67.95854,336.14,0.48,0.4,2026-03-23,827,N,VIIRS,n,2,305.22,10.38,D,0
26.45833,67.94489,333.3,0.48,0.4,2026-03-23,827,N,VIIRS,n,2,306.05,2.64,D,0
26.46478,67.93848,336.62,0.48,0.4,2026-03-23,827,N,VIIRS,n,2,304.38,2.75,D,0
26.47797,68.24414,334.59,0.47,0.39,2026-03-23,827,N,VIIRS,n,2,305.07,1.95,D,0
26.54011,68.25606,330.61,0.46,0.39,2026-03-23,827,N,VIIRS,l,2,305.24,1.41,D,0
26.57731,67.90305,340.8,0.48,0.4,2026-03-23,827,N,VIIRS,n,2,306.2,4.63,D,0
26.59464,68.01798,336.82,0.47,0.4,2026-03-23,827,N,VIIRS,n,2,306.8,4.06,D,0
26.59552,68.02003,342.26,0.47,0.4,2026-03-23,827,N,VIIRS,n,2,304.92,4.24,D,0
26.68168,68.3324,331.24,0.46,0.39,2026-03-23,827,N,VIIRS,l,2,305.77,1.72,D,0
26.97573,68.40755,334.49,0.45,0.39,2026-03-23,827,N,VIIRS,l,2,307.65,1.74,D,0
27.1107,68.35771,335.13,0.45,0.39,2026-03-23,827,N,VIIRS,n,2,304.22,12.99,D,0
27.47398,68.48187,332.61,0.44,0.39,2026-03-23,827,N,VIIRS,l,2,307.33,2.79,D,0
27.4775,68.48106,339.41,0.44,0.39,2026-03-23,827,N,VIIRS,n,2,307.28,4.06,D,0
27.64094,68.5201,339.66,0.44,0.38,2026-03-23,827,N,VIIRS,l,2,312.54,7.85,D,0
27.9386,68.31477,336.6,0.44,0.39,2026-03-23,827,N,VIIRS,n,2,302.39,4.08,D,0
28.08701,69.7021,336.7,0.4,0.37,2026-03-23,827,N,VIIRS,l,2,307.11,3.38,D,0
28.13806,69.48373,334.38,0.41,0.37,2026-03-23,827,N,VIIRS,l,2,308.68,1.38,D,0
28.33624,69.83149,343.16,0.4,0.37,2026-03-23,827,N,VIIRS,n,2,312.03,4.77,D,0
28.47069,70.16828,339.51,0.39,0.36,2026-03-23,827,N,VIIRS,n,2,309.69,2.89,D,0
28.66698,70.10354,348.94,0.39,0.36,2026-03-23,827,N,VIIRS,n,2,314.2,5.29,D,0
28.71954,70.22472,338.55,0.39,0.36,2026-03-23,827,N,VIIRS,l,2,311.57,5.82,D,0
28.94529,70.37932,341.45,0.39,0.36,2026-03-23,827,N,VIIRS,n,2,308.73,2.94,D,0
28.95977,70.28307,341.61,0.39,0.36,2026-03-23,827,N,VIIRS,n,2,308.77,18.89,D,0
28.96611,70.32272,346.26,0.39,0.36,2026-03-23,827,N,VIIRS,n,2,309.92,4.55,D,0
28.42582,69.70045,304.57,0.53,0.42,2026-03-23,2052,N,VIIRS,n,2,283.98,1.11,N,2
27.39028,68.39787,337.34,0.53,0.5,2026-03-24,808,N,VIIRS,n,2,298.34,3.88,D,0
28.25484,69.62232,334.06,0.43,0.46,2026-03-24,808,N,VIIRS,n,2,300.67,3.06,D,0
28.25551,69.62577,333.1,0.43,0.46,2026-03-24,808,N,VIIRS,n,2,294.53,5.69,D,0
28.60817,68.63613,335.94,0.48,0.48,2026-03-24,809,N,VIIRS,l,2,309.37,0.97,D,0
26.37385,68.94149,332.82,0.49,0.65,2026-03-25,749,N,VIIRS,n,2,299.65,3.61,D,0
27.20875,69.09708,341.88,0.58,0.52,2026-03-26,911,N,VIIRS,n,2,299.9,3.32,D,0
28.25149,70.26779,319.4,0.45,0.47,2026-03-26,2136,N,VIIRS,n,2,287.42,1.98,N,0
28.42562,69.70197,316.0,0.42,0.45,2026-03-26,2136,N,VIIRS,n,2,288.72,1.18,N,2
28.05063,69.37024,316.7,0.41,0.45,2026-03-26,2137,N,VIIRS,n,2,287.78,1.23,N,2
28.05145,69.36617,300.6,0.41,0.45,2026-03-26,2137,N,VIIRS,n,2,288.4,1.23,N,2
28.05467,69.37129,323.02,0.41,0.45,2026-03-26,2137,N,VIIRS,n,2,288.83,1.23,N,0
28.05549,69.36722,303.09,0.41,0.45,2026-03-26,2137,N,VIIRS,n,2,288.83,1.23,N,2
26.64839,68.13023,343.26,0.43,0.38,2026-03-27,852,N,VIIRS,n,2,306.74,6.47,D,0
26.67327,68.02089,334.94,0.43,0.38,2026-03-27,852,N,VIIRS,n,2,303.2,1.01,D,0
26.72383,68.15844,333.62,0.43,0.38,2026-03-27,852,N,VIIRS,n,2,303.3,1.66,D,0
26.77532,68.14104,334.47,0.43,0.38,2026-03-27,852,N,VIIRS,n,2,303.59,4.14,D,0
26.91592,68.25507,332.38,0.44,0.38,2026-03-27,852,N,VIIRS,l,2,304.18,2.54,D,0
27.38187,68.38919,335.51,0.45,0.39,2026-03-27,852,N,VIIRS,l,2,306.52,4.09,D,0
27.39843,68.46074,340.93,0.45,0.39,2026-03-27,852,N,VIIRS,n,2,306.61,8.32,D,0
27.58028,68.98494,344.0,0.48,0.4,2026-03-27,852,N,VIIRS,n,2,310.28,23.81,D,0
27.80777,68.61712,337.32,0.46,0.39,2026-03-27,852,N,VIIRS,n,2,304.23,3.26,D,0
27.80809,68.61865,336.92,0.46,0.39,2026-03-27,852,N,VIIRS,n,2,304.4,3.78,D,0
27.96457,69.15083,338.67,0.49,0.4,2026-03-27,852,N,VIIRS,n,2,304.55,4.69,D,0
28.0536,69.37199,335.19,0.5,0.41,2026-03-27,852,N,VIIRS,l,2,305.21,0.89,D,2
28.10317,69.14972,341.43,0.49,0.4,2026-03-27,852,N,VIIRS,n,2,304.79,12.09,D,0
28.36279,70.24723,335.13,0.56,0.43,2026-03-27,853,N,VIIRS,n,2,303.82,8.05,D,0
28.36423,69.91493,337.37,0.54,0.42,2026-03-27,853,N,VIIRS,n,2,304.67,3.32,D,0
28.3661,70.2409,334.8,0.56,0.43,2026-03-27,853,N,VIIRS,n,2,302.66,16.03,D,0
28.36676,70.24665,333.74,0.56,0.43,2026-03-27,853,N,VIIRS,n,2,303.01,8.05,D,0
28.37916,69.90711,336.45,0.54,0.42,2026-03-27,853,N,VIIRS,n,2,304.35,9.26,D,0
29.00287,70.01911,335.61,0.55,0.43,2026-03-27,853,N,VIIRS,l,2,309.78,1.48,D,0
26.68153,68.05483,306.61,0.38,0.36,2026-03-27,2118,N,VIIRS,n,2,291.01,0.43,N,0
26.98828,68.48717,303.77,0.39,0.36,2026-03-27,2118,N,VIIRS,n,2,285.61,0.94,N,0
28.05211,69.37027,310.44,0.39,0.36,2026-03-27,2118,N,VIIRS,n,2,292.33,0.44,N,2
28.42456,69.70235,310.3,0.4,0.37,2026-03-27,2118,N,VIIRS,n,2,291.27,1.16,N,2
28.42524,69.69833,305.61,0.4,0.37,2026-03-27,2118,N,VIIRS,n,2,291.13,1.16,N,2
28.6764,70.28181,306.16,0.41,0.37,2026-03-27,2118,N,VIIRS,n,2,283.38,0.69,N,0
27.3642,68.43502,335.9,0.4,0.37,2026-03-28,833,N,VIIRS,n,2,300.59,2.94,D,0
28.05243,69.36884,337.26,0.39,0.36,2026-03-28,834,N,VIIRS,n,2,296.69,2.92,D,2
28.76159,70.11438,330.71,0.39,0.36,2026-03-28,834,N,VIIRS,n,2,295.42,2.08,D,0
28.97178,70.36344,330.22,0.39,0.36,2026-03-28,834,N,VIIRS,n,2,296.87,2.66,D,0
29.00093,70.01645,348.77,0.39,0.36,2026-03-28,834,N,VIIRS,n,2,303.88,9.29,D,0
28.05231,69.36781,298.42,0.46,0.39,2026-03-28,2059,N,VIIRS,n,2,262.54,0.31,N,2
26.21686,68.25011,349.23,0.45,0.47,2026-03-29,814,N,VIIRS,n,2,302.49,14.16,D,0
26.29599,69.00031,342.85,0.41,0.45,2026-03-29,814,N,VIIRS,n,2,307.81,6.88,D,0
26.29772,69.0002,346.06,0.41,0.45,2026-03-29,814,N,VIIRS,n,2,309.81,8.1,D,0
26.36243,68.64829,344.52,0.43,0.46,2026-03-29,814,N,VIIRS,n,2,313.12,4.99,D,0
26.55278,68.22348,338.41,0.45,0.47,2026-03-29,815,N,VIIRS,n,2,307.65,2.68,D,0
27.39355,68.54327,332.52,0.42,0.45,2026-03-29,815,N,VIIRS,l,2,306.68,2.11,D,0
27.398,68.42921,333.83,0.42,0.45,2026-03-29,815,N,VIIRS,l,2,308.38,2.41,D,0
27.44678,68.41253,342.68,0.42,0.45,2026-03-29,815,N,VIIRS,n,2,305.05,5.2,D,0
27.59064,68.78027,341.62,0.4,0.44,2026-03-29,815,N,VIIRS,n,2,307.46,4.27,D,0
27.78759,68.90308,342.55,0.39,0.44,2026-03-29,815,N,VIIRS,n,2,302.94,4.17,D,0
28.05143,69.37175,332.77,0.55,0.43,2026-03-29,815,N,VIIRS,n,2,302.68,1.92,D,2
28.38007,69.65612,334.39,0.53,0.42,2026-03-29,815,N,VIIRS,n,2,301.32,3.61,D,0
28.67609,70.30569,334.35,0.48,0.4,2026-03-29,815,N,VIIRS,n,2,299.01,2.32,D,0
28.05069,69.36903,311.23,0.56,0.51,2026-03-29,2040,N,VIIRS,n,2,291.08,2.68,N,2
26.29278,69.00674,344.19,0.39,0.59,2026-03-30,756,N,VIIRS,n,2,305.84,5.61,D,0
26.37353,68.24767,335.69,0.43,0.62,2026-03-30,756,N,VIIRS,n,2,306.16,2.2,D,0
26.37469,68.24554,334.44,0.43,0.62,2026-03-30,756,N,VIIRS,n,2,306.41,2.46,D,0
26.59915,68.27631,349.39,0.43,0.62,2026-03-30,756,N,VIIRS,n,2,311.4,9.91,D,0
26.60157,68.27626,337.74,0.43,0.62,2026-03-30,756,N,VIIRS,n,2,306.0,8.74,D,0
26.60483,67.89195,367.0,0.45,0.63,2026-03-30,756,N,VIIRS,h,2,307.9,10.34,D,0
26.60592,67.89644,355.09,0.45,0.63,2026-03-30,756,N,VIIRS,n,2,309.16,13.14,D,0
26.60981,67.89085,354.48,0.45,0.63,2026-03-30,756,N,VIIRS,n,2,311.51,31.04,D,0
26.61053,67.89027,356.09,0.45,0.63,2026-03-30,756,N,VIIRS,n,2,306.23,17.49,D,0
26.61092,67.89531,336.51,0.45,0.63,2026-03-30,756,N,VIIRS,n,2,305.26,21.72,D,0
26.61162,67.89476,350.0,0.45,0.63,2026-03-30,756,N,VIIRS,n,2,305.41,16.53,D,0
27.87511,69.21314,336.12,0.35,0.57,2026-03-30,756,N,VIIRS,n,2,302.89,1.11,D,0
28.05379,69.36876,330.62,0.34,0.56,2026-03-30,756,N,VIIRS,l,2,302.82,1.23,D,2
28.44717,70.08812,343.45,0.61,0.53,2026-03-30,756,N,VIIRS,n,2,303.71,13.53,D,0
28.45137,70.08925,356.06,0.61,0.53,2026-03-30,756,N,VIIRS,n,2,301.81,17.66,D,0
28.45201,70.08676,342.69,0.61,0.53,2026-03-30,756,N,VIIRS,n,2,299.32,9.67,D,0
28.57858,69.86351,333.12,0.62,0.54,2026-03-30,756,N,VIIRS,n,2,298.02,3.22,D,0
26.45623,68.0819,332.96,0.61,0.71,2026-03-30,936,N,VIIRS,n,2,307.37,1.72,D,0
26.75265,68.93391,367.0,0.69,0.74,2026-03-30,936,N,VIIRS,h,2,306.64,18.19,D,0
26.75304,68.94119,338.93,0.69,0.74,2026-03-30,936,N,VIIRS,n,2,301.99,13.41,D,0
28.05049,69.3638,306.88,0.54,0.68,2026-03-30,2021,N,VIIRS,n,2,290.52,1.38,N,2
28.0532,69.3615,301.78,0.54,0.68,2026-03-30,2021,N,VIIRS,n,2,290.9,1.27,N,0
28.83937,70.30092,331.16,0.55,0.68,2026-03-31,738,N,VIIRS,n,2,297.75,5.22,D,0
26.6119,67.98891,340.33,0.62,0.54,2026-03-31,918,N,VIIRS,n,2,299.76,16.94,D,0
26.61247,67.99524,342.04,0.62,0.54,2026-03-31,918,N,VIIRS,n,2,297.65,16.94,D,0
28.45155,69.87791,338.19,0.42,0.61,2026-03-31,918,N,VIIRS,n,2,300.99,2.83,D,0
26.59189,67.93117,331.4,0.49,0.4,2026-04-01,859,N,VIIRS,n,2,279.82,3.58,D,0
28.20133,70.33525,340.31,0.46,0.47,2026-04-01,859,N,VIIRS,n,2,290.45,4.39,D,0
28.05168,69.36972,301.18,0.43,0.38,2026-04-01,2124,N,VIIRS,n,2,282.86,0.57,N,2
28.42487,69.70062,318.64,0.44,0.39,2026-04-01,2124,N,VIIRS,n,2,290.52,1.78,N,2
28.42582,69.69977,319.94,0.4,0.37,2026-04-02,2105,N,VIIRS,n,2,286.32,1.53,N,2
28.05194,69.36658,296.38,0.41,0.37,2026-04-02,2106,N,VIIRS,n,2,278.29,0.17,N,2
28.05278,69.36657,302.95,0.45,0.47,2026-04-03,2047,N,VIIRS,n,2,285.69,0.75,N,2
28.42587,69.69845,313.26,0.43,0.46,2026-04-03,2047,N,VIIRS,n,2,285.46,1.11,N,2
26.34363,68.71143,333.08,0.33,0.55,2026-04-04,802,N,VIIRS,l,2,304.94,1.49,D,0
26.39991,68.42467,330.62,0.34,0.56,2026-04-04,802,N,VIIRS,l,2,304.89,1.5,D,0
26.4251,68.39265,367.0,0.34,0.56,2026-04-04,802,N,VIIRS,h,2,307.86,8.05,D,0
26.42581,68.39089,367.0,0.34,0.56,2026-04-04,802,N,VIIRS,h,2,305.74,5.16,D,0
26.42658,68.39426,333.93,0.34,0.56,2026-04-04,802,N,VIIRS,n,2,302.3,5.16,D,0
26.9839,68.49639,333.14,0.33,0.55,2026-04-04,802,N,VIIRS,n,2,299.58,1.73,D,0
26.98793,68.49718,333.92,0.33,0.55,2026-04-04,802,N,VIIRS,n,2,299.35,3.56,D,0
27.46626,68.41724,337.1,0.32,0.55,2026-04-04,803,N,VIIRS,n,2,298.61,1.95,D,0
27.46935,69.14159,346.23,0.58,0.52,2026-04-04,803,N,VIIRS,n,2,297.9,8.51,D,0
27.47195,69.13857,337.19,0.58,0.52,2026-04-04,803,N,VIIRS,n,2,301.58,7.81,D,0
28.43983,69.98679,337.53,0.5,0.49,2026-04-04,803,N,VIIRS,n,2,298.84,3.29,D,0
28.60852,69.98037,334.15,0.49,0.49,2026-04-04,803,N,VIIRS,n,2,299.55,3.37,D,0
28.61294,69.97916,332.88,0.49,0.49,2026-04-04,803,N,VIIRS,n,2,299.35,2.19,D,0
28.61736,69.97797,333.34,0.49,0.49,2026-04-04,803,N,VIIRS,n,2,296.78,2.19,D,0
28.6184,69.98296,335.34,0.49,0.49,2026-04-04,803,N,VIIRS,n,2,296.82,6.8,D,0
28.62114,69.98453,331.16,0.49,0.49,2026-04-04,803,N,VIIRS,n,2,296.1,2.72,D,0
28.62433,69.94432,334.07,0.5,0.49,2026-04-04,803,N,VIIRS,n,2,300.18,8.03,D,0
28.62576,69.94103,336.53,0.49,0.49,2026-04-04,803,N,VIIRS,n,2,299.95,6.04,D,0
28.62684,69.94604,344.93,0.49,0.49,2026-04-04,803,N,VIIRS,n,2,301.58,6.04,D,0
28.62876,69.94311,354.17,0.5,0.49,2026-04-04,803,N,VIIRS,n,2,303.45,8.03,D,0
28.62981,69.94813,333.25,0.49,0.49,2026-04-04,803,N,VIIRS,n,2,300.98,10.84,D,0
28.63127,69.94484,344.39,0.49,0.49,2026-04-04,803,N,VIIRS,n,2,301.08,9.72,D,0
28.63223,69.97099,347.53,0.49,0.49,2026-04-04,803,N,VIIRS,n,2,301.02,7.01,D,0
28.63399,69.96815,344.85,0.49,0.49,2026-04-04,803,N,VIIRS,n,2,303.96,11.47,D,0
28.63868,70.03528,351.48,0.49,0.48,2026-04-04,803,N,VIIRS,n,2,299.69,7.07,D,0
28.66089,69.97379,342.88,0.49,0.49,2026-04-04,803,N,VIIRS,n,2,298.6,4.29,D,0
28.70464,70.00397,334.17,0.49,0.49,2026-04-04,803,N,VIIRS,n,2,299.41,3.13,D,0
28.72128,70.17047,336.61,0.48,0.48,2026-04-04,803,N,VIIRS,n,2,298.29,5.64,D,0
28.72231,70.17532,335.29,0.48,0.48,2026-04-04,803,N,VIIRS,n,2,298.2,4.5,D,0
28.75139,70.11609,340.62,0.48,0.48,2026-04-04,803,N,VIIRS,n,2,298.06,7.81,D,0
28.81548,70.12123,330.17,0.48,0.48,2026-04-04,803,N,VIIRS,n,2,300.07,3.83,D,0
28.05155,69.3681,298.95,0.43,0.62,2026-04-04,2028,N,VIIRS,n,2,286.58,0.34,N,2
28.42396,69.69778,306.74,0.42,0.61,2026-04-04,2028,N,VIIRS,n,2,287.74,1.01,N,2
28.42426,69.69866,297.89,0.6,0.71,2026-04-04,2208,N,VIIRS,n,2,286.03,0.7,N,2
27.57271,67.79836,332.48,0.66,0.73,2026-04-05,744,N,VIIRS,n,2,289.82,4.62,D,0
27.9461,69.05879,336.71,0.55,0.68,2026-04-05,744,N,VIIRS,n,2,295.02,3.95,D,0
28.0504,69.3709,339.33,0.52,0.67,2026-04-05,744,N,VIIRS,n,2,297.04,3.79,D,2
28.12405,67.71691,338.81,0.64,0.72,2026-04-05,744,N,VIIRS,n,2,290.83,7.65,D,0
28.12775,67.71734,349.26,0.64,0.72,2026-04-05,744,N,VIIRS,n,2,290.61,7.51,D,0
28.16507,69.46358,341.0,0.51,0.66,2026-04-05,744,N,VIIRS,n,2,294.57,2.5,D,0
28.53705,69.70695,341.07,0.49,0.65,2026-04-05,744,N,VIIRS,n,2,298.76,4.61,D,0
28.53903,69.70749,347.79,0.48,0.65,2026-04-05,744,N,VIIRS,n,2,298.73,3.63,D,0
28.56856,69.93189,339.87,0.47,0.64,2026-04-05,744,N,VIIRS,n,2,299.29,3.09,D,0
28.58371,69.94249,367.0,0.47,0.64,2026-04-05,744,N,VIIRS,h,2,297.89,9.06,D,0
28.58582,69.93748,333.73,0.47,0.64,2026-04-05,744,N,VIIRS,n,2,296.54,3.05,D,0
28.59407,69.934,336.74,0.47,0.64,2026-04-05,744,N,VIIRS,n,2,296.72,2.13,D,0
28.62652,70.07174,331.31,0.46,0.63,2026-04-05,744,N,VIIRS,n,2,297.03,2.74,D,0
28.64115,70.03187,334.27,0.46,0.64,2026-04-05,744,N,VIIRS,n,2,299.01,4.41,D,0
28.69427,70.07035,346.64,0.46,0.63,2026-04-05,744,N,VIIRS,n,2,299.47,4.79,D,0
28.76617,70.08897,340.52,0.46,0.63,2026-04-05,744,N,VIIRS,n,2,297.81,4.03,D,0
28.76639,70.08727,338.97,0.46,0.63,2026-04-05,744,N,VIIRS,n,2,297.14,4.43,D,0
28.77539,70.10097,331.62,0.45,0.63,2026-04-05,744,N,VIIRS,n,2,297.4,1.38,D,0
28.85642,70.20346,345.87,0.45,0.63,2026-04-05,744,N,VIIRS,n,2,297.74,4.91,D,0
28.85755,70.20799,331.12,0.45,0.63,2026-04-05,744,N,VIIRS,n,2,297.02,6.07,D,0
29.18468,70.34395,346.55,0.43,0.62,2026-04-05,744,N,VIIRS,n,2,298.73,5.5,D,0
27.98688,69.827,335.28,0.52,0.67,2026-04-05,924,N,VIIRS,n,2,299.44,3.5,D,0
28.34209,69.60561,335.25,0.51,0.66,2026-04-05,924,N,VIIRS,n,2,296.14,2.86,D,0
28.47333,69.82333,331.21,0.52,0.67,2026-04-05,925,N,VIIRS,n,2,297.86,3.78,D,0
28.47925,69.81735,343.89,0.52,0.67,2026-04-05,925,N,VIIRS,n,2,297.45,3.78,D,0
28.48236,69.81605,333.42,0.52,0.67,2026-04-05,925,N,VIIRS,n,2,295.51,3.16,D,0
28.50034,70.25786,367.0,0.56,0.69,2026-04-05,925,N,VIIRS,h,2,299.37,7.19,D,0
28.5008,70.25714,367.0,0.56,0.69,2026-04-05,925,N,VIIRS,h,2,298.79,9.81,D,0
28.50418,69.7589,337.33,0.52,0.67,2026-04-05,925,N,VIIRS,n,2,297.46,2.36,D,0
28.59373,69.93532,341.18,0.53,0.67,2026-04-05,925,N,VIIRS,n,2,298.26,2.68,D,0
28.76686,70.13927,367.0,0.55,0.68,2026-04-05,925,N,VIIRS,h,2,298.75,11.84,D,0
28.90482,70.38571,341.22,0.57,0.69,2026-04-05,925,N,VIIRS,n,2,296.76,5.09,D,0
28.18165,68.66069,302.01,0.56,0.52,2026-04-05,2150,N,VIIRS,n,2,287.39,1.48,N,0
26.57047,68.15018,332.86,0.41,0.45,2026-04-06,905,N,VIIRS,n,2,298.54,1.64,D,0
26.7005,67.90836,332.19,0.4,0.44,2026-04-06,905,N,VIIRS,n,2,301.78,2.58,D,0
27.7409,67.58249,336.68,0.39,0.44,2026-04-06,906,N,VIIRS,n,2,302.78,1.39,D,0
28.23193,69.52657,337.67,0.52,0.5,2026-04-06,906,N,VIIRS,n,2,302.45,3.14,D,0
28.50992,69.76359,344.0,0.54,0.51,2026-04-06,906,N,VIIRS,n,2,304.36,4.25,D,0
28.51047,69.76918,335.77,0.54,0.51,2026-04-06,906,N,VIIRS,n,2,304.22,8.5,D,0
28.512,69.76672,336.84,0.54,0.51,2026-04-06,906,N,VIIRS,n,2,303.64,4.47,D,0
28.5125,69.77233,342.9,0.54,0.51,2026-04-06,906,N,VIIRS,n,2,304.25,4.28,D,0
28.54136,70.24374,353.85,0.57,0.52,2026-04-06,906,N,VIIRS,n,2,299.97,12.73,D,0
28.55168,69.83576,343.63,0.54,0.51,2026-04-06,906,N,VIIRS,n,2,301.88,12.58,D,0
28.56481,69.92609,340.34,0.55,0.51,2026-04-06,906,N,VIIRS,n,2,304.6,5.5,D,0
28.78254,70.18937,333.24,0.57,0.52,2026-04-06,906,N,VIIRS,n,2,295.83,1.63,D,0
28.0452,68.90853,306.82,0.48,0.4,2026-04-06,2131,N,VIIRS,n,2,288.21,1.11,N,0
28.42399,69.7009,305.42,0.52,0.41,2026-04-06,2131,N,VIIRS,n,2,286.05,1.22,N,2
26.56506,68.43601,341.03,0.4,0.37,2026-04-07,846,N,VIIRS,n,2,308.19,3.81,D,0
28.0449,69.91297,336.73,0.45,0.39,2026-04-07,847,N,VIIRS,n,2,301.13,4.11,D,0
28.25361,69.58361,346.96,0.44,0.38,2026-04-07,847,N,VIIRS,n,2,303.7,8.75,D,0
28.26648,69.19238,339.35,0.43,0.38,2026-04-07,847,N,VIIRS,n,2,308.85,2.84,D,0
28.39507,69.67305,334.01,0.45,0.39,2026-04-07,847,N,VIIRS,n,2,301.37,1.4,D,0
28.3969,69.67391,337.2,0.45,0.39,2026-04-07,847,N,VIIRS,n,2,302.78,2.01,D,0
28.51907,69.77128,334.68,0.45,0.39,2026-04-07,847,N,VIIRS,n,2,299.8,2.43,D,0
28.52079,69.7727,332.14,0.45,0.39,2026-04-07,847,N,VIIRS,n,2,299.9,1.75,D,0
28.6016,69.94569,330.3,0.46,0.39,2026-04-07,847,N,VIIRS,n,2,298.57,2.77,D,0
28.4241,69.70238,315.16,0.38,0.36,2026-04-07,2112,N,VIIRS,n,2,288.75,1.09,N,2
28.42471,69.69849,299.95,0.38,0.36,2026-04-07,2112,N,VIIRS,n,2,288.43,0.99,N,2
27.34439,68.66826,346.26,0.43,0.38,2026-04-08,828,N,VIIRS,n,2,312.89,6.07,D,0
27.4861,67.81966,337.69,0.47,0.39,2026-04-08,828,N,VIIRS,l,2,312.42,2.74,D,0
27.54423,67.76734,339.45,0.47,0.4,2026-04-08,828,N,VIIRS,n,2,312.03,2.84,D,0
27.66553,67.68831,346.36,0.47,0.4,2026-04-08,828,N,VIIRS,l,2,318.02,14.92,D,0
27.68111,69.54948,342.31,0.41,0.37,2026-04-08,828,N,VIIRS,l,2,315.02,20.27,D,0
27.81706,68.96667,341.43,0.42,0.38,2026-04-08,828,N,VIIRS,n,2,308.5,4.14,D,0
27.83821,68.9445,337.41,0.42,0.38,2026-04-08,828,N,VIIRS,l,2,311.09,5.89,D,0
27.8752,67.66374,342.99,0.47,0.4,2026-04-08,828,N,VIIRS,n,2,311.49,6.19,D,0
28.04756,69.06261,337.98,0.42,0.37,2026-04-08,828,N,VIIRS,n,2,310.85,1.76,D,0
28.10785,69.88528,340.05,0.4,0.37,2026-04-08,828,N,VIIRS,l,2,312.39,5.63,D,0
28.19275,69.42278,333.09,0.41,0.37,2026-04-08,828,N,VIIRS,l,2,306.94,1.52,D,0
28.20541,70.23189,336.43,0.39,0.36,2026-04-08,828,N,VIIRS,n,2,303.64,2.82,D,0
28.25858,69.60802,346.99,0.4,0.37,2026-04-08,828,N,VIIRS,n,2,309.7,8.51,D,0
28.33694,68.01817,334.11,0.45,0.39,2026-04-08,828,N,VIIRS,n,2,309.09,3.01,D,0
28.33774,68.0227,335.87,0.45,0.39,2026-04-08,828,N,VIIRS,n,2,308.23,3.01,D,0
28.51489,69.80238,335.7,0.4,0.37,2026-04-08,828,N,VIIRS,n,2,305.4,2.58,D,0
28.52427,69.79625,345.57,0.4,0.37,2026-04-08,828,N,VIIRS,n,2,305.33,8.29,D,0
28.52443,69.35071,339.2,0.4,0.37,2026-04-08,828,N,VIIRS,l,2,311.39,1.2,D,0
28.52701,69.77069,336.74,0.4,0.37,2026-04-08,828,N,VIIRS,n,2,306.02,3.64,D,0
28.52772,69.75388,335.35,0.4,0.37,2026-04-08,828,N,VIIRS,n,2,304.56,1.12,D,0
28.53036,69.76999,350.71,0.4,0.37,2026-04-08,828,N,VIIRS,n,2,308.87,14.41,D,0
28.56797,69.91584,331.75,0.39,0.36,2026-04-08,828,N,VIIRS,n,2,304.36,0.98,D,0
28.57048,69.95256,347.77,0.39,0.36,2026-04-08,828,N,VIIRS,n,2,307.28,5.36,D,0
28.57423,70.31737,344.19,0.39,0.36,2026-04-08,828,N,VIIRS,n,2,306.94,6.02,D,0
28.57725,69.93046,341.97,0.39,0.36,2026-04-08,828,N,VIIRS,n,2,306.04,3.65,D,0
28.57756,70.31669,344.06,0.39,0.36,2026-04-08,828,N,VIIRS,n,2,302.04,7.87,D,0
28.63334,70.03065,332.36,0.39,0.36,2026-04-08,828,N,VIIRS,l,2,307.22,2.11,D,0
28.63491,69.97668,337.07,0.39,0.36,2026-04-08,828,N,VIIRS,n,2,305.27,2.05,D,0
28.63667,70.02997,336.36,0.39,0.36,2026-04-08,828,N,VIIRS,n,2,307.87,2.11,D,0
28.64491,69.9746,342.3,0.39,0.36,2026-04-08,828,N,VIIRS,n,2,303.96,6.19,D,0
28.65388,70.05112,336.79,0.39,0.36,2026-04-08,828,N,VIIRS,n,2,303.58,3.38,D,0
28.65463,70.03448,332.74,0.39,0.36,2026-04-08,828,N,VIIRS,l,2,305.08,1.42,D,0
28.65751,69.9885,336.7,0.39,0.36,2026-04-08,828,N,VIIRS,n,2,304.22,1.87,D,0
28.6773,70.02565,331.4,0.39,0.36,2026-04-08,828,N,VIIRS,l,2,303.84,1.6,D,0
28.68601,70.01559,347.91,0.39,0.36,2026-04-08,828,N,VIIRS,n,2,304.05,5.42,D,0
28.68612,69.99493,331.79,0.39,0.36,2026-04-08,828,N,VIIRS,l,2,303.4,8.42,D,0
28.68654,70.04021,334.4,0.39,0.36,2026-04-08,828,N,VIIRS,n,2,303.22,3.01,D,0
28.68677,69.99892,343.87,0.39,0.36,2026-04-08,828,N,VIIRS,n,2,309.54,8.42,D,0
28.68719,70.0442,331.58,0.39,0.36,2026-04-08,828,N,VIIRS,n,2,302.86,3.33,D,0
28.6901,69.99823,346.05,0.39,0.36,2026-04-08,828,N,VIIRS,n,2,305.01,8.24,D,0
28.74294,70.12331,334.76,0.39,0.36,2026-04-08,828,N,VIIRS,n,2,303.65,3.61,D,0
28.77287,70.1171,341.33,0.39,0.36,2026-04-08,828,N,VIIRS,n,2,304.83,8.28,D,0
28.77748,70.12437,335.58,0.39,0.36,2026-04-08,828,N,VIIRS,n,2,304.36,3.94,D,0
28.81604,70.21486,332.21,0.39,0.36,2026-04-08,828,N,VIIRS,l,2,306.54,2.17,D,0
28.81921,70.2347,335.7,0.39,0.36,2026-04-08,828,N,VIIRS,n,2,306.33,12.17,D,0
28.81984,70.23866,339.72,0.39,0.36,2026-04-08,828,N,VIIRS,n,2,307.3,4.2,D,0
28.82253,70.23401,334.7,0.39,0.36,2026-04-08,828,N,VIIRS,n,2,304.29,1.81,D,0
28.82317,70.23797,331.11,0.39,0.36,2026-04-08,828,N,VIIRS,l,2,304.62,2.42,D,0
28.82756,70.35159,341.62,0.39,0.36,2026-04-08,828,N,VIIRS,n,2,305.04,4.09,D,0
28.09395,69.88535,305.55,0.51,0.41,2026-04-08,2053,N,VIIRS,n,2,287.85,1.19,N,0
26.258,68.69594,340.27,0.53,0.5,2026-04-09,809,N,VIIRS,l,2,311.42,3.47,D,0
27.06828,67.90012,330.42,0.56,0.52,2026-04-09,809,N,VIIRS,l,2,304.1,2.01,D,0
27.57115,69.05652,350.4,0.47,0.48,2026-04-09,809,N,VIIRS,n,2,307.67,7.66,D,0
27.83563,68.9461,339.34,0.47,0.48,2026-04-09,809,N,VIIRS,n,2,305.09,5.14,D,0
27.95274,68.98212,338.82,0.47,0.48,2026-04-09,809,N,VIIRS,n,2,306.28,2.49,D,0
27.9535,68.61797,340.33,0.49,0.49,2026-04-09,809,N,VIIRS,n,2,306.96,2.05,D,0
28.18386,67.80888,335.74,0.54,0.51,2026-04-09,809,N,VIIRS,n,2,304.26,4.45,D,0
28.18505,67.81435,341.93,0.54,0.51,2026-04-09,809,N,VIIRS,n,2,304.64,6.79,D,0
28.1883,69.96627,330.4,0.41,0.45,2026-04-09,809,N,VIIRS,l,2,304.96,1.42,D,0
28.35469,70.1843,351.06,0.39,0.44,2026-04-09,809,N,VIIRS,n,2,305.02,6.0,D,0
28.51196,69.79396,344.38,0.41,0.45,2026-04-09,809,N,VIIRS,n,2,305.67,6.73,D,0
28.5411,69.72499,343.61,0.41,0.45,2026-04-09,809,N,VIIRS,n,2,303.75,2.87,D,0
28.54629,69.79392,332.2,0.41,0.45,2026-04-09,809,N,VIIRS,n,2,301.27,2.12,D,0
28.56209,69.9158,334.72,0.4,0.45,2026-04-09,809,N,VIIRS,n,2,303.12,4.74,D,0
28.57585,69.89935,333.39,0.41,0.45,2026-04-09,809,N,VIIRS,n,2,302.49,3.71,D,0
28.57746,69.88597,337.49,0.41,0.45,2026-04-09,809,N,VIIRS,n,2,304.07,4.6,D,0
28.60096,69.94025,342.98,0.4,0.44,2026-04-09,809,N,VIIRS,n,2,305.98,4.88,D,0
28.60501,69.93921,336.35,0.4,0.44,2026-04-09,809,N,VIIRS,n,2,302.27,4.88,D,0
28.60621,69.91023,342.8,0.4,0.45,2026-04-09,809,N,VIIRS,n,2,304.74,5.02,D,0
28.60746,69.90849,341.95,0.4,0.45,2026-04-09,809,N,VIIRS,n,2,303.56,3.46,D,0
28.62273,69.99157,334.91,0.4,0.44,2026-04-09,809,N,VIIRS,n,2,302.77,1.74,D,0
28.62348,69.99007,339.54,0.4,0.44,2026-04-09,809,N,VIIRS,n,2,303.05,1.48,D,0
28.62765,70.01582,337.88,0.4,0.44,2026-04-09,809,N,VIIRS,n,2,305.39,2.63,D,0
28.62824,70.01437,336.6,0.4,0.44,2026-04-09,809,N,VIIRS,n,2,305.32,3.18,D,0
28.6412,69.95705,335.87,0.4,0.44,2026-04-09,809,N,VIIRS,n,2,303.51,2.7,D,0
28.64297,70.02888,331.86,0.4,0.44,2026-04-09,809,N,VIIRS,l,2,305.74,1.31,D,0
28.64692,69.98544,331.11,0.4,0.44,2026-04-09,809,N,VIIRS,l,2,303.42,3.17,D,0
28.65416,69.97932,341.51,0.4,0.44,2026-04-09,809,N,VIIRS,n,2,302.95,2.87,D,0
28.65988,70.04993,333.94,0.4,0.44,2026-04-09,809,N,VIIRS,n,2,303.7,1.68,D,0
28.6872,69.99641,336.75,0.4,0.44,2026-04-09,809,N,VIIRS,n,2,303.48,2.97,D,0
28.70558,70.06781,333.31,0.39,0.44,2026-04-09,809,N,VIIRS,n,2,303.15,1.2,D,0
28.75501,70.10553,342.29,0.39,0.44,2026-04-09,809,N,VIIRS,n,2,303.4,6.53,D,0
28.75551,70.10557,342.88,0.39,0.44,2026-04-09,809,N,VIIRS,n,2,304.3,5.0,D,0
28.76724,70.29655,332.9,0.38,0.43,2026-04-09,809,N,VIIRS,n,2,302.01,1.45,D,0
28.77149,70.10152,333.85,0.39,0.44,2026-04-09,809,N,VIIRS,n,2,303.26,1.9,D,0
28.77548,70.1005,343.47,0.39,0.44,2026-04-09,809,N,VIIRS,n,2,302.27,4.31,D,0
28.82603,70.22846,341.66,0.39,0.44,2026-04-09,809,N,VIIRS,n,2,304.72,3.78,D,0
28.82613,70.20789,355.54,0.39,0.44,2026-04-09,809,N,VIIRS,n,2,305.92,6.51,D,0
28.82681,70.23238,350.31,0.38,0.44,2026-04-09,809,N,VIIRS,n,2,306.28,3.78,D,0
28.9124,70.28129,330.86,0.57,0.43,2026-04-09,809,N,VIIRS,n,2,302.49,3.02,D,0
29.06339,70.34417,347.33,0.56,0.43,2026-04-09,809,N,VIIRS,n,2,303.97,8.04,D,0
27.51663,69.15657,367.0,0.44,0.63,2026-04-10,750,N,VIIRS,h,2,303.58,6.96,D,0
27.65398,67.83441,332.58,0.53,0.67,2026-04-10,750,N,VIIRS,n,2,298.32,3.71,D,0
27.73934,68.70229,351.54,0.47,0.64,2026-04-10,750,N,VIIRS,n,2,291.88,5.26,D,0
27.82357,69.86659,336.17,0.4,0.6,2026-04-10,750,N,VIIRS,l,2,309.79,5.73,D,0
27.83642,69.01806,367.0,0.45,0.63,2026-04-10,750,N,VIIRS,h,2,298.09,10.35,D,0
28.16021,69.49167,332.71,0.41,0.61,2026-04-10,750,N,VIIRS,n,2,298.74,4.2,D,0
28.20914,70.0086,337.83,0.38,0.59,2026-04-10,750,N,VIIRS,n,2,300.26,3.31,D,0
28.31141,70.39556,339.03,0.36,0.57,2026-04-10,750,N,VIIRS,n,2,304.4,2.65,D,0
27.78828,67.73286,332.4,0.53,0.67,2026-04-10,751,N,VIIRS,n,2,299.94,2.69,D,0
28.40121,69.74857,341.65,0.39,0.59,2026-04-10,751,N,VIIRS,n,2,300.45,2.56,D,0
28.40175,69.74853,335.73,0.39,0.59,2026-04-10,751,N,VIIRS,n,2,299.59,3.85,D,0
28.4432,69.75291,367.0,0.39,0.59,2026-04-10,751,N,VIIRS,h,2,301.17,9.22,D,3
28.51629,69.794,343.15,0.39,0.59,2026-04-10,751,N,VIIRS,n,2,299.74,2.62,D,0
28.51647,69.79334,343.36,0.39,0.59,2026-04-10,751,N,VIIRS,n,2,299.72,2.62,D,0
28.57945,69.91158,349.46,0.38,0.59,2026-04-10,751,N,VIIRS,n,2,300.21,3.75,D,0
28.58038,69.91542,333.75,0.38,0.59,2026-04-10,751,N,VIIRS,n,2,301.12,3.75,D,0
28.60476,69.96961,331.58,0.38,0.58,2026-04-10,751,N,VIIRS,n,2,300.69,2.98,D,0
28.63376,69.94852,339.39,0.38,0.59,2026-04-10,751,N,VIIRS,n,2,298.91,3.87,D,0
28.75333,70.0356,332.16,0.37,0.58,2026-04-10,751,N,VIIRS,n,2,299.38,1.44,D,0
28.77109,70.13411,333.24,0.37,0.58,2026-04-10,751,N,VIIRS,n,2,298.06,1.76,D,0
28.77538,70.10497,336.22,0.37,0.58,2026-04-10,751,N,VIIRS,n,2,298.33,2.58,D,0
28.83168,70.20954,331.95,0.36,0.57,2026-04-10,751,N,VIIRS,n,2,297.59,1.54,D,0
27.5387,69.1344,355.72,0.59,0.7,2026-04-10,931,N,VIIRS,n,2,304.84,7.02,D,0
27.76737,68.0714,367.0,0.51,0.66,2026-04-10,931,N,VIIRS,h,2,301.14,17.51,D,0
28.04331,69.88359,330.14,0.66,0.73,2026-04-10,931,N,VIIRS,l,2,300.2,2.83,D,0
28.25381,69.5668,346.79,0.63,0.72,2026-04-10,931,N,VIIRS,n,2,298.82,5.73,D,0
28.52297,69.79555,330.52,0.65,0.73,2026-04-10,931,N,VIIRS,n,2,296.84,5.05,D,0
28.71815,70.12549,332.49,0.69,0.74,2026-04-10,931,N,VIIRS,n,2,296.62,3.51,D,0
28.7583,70.08679,339.49,0.68,0.74,2026-04-10,931,N,VIIRS,n,2,296.22,5.47,D,0
28.76352,70.08416,335.47,0.68,0.74,2026-04-10,931,N,VIIRS,n,2,294.74,6.87,D,0
28.82658,70.24404,332.13,0.7,0.75,2026-04-10,931,N,VIIRS,n,2,295.44,7.21,D,0
28.19113,70.33884,335.61,0.69,0.74,2026-04-11,732,N,VIIRS,n,2,300.76,3.52,D,0
28.5782,69.96626,353.09,0.7,0.75,2026-04-11,732,N,VIIRS,n,2,302.21,12.65,D,0
28.58021,69.9734,334.28,0.7,0.75,2026-04-11,732,N,VIIRS,n,2,302.02,8.57,D,0
28.58695,69.97105,337.58,0.7,0.75,2026-04-11,732,N,VIIRS,n,2,302.63,8.57,D,0
28.59938,69.88603,332.43,0.71,0.75,2026-04-11,732,N,VIIRS,l,2,303.82,4.76,D,0
28.6005,69.88719,330.53,0.71,0.75,2026-04-11,732,N,VIIRS,l,2,303.8,2.62,D,0
28.66525,70.01377,331.02,0.7,0.75,2026-04-11,732,N,VIIRS,l,2,302.51,4.14,D,0
28.78228,70.16856,343.22,0.68,0.74,2026-04-11,732,N,VIIRS,n,2,301.46,4.66,D,0
28.78254,70.17057,350.75,0.68,0.74,2026-04-11,732,N,VIIRS,n,2,301.31,8.14,D,0
26.53999,68.1135,330.69,0.51,0.49,2026-04-11,912,N,VIIRS,l,2,303.73,3.93,D,0
26.64167,68.15748,330.63,0.51,0.49,2026-04-11,912,N,VIIRS,l,2,303.66,2.06,D,0
26.68014,68.07942,331.11,0.51,0.49,2026-04-11,912,N,VIIRS,l,2,304.96,1.78,D,0
26.87476,67.77271,335.83,0.49,0.48,2026-04-11,912,N,VIIRS,l,2,310.41,1.39,D,0
27.02067,68.93957,344.06,0.58,0.52,2026-04-11,912,N,VIIRS,n,2,312.56,10.69,D,0
27.02122,68.94548,343.76,0.58,0.52,2026-04-11,912,N,VIIRS,n,2,310.51,10.69,D,0
27.02552,68.93901,342.84,0.58,0.52,2026-04-11,912,N,VIIRS,n,2,311.97,10.69,D,0
27.02607,68.94492,345.53,0.58,0.52,2026-04-11,912,N,VIIRS,n,2,311.53,10.69,D,0
28.03434,69.89497,336.86,0.34,0.56,2026-04-11,912,N,VIIRS,n,2,309.88,1.3,D,0
28.25275,69.18143,345.05,0.62,0.54,2026-04-11,912,N,VIIRS,n,2,311.91,10.26,D,0
28.39019,70.22291,333.48,0.36,0.57,2026-04-11,912,N,VIIRS,l,2,308.27,1.51,D,0
28.4122,69.80317,356.86,0.34,0.56,2026-04-11,912,N,VIIRS,n,2,312.93,4.97,D,0
28.43459,69.75845,335.04,0.34,0.56,2026-04-11,912,N,VIIRS,l,2,307.47,1.63,D,0
28.44559,69.70466,348.78,0.33,0.55,2026-04-11,912,N,VIIRS,n,2,308.65,4.6,D,0
28.44589,69.70814,343.87,0.33,0.56,2026-04-11,912,N,VIIRS,n,2,307.55,6.12,D,0
28.447,69.70351,336.93,0.33,0.56,2026-04-11,912,N,VIIRS,n,2,309.23,3.57,D,0
28.44728,69.70698,367.0,0.33,0.56,2026-04-11,912,N,VIIRS,h,2,308.53,6.31,D,0
28.47976,69.72112,335.24,0.33,0.56,2026-04-11,912,N,VIIRS,l,2,309.36,2.4,D,0
28.547,69.83473,333.88,0.34,0.56,2026-04-11,912,N,VIIRS,l,2,308.79,1.43,D,0
28.56829,69.97199,336.81,0.35,0.56,2026-04-11,912,N,VIIRS,n,2,305.89,3.28,D,0
28.56939,69.97336,332.39,0.35,0.56,2026-04-11,912,N,VIIRS,l,2,305.63,5.58,D,0
28.57271,69.9606,334.29,0.35,0.56,2026-04-11,912,N,VIIRS,l,2,306.2,0.68,D,0
28.57328,69.96783,345.79,0.35,0.56,2026-04-11,912,N,VIIRS,n,2,307.3,4.55,D,0
28.57404,69.9656,332.63,0.35,0.56,2026-04-11,912,N,VIIRS,l,2,306.5,3.4,D,0
28.57435,69.96922,335.15,0.35,0.56,2026-04-11,912,N,VIIRS,l,2,307.41,3.4,D,0
28.58323,69.95954,357.0,0.35,0.56,2026-04-11,912,N,VIIRS,n,2,305.85,3.47,D,0
28.58426,69.96094,367.0,0.35,0.56,2026-04-11,912,N,VIIRS,h,2,305.92,4.62,D,0
28.5855,69.97542,338.25,0.35,0.56,2026-04-11,912,N,VIIRS,n,2,306.94,4.48,D,0
28.59874,69.95432,338.45,0.35,0.56,2026-04-11,912,N,VIIRS,n,2,305.08,2.81,D,0
28.61806,70.06265,367.0,0.35,0.57,2026-04-11,912,N,VIIRS,h,2,308.93,12.15,D,0
28.69533,70.04141,334.79,0.35,0.57,2026-04-11,912,N,VIIRS,n,2,304.77,0.91,D,0
28.6963,70.04012,336.64,0.35,0.57,2026-04-11,912,N,VIIRS,n,2,305.1,1.69,D,0
28.71173,70.11427,334.3,0.36,0.57,2026-04-11,912,N,VIIRS,l,2,305.32,2.83,D,0
28.75595,70.26517,355.99,0.36,0.58,2026-04-11,912,N,VIIRS,n,2,310.0,14.03,D,0
28.75625,70.26897,338.31,0.36,0.58,2026-04-11,912,N,VIIRS,n,2,306.55,12.27,D,0
28.77179,70.12711,330.08,0.36,0.57,2026-04-11,912,N,VIIRS,l,2,304.09,0.75,D,0
28.86136,70.33852,338.51,0.37,0.58,2026-04-11,912,N,VIIRS,n,2,307.62,3.43,D,0
28.42601,69.70339,305.02,0.42,0.45,2026-04-11,2137,N,VIIRS,n,2,293.25,1.05,N,2
29.08976,67.76239,297.87,0.49,0.4,2026-04-11,2137,N,VIIRS,n,2,282.14,0.79,N,0
26.98474,68.90562,313.48,0.4,0.44,2026-04-11,2138,N,VIIRS,n,2,292.73,1.09,N,0
27.39248,67.82054,308.2,0.52,0.42,2026-04-11,2138,N,VIIRS,n,2,289.63,1.19,N,0
26.26788,69.01097,341.79,0.47,0.39,2026-04-12,853,N,VIIRS,l,2,313.55,4.4,D,0
26.65694,68.95226,350.1,0.47,0.4,2026-04-12,853,N,VIIRS,n,2,318.58,19.42,D,0
27.97996,69.12772,344.62,0.49,0.4,2026-04-12,853,N,VIIRS,n,2,313.9,4.62,D,0
27.98369,69.12714,338.38,0.49,0.4,2026-04-12,853,N,VIIRS,l,2,313.05,4.62,D,0
28.04897,69.85247,340.85,0.53,0.42,2026-04-12,853,N,VIIRS,n,2,314.47,8.72,D,0
28.07943,67.92712,367.0,0.44,0.38,2026-04-12,853,N,VIIRS,h,2,316.81,7.32,D,0
28.15814,70.03713,348.88,0.55,0.43,2026-04-12,853,N,VIIRS,n,2,316.24,8.18,D,0
28.17801,69.43163,338.43,0.51,0.41,2026-04-12,853,N,VIIRS,l,2,312.26,3.06,D,0
28.46202,69.85548,336.51,0.54,0.42,2026-04-12,853,N,VIIRS,l,2,309.51,3.56,D,0
28.46592,69.8549,337.65,0.54,0.42,2026-04-12,853,N,VIIRS,n,2,308.16,4.12,D,0
28.60845,69.95127,337.25,0.55,0.43,2026-04-12,853,N,VIIRS,l,2,311.46,2.12,D,0
28.63062,69.94565,345.05,0.55,0.43,2026-04-12,853,N,VIIRS,n,2,315.9,8.4,D,0
28.63113,69.9859,338.67,0.55,0.43,2026-04-12,853,N,VIIRS,l,2,312.28,3.43,D,0
28.63213,69.98234,339.33,0.55,0.43,2026-04-12,853,N,VIIRS,l,2,311.03,2.05,D,0
28.64412,70.03034,341.84,0.55,0.43,2026-04-12,853,N,VIIRS,n,2,313.47,3.48,D,0
28.6501,70.01205,337.49,0.55,0.43,2026-04-12,853,N,VIIRS,l,2,311.88,6.23,D,0
28.65127,70.00845,348.69,0.55,0.43,2026-04-12,853,N,VIIRS,n,2,314.15,8.19,D,0
28.67044,70.04977,334.7,0.56,0.43,2026-04-12,853,N,VIIRS,l,2,309.16,2.66,D,0
28.67491,70.12525,347.79,0.56,0.43,2026-04-12,853,N,VIIRS,n,2,309.93,13.15,D,0
28.79475,70.16597,348.19,0.57,0.43,2026-04-12,853,N,VIIRS,n,2,311.26,8.07,D,0
28.42469,69.70153,321.48,0.4,0.37,2026-04-12,2118,N,VIIRS,n,2,293.36,2.26,N,2
27.97799,68.71877,301.02,0.39,0.36,2026-04-12,2119,N,VIIRS,n,2,288.61,0.71,N,0
27.98129,68.71945,341.77,0.39,0.36,2026-04-12,2119,N,VIIRS,n,2,289.39,4.09,N,0
27.98193,68.71555,299.65,0.39,0.36,2026-04-12,2119,N,VIIRS,n,2,288.51,0.68,N,0
26.20154,68.89848,343.59,0.39,0.37,2026-04-13,834,N,VIIRS,l,2,315.23,5.72,D,0
27.37987,69.12684,352.57,0.39,0.36,2026-04-13,834,N,VIIRS,n,2,316.0,27.05,D,0
27.54867,68.30598,349.44,0.4,0.37,2026-04-13,834,N,VIIRS,n,2,300.25,5.09,D,0
27.98538,69.81889,338.52,0.38,0.36,2026-04-13,834,N,VIIRS,l,2,310.93,4.96,D,0
28.42471,69.70247,337.85,0.38,0.36,2026-04-13,834,N,VIIRS,n,2,309.03,1.95,D,2
28.4579,69.4746,343.2,0.38,0.36,2026-04-13,834,N,VIIRS,n,2,310.95,2.24,D,0
28.5511,69.57703,341.23,0.38,0.36,2026-04-13,835,N,VIIRS,l,2,314.66,6.43,D,0
28.55441,69.57639,343.36,0.38,0.36,2026-04-13,835,N,VIIRS,n,2,312.45,6.74,D,0
28.5574,69.59594,344.47,0.38,0.36,2026-04-13,835,N,VIIRS,l,2,316.86,7.02,D,0
28.58129,69.97838,337.11,0.39,0.36,2026-04-13,835,N,VIIRS,n,2,302.39,6.81,D,0
28.67992,70.04937,340.59,0.39,0.36,2026-04-13,835,N,VIIRS,n,2,309.23,11.43,D,0
28.6805,70.0533,336.14,0.39,0.36,2026-04-13,835,N,VIIRS,l,2,308.51,11.43,D,0
28.70312,70.04491,341.65,0.39,0.36,2026-04-13,835,N,VIIRS,n,2,310.59,6.25,D,0
28.72656,70.13363,337.25,0.39,0.36,2026-04-13,835,N,VIIRS,n,2,304.52,7.88,D,0
28.72715,70.13757,341.11,0.39,0.36,2026-04-13,835,N,VIIRS,n,2,304.52,11.95,D,0
28.75541,70.07539,345.88,0.39,0.36,2026-04-13,835,N,VIIRS,n,2,305.67,3.55,D,0
28.77301,70.12475,332.48,0.39,0.36,2026-04-13,835,N,VIIRS,l,2,306.42,1.17,D,0
28.77398,70.10833,338.37,0.39,0.36,2026-04-13,835,N,VIIRS,l,2,308.62,13.13,D,0
28.77729,70.1077,348.85,0.39,0.36,2026-04-13,835,N,VIIRS,n,2,308.07,8.55,D,0
28.78552,70.03316,335.25,0.39,0.36,2026-04-13,835,N,VIIRS,l,2,309.5,2.95,D,0
28.79098,70.02401,338.57,0.39,0.36,2026-04-13,835,N,VIIRS,l,2,312.01,3.05,D,0
29.0064,70.30869,340.71,0.39,0.36,2026-04-13,835,N,VIIRS,n,2,310.77,2.65,D,0
29.16384,70.37434,338.42,0.39,0.36,2026-04-13,835,N,VIIRS,l,2,311.43,1.92,D,0
26.70507,68.88318,331.42,0.46,0.39,2026-04-13,2100,N,VIIRS,n,2,296.44,10.29,N,0
27.9628,68.9718,307.47,0.47,0.4,2026-04-13,2100,N,VIIRS,n,2,292.27,0.81,N,0
28.17936,67.66907,300.0,0.55,0.43,2026-04-13,2100,N,VIIRS,n,2,290.0,0.22,N,0
28.42383,69.70233,308.67,0.45,0.39,2026-04-13,2100,N,VIIRS,n,2,293.67,0.94,N,2
28.42443,69.69777,305.27,0.45,0.39,2026-04-13,2100,N,VIIRS,n,2,293.83,0.94,N,2
28.63447,69.23411,308.22,0.47,0.4,2026-04-13,2100,N,VIIRS,n,2,292.9,0.62,N,0
26.2751,68.82221,343.97,0.42,0.45,2026-04-14,815,N,VIIRS,n,2,314.59,3.51,D,0
26.28254,68.79434,346.66,0.42,0.45,2026-04-14,815,N,VIIRS,l,2,319.06,11.23,D,0
26.87595,67.85201,335.72,0.46,0.47,2026-04-14,815,N,VIIRS,n,2,309.59,1.51,D,0
26.88025,67.85091,340.92,0.46,0.47,2026-04-14,815,N,VIIRS,n,2,309.0,3.38,D,0
28.1149,69.99961,338.91,0.51,0.41,2026-04-14,816,N,VIIRS,l,2,312.54,4.46,D,0
28.17933,67.66801,344.79,0.45,0.47,2026-04-14,816,N,VIIRS,n,2,311.87,7.35,D,0
28.18027,67.67251,344.6,0.45,0.47,2026-04-14,816,N,VIIRS,n,2,310.13,8.97,D,0
28.25326,67.85461,343.23,0.43,0.46,2026-04-14,816,N,VIIRS,n,2,311.67,2.12,D,0
28.30302,67.4789,344.28,0.45,0.47,2026-04-14,816,N,VIIRS,n,2,312.37,5.56,D,0
28.35271,69.58759,336.78,0.52,0.42,2026-04-14,816,N,VIIRS,l,2,308.06,5.54,D,0
28.42523,69.74057,340.85,0.51,0.41,2026-04-14,816,N,VIIRS,n,2,310.88,3.11,D,0
28.65191,70.09598,331.34,0.49,0.4,2026-04-14,816,N,VIIRS,l,2,306.1,2.55,D,0
28.76946,70.08061,339.31,0.49,0.4,2026-04-14,816,N,VIIRS,n,2,309.54,2.79,D,0
28.78521,70.1854,337.6,0.48,0.4,2026-04-14,816,N,VIIRS,n,2,309.53,2.74,D,0
29.13001,70.3595,340.47,0.47,0.4,2026-04-14,816,N,VIIRS,n,2,310.91,3.0,D,0
29.15075,70.36964,337.2,0.47,0.4,2026-04-14,816,N,VIIRS,l,2,309.67,1.5,D,0
28.05439,69.36791,303.69,0.55,0.51,2026-04-14,2041,N,VIIRS,n,2,293.67,1.31,N,2
26.99384,68.33361,344.66,0.41,0.61,2026-04-15,757,N,VIIRS,n,2,306.0,3.92,D,0
27.20317,68.65872,367.0,0.39,0.59,2026-04-15,757,N,VIIRS,h,2,309.25,13.74,D,0
27.52035,69.03189,367.0,0.36,0.58,2026-04-15,757,N,VIIRS,h,2,309.48,6.94,D,0
27.52417,69.0302,367.0,0.36,0.58,2026-04-15,757,N,VIIRS,h,2,309.57,6.97,D,0
27.52504,69.03385,339.42,0.36,0.58,2026-04-15,757,N,VIIRS,n,2,311.66,6.97,D,0
27.52557,69.0304,367.0,0.36,0.58,2026-04-15,757,N,VIIRS,h,2,307.34,6.94,D,0
28.05191,69.36819,348.04,0.34,0.56,2026-04-15,757,N,VIIRS,n,2,310.76,2.36,D,2
28.05268,69.3716,343.65,0.34,0.56,2026-04-15,757,N,VIIRS,n,2,309.63,3.26,D,2
28.05441,69.3699,356.45,0.34,0.56,2026-04-15,757,N,VIIRS,n,2,311.03,4.08,D,2
28.23611,69.51984,344.43,0.33,0.55,2026-04-15,757,N,VIIRS,n,2,313.2,3.21,D,0
28.24111,69.51841,342.7,0.33,0.55,2026-04-15,757,N,VIIRS,n,2,310.69,3.21,D,0
28.398,69.7689,344.71,0.63,0.54,2026-04-15,757,N,VIIRS,n,2,310.55,11.63,D,0
28.39818,69.65453,367.0,0.32,0.55,2026-04-15,757,N,VIIRS,h,2,313.29,2.82,D,0
28.40312,69.65309,339.27,0.32,0.55,2026-04-15,757,N,VIIRS,n,2,310.89,2.82,D,0
28.44441,69.78934,337.18,0.63,0.54,2026-04-15,757,N,VIIRS,l,2,310.46,9.63,D,0
28.54161,69.71253,346.17,0.63,0.54,2026-04-15,757,N,VIIRS,n,2,315.43,13.62,D,0
28.77459,70.15862,350.74,0.59,0.53,2026-04-15,757,N,VIIRS,n,2,310.03,9.76,D,0
28.77694,70.16005,343.84,0.59,0.53,2026-04-15,757,N,VIIRS,n,2,310.54,13.24,D,0
28.79534,69.98013,344.88,0.6,0.53,2026-04-15,757,N,VIIRS,n,2,313.71,3.48,D,0
28.82988,70.22449,367.0,0.58,0.52,2026-04-15,757,N,VIIRS,h,2,312.1,21.61,D,0
28.83963,70.17788,346.63,0.58,0.52,2026-04-15,757,N,VIIRS,n,2,312.64,14.76,D,0
28.05116,69.36951,300.56,0.54,0.68,2026-04-15,2022,N,VIIRS,n,2,271.41,0.76,N,2
28.54933,69.96956,306.14,0.5,0.66,2026-04-15,2022,N,VIIRS,n,2,289.62,9.4,N,3
28.54935,69.97058,301.82,0.5,0.66,2026-04-15,2022,N,VIIRS,n,2,290.0,2.6,N,3
28.54968,69.96532,326.01,0.5,0.66,2026-04-15,2022,N,VIIRS,n,2,288.37,2.6,N,3
28.54969,69.9643,309.93,0.5,0.66,2026-04-15,2022,N,VIIRS,n,2,287.11,9.67,N,3
28.55545,69.97009,367.0,0.5,0.66,2026-04-15,2022,N,VIIRS,h,2,296.02,9.4,N,0
28.55548,69.97112,332.35,0.5,0.66,2026-04-15,2022,N,VIIRS,n,2,292.51,13.22,N,3
28.5558,69.96593,367.0,0.5,0.66,2026-04-15,2022,N,VIIRS,h,2,299.45,13.22,N,0
28.55581,69.96488,367.0,0.5,0.66,2026-04-15,2022,N,VIIRS,h,2,296.24,9.67,N,0
28.55613,69.96069,318.47,0.5,0.66,2026-04-15,2022,N,VIIRS,n,2,288.53,14.31,N,0
28.55617,69.95966,301.91,0.5,0.66,2026-04-15,2022,N,VIIRS,n,2,287.74,9.67,N,0
26.21396,68.99999,344.5,0.36,0.57,2026-04-16,918,N,VIIRS,n,2,293.0,3.72,D,0
28.4243,69.70026,305.62,0.52,0.5,2026-04-16,2144,N,VIIRS,n,2,285.95,1.55,N,2
27.52396,69.02134,349.58,0.39,0.44,2026-04-17,900,N,VIIRS,n,2,314.06,9.41,D,0
27.52799,69.02076,343.57,0.39,0.44,2026-04-17,900,N,VIIRS,l,2,315.5,9.41,D,0
27.57177,69.22144,346.85,0.4,0.44,2026-04-17,900,N,VIIRS,l,2,319.79,10.57,D,0
27.76933,67.61621,340.97,0.49,0.41,2026-04-17,900,N,VIIRS,l,2,311.77,10.82,D,0
27.7822,69.00995,351.06,0.39,0.44,2026-04-17,900,N,VIIRS,n,2,317.37,8.43,D,0
27.79936,67.7982,350.65,0.5,0.41,2026-04-17,900,N,VIIRS,n,2,317.66,9.42,D,0
28.05212,69.3711,344.81,0.41,0.45,2026-04-17,900,N,VIIRS,n,2,313.65,4.0,D,2
28.2063,67.67847,344.69,0.5,0.41,2026-04-17,900,N,VIIRS,n,2,311.81,2.96,D,0
28.37183,67.78528,344.47,0.51,0.41,2026-04-17,900,N,VIIRS,l,2,314.95,6.31,D,0
28.37351,67.78781,346.09,0.51,0.41,2026-04-17,900,N,VIIRS,n,2,315.72,6.48,D,0
28.41721,68.14642,346.58,0.53,0.42,2026-04-17,900,N,VIIRS,l,2,317.86,7.81,D,0
28.41726,68.14378,348.81,0.53,0.42,2026-04-17,900,N,VIIRS,n,2,315.52,11.49,D,0
29.04671,70.34897,339.97,0.48,0.48,2026-04-17,900,N,VIIRS,n,2,307.97,3.42,D,0
27.5648,68.02257,309.33,0.4,0.37,2026-04-17,2125,N,VIIRS,n,2,294.86,0.75,N,0
28.05096,69.36806,317.41,0.44,0.38,2026-04-17,2125,N,VIIRS,n,2,296.03,2.0,N,2
28.05165,69.36687,315.53,0.44,0.38,2026-04-17,2125,N,VIIRS,n,2,296.82,1.68,N,2
28.42383,69.69899,316.75,0.44,0.39,2026-04-17,2125,N,VIIRS,n,2,296.07,2.38,N,2
28.42407,69.7005,318.36,0.44,0.39,2026-04-17,2125,N,VIIRS,n,2,295.85,2.58,N,2
27.51218,67.68091,350.42,0.39,0.36,2026-04-18,841,N,VIIRS,n,2,311.31,11.82,D,0
27.59072,67.8337,349.31,0.38,0.36,2026-04-18,841,N,VIIRS,n,2,309.63,5.55,D,0
27.59342,67.82917,346.77,0.39,0.36,2026-04-18,841,N,VIIRS,n,2,310.64,5.55,D,0
27.79953,68.97076,333.47,0.39,0.36,2026-04-18,841,N,VIIRS,l,2,306.96,1.57,D,0
28.01796,69.86715,340.03,0.4,0.37,2026-04-18,841,N,VIIRS,l,2,311.66,4.11,D,0
28.01853,69.87119,340.02,0.4,0.37,2026-04-18,841,N,VIIRS,l,2,310.86,5.86,D,0
28.0346,69.15855,334.47,0.39,0.36,2026-04-18,841,N,VIIRS,l,2,307.97,1.76,D,0
28.03793,69.15794,331.96,0.39,0.36,2026-04-18,841,N,VIIRS,l,2,306.52,1.76,D,0
28.05134,69.36803,339.68,0.39,0.36,2026-04-18,841,N,VIIRS,l,2,310.62,2.55,D,2
28.05192,69.37204,336.44,0.39,0.36,2026-04-18,841,N,VIIRS,l,2,308.91,2.55,D,2
28.05372,69.08994,339.22,0.39,0.36,2026-04-18,841,N,VIIRS,n,2,304.17,2.8,D,0
28.07501,69.87441,339.13,0.4,0.37,2026-04-18,841,N,VIIRS,l,2,310.89,4.2,D,0
28.16268,67.70185,340.44,0.38,0.36,2026-04-18,841,N,VIIRS,n,2,309.22,2.63,D,0
28.16598,67.70119,339.72,0.38,0.36,2026-04-18,841,N,VIIRS,n,2,311.22,2.49,D,0
28.41806,68.76352,335.9,0.39,0.36,2026-04-18,841,N,VIIRS,n,2,305.86,8.07,D,0
28.61697,69.99388,337.53,0.41,0.37,2026-04-18,841,N,VIIRS,n,2,299.21,2.93,D,0
28.05193,69.36949,319.27,0.4,0.37,2026-04-18,2106,N,VIIRS,n,2,295.87,1.15,N,2
28.42575,69.70177,315.99,0.4,0.37,2026-04-18,2106,N,VIIRS,n,2,292.49,1.39,N,2
26.31334,68.5472,336.02,0.53,0.42,2026-04-19,822,N,VIIRS,n,2,305.94,2.13,D,0
26.36486,68.28844,337.24,0.54,0.42,2026-04-19,822,N,VIIRS,n,2,306.46,5.26,D,0
27.50804,67.96527,339.11,0.54,0.42,2026-04-19,822,N,VIIRS,l,2,310.8,3.62,D,0
27.66668,68.59542,340.21,0.5,0.41,2026-04-19,822,N,VIIRS,n,2,307.84,2.33,D,0
28.29938,69.89096,336.73,0.44,0.38,2026-04-19,822,N,VIIRS,n,2,306.86,1.55,D,0
28.30287,69.89019,330.69,0.44,0.38,2026-04-19,822,N,VIIRS,l,2,304.13,1.55,D,0
28.05333,69.36622,308.54,0.44,0.46,2026-04-19,2047,N,VIIRS,n,2,296.04,1.1,N,2
28.06742,69.88795,306.02,0.41,0.45,2026-04-19,2047,N,VIIRS,n,2,292.81,1.08,N,0
28.06791,69.88372,313.22,0.41,0.45,2026-04-19,2047,N,VIIRS,n,2,292.92,1.08,N,0
28.06931,69.88643,321.55,0.41,0.45,2026-04-19,2047,N,VIIRS,n,2,293.23,1.75,N,0
28.07011,70.17754,303.13,0.4,0.44,2026-04-19,2047,N,VIIRS,n,2,292.96,0.43,N,0
28.42688,69.70087,309.98,0.43,0.46,2026-04-19,2047,N,VIIRS,n,2,295.34,1.19,N,2
27.02897,68.27829,345.99,0.33,0.55,2026-04-20,803,N,VIIRS,n,2,309.94,1.8,D,0
27.41068,67.91239,341.35,0.34,0.56,2026-04-20,803,N,VIIRS,n,2,310.23,2.36,D,0
27.41147,67.91582,348.25,0.34,0.56,2026-04-20,803,N,VIIRS,n,2,311.58,2.36,D,0
27.62835,67.8585,367.0,0.34,0.56,2026-04-20,803,N,VIIRS,h,2,308.0,4.77,D,0
27.63343,67.85703,334.56,0.34,0.56,2026-04-20,803,N,VIIRS,n,2,305.63,4.77,D,0
27.68369,67.98353,338.86,0.33,0.56,2026-04-20,803,N,VIIRS,n,2,308.63,1.85,D,0
27.68446,69.22591,340.02,0.56,0.52,2026-04-20,803,N,VIIRS,l,2,314.76,8.32,D,0
27.68593,67.98156,334.81,0.33,0.56,2026-04-20,803,N,VIIRS,l,2,307.9,1.33,D,0
27.86274,67.99541,334.8,0.33,0.55,2026-04-20,803,N,VIIRS,l,2,308.67,1.89,D,0
27.8635,67.99873,339.87,0.33,0.55,2026-04-20,803,N,VIIRS,n,2,309.32,1.89,D,0
27.86424,69.00165,339.02,0.58,0.52,2026-04-20,803,N,VIIRS,l,2,311.44,6.53,D,0
27.88319,67.60605,344.54,0.35,0.57,2026-04-20,803,N,VIIRS,n,2,309.3,3.06,D,0
28.10053,69.86785,344.94,0.51,0.49,2026-04-20,803,N,VIIRS,n,2,311.53,5.45,D,0
28.10463,69.8696,346.63,0.51,0.49,2026-04-20,803,N,VIIRS,n,2,311.78,13.74,D,0
28.105,69.86665,344.63,0.51,0.49,2026-04-20,803,N,VIIRS,n,2,310.53,8.2,D,0
28.28525,69.59946,353.89,0.52,0.5,2026-04-20,803,N,VIIRS,n,2,312.02,25.15,D,0
28.31193,70.38313,338.62,0.47,0.48,2026-04-20,803,N,VIIRS,l,2,311.0,2.77,D,0
28.39413,69.75138,348.87,0.51,0.49,2026-04-20,803,N,VIIRS,n,2,309.44,11.15,D,0
28.45015,69.54615,340.32,0.52,0.5,2026-04-20,803,N,VIIRS,l,2,313.56,6.79,D,0
28.22038,67.92017,337.29,0.33,0.55,2026-04-20,804,N,VIIRS,l,2,308.02,1.74,D,0
28.22268,67.91935,348.39,0.33,0.55,2026-04-20,804,N,VIIRS,n,2,308.51,1.54,D,0
28.22537,67.91874,340.22,0.33,0.55,2026-04-20,804,N,VIIRS,n,2,307.57,1.37,D,0
28.51617,69.63066,344.99,0.51,0.5,2026-04-20,804,N,VIIRS,n,2,311.8,8.46,D,0
28.5173,69.63586,345.48,0.51,0.5,2026-04-20,804,N,VIIRS,n,2,313.7,8.46,D,0
28.61495,70.2405,333.84,0.47,0.48,2026-04-20,804,N,VIIRS,l,2,307.14,2.3,D,0
28.85755,70.13484,339.51,0.47,0.48,2026-04-20,804,N,VIIRS,l,2,309.52,3.3,D,0
28.42216,69.69816,304.15,0.41,0.61,2026-04-20,2028,N,VIIRS,n,2,292.17,0.72,N,2
28.42489,69.70051,307.03,0.41,0.61,2026-04-20,2028,N,VIIRS,n,2,292.98,1.4,N,2
28.04906,69.36854,303.05,0.43,0.62,2026-04-20,2029,N,VIIRS,n,2,281.11,1.05,N,2
28.05481,69.36912,306.27,0.43,0.62,2026-04-20,2029,N,VIIRS,n,2,285.1,1.32,N,2
28.0499,69.3707,296.04,0.59,0.7,2026-04-20,2209,N,VIIRS,n,2,269.98,3.01,N,0
28.04951,69.36748,340.4,0.52,0.67,2026-04-21,745,N,VIIRS,n,2,305.15,4.41,D,2
28.17172,69.46446,339.94,0.51,0.66,2026-04-21,745,N,VIIRS,n,2,306.92,8.24,D,0
28.17303,69.46958,367.0,0.51,0.66,2026-04-21,745,N,VIIRS,h,2,307.14,8.24,D,0
28.21991,68.17854,340.68,0.6,0.7,2026-04-21,745,N,VIIRS,n,2,295.97,7.3,D,0
28.21998,68.17921,339.34,0.6,0.7,2026-04-21,745,N,VIIRS,n,2,296.27,5.79,D,0
28.22625,68.17638,339.01,0.6,0.7,2026-04-21,745,N,VIIRS,n,2,294.85,3.37,D,0
28.22632,68.17709,341.38,0.6,0.7,2026-04-21,745,N,VIIRS,n,2,294.53,3.19,D,0
28.23595,70.27736,338.51,0.45,0.63,2026-04-21,745,N,VIIRS,l,2,312.88,4.21,D,0
28.25258,69.58089,367.0,0.5,0.66,2026-04-21,745,N,VIIRS,h,2,308.17,10.67,D,0
28.25261,69.57761,348.53,0.5,0.66,2026-04-21,745,N,VIIRS,n,2,307.86,6.06,D,0
28.25391,69.58265,341.02,0.5,0.66,2026-04-21,745,N,VIIRS,n,2,306.96,7.06,D,0
28.39676,69.75732,331.58,0.48,0.65,2026-04-21,745,N,VIIRS,l,2,305.37,3.34,D,0
28.41296,70.20432,348.8,0.45,0.63,2026-04-21,745,N,VIIRS,n,2,312.11,6.1,D,0
28.41369,70.2028,352.43,0.45,0.63,2026-04-21,745,N,VIIRS,n,2,312.42,5.27,D,0
28.7123,68.11708,338.26,0.59,0.7,2026-04-21,745,N,VIIRS,n,2,299.53,2.46,D,0
28.776,70.13905,335.24,0.45,0.63,2026-04-21,745,N,VIIRS,n,2,304.28,1.66,D,0
28.90512,70.39136,343.92,0.43,0.62,2026-04-21,745,N,VIIRS,n,2,306.18,4.37,D,0
28.90533,70.3871,354.94,0.43,0.62,2026-04-21,745,N,VIIRS,n,2,304.2,8.07,D,0
28.90643,70.39146,351.85,0.43,0.62,2026-04-21,745,N,VIIRS,n,2,305.96,10.82,D,0
26.35117,68.67027,333.74,0.43,0.62,2026-04-21,925,N,VIIRS,l,2,307.19,2.01,D,0
27.15023,67.88065,331.01,0.39,0.6,2026-04-21,925,N,VIIRS,n,2,296.24,1.16,D,0
27.40196,68.68651,333.97,0.44,0.63,2026-04-21,925,N,VIIRS,l,2,307.37,1.89,D,0
27.52687,67.87508,348.25,0.4,0.6,2026-04-21,925,N,VIIRS,n,2,308.8,11.83,D,0
27.52719,67.87919,367.0,0.4,0.6,2026-04-21,925,N,VIIRS,h,2,312.98,11.83,D,0
27.52751,67.88328,341.32,0.4,0.6,2026-04-21,925,N,VIIRS,n,2,305.09,14.78,D,0
27.63459,68.6668,334.15,0.44,0.63,2026-04-21,925,N,VIIRS,n,2,301.31,2.01,D,0
27.96362,67.51836,339.56,0.38,0.59,2026-04-21,925,N,VIIRS,n,2,304.29,2.39,D,0
27.96428,67.51814,339.59,0.38,0.59,2026-04-21,925,N,VIIRS,n,2,304.6,2.43,D,0
28.1704,69.32967,340.67,0.49,0.65,2026-04-21,925,N,VIIRS,n,2,301.46,1.95,D,0
28.17335,69.46585,332.96,0.5,0.66,2026-04-21,925,N,VIIRS,n,2,296.3,1.21,D,0
28.28695,69.60935,340.81,0.51,0.66,2026-04-21,925,N,VIIRS,n,2,310.27,5.74,D,0
28.31808,67.96265,367.0,0.41,0.61,2026-04-21,925,N,VIIRS,h,2,301.01,7.53,D,0
28.43559,67.97417,337.89,0.41,0.61,2026-04-21,925,N,VIIRS,l,2,309.45,2.45,D,0
28.54195,69.9387,338.87,0.54,0.68,2026-04-21,925,N,VIIRS,n,2,299.09,3.76,D,0
29.05524,69.03735,338.59,0.48,0.65,2026-04-21,925,N,VIIRS,n,2,301.18,1.75,D,0
28.03838,69.67378,308.74,0.33,0.55,2026-04-21,2150,N,VIIRS,n,2,296.72,1.17,N,0
28.05049,69.36985,310.1,0.63,0.54,2026-04-21,2150,N,VIIRS,n,2,294.69,1.72,N,2
28.42347,69.70215,310.07,0.32,0.55,2026-04-21,2150,N,VIIRS,n,2,294.64,1.48,N,2
26.43246,68.35178,345.89,0.42,0.45,2026-04-22,906,N,VIIRS,n,2,312.77,7.65,D,0
26.43667,68.3512,344.4,0.42,0.45,2026-04-22,906,N,VIIRS,n,2,308.17,7.65,D,0
26.54679,68.11362,332.63,0.41,0.45,2026-04-22,906,N,VIIRS,l,2,306.62,0.72,D,0
26.89869,68.08951,333.88,0.41,0.45,2026-04-22,906,N,VIIRS,l,2,307.89,1.23,D,0
26.9636,68.51566,344.97,0.44,0.46,2026-04-22,906,N,VIIRS,n,2,307.13,7.17,D,0
27.08216,68.62432,341.34,0.45,0.47,2026-04-22,906,N,VIIRS,l,2,311.76,4.33,D,0
27.08369,68.62077,340.09,0.45,0.47,2026-04-22,906,N,VIIRS,l,2,310.56,3.43,D,0
27.28435,68.09506,344.88,0.42,0.45,2026-04-22,906,N,VIIRS,n,2,306.32,8.59,D,0
27.40147,68.61392,340.57,0.45,0.47,2026-04-22,906,N,VIIRS,n,2,307.61,3.94,D,0
27.44932,68.98828,343.0,0.47,0.48,2026-04-22,906,N,VIIRS,l,2,314.87,10.57,D,0
27.57008,68.94961,336.79,0.47,0.48,2026-04-22,906,N,VIIRS,l,2,311.76,6.72,D,0
27.7491,67.78627,346.57,0.41,0.45,2026-04-22,906,N,VIIRS,n,2,311.1,6.84,D,0
27.75088,67.78724,348.87,0.41,0.45,2026-04-22,906,N,VIIRS,n,2,309.98,9.45,D,0
27.79907,68.67218,340.5,0.46,0.47,2026-04-22,906,N,VIIRS,n,2,308.33,4.75,D,0
27.87487,69.64756,338.16,0.53,0.5,2026-04-22,906,N,VIIRS,l,2,312.93,3.23,D,0
27.88234,69.82398,342.19,0.54,0.51,2026-04-22,906,N,VIIRS,l,2,314.65,10.71,D,0
28.05093,69.36894,344.57,0.51,0.49,2026-04-22,906,N,VIIRS,n,2,311.78,3.68,D,2
28.19441,67.74503,340.76,0.41,0.45,2026-04-22,906,N,VIIRS,n,2,297.47,7.36,D,0
28.19487,67.74925,347.24,0.41,0.45,2026-04-22,906,N,VIIRS,n,2,303.3,26.15,D,0
28.19533,67.75348,336.35,0.41,0.45,2026-04-22,906,N,VIIRS,n,2,296.97,26.15,D,0
28.35009,69.40927,345.39,0.52,0.5,2026-04-22,906,N,VIIRS,n,2,312.04,5.85,D,0
28.35155,69.41224,345.05,0.51,0.5,2026-04-22,906,N,VIIRS,n,2,311.42,11.38,D,0
28.40477,69.79037,337.86,0.54,0.51,2026-04-22,906,N,VIIRS,l,2,311.31,5.1,D,0
28.93384,70.34985,345.94,0.6,0.53,2026-04-22,906,N,VIIRS,n,2,308.77,7.32,D,0
28.42457,69.70191,307.24,0.52,0.42,2026-04-22,2131,N,VIIRS,n,2,293.52,1.68,N,2
28.05192,69.36861,332.11,0.51,0.41,2026-04-22,2132,N,VIIRS,n,2,296.38,3.58,N,2
28.13677,69.90647,306.7,0.54,0.42,2026-04-22,2132,N,VIIRS,n,2,293.71,1.57,N,0
28.15173,67.7478,309.71,0.43,0.38,2026-04-22,2132,N,VIIRS,n,2,294.47,2.11,N,0
26.92665,70.25011,347.47,0.46,0.39,2026-04-23,847,N,VIIRS,l,2,320.88,9.28,D,0
26.98983,68.12268,334.42,0.4,0.37,2026-04-23,847,N,VIIRS,l,2,308.76,1.81,D,0
27.09138,68.00679,343.76,0.39,0.36,2026-04-23,847,N,VIIRS,n,2,312.38,7.05,D,0
27.60092,67.96975,349.55,0.4,0.37,2026-04-23,847,N,VIIRS,n,2,298.52,10.89,D,0
27.65024,69.1104,343.64,0.42,0.38,2026-04-23,847,N,VIIRS,l,2,316.21,9.62,D,0
27.65141,69.11083,344.67,0.42,0.38,2026-04-23,847,N,VIIRS,l,2,315.13,9.92,D,0
27.82876,68.26964,350.16,0.4,0.37,2026-04-23,847,N,VIIRS,n,2,314.24,7.49,D,0
27.8423,68.49014,340.98,0.41,0.37,2026-04-23,847,N,VIIRS,l,2,312.58,6.57,D,0
27.97862,68.90071,343.08,0.42,0.38,2026-04-23,847,N,VIIRS,n,2,314.19,15.57,D,0
27.97919,68.90497,353.74,0.42,0.38,2026-04-23,847,N,VIIRS,n,2,318.0,15.57,D,0
27.98265,68.90437,348.72,0.42,0.38,2026-04-23,847,N,VIIRS,n,2,311.7,11.94,D,0
28.02016,68.97231,340.71,0.42,0.38,2026-04-23,847,N,VIIRS,n,2,310.71,20.13,D,0
28.02074,68.97659,345.2,0.42,0.38,2026-04-23,847,N,VIIRS,n,2,311.51,20.13,D,0
28.05164,69.36782,340.65,0.43,0.38,2026-04-23,847,N,VIIRS,l,2,314.06,6.14,D,2
28.06777,69.68635,340.35,0.45,0.39,2026-04-23,847,N,VIIRS,l,2,313.63,5.97,D,0
28.15209,69.47968,338.68,0.44,0.38,2026-04-23,847,N,VIIRS,l,2,311.57,3.22,D,0
28.18918,70.00233,341.63,0.46,0.39,2026-04-23,847,N,VIIRS,l,2,313.15,7.74,D,0
28.19335,69.54639,336.12,0.44,0.39,2026-04-23,847,N,VIIRS,l,2,310.63,2.6,D,0
28.33279,70.37383,345.79,0.48,0.4,2026-04-23,847,N,VIIRS,n,2,314.42,8.37,D,0
28.14336,68.03126,349.46,0.4,0.37,2026-04-23,848,N,VIIRS,n,2,313.3,6.27,D,0
28.34669,68.66113,342.57,0.41,0.37,2026-04-23,848,N,VIIRS,l,2,315.19,6.64,D,0
28.34875,68.65797,340.46,0.41,0.37,2026-04-23,848,N,VIIRS,l,2,314.25,6.47,D,0
28.35718,68.43719,337.75,0.41,0.37,2026-04-23,848,N,VIIRS,l,2,310.77,3.48,D,0
28.41614,68.01311,339.96,0.4,0.37,2026-04-23,848,N,VIIRS,l,2,314.01,4.88,D,0
28.76646,69.84728,340.2,0.46,0.39,2026-04-23,848,N,VIIRS,l,2,312.3,1.3,D,0
28.79545,70.0475,345.48,0.47,0.4,2026-04-23,848,N,VIIRS,n,2,313.53,10.46,D,0
28.79605,70.05232,336.86,0.47,0.4,2026-04-23,848,N,VIIRS,l,2,310.88,10.46,D,0
28.7991,70.04691,341.0,0.47,0.4,2026-04-23,848,N,VIIRS,l,2,311.13,9.98,D,0
28.99997,70.02402,342.44,0.47,0.4,2026-04-23,848,N,VIIRS,l,2,314.32,3.1,D,0
29.00363,70.02343,342.63,0.47,0.4,2026-04-23,848,N,VIIRS,l,2,314.43,2.46,D,0
26.80478,68.92734,307.41,0.38,0.36,2026-04-23,2113,N,VIIRS,n,2,290.23,0.39,N,0
27.81998,69.6721,318.26,0.38,0.36,2026-04-23,2113,N,VIIRS,n,2,297.15,1.59,N,0
27.99316,69.77765,330.82,0.38,0.36,2026-04-23,2113,N,VIIRS,n,2,296.53,3.58,N,0
28.05099,69.36892,322.84,0.38,0.36,2026-04-23,2113,N,VIIRS,n,2,297.76,2.4,N,2
28.42273,69.7,305.64,0.38,0.36,2026-04-23,2113,N,VIIRS,n,2,295.38,1.1,N,2
28.42603,69.70067,318.37,0.38,0.36,2026-04-23,2113,N,VIIRS,n,2,296.51,2.07,N,2
26.74908,68.12916,351.47,0.46,0.39,2026-04-24,828,N,VIIRS,n,2,306.19,4.09,D,0
27.52063,67.96659,367.0,0.46,0.39,2026-04-24,829,N,VIIRS,h,2,307.2,21.38,D,0
27.94747,68.34246,339.6,0.44,0.38,2026-04-24,829,N,VIIRS,l,2,310.08,4.85,D,0
28.10309,68.50874,336.68,0.43,0.38,2026-04-24,829,N,VIIRS,l,2,309.52,2.06,D,0
28.17169,69.51443,338.29,0.4,0.37,2026-04-24,829,N,VIIRS,l,2,310.41,3.55,D,0
28.28113,69.60497,344.96,0.4,0.37,2026-04-24,829,N,VIIRS,l,2,315.97,10.23,D,0
28.33918,70.02408,338.67,0.39,0.36,2026-04-24,829,N,VIIRS,n,2,309.4,2.6,D,0
28.58855,69.89166,349.61,0.39,0.36,2026-04-24,829,N,VIIRS,n,2,312.79,10.62,D,0
28.0518,69.36678,320.06,0.54,0.42,2026-04-24,2054,N,VIIRS,n,2,297.36,5.59,N,2
28.42427,69.70275,306.58,0.52,0.42,2026-04-24,2054,N,VIIRS,n,2,295.83,2.57,N,2
26.97745,67.83096,334.57,0.57,0.52,2026-04-25,810,N,VIIRS,l,2,307.59,3.04,D,0
26.98771,67.99644,341.46,0.55,0.51,2026-04-25,810,N,VIIRS,n,2,310.24,4.73,D,0
27.21009,67.71091,334.87,0.57,0.52,2026-04-25,810,N,VIIRS,l,2,306.8,4.1,D,0
27.29225,67.74638,336.05,0.57,0.52,2026-04-25,810,N,VIIRS,l,2,307.72,7.29,D,0
27.29291,67.74865,349.56,0.57,0.52,2026-04-25,810,N,VIIRS,n,2,309.76,10.81,D,0
27.2935,67.75202,347.11,0.57,0.52,2026-04-25,810,N,VIIRS,n,2,310.41,7.29,D,0
27.29695,67.74511,349.65,0.57,0.52,2026-04-25,810,N,VIIRS,n,2,307.22,15.73,D,0
27.29819,67.75076,352.96,0.57,0.52,2026-04-25,810,N,VIIRS,n,2,309.59,15.73,D,0
27.52997,67.8806,343.24,0.55,0.51,2026-04-25,810,N,VIIRS,n,2,303.69,6.35,D,0
27.53069,67.87787,351.17,0.55,0.51,2026-04-25,810,N,VIIRS,n,2,303.77,17.26,D,0
27.53343,67.87383,336.9,0.55,0.51,2026-04-25,810,N,VIIRS,n,2,303.9,25.81,D,0
27.5346,67.87932,367.0,0.55,0.51,2026-04-25,810,N,VIIRS,h,2,309.17,25.81,D,0
27.53532,67.87662,344.89,0.55,0.51,2026-04-25,810,N,VIIRS,n,2,307.88,30.87,D,0
27.53653,67.8821,345.7,0.55,0.51,2026-04-25,810,N,VIIRS,n,2,298.39,30.87,D,0
27.53806,67.87257,336.49,0.55,0.51,2026-04-25,810,N,VIIRS,n,2,304.14,25.81,D,0
27.53923,67.87808,367.0,0.55,0.51,2026-04-25,810,N,VIIRS,h,2,301.56,25.81,D,0
27.53996,67.87537,339.62,0.55,0.51,2026-04-25,810,N,VIIRS,n,2,302.43,30.87,D,0
27.64953,67.62578,338.46,0.57,0.52,2026-04-25,810,N,VIIRS,l,2,309.64,10.34,D,0
28.27659,69.84512,332.0,0.41,0.45,2026-04-25,810,N,VIIRS,l,2,303.58,2.11,D,0
28.38641,69.61499,345.01,0.42,0.45,2026-04-25,810,N,VIIRS,n,2,303.76,4.01,D,0
28.05319,69.36653,317.76,0.34,0.56,2026-04-25,2035,N,VIIRS,n,2,296.47,1.48,N,2
28.05375,69.36784,321.45,0.34,0.56,2026-04-25,2035,N,VIIRS,n,2,296.8,1.49,N,2
28.4254,69.69962,315.52,0.33,0.55,2026-04-25,2035,N,VIIRS,n,2,296.61,1.93,N,2
28.63249,69.19801,307.45,0.36,0.57,2026-04-25,2035,N,VIIRS,n,2,296.46,1.15,N,0
28.05568,69.36694,306.82,0.73,0.76,2026-04-25,2215,N,VIIRS,n,2,293.09,1.62,N,2
27.64772,68.17569,305.06,0.64,0.72,2026-04-25,2216,N,VIIRS,n,2,292.98,0.96,N,0
27.06287,67.99222,351.57,0.53,0.67,2026-04-26,751,N,VIIRS,n,2,305.92,5.33,D,0
27.59913,67.74574,333.41,0.53,0.67,2026-04-26,751,N,VIIRS,n,2,300.52,4.8,D,0
28.01627,69.84277,337.41,0.39,0.59,2026-04-26,751,N,VIIRS,n,2,306.16,5.35,D,0
28.05067,69.36545,332.53,0.42,0.61,2026-04-26,751,N,VIIRS,l,2,304.91,2.91,D,2
28.05169,69.36965,349.4,0.42,0.61,2026-04-26,751,N,VIIRS,n,2,305.89,2.91,D,2
28.14818,68.96618,338.69,0.44,0.62,2026-04-26,751,N,VIIRS,n,2,306.45,5.0,D,0
28.1538,68.96444,344.24,0.44,0.62,2026-04-26,751,N,VIIRS,n,2,305.9,5.0,D,0
28.21723,69.59787,367.0,0.4,0.6,2026-04-26,751,N,VIIRS,h,2,309.45,8.56,D,0
28.2182,69.60191,334.82,0.4,0.6,2026-04-26,751,N,VIIRS,n,2,306.8,8.56,D,0
28.34683,69.20306,339.67,0.42,0.61,2026-04-26,751,N,VIIRS,n,2,307.2,5.13,D,0
28.42806,67.6741,335.74,0.51,0.66,2026-04-26,751,N,VIIRS,l,2,306.0,4.04,D,0
28.52174,69.73579,351.64,0.39,0.59,2026-04-26,751,N,VIIRS,n,2,307.53,8.26,D,0
28.52259,69.73727,343.8,0.39,0.59,2026-04-26,751,N,VIIRS,n,2,308.24,6.89,D,0
28.81983,70.18822,345.29,0.36,0.57,2026-04-26,751,N,VIIRS,n,2,306.85,4.34,D,0
28.86267,70.37123,345.26,0.35,0.57,2026-04-26,751,N,VIIRS,n,2,305.93,4.66,D,0
28.9321,70.38702,330.6,0.35,0.57,2026-04-26,751,N,VIIRS,l,2,303.67,0.76,D,0
26.68147,67.82614,347.54,0.48,0.65,2026-04-26,931,N,VIIRS,n,2,308.78,8.0,D,0
26.68259,67.82321,367.0,0.48,0.65,2026-04-26,931,N,VIIRS,h,2,309.07,11.95,D,0
26.68293,67.82822,340.43,0.48,0.65,2026-04-26,931,N,VIIRS,n,2,307.43,10.77,D,0
26.68753,67.82567,353.27,0.48,0.65,2026-04-26,931,N,VIIRS,n,2,307.46,8.0,D,0
27.7891,67.80946,352.58,0.49,0.65,2026-04-26,932,N,VIIRS,n,2,308.79,6.36,D,0
28.10356,69.20408,330.22,0.6,0.71,2026-04-26,932,N,VIIRS,l,2,303.36,2.65,D,0
28.2153,67.83678,338.46,0.5,0.66,2026-04-26,932,N,VIIRS,n,2,306.82,5.13,D,0
28.22145,67.8363,352.09,0.5,0.66,2026-04-26,932,N,VIIRS,n,2,306.31,5.13,D,0
28.60578,68.6271,306.13,0.74,0.76,2026-04-26,2016,N,VIIRS,n,2,291.65,3.1,N,0
28.61048,68.63104,308.93,0.74,0.76,2026-04-26,2016,N,VIIRS,n,2,291.96,3.71,N,0
28.40436,68.1003,304.51,0.32,0.55,2026-04-26,2157,N,VIIRS,n,2,265.66,0.99,N,0
28.42471,69.70196,310.61,0.4,0.6,2026-04-26,2157,N,VIIRS,n,2,294.85,1.68,N,2
27.38636,67.94554,341.48,0.51,0.49,2026-04-27,913,N,VIIRS,l,2,315.28,11.62,D,0
27.41706,67.97368,339.41,0.51,0.5,2026-04-27,913,N,VIIRS,l,2,313.53,8.19,D,0
27.44519,67.88431,348.23,0.51,0.49,2026-04-27,913,N,VIIRS,n,2,316.7,11.35,D,0
27.44527,67.88551,367.0,0.51,0.49,2026-04-27,913,N,VIIRS,h,2,317.14,14.74,D,0
27.44569,67.88952,345.13,0.51,0.49,2026-04-27,913,N,VIIRS,l,2,319.03,14.99,D,0
27.47415,67.80209,341.99,0.5,0.49,2026-04-27,913,N,VIIRS,l,2,313.33,6.66,D,0
27.54939,68.09124,339.46,0.52,0.5,2026-04-27,913,N,VIIRS,l,2,312.52,8.13,D,0
27.5884,67.98056,340.47,0.52,0.5,2026-04-27,913,N,VIIRS,l,2,312.61,10.56,D,0
27.59249,67.97468,345.72,0.52,0.5,2026-04-27,913,N,VIIRS,n,2,312.19,14.6,D,0
27.59301,67.97999,348.24,0.52,0.5,2026-04-27,913,N,VIIRS,n,2,312.72,10.56,D,0
27.60737,67.98363,349.45,0.52,0.5,2026-04-27,913,N,VIIRS,n,2,311.46,12.56,D,0
27.66642,67.83015,343.55,0.51,0.49,2026-04-27,913,N,VIIRS,l,2,316.15,17.87,D,0
27.82235,69.6494,340.84,0.33,0.55,2026-04-27,913,N,VIIRS,n,2,310.24,2.48,D,0
27.87365,69.67735,337.06,0.33,0.55,2026-04-27,913,N,VIIRS,l,2,310.44,3.25,D,0
28.03368,67.66696,354.52,0.5,0.49,2026-04-27,913,N,VIIRS,n,2,318.29,18.01,D,0
28.414,69.82762,344.64,0.34,0.56,2026-04-27,913,N,VIIRS,n,2,305.42,4.09,D,0
28.48088,67.51765,346.21,0.5,0.49,2026-04-27,913,N,VIIRS,l,2,319.77,22.16,D,0
28.48174,67.51464,351.83,0.5,0.49,2026-04-27,913,N,VIIRS,n,2,319.69,27.32,D,0
28.4854,67.5171,348.27,0.5,0.49,2026-04-27,913,N,VIIRS,l,2,319.15,21.1,D,0
28.50456,68.08279,339.75,0.54,0.51,2026-04-27,913,N,VIIRS,l,2,314.16,1.66,D,0
28.57324,69.89748,367.0,0.35,0.56,2026-04-27,913,N,VIIRS,h,2,309.76,13.21,D,0
28.57354,69.90109,367.0,0.35,0.56,2026-04-27,913,N,VIIRS,h,2,308.08,15.57,D,0
26.98407,68.2017,309.82,0.56,0.43,2026-04-27,2138,N,VIIRS,n,2,297.18,1.07,N,0
26.98797,68.20266,314.45,0.56,0.43,2026-04-27,2138,N,VIIRS,n,2,297.67,1.58,N,0
27.53764,69.31355,314.85,0.42,0.45,2026-04-27,2138,N,VIIRS,n,2,297.19,3.44,N,0
27.53847,69.30942,308.24,0.42,0.45,2026-04-27,2138,N,VIIRS,n,2,297.09,3.44,N,0
28.05229,69.36886,326.31,0.41,0.45,2026-04-27,2138,N,VIIRS,n,2,294.51,2.54,N,2
28.48321,68.15532,310.68,0.53,0.42,2026-04-27,2138,N,VIIRS,n,2,290.94,4.5,N,0
